집계년도,시군명,관리기관명,단속일시정보,단속장소,단속방법,데이터기준일자,위도,경도,행정동
2023,수원시,권선구청,2023-07-27 14:33,서둔동 수원역한라비발디퍼스트 앞1,고정형,2023-12-01,,,
2023,수원시,권선구청,2023-07-27 14:35,입북동 당수초교 정문 우측 사거리,고정형,2023-12-01,,,
2023,수원시,팔달구청,2023-07-27 14:46,장안동 장안동 화서문로17번길,주행형,2023-12-01,,,
2023,수원시,팔달구청,2023-07-27 14:46,장안동 장안동 화서문로17번길,주행형,2023-12-01,,,
2023,수원시,팔달구청,2023-07-27 14:46,장안동 장안동 화서문로17번길,주행형,2023-12-01,,,
2023,수원시,팔달구청,2023-07-27 14:46,장안동 장안동 화서문로17번길,주행형,2023-12-01,,,
2023,수원시,팔달구청,2023-07-27 14:47,장안동 장안동 화서문로17번길,주행형,2023-12-01,,,
2023,수원시,팔달구청,2023-07-27 14:57,인계동 한국씨티은행,고정형,2023-12-01,,,
2023,수원시,권선구청,2023-07-27 15:03,권선동 NC터미널점 버스정류장 앞,고정형,2023-12-01,,,
2023,수원시,팔달구청,2023-07-27 15:55,인계동 경인통계청,고정형,2023-12-01,,,
2023,수원시,영통구청,2023-07-27 16:07,광교동 광교 덴티움지식산업센터 앞 사거리,고정형,2023-12-01,,,
2023,수원시,팔달구청,2023-07-27 16:55,매산동 팅스몰 주차장 출구 옆,고정형,2023-12-01,,,
2023,수원시,팔달구청,2023-07-27 17:01,매산동 팔달로 10번길 8,고정형,2023-12-01,,,
2023,수원시,팔달구청,2023-07-27 17:01,매산동 팔달로 10번길 8,고정형,2023-12-01,,,
2023,수원시,팔달구청,2023-07-27 17:39,매산동 팅스몰 주차장 출구 옆,고정형,2023-12-01,,,
2023,수원시,팔달구청,2023-07-27 18:04,인계동 인계동 1031-4 사거리,고정형,2023-12-01,37.2649777536104,127.029914034816,
2023,수원시,팔달구청,2023-07-27 18:08,인계동 드림캐슬주상복합,고정형,2023-12-01,,,
2023,수원시,팔달구청,2023-07-27 18:09,매산동 역전농협,고정형,2023-12-01,,,
2023,수원시,팔달구청,2023-07-27 18:09,매산동 역전농협,고정형,2023-12-01,,,
2023,수원시,팔달구청,2023-07-27 19:50,매산동 팅스몰 주차장 출구 옆,고정형,2023-12-01,,,
2023,수원시,권선구청,2023-07-27 19:51,경기도수원시권선구고색동 수원시 권선구 고색동 441-4,보행,2023-12-01,,,
2023,수원시,팔달구청,2023-07-27 20:19,화서1동 수원역푸르지오자이 북문 우측,고정형,2023-12-01,,,
2023,수원시,팔달구청,2023-07-27 20:19,화서1동 수원역푸르지오자이 북문 우측,고정형,2023-12-01,,,
2023,수원시,팔달구청,2023-07-27 20:38,인계동 드림캐슬주상복합,고정형,2023-12-01,,,
2023,수원시,팔달구청,2023-07-27 20:47,매산동 역전농협,고정형,2023-12-01,,,
2023,수원시,권선구청,2023-07-28 0:54,곡반정동 562-2,국민신문고,2023-12-01,,,
2023,수원시,권선구청,2023-07-28 0:56,곡반정동 562-2 교차로 모퉁이,국민신문고,2023-12-01,,,
2023,수원시,권선구청,2023-07-28 0:56,곡반정동 562-2 교차로 모퉁이,국민신문고,2023-12-01,,,
2023,수원시,권선구청,2023-07-28 0:58,곡반정동 562-2,국민신문고,2023-12-01,,,
2023,수원시,권선구청,2023-07-28 0:58,곡반정동 562-2,국민신문고,2023-12-01,,,
2023,수원시,권선구청,2023-07-28 2:32,곡반정동 562-2,국민신문고,2023-12-01,,,
2023,수원시,권선구청,2023-07-28 5:35,곡반정동 156-8,국민신문고,2023-12-01,,,
2023,수원시,영통구청,2023-07-28 7:22,이의동 드림스퀘어Ⅱ 앞,고정형,2023-12-01,,,
2023,수원시,팔달구청,2023-07-28 7:34,인계동 경인통계청,고정형,2023-12-01,,,
2023,수원시,팔달구청,2023-07-28 7:34,인계동 경인통계청,고정형,2023-12-01,,,
2023,수원시,팔달구청,2023-07-28 7:52,인계동 한국씨티은행,고정형,2023-12-01,,,
2023,수원시,권선구청,2023-07-28 8:03,서둔동 수원역한라비발디퍼스트 앞1,고정형,2023-12-01,,,
2023,수원시,권선구청,2023-07-28 8:06,오목천동 한화꿈에그린아파트 209동앞,고정형,2023-12-01,,,
2023,수원시,권선구청,2023-07-28 8:06,오목천동 한화꿈에그린아파트 209동앞,고정형,2023-12-01,,,
2023,수원시,권선구청,2023-07-28 8:06,서둔동 가온팰리스옆2,고정형,2023-12-01,,,
2023,수원시,권선구청,2023-07-28 8:20,곡반정동 하나로마트한국빌딩앞,고정형,2023-12-01,,,
2023,수원시,권선구청,2023-07-28 8:20,곡반정동 하나로마트한국빌딩앞,고정형,2023-12-01,,,
2023,수원시,팔달구청,2023-07-28 8:25,화서1동 푸르지오자이 북문 CU 앞 횡단보도,고정형,2023-12-01,,,
2023,수원시,팔달구청,2023-07-28 8:43,매산동 팅스몰 주차장 출구 옆,고정형,2023-12-01,,,
2023,수원시,영통구청,2023-07-28 9:30,원천동 광교 한화겔러리아 앞,고정형,2023-12-01,,,
2023,수원시,영통구청,2023-07-28 9:43,이의동 드림스퀘어Ⅱ 앞,고정형,2023-12-01,,,
2023,수원시,권선구청,2023-07-28 9:49,평동 고현초교 정문 좌측 삼거리,고정형,2023-12-01,,,
2023,수원시,팔달구청,2023-07-28 10:05,북수동 쌈지공원 앞,고정형,2023-12-01,,,
2023,수원시,영통구청,2023-07-28 10:12,이의동 드림스퀘어Ⅱ 앞,고정형,2023-12-01,,,
2023,수원시,팔달구청,2023-07-28 10:16,인계동 드림캐슬주상복합,고정형,2023-12-01,,,
2023,수원시,권선구청,2023-07-28 10:37,금곡동 금곡로222번길,주행형,2023-12-01,,,
2023,수원시,권선구청,2023-07-28 10:37,금곡동 금곡로222번길,주행형,2023-12-01,,,
2023,수원시,영통구청,2023-07-28 10:45,망포동 E-마트 에브리데이 앞,고정형,2023-12-01,37.2361017468141,127.060345496536,
2023,수원시,팔달구청,2023-07-28 10:48,인계동 드림캐슬주상복합,고정형,2023-12-01,,,
2023,수원시,팔달구청,2023-07-28 11:22,교동 수원향교 앞 팔달보건소 뒤,고정형,2023-12-01,,,
2023,수원시,영통구청,2023-07-28 11:45,광교동 광교이의119안전센터,고정형,2023-12-01,,,
2023,수원시,영통구청,2023-07-28 11:58,망포동 힐스테이트 119동 ~방죽공원 삼거리,고정형,2023-12-01,,,
2023,수원시,팔달구청,2023-07-28 12:37,교동 수원향교 앞 팔달보건소 뒤,고정형,2023-12-01,,,
2023,수원시,영통구청,2023-07-28 13:32,광교동 광교웰빙타운한양수자인,고정형,2023-12-01,,,
2023,수원시,팔달구청,2023-07-28 14:10,장안동 장안동 화서문로17번길,주행형,2023-12-01,,,
2023,수원시,팔달구청,2023-07-28 14:10,장안동 장안동 화서문로17번길,주행형,2023-12-01,,,
2023,수원시,팔달구청,2023-07-28 14:10,장안동 장안동 화서문로17번길,주행형,2023-12-01,,,
2023,수원시,팔달구청,2023-07-28 14:10,장안동 장안동 화서문로17번길,주행형,2023-12-01,,,
2023,수원시,팔달구청,2023-07-28 14:11,장안동 장안동 화서문로17번길,주행형,2023-12-01,,,
2023,수원시,영통구청,2023-07-28 14:16,영통동 매영로365번길,주행형,2023-12-01,,,
2023,수원시,영통구청,2023-07-28 14:16,영통동 매영로365번길,주행형,2023-12-01,,,
2023,수원시,영통구청,2023-07-28 14:16,영통동 매영로365번길,주행형,2023-12-01,,,
2023,수원시,영통구청,2023-07-28 14:17,영통동 매영로365번길,주행형,2023-12-01,,,
2023,수원시,팔달구청,2023-07-28 14:33,매산동 팅스몰 주차장 출구 옆,고정형,2023-12-01,,,
2023,수원시,팔달구청,2023-07-28 14:35,남수동 남수동 창룡대로 59-1,주행형,2023-12-01,,,
2023,수원시,팔달구청,2023-07-28 14:36,매향동 매향동 창룡대로 68-1,주행형,2023-12-01,,,
2023,수원시,팔달구청,2023-07-28 14:36,남수동 남수동 창룡대로 59-1,주행형,2023-12-01,,,
2023,수원시,팔달구청,2023-07-28 14:36,남수동 남수동 창룡대로 59-1,주행형,2023-12-01,,,
2023,수원시,팔달구청,2023-07-28 14:37,인계동 드림캐슬주상복합,고정형,2023-12-01,,,
2023,수원시,권선구청,2023-07-28 14:44,곡반정동 궁촌육교앞,고정형,2023-12-01,,,
2023,수원시,팔달구청,2023-07-28 14:47,화서1동 수원역푸르지오자이 북문 우측,고정형,2023-12-01,,,
2023,수원시,팔달구청,2023-07-28 14:52,남수동 남수동 정조로800번길,주행형,2023-12-01,,,
2023,수원시,팔달구청,2023-07-28 14:52,남수동 남수동 정조로800번길,주행형,2023-12-01,,,
2023,수원시,팔달구청,2023-07-28 15:01,지동 지동 수원천로 245,주행형,2023-12-01,,,
2023,수원시,팔달구청,2023-07-28 15:10,인계동 경인통계청,고정형,2023-12-01,,,
2023,수원시,팔달구청,2023-07-28 15:14,인계동 경인통계청,고정형,2023-12-01,,,
2023,수원시,권선구청,2023-07-28 15:27,입북동 당수초교 정문 우측 사거리,고정형,2023-12-01,,,
2023,수원시,권선구청,2023-07-28 15:28,서둔동 가온팰리스옆2,고정형,2023-12-01,,,
2023,수원시,권선구청,2023-07-28 15:30,권선동 NC터미널점 버스정류장 앞,고정형,2023-12-01,,,
2023,수원시,팔달구청,2023-07-28 15:37,인계동 드림캐슬주상복합,고정형,2023-12-01,,,
2023,수원시,팔달구청,2023-07-28 15:37,인계동 드림캐슬주상복합,고정형,2023-12-01,,,
2023,수원시,팔달구청,2023-07-28 15:42,매산동 팅스몰 주차장 출구 옆,고정형,2023-12-01,,,
2023,수원시,팔달구청,2023-07-28 15:53,인계동 경인통계청,고정형,2023-12-01,,,
2023,수원시,영통구청,2023-07-28 16:05,광교동 광교더사랑교회뒷길,고정형,2023-12-01,,,
2023,수원시,팔달구청,2023-07-28 16:08,인계동 드림캐슬주상복합,고정형,2023-12-01,,,
2023,수원시,권선구청,2023-07-28 16:10,곡반정동 하나로마트한국빌딩앞,고정형,2023-12-01,,,
2023,수원시,권선구청,2023-07-28 16:22,서둔동 가온팰리스옆2,고정형,2023-12-01,,,
2023,수원시,팔달구청,2023-07-28 16:32,매산동 팅스몰 주차장 출구 옆,고정형,2023-12-01,,,
2023,수원시,영통구청,2023-07-28 16:43,원천동 삼성전자중문,고정형,2023-12-01,,,
2023,수원시,권선구청,2023-07-28 16:51,호매실동 금호프라자 대각 맞은편,고정형,2023-12-01,,,
2023,수원시,팔달구청,2023-07-28 16:52,북수동 쌈지공원 앞,고정형,2023-12-01,,,
2023,수원시,영통구청,2023-07-28 17:04,광교동 광교더사랑교회뒷길,고정형,2023-12-01,,,
2023,수원시,팔달구청,2023-07-28 17:21,인계동 드림캐슬주상복합,고정형,2023-12-01,,,
2023,수원시,영통구청,2023-07-28 17:21,광교동 광교더사랑교회뒷길,고정형,2023-12-01,,,
2023,수원시,팔달구청,2023-07-28 17:27,인계동 드림캐슬주상복합,고정형,2023-12-01,,,
2023,수원시,팔달구청,2023-07-28 17:28,인계동 드림캐슬주상복합,고정형,2023-12-01,,,
2023,수원시,팔달구청,2023-07-28 18:23,화서1동 푸르지오자이 북문 CU 앞 횡단보도,고정형,2023-12-01,,,
2023,수원시,팔달구청,2023-07-28 18:23,화서동 수원역푸르지오자이 북문 우측,고정형,2023-12-01,,,
2023,수원시,권선구청,2023-07-28 18:28,곡반정동 562-2,국민신문고,2023-12-01,,,
2023,수원시,팔달구청,2023-07-28 18:54,인계동 드림캐슬주상복합,고정형,2023-12-01,,,
2023,수원시,권선구청,2023-07-28 19:14,곡반정동 156-8,국민신문고,2023-12-01,,,
2023,수원시,권선구청,2023-07-28 19:20,곡반정동 562-8 교차로 모퉁이,국민신문고,2023-12-01,,,
2023,수원시,팔달구청,2023-07-28 19:37,화서1동 수원역푸르지오자이 북문 우측,고정형,2023-12-01,,,
2023,수원시,팔달구청,2023-07-28 19:43,화서1동 수원역푸르지오자이 북문 우측,고정형,2023-12-01,,,
2023,수원시,권선구청,2023-07-28 19:45,곡반정동 562-2,국민신문고,2023-12-01,,,
2023,수원시,팔달구청,2023-07-28 19:47,매산동 팅스몰 주차장 출구 옆,고정형,2023-12-01,,,
2023,수원시,팔달구청,2023-07-28 20:31,인계동 드림캐슬주상복합,고정형,2023-12-01,,,
2023,수원시,영통구청,2023-07-28 20:32,망포동 E-마트 에브리데이 앞,고정형,2023-12-01,37.2361017468141,127.060345496536,
2023,수원시,팔달구청,2023-07-28 21:00,인계동 드림캐슬주상복합,고정형,2023-12-01,,,
2023,수원시,팔달구청,2023-07-28 21:14,매산동 역전농협,고정형,2023-12-01,,,
2023,수원시,권선구청,2023-07-28 21:33,금곡동 36어5578,국민신문고,2023-12-01,,,
2023,수원시,팔달구청,2023-07-28 21:42,매산동 역전농협,고정형,2023-12-01,,,
2023,수원시,팔달구청,2023-07-29 0:06,매교동 매교동 287-78 횡단보도,국민신문고,2023-12-01,,,
2023,수원시,권선구청,2023-07-29 0:46,곡반정동 105-9,국민신문고,2023-12-01,,,
2023,수원시,팔달구청,2023-07-29 9:02,북수동 쌈지공원 앞,고정형,2023-12-01,,,
2023,수원시,권선구청,2023-07-29 9:02,서둔동 가온팰리스옆2,고정형,2023-12-01,,,
2023,수원시,권선구청,2023-07-29 9:02,곡반정동 하나로마트한국빌딩앞,고정형,2023-12-01,,,
2023,수원시,권선구청,2023-07-29 9:03,곡반정동 하나로마트한국빌딩앞,고정형,2023-12-01,,,
2023,수원시,권선구청,2023-07-29 9:03,곡반정동 하나로마트한국빌딩앞,고정형,2023-12-01,,,
2023,수원시,권선구청,2023-07-29 9:04,곡반정동 하나로마트한국빌딩앞,고정형,2023-12-01,,,
2023,수원시,팔달구청,2023-07-29 9:09,화서1동 푸르지오자이 북문 CU 앞 횡단보도,고정형,2023-12-01,,,
2023,수원시,팔달구청,2023-07-29 9:12,신풍동 제일교회부설주차장 부근,고정형,2023-12-01,,,
2023,수원시,영통구청,2023-07-29 9:12,영통동 마사회뒷길,고정형,2023-12-01,,,
2023,수원시,권선구청,2023-07-29 9:31,서둔동 수원역한라비발디퍼스트 앞1,고정형,2023-12-01,,,
2023,수원시,권선구청,2023-07-29 9:35,서둔동 롯데몰 육교건너,고정형,2023-12-01,,,
2023,수원시,영통구청,2023-07-29 9:40,광교동 광교더사랑교회뒷길,고정형,2023-12-01,,,
2023,수원시,영통구청,2023-07-29 9:41,이의동 드림스퀘어Ⅱ 앞,고정형,2023-12-01,,,
2023,수원시,팔달구청,2023-07-29 9:54,인계동 경인통계청,고정형,2023-12-01,,,
2023,수원시,팔달구청,2023-07-29 9:58,화서1동 수원역푸르지오자이 북문 우측,고정형,2023-12-01,,,
2023,수원시,팔달구청,2023-07-29 10:05,인계동 한국씨티은행,고정형,2023-12-01,,,
2023,수원시,팔달구청,2023-07-29 10:08,화서1동 수원역푸르지오자이 북문 우측,고정형,2023-12-01,,,
2023,수원시,팔달구청,2023-07-29 10:17,매산동 팅스몰 주차장 출구 옆,고정형,2023-12-01,,,
2023,수원시,영통구청,2023-07-29 10:59,영통동 롯데마트 뒤,고정형,2023-12-01,37.27220279535416,127.10856729001851,
2023,수원시,팔달구청,2023-07-29 11:37,화서1동 수원역푸르지오자이 북문 우측,고정형,2023-12-01,,,
2023,수원시,영통구청,2023-07-29 11:48,원천동 광교에일린의뜰 북측,고정형,2023-12-01,,,
2023,수원시,장안구청,2023-07-29 11:51,천천동 천천동54,국민신문고,2023-12-01,,,
2023,수원시,영통구청,2023-07-29 11:55,하동 광교호반마을한양수자인,고정형,2023-12-01,,,
2023,수원시,팔달구청,2023-07-29 12:16,화서1동 수원역푸르지오자이 북문 우측,고정형,2023-12-01,,,
2023,수원시,영통구청,2023-07-29 12:26,영통동 롯데마트 뒤,고정형,2023-12-01,37.27220279535416,127.10856729001851,
2023,수원시,영통구청,2023-07-29 12:53,이의동 도청예정부지,고정형,2023-12-01,,,
2023,수원시,팔달구청,2023-07-29 13:01,화서1동 수원역푸르지오자이 북문 우측,고정형,2023-12-01,,,
2023,수원시,팔달구청,2023-07-29 13:01,화서1동 푸르지오자이 북문 CU 앞 횡단보도,고정형,2023-12-01,,,
2023,수원시,팔달구청,2023-07-29 13:46,화서1동 수원역푸르지오자이 북문 우측,고정형,2023-12-01,,,
2023,수원시,팔달구청,2023-07-29 14:33,매산동 팔달로 10번길 8,고정형,2023-12-01,,,
2023,수원시,팔달구청,2023-07-29 14:33,매산동 덕영대로 895번길 9-8,고정형,2023-12-01,,,
2023,수원시,권선구청,2023-07-29 14:34,서둔동 수원역한라비발디퍼스트 앞2,고정형,2023-12-01,,,
2023,수원시,권선구청,2023-07-29 14:34,곡반정동 하나로마트한국빌딩앞,고정형,2023-12-01,,,
2023,수원시,권선구청,2023-07-29 14:34,서둔동 수원역한라비발디퍼스트 앞1,고정형,2023-12-01,,,
2023,수원시,권선구청,2023-07-29 14:35,서둔동 수원역한라비발디퍼스트 앞1,고정형,2023-12-01,,,
2023,수원시,권선구청,2023-07-29 14:40,권선동 권선동 한라비발디앞 놀이터,고정형,2023-12-01,,,
2023,수원시,권선구청,2023-07-29 14:43,고색동 도이치 고객주차장 출입구,고정형,2023-12-01,,,
2023,수원시,권선구청,2023-07-29 14:45,서둔동 가온팰리스옆2,고정형,2023-12-01,,,
2023,수원시,권선구청,2023-07-29 14:45,서둔동 가온팰리스옆2,고정형,2023-12-01,,,
2023,수원시,영통구청,2023-07-29 14:48,이의동 드림스퀘어Ⅱ 앞,고정형,2023-12-01,,,
2023,수원시,팔달구청,2023-07-29 14:50,매산동 팅스몰 주차장 출구 옆,고정형,2023-12-01,,,
2023,수원시,권선구청,2023-07-29 15:08,서둔동 수원역한라비발디퍼스트 앞2,고정형,2023-12-01,,,
2023,수원시,영통구청,2023-07-29 15:14,광교동 광교 덴티움지식산업센터 앞 사거리,고정형,2023-12-01,,,
2023,수원시,팔달구청,2023-07-29 15:24,인계동 경인통계청,고정형,2023-12-01,,,
2023,수원시,권선구청,2023-07-29 15:24,서둔동 수원역한라비발디퍼스트 앞1,고정형,2023-12-01,,,
2023,수원시,권선구청,2023-07-29 16:01,서둔동 수원역한라비발디퍼스트 앞1,고정형,2023-12-01,,,
2023,수원시,팔달구청,2023-07-29 16:09,매산동 팅스몰 주차장 출구 옆,고정형,2023-12-01,,,
2023,수원시,권선구청,2023-07-29 16:20,서둔동 수원역한라비발디퍼스트 앞1,고정형,2023-12-01,,,
2023,수원시,팔달구청,2023-07-29 16:23,매산동 팅스몰 주차장 출구 옆,고정형,2023-12-01,,,
2023,수원시,권선구청,2023-07-29 16:30,서둔동 수원역한라비발디퍼스트 앞2,고정형,2023-12-01,,,
2023,수원시,팔달구청,2023-07-29 16:31,인계동 경인통계청,고정형,2023-12-01,,,
2023,수원시,팔달구청,2023-07-29 16:39,매산동 팅스몰 주차장 출구 옆,고정형,2023-12-01,,,
2023,수원시,권선구청,2023-07-29 16:43,서둔동 수원역한라비발디퍼스트 앞2,고정형,2023-12-01,,,
2023,수원시,팔달구청,2023-07-29 16:49,매산동 팔달로 10번길 8,고정형,2023-12-01,,,
2023,수원시,팔달구청,2023-07-29 16:49,매산동 팅스몰 주차장 출구 옆,고정형,2023-12-01,,,
2023,수원시,권선구청,2023-07-29 16:58,권선동 권선동 한라비발디앞 놀이터,고정형,2023-12-01,,,
2023,수원시,권선구청,2023-07-29 17:05,곡반정동 192-4,국민신문고,2023-12-01,,,
2023,수원시,팔달구청,2023-07-29 17:19,행궁동 화홍사랑채,고정형,2023-12-01,,,
2023,수원시,영통구청,2023-07-29 17:31,영통동 매영로365번길,주행형,2023-12-01,,,
2023,수원시,영통구청,2023-07-29 17:31,영통동 매영로365번길,주행형,2023-12-01,,,
2023,수원시,영통구청,2023-07-29 17:31,영통동 매영로365번길,주행형,2023-12-01,,,
2023,수원시,영통구청,2023-07-29 17:31,영통동 매영로365번길,주행형,2023-12-01,,,
2023,수원시,영통구청,2023-07-29 17:31,영통동 매영로365번길,주행형,2023-12-01,,,
2023,수원시,영통구청,2023-07-29 17:31,영통동 매영로365번길,주행형,2023-12-01,,,
2023,수원시,영통구청,2023-07-29 17:31,영통동 매영로365번길,주행형,2023-12-01,,,
2023,수원시,영통구청,2023-07-29 17:31,영통동 매영로365번길,주행형,2023-12-01,,,
2023,수원시,영통구청,2023-07-29 17:31,영통동 매영로365번길,주행형,2023-12-01,,,
2023,수원시,영통구청,2023-07-29 17:32,영통동 매영로365번길,주행형,2023-12-01,,,
2023,수원시,영통구청,2023-07-29 17:32,영통동 매영로365번길,주행형,2023-12-01,,,
2023,수원시,영통구청,2023-07-29 17:32,영통동 매영로365번길,주행형,2023-12-01,,,
2023,수원시,영통구청,2023-07-29 17:32,영통동 매영로365번길,주행형,2023-12-01,,,
2023,수원시,영통구청,2023-07-29 17:32,영통동 매영로365번길,주행형,2023-12-01,,,
2023,수원시,영통구청,2023-07-29 17:32,영통동 매영로365번길,주행형,2023-12-01,,,
2023,수원시,영통구청,2023-07-29 17:32,영통동 매영로365번길,주행형,2023-12-01,,,
2023,수원시,영통구청,2023-07-29 17:32,영통동 매영로365번길,주행형,2023-12-01,,,
2023,수원시,권선구청,2023-07-29 17:34,서둔동 수원역한라비발디퍼스트 앞1,고정형,2023-12-01,,,
2023,수원시,팔달구청,2023-07-29 17:39,인계동 경인통계청,고정형,2023-12-01,,,
2023,수원시,팔달구청,2023-07-29 17:48,화서1동 수원역푸르지오자이 북문 우측,고정형,2023-12-01,,,
2023,수원시,팔달구청,2023-07-29 17:56,교동 수원향교 앞 팔달보건소 뒤,고정형,2023-12-01,,,
2023,수원시,팔달구청,2023-07-29 18:45,화서1동 푸르지오자이 북문 CU 앞 횡단보도,고정형,2023-12-01,,,
2023,수원시,팔달구청,2023-07-29 18:58,매산동 팅스몰 주차장 출구 옆,고정형,2023-12-01,,,
2023,수원시,팔달구청,2023-07-29 18:58,매산동 팅스몰 주차장 출구 옆,고정형,2023-12-01,,,
2023,수원시,팔달구청,2023-07-29 19:03,매산동 팅스몰 주차장 출구 옆,고정형,2023-12-01,,,
2023,수원시,팔달구청,2023-07-29 19:22,인계동 드림캐슬주상복합,고정형,2023-12-01,,,
2023,수원시,팔달구청,2023-07-29 19:39,매산동 팅스몰 주차장 출구 옆,고정형,2023-12-01,,,
2023,수원시,팔달구청,2023-07-29 20:06,인계동 드림캐슬주상복합,고정형,2023-12-01,,,
2023,수원시,팔달구청,2023-07-29 20:23,매산동 팅스몰 주차장 출구 옆,고정형,2023-12-01,,,
2023,수원시,권선구청,2023-07-29 20:36,오목천동 473-3,주민신고제,2023-12-01,,,
2023,수원시,권선구청,2023-07-29 20:36,오목천동 473-3,국민신문고,2023-12-01,,,
2023,수원시,팔달구청,2023-07-29 20:44,인계동 드림캐슬주상복합,고정형,2023-12-01,,,
2023,수원시,팔달구청,2023-07-30 9:02,인계동 드림캐슬주상복합,고정형,2023-12-01,,,
2023,수원시,권선구청,2023-07-30 9:02,권선동 권선동 한라비발디앞 놀이터,고정형,2023-12-01,,,
2023,수원시,권선구청,2023-07-30 9:03,서둔동 수원역한라비발디퍼스트 앞2,고정형,2023-12-01,,,
2023,수원시,팔달구청,2023-07-30 9:03,북수동 쌈지공원 앞,고정형,2023-12-01,,,
2023,수원시,권선구청,2023-07-30 9:03,곡반정동 하나로마트한국빌딩앞,고정형,2023-12-01,,,
2023,수원시,팔달구청,2023-07-30 9:03,화서1동 푸르지오자이 북문 CU 앞 횡단보도,고정형,2023-12-01,,,
2023,수원시,권선구청,2023-07-30 9:03,곡반정동 하나로마트한국빌딩앞,고정형,2023-12-01,,,
2023,수원시,팔달구청,2023-07-30 9:03,화서1동 수원역푸르지오자이 북문 우측,고정형,2023-12-01,,,
2023,수원시,팔달구청,2023-07-30 9:04,인계동 경인통계청,고정형,2023-12-01,,,
2023,수원시,팔달구청,2023-07-30 9:04,인계동 경인통계청,고정형,2023-12-01,,,
2023,수원시,팔달구청,2023-07-30 9:04,매산동 팅스몰 주차장 출구 옆,고정형,2023-12-01,,,
2023,수원시,팔달구청,2023-07-30 9:04,매산동 팅스몰 주차장 출구 옆,고정형,2023-12-01,,,
2023,수원시,팔달구청,2023-07-30 9:05,인계동 드림캐슬주상복합,고정형,2023-12-01,,,
2023,수원시,권선구청,2023-07-30 9:05,서둔동 가온팰리스옆2,고정형,2023-12-01,,,
2023,수원시,권선구청,2023-07-30 9:06,서둔동 가온팰리스옆2,고정형,2023-12-01,,,
2023,수원시,팔달구청,2023-07-30 9:09,화서1동 푸르지오자이 북문 CU 앞 횡단보도,고정형,2023-12-01,,,
2023,수원시,권선구청,2023-07-30 9:12,서둔동 가온팰리스옆1,고정형,2023-12-01,,,
2023,수원시,권선구청,2023-07-30 9:15,곡반정동 하나로마트한국빌딩앞,고정형,2023-12-01,,,
2023,수원시,권선구청,2023-07-30 9:22,오목천동 한화꿈에그린아파트 214동앞,고정형,2023-12-01,,,
2023,수원시,팔달구청,2023-07-30 9:29,매산동 팅스몰 주차장 출구 옆,고정형,2023-12-01,,,
2023,수원시,팔달구청,2023-07-30 9:31,신풍동 미술관로터리,고정형,2023-12-01,,,
2023,수원시,팔달구청,2023-07-30 9:53,인계동 경인통계청,고정형,2023-12-01,,,
2023,수원시,권선구청,2023-07-30 9:57,곡반정동 하나로마트한국빌딩앞,고정형,2023-12-01,,,
2023,수원시,영통구청,2023-07-30 9:59,이의동 드림스퀘어Ⅱ 앞,고정형,2023-12-01,,,
2023,수원시,팔달구청,2023-07-30 10:08,매산동 팅스몰 주차장 출구 옆,고정형,2023-12-01,,,
2023,수원시,팔달구청,2023-07-30 10:09,매산동 팅스몰 주차장 출구 옆,고정형,2023-12-01,,,
2023,수원시,팔달구청,2023-07-30 10:13,매산동 팅스몰 주차장 출구 옆,고정형,2023-12-01,,,
2023,수원시,권선구청,2023-07-30 10:21,평동 수원역고가밑 (애경뒷길),고정형,2023-12-01,,,
2023,수원시,팔달구청,2023-07-30 11:03,경기도수원시팔달구고등동 수원시 팔달구 고등동 160-72,보행,2023-12-01,,,
2023,수원시,팔달구청,2023-07-30 11:09,경기도수원시팔달구매산로2가 수원시 팔달구 고화로6,보행,2023-12-01,,,
2023,수원시,팔달구청,2023-07-30 11:27,화서1동 수원역푸르지오자이 북문 우측,고정형,2023-12-01,,,
2023,수원시,팔달구청,2023-07-30 11:29,화서1동 수원역푸르지오자이 북문 우측,고정형,2023-12-01,,,
2023,수원시,영통구청,2023-07-30 13:19,영통동 롯데마트 뒤,고정형,2023-12-01,37.27220279535416,127.10856729001851,
2023,수원시,팔달구청,2023-07-30 13:28,화서1동 수원역푸르지오자이 북문 우측,고정형,2023-12-01,,,
2023,수원시,팔달구청,2023-07-30 13:46,매산동 역전농협,고정형,2023-12-01,,,
2023,수원시,팔달구청,2023-07-30 14:03,화서1동 수원역푸르지오자이 북문 우측,고정형,2023-12-01,,,
2023,수원시,권선구청,2023-07-30 14:32,서둔동 가온팰리스옆2,고정형,2023-12-01,,,
2023,수원시,권선구청,2023-07-30 14:32,곡반정동 하나로마트한국빌딩앞,고정형,2023-12-01,,,
2023,수원시,권선구청,2023-07-30 14:32,곡반정동 하나로마트한국빌딩앞,고정형,2023-12-01,,,
2023,수원시,팔달구청,2023-07-30 14:33,인계동 드림캐슬주상복합,고정형,2023-12-01,,,
2023,수원시,팔달구청,2023-07-30 14:33,인계동 경인통계청,고정형,2023-12-01,,,
2023,수원시,권선구청,2023-07-30 14:33,오목천동 한화꿈에그린아파트 209동앞,고정형,2023-12-01,,,
2023,수원시,권선구청,2023-07-30 14:34,서둔동 수원역한라비발디퍼스트 앞2,고정형,2023-12-01,,,
2023,수원시,권선구청,2023-07-30 14:34,서둔동 수원역한라비발디퍼스트 앞2,고정형,2023-12-01,,,
2023,수원시,팔달구청,2023-07-30 14:35,신풍동 미술관로터리,고정형,2023-12-01,,,
2023,수원시,팔달구청,2023-07-30 14:35,인계동 드림캐슬주상복합,고정형,2023-12-01,,,
2023,수원시,팔달구청,2023-07-30 14:38,인계동 드림캐슬주상복합,고정형,2023-12-01,,,
2023,수원시,팔달구청,2023-07-30 14:38,매산동 팅스몰 주차장 출구 옆,고정형,2023-12-01,,,
2023,수원시,팔달구청,2023-07-30 14:39,행궁동 화홍사랑채,고정형,2023-12-01,,,
2023,수원시,팔달구청,2023-07-30 14:47,매산동 팅스몰 주차장 출구 옆,고정형,2023-12-01,,,
2023,수원시,팔달구청,2023-07-30 15:08,인계동 한국씨티은행,고정형,2023-12-01,,,
2023,수원시,팔달구청,2023-07-30 15:10,화서1동 수원역푸르지오자이 북문 우측,고정형,2023-12-01,,,
2023,수원시,권선구청,2023-07-30 15:15,서둔동 수원역한라비발디퍼스트 앞2,고정형,2023-12-01,,,
2023,수원시,팔달구청,2023-07-30 15:29,매산동 팔달로 10번길 8,고정형,2023-12-01,,,
2023,수원시,팔달구청,2023-07-30 15:34,매산동 팅스몰 주차장 출구 옆,고정형,2023-12-01,,,
2023,수원시,팔달구청,2023-07-30 15:39,인계동 한국씨티은행,고정형,2023-12-01,,,
2023,수원시,팔달구청,2023-07-30 15:42,화서1동 수원역푸르지오자이 북문 우측,고정형,2023-12-01,,,
2023,수원시,팔달구청,2023-07-30 15:43,인계동 한국씨티은행,고정형,2023-12-01,,,
2023,수원시,팔달구청,2023-07-30 15:50,매산동 팅스몰 주차장 출구 옆,고정형,2023-12-01,,,
2023,수원시,팔달구청,2023-07-30 15:51,화서1동 수원역푸르지오자이 북문 우측,고정형,2023-12-01,,,
2023,수원시,영통구청,2023-07-30 16:01,광교동 광교이의119안전센터,고정형,2023-12-01,,,
2023,수원시,팔달구청,2023-07-30 16:07,행궁동 화홍사랑채,고정형,2023-12-01,,,
2023,수원시,팔달구청,2023-07-30 16:08,매산동 역전농협,고정형,2023-12-01,,,
2023,수원시,팔달구청,2023-07-30 16:21,매교동 매교동 264-5 소화전,국민신문고,2023-12-01,,,
2023,수원시,팔달구청,2023-07-30 16:21,매교동 매교동 264-5 소화전,국민신문고,2023-12-01,,,
2023,수원시,팔달구청,2023-07-30 16:23,매교동 매교동 114-9 횡단보도,국민신문고,2023-12-01,,,
2023,수원시,팔달구청,2023-07-30 16:30,매산동 팅스몰 주차장 출구 옆,고정형,2023-12-01,,,
2023,수원시,팔달구청,2023-07-30 16:31,매산동 팔달로 10번길 8,고정형,2023-12-01,,,
2023,수원시,팔달구청,2023-07-30 16:32,인계동 드림캐슬주상복합,고정형,2023-12-01,,,
2023,수원시,권선구청,2023-07-30 16:33,평동 수원역고가밑 (애경뒷길),고정형,2023-12-01,,,
2023,수원시,팔달구청,2023-07-30 16:40,인계동 경인통계청,고정형,2023-12-01,,,
2023,수원시,권선구청,2023-07-30 16:46,서둔동 가온팰리스옆2,고정형,2023-12-01,,,
2023,수원시,권선구청,2023-07-30 16:46,서둔동 가온팰리스옆2,고정형,2023-12-01,,,
2023,수원시,권선구청,2023-07-30 16:51,서둔동 가온팰리스옆1,고정형,2023-12-01,,,
2023,수원시,팔달구청,2023-07-30 17:08,인계동 경인통계청,고정형,2023-12-01,,,
2023,수원시,권선구청,2023-07-30 17:09,권선동 권선동 한라비발디앞 놀이터,고정형,2023-12-01,,,
2023,수원시,권선구청,2023-07-30 17:09,권선동 권선동 한라비발디앞 놀이터,고정형,2023-12-01,,,
2023,수원시,권선구청,2023-07-30 17:12,권선동 권선동 한라비발디앞 놀이터,고정형,2023-12-01,,,
2023,수원시,팔달구청,2023-07-30 17:18,매산동 팅스몰 주차장 출구 옆,고정형,2023-12-01,,,
2023,수원시,팔달구청,2023-07-30 17:39,매산동 팅스몰 주차장 출구 옆,고정형,2023-12-01,,,
2023,수원시,팔달구청,2023-07-30 17:55,매교동 매교동 287-66 횡단보도,국민신문고,2023-12-01,,,
2023,수원시,팔달구청,2023-07-30 18:15,매산동 팅스몰 주차장 출구 옆,고정형,2023-12-01,,,
2023,수원시,팔달구청,2023-07-30 18:19,매산동 팅스몰 주차장 출구 옆,고정형,2023-12-01,,,
2023,수원시,팔달구청,2023-07-30 18:49,매산동 팅스몰 주차장 출구 옆,고정형,2023-12-01,,,
2023,수원시,팔달구청,2023-07-30 18:57,매산동 팔달로 10번길 8,고정형,2023-12-01,,,
2023,수원시,팔달구청,2023-07-30 19:18,매산동 팅스몰 주차장 출구 옆,고정형,2023-12-01,,,
2023,수원시,팔달구청,2023-07-30 19:32,매산동 역전농협,고정형,2023-12-01,,,
2023,수원시,팔달구청,2023-07-30 19:56,인계동 드림캐슬주상복합,고정형,2023-12-01,,,
2023,수원시,팔달구청,2023-07-30 19:59,인계동 드림캐슬주상복합,고정형,2023-12-01,,,
2023,수원시,팔달구청,2023-07-30 20:19,매산동 팅스몰 주차장 출구 옆,고정형,2023-12-01,,,
2023,수원시,권선구청,2023-07-30 22:24,곡반정동 562-9,국민신문고,2023-12-01,,,
2023,수원시,권선구청,2023-07-30 22:29,곡반정동 154-5,국민신문고,2023-12-01,,,
2023,수원시,권선구청,2023-07-30 22:31,곡반정동 562-2,국민신문고,2023-12-01,,,
2023,수원시,권선구청,2023-07-30 22:37,곡반정동 149-1,국민신문고,2023-12-01,,,
2023,수원시,권선구청,2023-07-30 22:44,곡반정동 562-2,국민신문고,2023-12-01,,,
2023,수원시,권선구청,2023-07-30 22:46,곡반정동 562-2,국민신문고,2023-12-01,,,
2023,수원시,권선구청,2023-07-30 22:46,곡반정동 562-2,국민신문고,2023-12-01,,,
2023,수원시,권선구청,2023-07-30 22:46,곡반정동 117-2,국민신문고,2023-12-01,,,
2023,수원시,권선구청,2023-07-30 23:09,곡반정동 562-2,국민신문고,2023-12-01,,,
2023,수원시,권선구청,2023-07-31 6:19,곡반정동 562-2,국민신문고,2023-12-01,,,
2023,수원시,팔달구청,2023-07-31 6:59,매교동 매교동 287-480 횡단보도,국민신문고,2023-12-01,,,
2023,수원시,팔달구청,2023-07-31 7:34,인계동 경인통계청,고정형,2023-12-01,,,
2023,수원시,팔달구청,2023-07-31 7:34,인계동 경인통계청,고정형,2023-12-01,,,
2023,수원시,영통구청,2023-07-31 7:48,이의동 드림스퀘어Ⅱ 앞,고정형,2023-12-01,,,
2023,수원시,권선구청,2023-07-31 8:03,서둔동 가온팰리스옆2,고정형,2023-12-01,,,
2023,수원시,권선구청,2023-07-31 8:04,서둔동 가온팰리스옆2,고정형,2023-12-01,,,
2023,수원시,팔달구청,2023-07-31 8:07,북수동 쌈지공원 앞,고정형,2023-12-01,,,
2023,수원시,팔달구청,2023-07-31 8:09,매산동 덕영대로 895번길 9-8,고정형,2023-12-01,,,
2023,수원시,권선구청,2023-07-31 8:15,곡반정동 하나로마트한국빌딩앞,고정형,2023-12-01,,,
2023,수원시,권선구청,2023-07-31 8:17,권선2동 곡정초교 정문 좌측 사거리,고정형,2023-12-01,,,
2023,수원시,장안구청,2023-07-31 8:48,정자동 정자동111-31,국민신문고,2023-12-01,,,
2023,수원시,영통구청,2023-07-31 9:08,이의동 드림스퀘어Ⅱ 앞,고정형,2023-12-01,,,
2023,수원시,팔달구청,2023-07-31 9:15,교동 수원향교 앞 팔달보건소 뒤,고정형,2023-12-01,,,
2023,수원시,팔달구청,2023-07-31 9:17,인계동 드림캐슬주상복합,고정형,2023-12-01,,,
2023,수원시,권선구청,2023-07-31 10:09,서둔동 가온팰리스옆2,고정형,2023-12-01,,,
2023,수원시,권선구청,2023-07-31 10:12,평동 오목초교 정문 우측 삼거리,고정형,2023-12-01,,,
2023,수원시,팔달구청,2023-07-31 10:14,영동 영동 수원천로275,주행형,2023-12-01,,,
2023,수원시,팔달구청,2023-07-31 10:14,영동 영동 수원천로275,주행형,2023-12-01,,,
2023,수원시,팔달구청,2023-07-31 10:14,남수동 남수동 수원천로281,주행형,2023-12-01,,,
2023,수원시,팔달구청,2023-07-31 10:14,남수동 남수동 정조로788번길,주행형,2023-12-01,,,
2023,수원시,팔달구청,2023-07-31 10:14,남수동 남수동 정조로788번길,주행형,2023-12-01,,,
2023,수원시,팔달구청,2023-07-31 10:15,영동 영동 수원천로275,주행형,2023-12-01,,,
2023,수원시,팔달구청,2023-07-31 10:15,경기도수원시팔달구우만동 수원시 팔달구 경수대로 659,보행,2023-12-01,,,
2023,수원시,권선구청,2023-07-31 10:21,입북동 당수초교 정문 우측 사거리,고정형,2023-12-01,,,
2023,수원시,권선구청,2023-07-31 10:23,호매실동 금호프라자 대각 맞은편,고정형,2023-12-01,,,
2023,수원시,권선구청,2023-07-31 10:28,세류3동 신곡초교 후문 좌측 사거리,고정형,2023-12-01,,,
2023,수원시,권선구청,2023-07-31 11:07,평동 오목초교 정문 우측 삼거리,고정형,2023-12-01,,,
2023,수원시,권선구청,2023-07-31 11:18,입북동 당수초교 정문 우측 사거리,고정형,2023-12-01,,,
2023,수원시,팔달구청,2023-07-31 11:47,화서1동 푸르지오자이 북문 CU 앞 횡단보도,고정형,2023-12-01,,,
2023,수원시,팔달구청,2023-07-31 11:47,화서1동 푸르지오자이 북문 CU 앞 횡단보도,고정형,2023-12-01,,,
2023,수원시,팔달구청,2023-07-31 11:47,화서1동 푸르지오자이 북문 CU 앞 횡단보도,고정형,2023-12-01,,,
2023,수원시,팔달구청,2023-07-31 11:50,화서1동 수원역푸르지오자이 북문 우측,고정형,2023-12-01,,,
2023,수원시,권선구청,2023-07-31 12:27,고색동 도이치 고객주차장 출입구,고정형,2023-12-01,,,
2023,수원시,영통구청,2023-07-31 13:09,망포동 E-마트 에브리데이 앞,고정형,2023-12-01,37.2361017468141,127.060345496536,
2023,수원시,팔달구청,2023-07-31 13:10,교동 수원향교 앞 팔달보건소 뒤,고정형,2023-12-01,,,
2023,수원시,팔달구청,2023-07-31 13:13,화서1동 수원역푸르지오자이 북문 우측,고정형,2023-12-01,,,
2023,수원시,장안구청,2023-07-31 14:32,정자3동 정자동 오일뱅크,고정형,2023-12-01,,,
2023,수원시,영통구청,2023-07-31 14:33,영통동 매영로365번길,주행형,2023-12-01,,,
2023,수원시,팔달구청,2023-07-31 14:34,인계동 한국씨티은행,고정형,2023-12-01,,,
2023,수원시,팔달구청,2023-07-31 14:35,행궁동 화홍사랑채,고정형,2023-12-01,,,
2023,수원시,팔달구청,2023-07-31 14:35,인계동 드림캐슬주상복합,고정형,2023-12-01,,,
2023,수원시,권선구청,2023-07-31 14:36,서둔동 가온팰리스옆2,고정형,2023-12-01,,,
2023,수원시,권선구청,2023-07-31 14:44,평동 수원역고가밑 (애경뒷길),고정형,2023-12-01,,,
2023,수원시,팔달구청,2023-07-31 14:48,인계동 드림캐슬주상복합,고정형,2023-12-01,,,
2023,수원시,팔달구청,2023-07-31 15:07,남수동 남수동 정조로800번길,주행형,2023-12-01,,,
2023,수원시,팔달구청,2023-07-31 15:07,행궁동 팔달문 버스정류장,고정형,2023-12-01,,,
2023,수원시,팔달구청,2023-07-31 15:09,영동 영동 수원천로275,주행형,2023-12-01,,,
2023,수원시,팔달구청,2023-07-31 15:09,영동 영동 수원천로275,주행형,2023-12-01,,,
2023,수원시,팔달구청,2023-07-31 15:15,화서1동 푸르지오자이 북문 CU 앞 횡단보도,고정형,2023-12-01,,,
2023,수원시,권선구청,2023-07-31 15:17,평동 수원역고가밑 (애경뒷길),고정형,2023-12-01,,,
2023,수원시,팔달구청,2023-07-31 15:27,인계동 드림캐슬주상복합,고정형,2023-12-01,,,
2023,수원시,팔달구청,2023-07-31 15:30,교동 수원향교 앞 팔달보건소 뒤,고정형,2023-12-01,,,
2023,수원시,팔달구청,2023-07-31 15:46,인계동 드림캐슬주상복합,고정형,2023-12-01,,,
2023,수원시,권선구청,2023-07-31 16:04,평동 자동차매매센터2,고정형,2023-12-01,,,
2023,수원시,영통구청,2023-07-31 16:09,이의동 드림스퀘어Ⅱ 앞,고정형,2023-12-01,,,
2023,수원시,팔달구청,2023-07-31 16:10,인계동 드림캐슬주상복합,고정형,2023-12-01,,,
2023,수원시,팔달구청,2023-07-31 16:11,매산동 팔달로 10번길 8,고정형,2023-12-01,,,
2023,수원시,권선구청,2023-07-31 16:34,곡반정동 하나로마트한국빌딩앞,고정형,2023-12-01,,,
2023,수원시,팔달구청,2023-07-31 16:49,매산동 팅스몰 주차장 출구 옆,고정형,2023-12-01,,,
2023,수원시,팔달구청,2023-07-31 17:11,인계동 경인통계청,고정형,2023-12-01,,,
2023,수원시,권선구청,2023-07-31 17:12,권선2동 곡정초교 정문 좌측 사거리,고정형,2023-12-01,,,
2023,수원시,팔달구청,2023-07-31 18:09,화서1동 수원역푸르지오자이 북문 우측,고정형,2023-12-01,,,
2023,수원시,팔달구청,2023-07-31 18:53,인계동 드림캐슬주상복합,고정형,2023-12-01,,,
2023,수원시,팔달구청,2023-07-31 19:05,매산동 팅스몰 주차장 출구 옆,고정형,2023-12-01,,,
2023,수원시,팔달구청,2023-07-31 19:16,매산동 팅스몰 주차장 출구 옆,고정형,2023-12-01,,,
2023,수원시,팔달구청,2023-07-31 20:17,매산동 팅스몰 주차장 출구 옆,고정형,2023-12-01,,,
2023,수원시,팔달구청,2023-07-31 20:19,인계동 드림캐슬주상복합,고정형,2023-12-01,,,
2023,수원시,팔달구청,2023-07-31 20:19,인계동 드림캐슬주상복합,고정형,2023-12-01,,,
2023,수원시,팔달구청,2023-07-31 20:34,매산동 덕영대로 895번길 9-8,고정형,2023-12-01,,,
2023,수원시,팔달구청,2023-07-31 20:51,인계동 드림캐슬주상복합,고정형,2023-12-01,,,
2023,수원시,팔달구청,2023-08-01 4:22,매교동 매교동 122-38 소화전,국민신문고,2023-12-01,,,
2023,수원시,팔달구청,2023-08-01 7:35,인계동 경인통계청,고정형,2023-12-01,,,
2023,수원시,팔달구청,2023-08-01 7:35,인계동 경인통계청,고정형,2023-12-01,,,
2023,수원시,팔달구청,2023-08-01 7:39,매산동 팅스몰 주차장 출구 옆,고정형,2023-12-01,,,
2023,수원시,팔달구청,2023-08-01 8:03,북수동 쌈지공원 앞,고정형,2023-12-01,,,
2023,수원시,권선구청,2023-08-01 8:04,권선2동 곡정초교 정문 좌측 사거리,고정형,2023-12-01,,,
2023,수원시,권선구청,2023-08-01 8:04,곡반정동 하나로마트한국빌딩앞,고정형,2023-12-01,,,
2023,수원시,권선구청,2023-08-01 8:04,곡반정동 하나로마트한국빌딩앞,고정형,2023-12-01,,,
2023,수원시,권선구청,2023-08-01 8:04,오목천동 한화꿈에그린아파트 209동앞,고정형,2023-12-01,,,
2023,수원시,권선구청,2023-08-01 8:05,곡반정동 하나로마트한국빌딩앞,고정형,2023-12-01,,,
2023,수원시,권선구청,2023-08-01 8:11,서둔동 가온팰리스옆2,고정형,2023-12-01,,,
2023,수원시,팔달구청,2023-08-01 8:21,인계동 경인통계청,고정형,2023-12-01,,,
2023,수원시,팔달구청,2023-08-01 8:25,화서1동 수원역푸르지오자이 북문 우측,고정형,2023-12-01,,,
2023,수원시,팔달구청,2023-08-01 8:32,매산동 팔달로 10번길 8,고정형,2023-12-01,,,
2023,수원시,영통구청,2023-08-01 9:57,영통동 롯데마트 뒤,고정형,2023-12-01,37.27220279535416,127.10856729001851,
2023,수원시,팔달구청,2023-08-01 10:03,인계동 인계동 수원천로 225-1,주행형,2023-12-01,,,
2023,수원시,팔달구청,2023-08-01 10:03,인계동 인계동 수원천로 225-1,주행형,2023-12-01,,,
2023,수원시,팔달구청,2023-08-01 10:07,인계동 인계동 수원천로 225-1,주행형,2023-12-01,,,
2023,수원시,팔달구청,2023-08-01 10:07,인계동 인계동 수원천로 225-1,주행형,2023-12-01,,,
2023,수원시,팔달구청,2023-08-01 10:07,인계동 인계동 수원천로 225-1,주행형,2023-12-01,,,
2023,수원시,팔달구청,2023-08-01 10:07,인계동 인계동 수원천로 225-1,주행형,2023-12-01,,,
2023,수원시,권선구청,2023-08-01 10:10,서둔동 가온팰리스옆2,고정형,2023-12-01,,,
2023,수원시,팔달구청,2023-08-01 10:12,인계동 은혜와진리교회 부근,고정형,2023-12-01,37.276357065185,127.031747071832,
2023,수원시,팔달구청,2023-08-01 10:14,영동 영동 수원천로275,주행형,2023-12-01,,,
2023,수원시,팔달구청,2023-08-01 10:14,영동 영동 수원천로275,주행형,2023-12-01,,,
2023,수원시,팔달구청,2023-08-01 10:19,인계동 한국씨티은행,고정형,2023-12-01,,,
2023,수원시,영통구청,2023-08-01 10:39,영통동 롯데마트 뒤,고정형,2023-12-01,37.27220279535416,127.10856729001851,
2023,수원시,영통구청,2023-08-01 12:05,영통동 롯데마트 뒤,고정형,2023-12-01,37.27220279535416,127.10856729001851,
2023,수원시,권선구청,2023-08-01 12:30,입북동 당수초교 정문 우측 사거리,고정형,2023-12-01,,,
2023,수원시,영통구청,2023-08-01 14:17,망포동 E-마트 에브리데이 앞,고정형,2023-12-01,37.2361017468141,127.060345496536,
2023,수원시,팔달구청,2023-08-01 14:32,매산동 역전농협,고정형,2023-12-01,,,
2023,수원시,영통구청,2023-08-01 14:34,이의동 드림스퀘어Ⅱ 앞,고정형,2023-12-01,,,
2023,수원시,권선구청,2023-08-01 14:34,경기도수원시권선구곡반정동 수원시 권선구 곡반정동 105-4,보행,2023-12-01,,,
2023,수원시,권선구청,2023-08-01 14:35,곡반정동 하나로마트한국빌딩앞,고정형,2023-12-01,,,
2023,수원시,권선구청,2023-08-01 14:35,서둔동 가온팰리스옆2,고정형,2023-12-01,,,
2023,수원시,권선구청,2023-08-01 14:35,경기도수원시권선구곡반정동 수원시 권선구 곡반정동 106-1,보행,2023-12-01,,,
2023,수원시,권선구청,2023-08-01 14:37,경기도수원시권선구곡반정동 수원시 권선구 곡반정동 476-19,보행,2023-12-01,,,
2023,수원시,권선구청,2023-08-01 14:38,경기도수원시권선구곡반정동 수원시 권선구 곡반정동 106-3,보행,2023-12-01,,,
2023,수원시,권선구청,2023-08-01 14:39,서둔동 가온팰리스옆2,고정형,2023-12-01,,,
2023,수원시,권선구청,2023-08-01 14:39,경기도수원시권선구곡반정동 수원시 권선구 곡반정동 476-19,보행,2023-12-01,,,
2023,수원시,권선구청,2023-08-01 14:41,경기도수원시권선구곡반정동 수원시 권선구 곡반정동 476-19,보행,2023-12-01,,,
2023,수원시,팔달구청,2023-08-01 14:46,팔달로2가 팔달로2가 정조로796번길,주행형,2023-12-01,,,
2023,수원시,팔달구청,2023-08-01 14:47,매산동 팅스몰 주차장 출구 옆,고정형,2023-12-01,,,
2023,수원시,팔달구청,2023-08-01 14:47,매산동 팅스몰 주차장 출구 옆,고정형,2023-12-01,,,
2023,수원시,팔달구청,2023-08-01 14:51,매교동 매교동 효원로93번길,주행형,2023-12-01,,,
2023,수원시,팔달구청,2023-08-01 14:53,교동 교동 매산로92번길,주행형,2023-12-01,,,
2023,수원시,팔달구청,2023-08-01 15:08,인계동 드림캐슬주상복합,고정형,2023-12-01,,,
2023,수원시,팔달구청,2023-08-01 15:26,매산동 팅스몰 주차장 출구 옆,고정형,2023-12-01,,,
2023,수원시,장안구청,2023-08-01 15:29,정자3동 정자동 오일뱅크,고정형,2023-12-01,,,
2023,수원시,팔달구청,2023-08-01 15:30,인계동 드림캐슬주상복합,고정형,2023-12-01,,,
2023,수원시,권선구청,2023-08-01 15:39,경기도수원시권선구평동 수원시 권선구 평동 4-97,보행,2023-12-01,,,
2023,수원시,팔달구청,2023-08-01 15:40,행궁동 화홍사랑채,고정형,2023-12-01,,,
2023,수원시,권선구청,2023-08-01 15:42,서둔동 가온팰리스옆2,고정형,2023-12-01,,,
2023,수원시,팔달구청,2023-08-01 16:16,인계동 드림캐슬주상복합,고정형,2023-12-01,,,
2023,수원시,영통구청,2023-08-01 17:21,영통구 20230801 1721,국민신문고,2023-12-01,,,
2023,수원시,팔달구청,2023-08-01 17:42,인계동 드림캐슬주상복합,고정형,2023-12-01,,,
2023,수원시,팔달구청,2023-08-01 17:57,인계동 드림캐슬주상복합,고정형,2023-12-01,,,
2023,수원시,팔달구청,2023-08-01 17:59,인계동 드림캐슬주상복합,고정형,2023-12-01,,,
2023,수원시,팔달구청,2023-08-01 18:55,화서1동 수원역푸르지오자이 북문 우측,고정형,2023-12-01,,,
2023,수원시,팔달구청,2023-08-01 18:55,화서1동 수원역푸르지오자이 북문 우측,고정형,2023-12-01,,,
2023,수원시,장안구청,2023-08-01 19:15,상광교동 광교버스정류장종점,고정형,2023-12-01,,,
2023,수원시,팔달구청,2023-08-01 19:26,매산동 팅스몰 주차장 출구 옆,고정형,2023-12-01,,,
2023,수원시,영통구청,2023-08-01 19:42,이의동 광교가재울마을사거리,고정형,2023-12-01,,,
2023,수원시,팔달구청,2023-08-01 19:45,인계동 드림캐슬주상복합,고정형,2023-12-01,,,
2023,수원시,팔달구청,2023-08-01 19:51,매산동 팅스몰 주차장 출구 옆,고정형,2023-12-01,,,
2023,수원시,팔달구청,2023-08-01 19:57,매산동 팅스몰 주차장 출구 옆,고정형,2023-12-01,,,
2023,수원시,팔달구청,2023-08-01 19:59,매산동 팔달로 10번길 8,고정형,2023-12-01,,,
2023,수원시,팔달구청,2023-08-01 20:15,인계동 드림캐슬주상복합,고정형,2023-12-01,,,
2023,수원시,팔달구청,2023-08-01 20:24,매교동 매교동 287-37 교차로모퉁이,국민신문고,2023-12-01,,,
2023,수원시,영통구청,2023-08-01 20:26,망포동 E-마트 에브리데이 앞,고정형,2023-12-01,37.2361017468141,127.060345496536,
2023,수원시,팔달구청,2023-08-01 21:08,매교동 매교동 91-19 횡단보도,국민신문고,2023-12-01,,,
2023,수원시,팔달구청,2023-08-01 21:08,매교동 매교동 91-19 횡단보도,국민신문고,2023-12-01,,,
2023,수원시,팔달구청,2023-08-01 22:08,매교동 매교동 287-52 교차로모퉁이,국민신문고,2023-12-01,,,
2023,수원시,팔달구청,2023-08-01 22:19,매교동 매교동 264-5 교차로모퉁이,국민신문고,2023-12-01,,,
2023,수원시,권선구청,2023-08-01 23:38,곡반정동 562-2,국민신문고,2023-12-01,,,
2023,수원시,권선구청,2023-08-01 23:46,곡반정동 149-1,국민신문고,2023-12-01,,,
2023,수원시,권선구청,2023-08-01 23:46,곡반정동 149-1,국민신문고,2023-12-01,,,
2023,수원시,권선구청,2023-08-01 23:57,곡반정동 156-8,국민신문고,2023-12-01,,,
2023,수원시,권선구청,2023-08-01 23:57,곡반정동 156-8,국민신문고,2023-12-01,,,
2023,수원시,권선구청,2023-08-02 0:00,곡반정동 156-1,국민신문고,2023-12-01,,,
2023,수원시,권선구청,2023-08-02 0:02,곡반정동 562-9,국민신문고,2023-12-01,,,
2023,수원시,권선구청,2023-08-02 0:05,곡반정동 562-2,국민신문고,2023-12-01,,,
2023,수원시,팔달구청,2023-08-02 7:33,매산동 팅스몰 주차장 출구 옆,고정형,2023-12-01,,,
2023,수원시,팔달구청,2023-08-02 7:34,매산동 팅스몰 주차장 출구 옆,고정형,2023-12-01,,,
2023,수원시,팔달구청,2023-08-02 7:34,인계동 경인통계청,고정형,2023-12-01,,,
2023,수원시,팔달구청,2023-08-02 7:36,매산동 팅스몰 주차장 출구 옆,고정형,2023-12-01,,,
2023,수원시,영통구청,2023-08-02 7:39,망포동 E-마트 에브리데이 앞,고정형,2023-12-01,37.2361017468141,127.060345496536,
2023,수원시,팔달구청,2023-08-02 8:02,북수동 쌈지공원 앞,고정형,2023-12-01,,,
2023,수원시,권선구청,2023-08-02 8:03,곡반정동 하나로마트한국빌딩앞,고정형,2023-12-01,,,
2023,수원시,권선구청,2023-08-02 8:03,곡반정동 하나로마트한국빌딩앞,고정형,2023-12-01,,,
2023,수원시,권선구청,2023-08-02 8:05,서둔동 가온팰리스옆2,고정형,2023-12-01,,,
2023,수원시,권선구청,2023-08-02 8:06,서둔동 가온팰리스옆2,고정형,2023-12-01,,,
2023,수원시,권선구청,2023-08-02 8:13,서둔동 가온팰리스옆2,고정형,2023-12-01,,,
2023,수원시,팔달구청,2023-08-02 8:24,화서1동 푸르지오자이 북문 CU 앞 횡단보도,고정형,2023-12-01,,,
2023,수원시,팔달구청,2023-08-02 8:33,화서1동 화서초등학교 둘레길 중간지점,고정형,2023-12-01,,,
2023,수원시,팔달구청,2023-08-02 8:53,화서1동 수원역푸르지오자이 북문 우측,고정형,2023-12-01,,,
2023,수원시,영통구청,2023-08-02 10:02,이의동 광교가재울마을사거리,고정형,2023-12-01,,,
2023,수원시,권선구청,2023-08-02 10:04,곡반정동 562-9,국민신문고,2023-12-01,,,
2023,수원시,영통구청,2023-08-02 10:34,영통동 롯데마트 뒤,고정형,2023-12-01,37.27220279535416,127.10856729001851,
2023,수원시,팔달구청,2023-08-02 10:34,고등동 수원초등학교 정문 좌측 사거리,고정형,2023-12-01,,,
2023,수원시,팔달구청,2023-08-02 10:36,팔달로2가 팔달로2가 정조로796번길,주행형,2023-12-01,,,
2023,수원시,권선구청,2023-08-02 10:37,권선동 권선동 한라비발디앞 놀이터,고정형,2023-12-01,,,
2023,수원시,팔달구청,2023-08-02 10:43,구천동 구천동 매산로155번길,주행형,2023-12-01,,,
2023,수원시,영통구청,2023-08-02 10:54,망포동 E-마트 에브리데이 앞,고정형,2023-12-01,37.2361017468141,127.060345496536,
2023,수원시,권선구청,2023-08-02 10:56,권선동 NC터미널점 버스정류장 앞,고정형,2023-12-01,,,
2023,수원시,장안구청,2023-08-02 11:24,경기도수원시장안구율전동 수원시 장안구 율전동 103,보행,2023-12-01,,,
2023,수원시,팔달구청,2023-08-02 12:03,화서1동 수원역푸르지오자이 북문 우측,고정형,2023-12-01,,,
2023,수원시,영통구청,2023-08-02 12:09,영통동 롯데마트 뒤,고정형,2023-12-01,37.27220279535416,127.10856729001851,
2023,수원시,영통구청,2023-08-02 13:35,하동 영통동 1077,국민신문고,2023-12-01,,,
2023,수원시,팔달구청,2023-08-02 14:23,화서1동 수원역푸르지오자이 북문 우측,고정형,2023-12-01,,,
2023,수원시,팔달구청,2023-08-02 14:30,교동 교동 효원로55번길,주행형,2023-12-01,,,
2023,수원시,권선구청,2023-08-02 14:33,곡반정동 하나로마트한국빌딩앞,고정형,2023-12-01,,,
2023,수원시,영통구청,2023-08-02 14:33,이의동 드림스퀘어Ⅱ 앞,고정형,2023-12-01,,,
2023,수원시,권선구청,2023-08-02 14:35,평동 오목초교 정문 우측 삼거리,고정형,2023-12-01,,,
2023,수원시,팔달구청,2023-08-02 14:39,남수동 남수동 정조로800번길,주행형,2023-12-01,,,
2023,수원시,팔달구청,2023-08-02 14:40,영동 영동 수원천로275,주행형,2023-12-01,,,
2023,수원시,팔달구청,2023-08-02 14:40,영동 영동 수원천로281,주행형,2023-12-01,,,
2023,수원시,팔달구청,2023-08-02 14:40,팔달로2가 팔달로2가 정조로796번길,주행형,2023-12-01,,,
2023,수원시,팔달구청,2023-08-02 14:40,남수동 남수동 정조로796번길,주행형,2023-12-01,,,
2023,수원시,영통구청,2023-08-02 14:41,이의동 드림스퀘어Ⅱ 앞,고정형,2023-12-01,,,
2023,수원시,팔달구청,2023-08-02 14:42,매산동 팅스몰 주차장 출구 옆,고정형,2023-12-01,,,
2023,수원시,권선구청,2023-08-02 14:46,구운동 구운동 명품닭갈비,고정형,2023-12-01,,,
2023,수원시,팔달구청,2023-08-02 15:03,행궁동 화홍사랑채,고정형,2023-12-01,,,
2023,수원시,팔달구청,2023-08-02 15:03,행궁동 화홍사랑채,고정형,2023-12-01,,,
2023,수원시,팔달구청,2023-08-02 15:07,인계동 드림캐슬주상복합,고정형,2023-12-01,,,
2023,수원시,팔달구청,2023-08-02 15:08,매산동 팅스몰 주차장 출구 옆,고정형,2023-12-01,,,
2023,수원시,팔달구청,2023-08-02 15:37,인계동 드림캐슬주상복합,고정형,2023-12-01,,,
2023,수원시,권선구청,2023-08-02 15:41,구운동 구운동 명품닭갈비,고정형,2023-12-01,,,
2023,수원시,팔달구청,2023-08-02 16:08,인계동 드림캐슬주상복합,고정형,2023-12-01,,,
2023,수원시,영통구청,2023-08-02 16:11,광교동 광교더사랑교회뒷길,고정형,2023-12-01,,,
2023,수원시,권선구청,2023-08-02 17:10,서둔동 가온팰리스옆2,고정형,2023-12-01,,,
2023,수원시,권선구청,2023-08-02 17:37,세류3동 신곡초교 후문 좌측 사거리,고정형,2023-12-01,,,
2023,수원시,팔달구청,2023-08-02 17:45,인계동 드림캐슬주상복합,고정형,2023-12-01,,,
2023,수원시,팔달구청,2023-08-02 17:48,화서1동 수원역푸르지오자이 북문 우측,고정형,2023-12-01,,,
2023,수원시,팔달구청,2023-08-02 17:59,인계동 드림캐슬주상복합,고정형,2023-12-01,,,
2023,수원시,영통구청,2023-08-02 18:16,이의동 도청예정부지,고정형,2023-12-01,,,
2023,수원시,영통구청,2023-08-02 18:58,이의동 광교가재울마을사거리,고정형,2023-12-01,,,
2023,수원시,영통구청,2023-08-02 18:59,-1 황곡초등학교앞 사거리,고정형,2023-12-01,,,
2023,수원시,권선구청,2023-08-02 19:37,곡반정동 105-11,국민신문고,2023-12-01,,,
2023,수원시,팔달구청,2023-08-02 19:57,매교동 매교동 287-480 횡단보도,국민신문고,2023-12-01,,,
2023,수원시,권선구청,2023-08-02 20:24,곡반정동 88-42,국민신문고,2023-12-01,,,
2023,수원시,팔달구청,2023-08-02 20:25,인계동 드림캐슬주상복합,고정형,2023-12-01,,,
2023,수원시,권선구청,2023-08-02 20:26,곡반정동 88-47,국민신문고,2023-12-01,,,
2023,수원시,권선구청,2023-08-02 20:27,곡반정동 88-44,국민신문고,2023-12-01,,,
2023,수원시,팔달구청,2023-08-02 20:39,매산동 팅스몰 주차장 출구 옆,고정형,2023-12-01,,,
2023,수원시,팔달구청,2023-08-02 20:51,인계동 드림캐슬주상복합,고정형,2023-12-01,,,
2023,수원시,팔달구청,2023-08-02 21:18,인계동 드림캐슬주상복합,고정형,2023-12-01,,,
2023,수원시,권선구청,2023-08-02 21:57,곡반정동 562-2 교차로 모퉁이,국민신문고,2023-12-01,,,
2023,수원시,팔달구청,2023-08-03 7:07,화서1동 수원역푸르지오자이 북문 우측,고정형,2023-12-01,,,
2023,수원시,영통구청,2023-08-03 7:33,영통구 매탄동 345-4,국민신문고,2023-12-01,,,
2023,수원시,팔달구청,2023-08-03 7:35,인계동 경인통계청,고정형,2023-12-01,,,
2023,수원시,권선구청,2023-08-03 8:02,곡반정동 하나로마트한국빌딩앞,고정형,2023-12-01,,,
2023,수원시,권선구청,2023-08-03 8:02,곡반정동 하나로마트한국빌딩앞,고정형,2023-12-01,,,
2023,수원시,팔달구청,2023-08-03 8:02,북수동 쌈지공원 앞,고정형,2023-12-01,,,
2023,수원시,권선구청,2023-08-03 8:03,곡반정동 하나로마트한국빌딩앞,고정형,2023-12-01,,,
2023,수원시,권선구청,2023-08-03 8:03,곡반정동 하나로마트한국빌딩앞,고정형,2023-12-01,,,
2023,수원시,영통구청,2023-08-03 8:04,이의동 드림스퀘어Ⅱ 앞,고정형,2023-12-01,,,
2023,수원시,권선구청,2023-08-03 8:04,평동 오목초교 정문 우측 삼거리,고정형,2023-12-01,,,
2023,수원시,권선구청,2023-08-03 8:08,서둔동 가온팰리스옆2,고정형,2023-12-01,,,
2023,수원시,권선구청,2023-08-03 8:11,권선2동 곡정초교 정문 좌측 사거리,고정형,2023-12-01,,,
2023,수원시,팔달구청,2023-08-03 8:32,화서동 푸르지오자이 북문 CU 앞 횡단보도,고정형,2023-12-01,,,
2023,수원시,권선구청,2023-08-03 8:37,서둔동 가온팰리스옆2,고정형,2023-12-01,,,
2023,수원시,권선구청,2023-08-03 9:40,서둔동 수원역한라비발디퍼스트 앞2,고정형,2023-12-01,,,
2023,수원시,팔달구청,2023-08-03 10:22,매산로3가 매산로3가 매산로52번길,주행형,2023-12-01,,,
2023,수원시,팔달구청,2023-08-03 10:22,매산로3가 매산로3가 매산로52번길,주행형,2023-12-01,,,
2023,수원시,팔달구청,2023-08-03 10:24,인계동 경인통계청,고정형,2023-12-01,,,
2023,수원시,권선구청,2023-08-03 10:28,구운동 구운동 명품닭갈비,고정형,2023-12-01,,,
2023,수원시,권선구청,2023-08-03 10:35,세류3동 신곡초교 후문 좌측 사거리,고정형,2023-12-01,,,
2023,수원시,권선구청,2023-08-03 10:37,서둔동 가온팰리스옆2,고정형,2023-12-01,,,
2023,수원시,권선구청,2023-08-03 10:38,고색동 도이치 고객주차장 출입구,고정형,2023-12-01,,,
2023,수원시,권선구청,2023-08-03 10:38,고색동 도이치 고객주차장 출입구,고정형,2023-12-01,,,
2023,수원시,팔달구청,2023-08-03 11:34,교동 수원향교 앞 팔달보건소 뒤,고정형,2023-12-01,,,
2023,수원시,권선구청,2023-08-03 11:41,권선동 NC터미널점 버스정류장 앞,고정형,2023-12-01,,,
2023,수원시,영통구청,2023-08-03 12:08,이의동 광교가재울마을사거리,고정형,2023-12-01,,,
2023,수원시,권선구청,2023-08-03 14:33,평동 오목초교 정문 우측 삼거리,고정형,2023-12-01,,,
2023,수원시,권선구청,2023-08-03 14:35,호매실동 금호프라자 대각 맞은편,고정형,2023-12-01,,,
2023,수원시,팔달구청,2023-08-03 14:35,인계동 드림캐슬주상복합,고정형,2023-12-01,,,
2023,수원시,팔달구청,2023-08-03 14:36,교동 교동 매산로92번길,주행형,2023-12-01,,,
2023,수원시,팔달구청,2023-08-03 14:41,매교동 매교동 효원로93번길,주행형,2023-12-01,,,
2023,수원시,팔달구청,2023-08-03 14:42,매산동 팅스몰 주차장 출구 옆,고정형,2023-12-01,,,
2023,수원시,팔달구청,2023-08-03 14:48,영동 영동 수원천로275,주행형,2023-12-01,,,
2023,수원시,팔달구청,2023-08-03 14:48,영동 영동 수원천로275,주행형,2023-12-01,,,
2023,수원시,팔달구청,2023-08-03 14:48,영동 영동 수원천로275,주행형,2023-12-01,,,
2023,수원시,권선구청,2023-08-03 15:06,입북동 당수초교 정문 우측 사거리,고정형,2023-12-01,,,
2023,수원시,권선구청,2023-08-03 15:10,금곡동 금곡로222번길,주행형,2023-12-01,,,
2023,수원시,권선구청,2023-08-03 15:10,금곡동 금곡로222번길,주행형,2023-12-01,,,
2023,수원시,권선구청,2023-08-03 15:10,금곡동 금곡로222번길,주행형,2023-12-01,,,
2023,수원시,권선구청,2023-08-03 15:29,서둔동 서둔로256번길,주행형,2023-12-01,,,
2023,수원시,권선구청,2023-08-03 15:29,서둔동 서둔로256번길,주행형,2023-12-01,,,
2023,수원시,팔달구청,2023-08-03 15:48,교동 수원향교 앞 팔달보건소 뒤,고정형,2023-12-01,,,
2023,수원시,팔달구청,2023-08-03 15:48,교동 수원향교 앞 팔달보건소 뒤,고정형,2023-12-01,,,
2023,수원시,팔달구청,2023-08-03 15:55,인계동 드림캐슬주상복합,고정형,2023-12-01,,,
2023,수원시,팔달구청,2023-08-03 16:00,인계동 드림캐슬주상복합,고정형,2023-12-01,,,
2023,수원시,팔달구청,2023-08-03 16:21,매산동 팅스몰 주차장 출구 옆,고정형,2023-12-01,,,
2023,수원시,팔달구청,2023-08-03 16:49,매산동 팔달로 10번길 8,고정형,2023-12-01,,,
2023,수원시,권선구청,2023-08-03 17:22,곡반정동 하나로마트한국빌딩앞,고정형,2023-12-01,,,
2023,수원시,권선구청,2023-08-03 17:22,곡반정동 하나로마트한국빌딩앞,고정형,2023-12-01,,,
2023,수원시,팔달구청,2023-08-03 17:34,고등동 수원초등학교 정문 좌측 사거리,고정형,2023-12-01,,,
2023,수원시,권선구청,2023-08-03 17:38,서둔동 롯데몰9번출구앞주변,고정형,2023-12-01,,,
2023,수원시,팔달구청,2023-08-03 18:13,매산동 팅스몰 주차장 출구 옆,고정형,2023-12-01,,,
2023,수원시,팔달구청,2023-08-03 18:20,인계동 드림캐슬주상복합,고정형,2023-12-01,,,
2023,수원시,팔달구청,2023-08-03 18:35,화서1동 수원역푸르지오자이 북문 우측,고정형,2023-12-01,,,
2023,수원시,팔달구청,2023-08-03 18:35,화서1동 수원역푸르지오자이 북문 우측,고정형,2023-12-01,,,
2023,수원시,팔달구청,2023-08-03 18:39,고등동 수원초등학교 정문 좌측 사거리,고정형,2023-12-01,,,
2023,수원시,팔달구청,2023-08-03 18:50,인계동 드림캐슬주상복합,고정형,2023-12-01,,,
2023,수원시,팔달구청,2023-08-03 19:13,인계동 드림캐슬주상복합,고정형,2023-12-01,,,
2023,수원시,팔달구청,2023-08-03 19:13,매산동 팅스몰 주차장 출구 옆,고정형,2023-12-01,,,
2023,수원시,권선구청,2023-08-03 19:34,곡반정동 105-9,국민신문고,2023-12-01,,,
2023,수원시,권선구청,2023-08-03 19:36,곡반정동 105-8,국민신문고,2023-12-01,,,
2023,수원시,팔달구청,2023-08-03 19:41,매산동 팅스몰 주차장 출구 옆,고정형,2023-12-01,,,
2023,수원시,영통구청,2023-08-03 19:43,영통동 롯데마트 뒤,고정형,2023-12-01,37.27220279535416,127.10856729001851,
2023,수원시,팔달구청,2023-08-03 19:57,매산동 팔달로 10번길 8,고정형,2023-12-01,,,
2023,수원시,영통구청,2023-08-03 20:13,영통동 롯데마트 뒤,고정형,2023-12-01,37.27220279535416,127.10856729001851,
2023,수원시,팔달구청,2023-08-03 20:54,인계동 드림캐슬주상복합,고정형,2023-12-01,,,
2023,수원시,팔달구청,2023-08-03 20:59,매산동 역전농협,고정형,2023-12-01,,,
2023,수원시,권선구청,2023-08-03 23:57,곡반정동 105-9,국민신문고,2023-12-01,,,
2023,수원시,권선구청,2023-08-04 0:09,곡반정동 562-5,국민신문고,2023-12-01,,,
2023,수원시,권선구청,2023-08-04 5:01,세류동 143도8849,국민신문고,2023-12-01,,,
2023,수원시,팔달구청,2023-08-04 7:02,화서1동 수원역푸르지오자이 북문 우측,고정형,2023-12-01,,,
2023,수원시,팔달구청,2023-08-04 7:04,화서1동 푸르지오자이 북문 CU 앞 횡단보도,고정형,2023-12-01,,,
2023,수원시,팔달구청,2023-08-04 7:06,화서동 수원역푸르지오자이 북문 우측,고정형,2023-12-01,,,
2023,수원시,팔달구청,2023-08-04 7:45,인계동 경인통계청,고정형,2023-12-01,,,
2023,수원시,팔달구청,2023-08-04 7:45,인계동 경인통계청,고정형,2023-12-01,,,
2023,수원시,팔달구청,2023-08-04 8:03,북수동 쌈지공원 앞,고정형,2023-12-01,,,
2023,수원시,권선구청,2023-08-04 8:03,서둔동 가온팰리스옆2,고정형,2023-12-01,,,
2023,수원시,권선구청,2023-08-04 8:08,평동 고현초교 정문 좌측 삼거리,고정형,2023-12-01,,,
2023,수원시,권선구청,2023-08-04 8:25,서둔동 가온팰리스옆2,고정형,2023-12-01,,,
2023,수원시,팔달구청,2023-08-04 8:33,화서1동 화서초등학교 둘레길 중간지점,고정형,2023-12-01,,,
2023,수원시,권선구청,2023-08-04 8:39,평동 고현초교 정문 좌측 삼거리,고정형,2023-12-01,,,
2023,수원시,팔달구청,2023-08-04 9:08,인계동 인계동 수원천로 225,주행형,2023-12-01,,,
2023,수원시,팔달구청,2023-08-04 9:08,인계동 인계동 수원천로 225,주행형,2023-12-01,,,
2023,수원시,팔달구청,2023-08-04 9:08,인계동 인계동 수원천로 225,주행형,2023-12-01,,,
2023,수원시,팔달구청,2023-08-04 9:14,남수동 남수동 정조로796번길,주행형,2023-12-01,,,
2023,수원시,팔달구청,2023-08-04 9:35,인계동 드림캐슬주상복합,고정형,2023-12-01,,,
2023,수원시,팔달구청,2023-08-04 9:35,인계동 경인통계청,고정형,2023-12-01,,,
2023,수원시,팔달구청,2023-08-04 9:35,인계동 경인통계청,고정형,2023-12-01,,,
2023,수원시,팔달구청,2023-08-04 9:43,화서1동 푸르지오자이 북문 CU 앞 횡단보도,고정형,2023-12-01,,,
2023,수원시,팔달구청,2023-08-04 9:47,인계동 드림캐슬주상복합,고정형,2023-12-01,,,
2023,수원시,권선구청,2023-08-04 10:02,서둔동 가온팰리스옆2,고정형,2023-12-01,,,
2023,수원시,권선구청,2023-08-04 10:34,서둔동 세화로135번길,주행형,2023-12-01,,,
2023,수원시,권선구청,2023-08-04 10:34,서둔동 세화로135번길,주행형,2023-12-01,,,
2023,수원시,팔달구청,2023-08-04 10:36,인계동 경인통계청,고정형,2023-12-01,,,
2023,수원시,권선구청,2023-08-04 10:45,고색동 도이치 고객주차장 출입구,고정형,2023-12-01,,,
2023,수원시,팔달구청,2023-08-04 10:53,매산동 역전농협,고정형,2023-12-01,,,
2023,수원시,팔달구청,2023-08-04 14:33,매산동 팔달로 10번길 8,고정형,2023-12-01,,,
2023,수원시,권선구청,2023-08-04 14:35,서둔동 가온팰리스옆2,고정형,2023-12-01,,,
2023,수원시,권선구청,2023-08-04 14:47,금곡동 금곡로222번길,주행형,2023-12-01,,,
2023,수원시,권선구청,2023-08-04 14:47,금곡동 금곡로222번길,주행형,2023-12-01,,,
2023,수원시,권선구청,2023-08-04 14:47,금곡동 금곡로222번길,주행형,2023-12-01,,,
2023,수원시,권선구청,2023-08-04 14:52,서둔동 가온팰리스옆2,고정형,2023-12-01,,,
2023,수원시,팔달구청,2023-08-04 14:53,인계동 경인통계청,고정형,2023-12-01,,,
2023,수원시,권선구청,2023-08-04 14:55,서둔동 가온팰리스옆2,고정형,2023-12-01,,,
2023,수원시,팔달구청,2023-08-04 15:07,매산동 팔달로 10번길 8,고정형,2023-12-01,,,
2023,수원시,팔달구청,2023-08-04 15:20,팔달로2가 팔달로2가 정조로796번길,주행형,2023-12-01,,,
2023,수원시,팔달구청,2023-08-04 15:20,남수동 남수동 정조로796번길,주행형,2023-12-01,,,
2023,수원시,팔달구청,2023-08-04 15:20,남수동 남수동 정조로796번길,주행형,2023-12-01,,,
2023,수원시,팔달구청,2023-08-04 15:22,교동 수원향교 앞 팔달보건소 뒤,고정형,2023-12-01,,,
2023,수원시,팔달구청,2023-08-04 15:22,영동 영동 수원천로 248,주행형,2023-12-01,,,
2023,수원시,팔달구청,2023-08-04 15:38,매산동 팅스몰 주차장 출구 옆,고정형,2023-12-01,,,
2023,수원시,팔달구청,2023-08-04 15:47,인계동 경인통계청,고정형,2023-12-01,,,
2023,수원시,팔달구청,2023-08-04 15:47,인계동 경인통계청,고정형,2023-12-01,,,
2023,수원시,팔달구청,2023-08-04 15:51,화서1동 수원역푸르지오자이 북문 우측,고정형,2023-12-01,,,
2023,수원시,팔달구청,2023-08-04 16:28,인계동 드림캐슬주상복합,고정형,2023-12-01,,,
2023,수원시,영통구청,2023-08-04 16:28,영통동 마사회뒷길,고정형,2023-12-01,,,
2023,수원시,영통구청,2023-08-04 16:33,이의동 드림스퀘어Ⅱ 앞,고정형,2023-12-01,,,
2023,수원시,권선구청,2023-08-04 16:55,입북동 당수초교 정문 우측 사거리,고정형,2023-12-01,,,
2023,수원시,권선구청,2023-08-04 17:01,서둔동 수원역한라비발디퍼스트 앞1,고정형,2023-12-01,,,
2023,수원시,팔달구청,2023-08-04 17:05,인계동 경인통계청,고정형,2023-12-01,,,
2023,수원시,팔달구청,2023-08-04 17:20,인계동 한국씨티은행,고정형,2023-12-01,,,
2023,수원시,팔달구청,2023-08-04 17:21,매산동 팅스몰 주차장 출구 옆,고정형,2023-12-01,,,
2023,수원시,영통구청,2023-08-04 17:22,이의동 드림스퀘어Ⅱ 앞,고정형,2023-12-01,,,
2023,수원시,팔달구청,2023-08-04 17:47,화서1동 푸르지오자이 북문 CU 앞 횡단보도,고정형,2023-12-01,,,
2023,수원시,권선구청,2023-08-04 18:04,곡반정동 1280-1,국민신문고,2023-12-01,,,
2023,수원시,팔달구청,2023-08-04 18:53,인계동 드림캐슬주상복합,고정형,2023-12-01,,,
2023,수원시,팔달구청,2023-08-04 19:13,매산동 팅스몰 주차장 출구 옆,고정형,2023-12-01,,,
2023,수원시,팔달구청,2023-08-04 19:21,매산동 팅스몰 주차장 출구 옆,고정형,2023-12-01,,,
2023,수원시,팔달구청,2023-08-04 19:49,매산동 팅스몰 주차장 출구 옆,고정형,2023-12-01,,,
2023,수원시,권선구청,2023-08-04 20:05,곡반정동 105-11,국민신문고,2023-12-01,,,
2023,수원시,영통구청,2023-08-04 20:38,망포동 E-마트 에브리데이 앞,고정형,2023-12-01,37.2361017468141,127.060345496536,
2023,수원시,장안구청,2023-08-04 20:45,연무동 연무동 244-8,국민신문고,2023-12-01,,,
2023,수원시,장안구청,2023-08-04 20:45,연무동 연무동 244-8,국민신문고,2023-12-01,,,
2023,수원시,팔달구청,2023-08-04 20:46,매교동 매교동 287-66 횡단보도,국민신문고,2023-12-01,,,
2023,수원시,팔달구청,2023-08-04 21:07,인계동 드림캐슬주상복합,고정형,2023-12-01,,,
2023,수원시,팔달구청,2023-08-04 21:13,인계동 드림캐슬주상복합,고정형,2023-12-01,,,
2023,수원시,권선구청,2023-08-04 23:33,곡반정동 562-2,국민신문고,2023-12-01,,,
2023,수원시,권선구청,2023-08-04 23:36,곡반정동 562-2,국민신문고,2023-12-01,,,
2023,수원시,권선구청,2023-08-05 1:54,오목천동 966-5,국민신문고,2023-12-01,,,
2023,수원시,권선구청,2023-08-05 9:02,서둔동 가온팰리스옆2,고정형,2023-12-01,,,
2023,수원시,팔달구청,2023-08-05 9:03,화서1동 푸르지오자이 북문 CU 앞 횡단보도,고정형,2023-12-01,,,
2023,수원시,권선구청,2023-08-05 9:03,곡반정동 하나로마트한국빌딩앞,고정형,2023-12-01,,,
2023,수원시,팔달구청,2023-08-05 9:03,인계동 드림캐슬주상복합,고정형,2023-12-01,,,
2023,수원시,팔달구청,2023-08-05 9:03,화서1동 수원역푸르지오자이 북문 우측,고정형,2023-12-01,,,
2023,수원시,팔달구청,2023-08-05 9:05,인계동 드림캐슬주상복합,고정형,2023-12-01,,,
2023,수원시,권선구청,2023-08-05 9:05,곡반정동 하나로마트한국빌딩앞,고정형,2023-12-01,,,
2023,수원시,팔달구청,2023-08-05 9:06,인계동 드림캐슬주상복합,고정형,2023-12-01,,,
2023,수원시,권선구청,2023-08-05 9:08,곡반정동 하나로마트한국빌딩앞,고정형,2023-12-01,,,
2023,수원시,권선구청,2023-08-05 9:17,평동 수원역고가밑 (애경뒷길),고정형,2023-12-01,,,
2023,수원시,권선구청,2023-08-05 9:23,곡반정동 하나로마트한국빌딩앞,고정형,2023-12-01,,,
2023,수원시,권선구청,2023-08-05 9:28,서둔동 가온팰리스옆2,고정형,2023-12-01,,,
2023,수원시,팔달구청,2023-08-05 9:44,인계동 드림캐슬주상복합,고정형,2023-12-01,,,
2023,수원시,팔달구청,2023-08-05 9:55,화서1동 수원역푸르지오자이 북문 우측,고정형,2023-12-01,,,
2023,수원시,영통구청,2023-08-05 9:56,망포동 방죽공원 교차 삼거리,고정형,2023-12-01,,,
2023,수원시,팔달구청,2023-08-05 10:03,인계동 드림캐슬주상복합,고정형,2023-12-01,,,
2023,수원시,팔달구청,2023-08-05 10:16,화서1동 푸르지오자이 북문 CU 앞 횡단보도,고정형,2023-12-01,,,
2023,수원시,팔달구청,2023-08-05 10:31,매교동 매교동 98-3 교차로모퉁이,국민신문고,2023-12-01,,,
2023,수원시,팔달구청,2023-08-05 10:32,북수동 쌈지공원 앞,고정형,2023-12-01,,,
2023,수원시,팔달구청,2023-08-05 10:33,인계동 드림캐슬주상복합,고정형,2023-12-01,,,
2023,수원시,팔달구청,2023-08-05 10:53,화서1동 수원역푸르지오자이 북문 우측,고정형,2023-12-01,,,
2023,수원시,영통구청,2023-08-05 10:55,망포동 방죽공원 교차 삼거리,고정형,2023-12-01,,,
2023,수원시,영통구청,2023-08-05 11:19,영통동 롯데마트 뒤,고정형,2023-12-01,37.27220279535416,127.10856729001851,
2023,수원시,영통구청,2023-08-05 11:19,영통동 롯데마트 뒤,고정형,2023-12-01,37.27220279535416,127.10856729001851,
2023,수원시,팔달구청,2023-08-05 11:29,화서1동 수원역푸르지오자이 북문 우측,고정형,2023-12-01,,,
2023,수원시,팔달구청,2023-08-05 11:58,화서1동 수원역푸르지오자이 북문 우측,고정형,2023-12-01,,,
2023,수원시,팔달구청,2023-08-05 12:01,화서1동 수원역푸르지오자이 북문 우측,고정형,2023-12-01,,,
2023,수원시,팔달구청,2023-08-05 12:15,화서1동 수원역푸르지오자이 북문 우측,고정형,2023-12-01,,,
2023,수원시,팔달구청,2023-08-05 12:19,화서1동 푸르지오자이 북문 CU 앞 횡단보도,고정형,2023-12-01,,,
2023,수원시,팔달구청,2023-08-05 13:06,화서1동 수원역푸르지오자이 북문 우측,고정형,2023-12-01,,,
2023,수원시,팔달구청,2023-08-05 13:06,화서1동 수원역푸르지오자이 북문 우측,고정형,2023-12-01,,,
2023,수원시,영통구청,2023-08-05 13:34,영통동 마사회뒷길,고정형,2023-12-01,,,
2023,수원시,팔달구청,2023-08-05 13:39,매산동 역전농협,고정형,2023-12-01,,,
2023,수원시,팔달구청,2023-08-05 13:49,화서1동 푸르지오자이 북문 CU 앞 횡단보도,고정형,2023-12-01,,,
2023,수원시,팔달구청,2023-08-05 14:07,행궁동 팔달문 버스정류장,고정형,2023-12-01,,,
2023,수원시,장안구청,2023-08-05 14:15,상광교동 광교버스정류장종점,고정형,2023-12-01,,,
2023,수원시,팔달구청,2023-08-05 14:16,우만동 우만동 월드컵로366번길,주행형,2023-12-01,,,
2023,수원시,팔달구청,2023-08-05 14:16,우만동 우만동 월드컵로366번길,주행형,2023-12-01,,,
2023,수원시,팔달구청,2023-08-05 14:16,우만동 우만동 월드컵로366번길,주행형,2023-12-01,,,
2023,수원시,팔달구청,2023-08-05 14:16,우만동 우만동 월드컵로366번길,주행형,2023-12-01,,,
2023,수원시,팔달구청,2023-08-05 14:16,우만동 우만동 월드컵로366번길,주행형,2023-12-01,,,
2023,수원시,팔달구청,2023-08-05 14:25,우만동 우만동 월드컵로366번길,주행형,2023-12-01,,,
2023,수원시,팔달구청,2023-08-05 14:25,우만동 우만동 월드컵로366번길,주행형,2023-12-01,,,
2023,수원시,팔달구청,2023-08-05 14:25,우만동 우만동 월드컵로366번길,주행형,2023-12-01,,,
2023,수원시,팔달구청,2023-08-05 14:26,우만동 우만동 월드컵로366번길,주행형,2023-12-01,,,
2023,수원시,팔달구청,2023-08-05 14:32,북수동 쌈지공원 앞,고정형,2023-12-01,,,
2023,수원시,팔달구청,2023-08-05 14:33,매산동 팔달로 10번길 8,고정형,2023-12-01,,,
2023,수원시,권선구청,2023-08-05 14:34,곡반정동 하나로마트한국빌딩앞,고정형,2023-12-01,,,
2023,수원시,팔달구청,2023-08-05 14:35,인계동 경인통계청,고정형,2023-12-01,,,
2023,수원시,팔달구청,2023-08-05 14:41,매산동 팅스몰 주차장 출구 옆,고정형,2023-12-01,,,
2023,수원시,팔달구청,2023-08-05 14:46,인계동 드림캐슬주상복합,고정형,2023-12-01,,,
2023,수원시,권선구청,2023-08-05 14:55,호매실동 금호프라자 대각 맞은편,고정형,2023-12-01,,,
2023,수원시,권선구청,2023-08-05 15:26,매산로1가 수인로9번길,주행형,2023-12-01,,,
2023,수원시,권선구청,2023-08-05 15:26,매산로1가 수인로9번길,주행형,2023-12-01,,,
2023,수원시,권선구청,2023-08-05 15:26,매산로1가 수인로9번길,주행형,2023-12-01,,,
2023,수원시,권선구청,2023-08-05 15:29,매산로1가 수인로9번길,주행형,2023-12-01,,,
2023,수원시,권선구청,2023-08-05 15:30,매산로1가 수인로9번길,주행형,2023-12-01,,,
2023,수원시,팔달구청,2023-08-05 15:38,인계동 한국씨티은행,고정형,2023-12-01,,,
2023,수원시,팔달구청,2023-08-05 15:38,인계동 한국씨티은행,고정형,2023-12-01,,,
2023,수원시,팔달구청,2023-08-05 15:39,인계동 드림캐슬주상복합,고정형,2023-12-01,,,
2023,수원시,영통구청,2023-08-05 15:43,영통동 마사회뒷길,고정형,2023-12-01,,,
2023,수원시,팔달구청,2023-08-05 16:01,매산동 팅스몰 주차장 출구 옆,고정형,2023-12-01,,,
2023,수원시,팔달구청,2023-08-05 16:06,화서1동 수원역푸르지오자이 북문 우측,고정형,2023-12-01,,,
2023,수원시,권선구청,2023-08-05 16:27,평동 수원역고가밑 (애경뒷길),고정형,2023-12-01,,,
2023,수원시,팔달구청,2023-08-05 16:32,우만동 수원시 팔달구 화서동 184-90,보행,2023-12-01,,,
2023,수원시,팔달구청,2023-08-05 16:35,매산동 팔달로 10번길 8,고정형,2023-12-01,,,
2023,수원시,팔달구청,2023-08-05 16:41,화서1동 푸르지오자이 북문 CU 앞 횡단보도,고정형,2023-12-01,,,
2023,수원시,팔달구청,2023-08-05 16:48,화서1동 수원역푸르지오자이 북문 우측,고정형,2023-12-01,,,
2023,수원시,팔달구청,2023-08-05 17:04,매교동 매교동 114-89 횡단보도,국민신문고,2023-12-01,,,
2023,수원시,영통구청,2023-08-05 17:09,망포동 힐스테이트 119동 ~방죽공원 삼거리,고정형,2023-12-01,,,
2023,수원시,팔달구청,2023-08-05 17:10,매산동 팅스몰 주차장 출구 옆,고정형,2023-12-01,,,
2023,수원시,팔달구청,2023-08-05 17:22,화서1동 수원역푸르지오자이 북문 우측,고정형,2023-12-01,,,
2023,수원시,팔달구청,2023-08-05 17:26,북수동 쌈지공원 앞,고정형,2023-12-01,,,
2023,수원시,팔달구청,2023-08-05 17:29,매산동 팅스몰 주차장 출구 옆,고정형,2023-12-01,,,
2023,수원시,권선구청,2023-08-05 17:33,평동 수원역고가밑 (애경뒷길),고정형,2023-12-01,,,
2023,수원시,팔달구청,2023-08-05 18:05,화서1동 푸르지오자이 북문 CU 앞 횡단보도,고정형,2023-12-01,,,
2023,수원시,팔달구청,2023-08-05 18:53,화서1동 수원역푸르지오자이 북문 우측,고정형,2023-12-01,,,
2023,수원시,팔달구청,2023-08-05 19:02,화서1동 푸르지오자이 북문 CU 앞 횡단보도,고정형,2023-12-01,,,
2023,수원시,팔달구청,2023-08-05 19:08,매산동 팅스몰 주차장 출구 옆,고정형,2023-12-01,,,
2023,수원시,팔달구청,2023-08-05 19:21,화서1동 수원역푸르지오자이 북문 우측,고정형,2023-12-01,,,
2023,수원시,팔달구청,2023-08-05 19:26,매산동 팅스몰 주차장 출구 옆,고정형,2023-12-01,,,
2023,수원시,팔달구청,2023-08-05 19:28,매산동 팅스몰 주차장 출구 옆,고정형,2023-12-01,,,
2023,수원시,팔달구청,2023-08-05 19:35,인계동 드림캐슬주상복합,고정형,2023-12-01,,,
2023,수원시,팔달구청,2023-08-05 19:36,화서1동 푸르지오자이 북문 CU 앞 횡단보도,고정형,2023-12-01,,,
2023,수원시,팔달구청,2023-08-05 19:36,화서1동 푸르지오자이 북문 CU 앞 횡단보도,고정형,2023-12-01,,,
2023,수원시,팔달구청,2023-08-05 19:49,화서1동 수원역푸르지오자이 북문 우측,고정형,2023-12-01,,,
2023,수원시,권선구청,2023-08-05 20:41,곡반정동 196-7,국민신문고,2023-12-01,,,
2023,수원시,장안구청,2023-08-05 21:02,연무동 연무동242-5,국민신문고,2023-12-01,,,
2023,수원시,팔달구청,2023-08-05 21:30,매교동 매교동 122-38 소화전,국민신문고,2023-12-01,,,
2023,수원시,팔달구청,2023-08-05 21:32,매교동 매교동 91-25 횡단보도,국민신문고,2023-12-01,,,
2023,수원시,팔달구청,2023-08-05 21:33,매교동 매교동 91-19 교차로모퉁이,국민신문고,2023-12-01,,,
2023,수원시,팔달구청,2023-08-05 21:33,매교동 매교동 120-6 소화전,국민신문고,2023-12-01,,,
2023,수원시,권선구청,2023-08-05 21:33,곡반정동 562-2,국민신문고,2023-12-01,,,
2023,수원시,팔달구청,2023-08-05 21:35,매교동 매교동 88-18 소화전,국민신문고,2023-12-01,,,
2023,수원시,권선구청,2023-08-06 9:02,곡반정동 하나로마트한국빌딩앞,고정형,2023-12-01,,,
2023,수원시,팔달구청,2023-08-06 9:03,화서1동 수원역푸르지오자이 북문 우측,고정형,2023-12-01,,,
2023,수원시,팔달구청,2023-08-06 9:03,화서1동 수원역푸르지오자이 북문 우측,고정형,2023-12-01,,,
2023,수원시,권선구청,2023-08-06 9:03,권선동 권선동 한라비발디앞 놀이터,고정형,2023-12-01,,,
2023,수원시,권선구청,2023-08-06 9:03,권선동 권선동 한라비발디앞 놀이터,고정형,2023-12-01,,,
2023,수원시,팔달구청,2023-08-06 9:03,화서1동 푸르지오자이 북문 CU 앞 횡단보도,고정형,2023-12-01,,,
2023,수원시,팔달구청,2023-08-06 9:04,매산동 팅스몰 주차장 출구 옆,고정형,2023-12-01,,,
2023,수원시,팔달구청,2023-08-06 9:05,매산동 팅스몰 주차장 출구 옆,고정형,2023-12-01,,,
2023,수원시,권선구청,2023-08-06 9:05,곡반정동 하나로마트한국빌딩앞,고정형,2023-12-01,,,
2023,수원시,권선구청,2023-08-06 9:05,곡반정동 하나로마트한국빌딩앞,고정형,2023-12-01,,,
2023,수원시,권선구청,2023-08-06 9:05,서둔동 가온팰리스옆2,고정형,2023-12-01,,,
2023,수원시,권선구청,2023-08-06 9:05,곡반정동 하나로마트한국빌딩앞,고정형,2023-12-01,,,
2023,수원시,권선구청,2023-08-06 9:06,곡반정동 하나로마트한국빌딩앞,고정형,2023-12-01,,,
2023,수원시,팔달구청,2023-08-06 9:09,인계동 한국씨티은행,고정형,2023-12-01,,,
2023,수원시,팔달구청,2023-08-06 9:09,인계동 한국씨티은행,고정형,2023-12-01,,,
2023,수원시,팔달구청,2023-08-06 9:09,화서동 수원역푸르지오자이 북문 우측,고정형,2023-12-01,,,
2023,수원시,권선구청,2023-08-06 9:10,서둔동 가온팰리스옆2,고정형,2023-12-01,,,
2023,수원시,영통구청,2023-08-06 9:22,이의동 광교가재울마을사거리,고정형,2023-12-01,,,
2023,수원시,권선구청,2023-08-06 9:22,평동 수원역고가밑 (애경뒷길),고정형,2023-12-01,,,
2023,수원시,팔달구청,2023-08-06 9:59,인계동 한국씨티은행,고정형,2023-12-01,,,
2023,수원시,팔달구청,2023-08-06 10:01,매산동 팅스몰 주차장 출구 옆,고정형,2023-12-01,,,
2023,수원시,권선구청,2023-08-06 10:31,서둔동 가온팰리스옆1,고정형,2023-12-01,,,
2023,수원시,팔달구청,2023-08-06 10:48,행궁동 팔달문 버스정류장,고정형,2023-12-01,,,
2023,수원시,팔달구청,2023-08-06 10:50,화서1동 수원역푸르지오자이 북문 우측,고정형,2023-12-01,,,
2023,수원시,영통구청,2023-08-06 11:17,광교동 광교이의119안전센터,고정형,2023-12-01,,,
2023,수원시,팔달구청,2023-08-06 11:24,행궁동 팔달문 버스정류장,고정형,2023-12-01,,,
2023,수원시,영통구청,2023-08-06 11:37,영통동 롯데마트 뒤,고정형,2023-12-01,37.27220279535416,127.10856729001851,
2023,수원시,팔달구청,2023-08-06 11:41,매산동 역전농협,고정형,2023-12-01,,,
2023,수원시,팔달구청,2023-08-06 11:57,매산동 역전농협,고정형,2023-12-01,,,
2023,수원시,팔달구청,2023-08-06 12:41,화서1동 푸르지오자이 북문 CU 앞 횡단보도,고정형,2023-12-01,,,
2023,수원시,권선구청,2023-08-06 13:08,권선동 NC터미널점 버스정류장 앞,고정형,2023-12-01,,,
2023,수원시,팔달구청,2023-08-06 13:27,행궁동 팔달문 버스정류장,고정형,2023-12-01,,,
2023,수원시,영통구청,2023-08-06 13:27,영통구 20230806 1327,국민신문고,2023-12-01,,,
2023,수원시,영통구청,2023-08-06 14:16,영통동 롯데마트 뒤,고정형,2023-12-01,37.27220279535416,127.10856729001851,
2023,수원시,영통구청,2023-08-06 14:18,영통동 마사회뒷길,고정형,2023-12-01,,,
2023,수원시,팔달구청,2023-08-06 14:32,매산동 팅스몰 주차장 출구 옆,고정형,2023-12-01,,,
2023,수원시,팔달구청,2023-08-06 14:33,매산동 팅스몰 주차장 출구 옆,고정형,2023-12-01,,,
2023,수원시,팔달구청,2023-08-06 14:33,매산동 팅스몰 주차장 출구 옆,고정형,2023-12-01,,,
2023,수원시,팔달구청,2023-08-06 14:34,매산동 팅스몰 주차장 출구 옆,고정형,2023-12-01,,,
2023,수원시,권선구청,2023-08-06 14:34,곡반정동 하나로마트한국빌딩앞,고정형,2023-12-01,,,
2023,수원시,권선구청,2023-08-06 14:40,서둔동 가온팰리스옆2,고정형,2023-12-01,,,
2023,수원시,팔달구청,2023-08-06 14:41,인계동 경인통계청,고정형,2023-12-01,,,
2023,수원시,팔달구청,2023-08-06 14:43,인계동 경인통계청,고정형,2023-12-01,,,
2023,수원시,팔달구청,2023-08-06 14:43,인계동 경인통계청,고정형,2023-12-01,,,
2023,수원시,권선구청,2023-08-06 14:44,서둔동 가온팰리스옆2,고정형,2023-12-01,,,
2023,수원시,권선구청,2023-08-06 14:44,서둔동 가온팰리스옆2,고정형,2023-12-01,,,
2023,수원시,영통구청,2023-08-06 14:51,이의동 드림스퀘어Ⅱ 앞,고정형,2023-12-01,,,
2023,수원시,팔달구청,2023-08-06 14:55,인계동 한국씨티은행,고정형,2023-12-01,,,
2023,수원시,팔달구청,2023-08-06 15:01,행궁동 화홍사랑채,고정형,2023-12-01,,,
2023,수원시,팔달구청,2023-08-06 15:10,인계동 경인통계청,고정형,2023-12-01,,,
2023,수원시,팔달구청,2023-08-06 15:11,화서1동 수원역푸르지오자이 북문 우측,고정형,2023-12-01,,,
2023,수원시,권선구청,2023-08-06 15:17,서둔동 수원역한라비발디퍼스트 앞2,고정형,2023-12-01,,,
2023,수원시,팔달구청,2023-08-06 15:31,인계동 한국씨티은행,고정형,2023-12-01,,,
2023,수원시,팔달구청,2023-08-06 15:50,행궁동 화홍사랑채,고정형,2023-12-01,,,
2023,수원시,팔달구청,2023-08-06 15:54,매산동 팅스몰 주차장 출구 옆,고정형,2023-12-01,,,
2023,수원시,팔달구청,2023-08-06 15:54,매산동 팅스몰 주차장 출구 옆,고정형,2023-12-01,,,
2023,수원시,팔달구청,2023-08-06 16:15,매산동 팔달로 10번길 8,고정형,2023-12-01,,,
2023,수원시,권선구청,2023-08-06 16:17,서둔동 가온팰리스옆2,고정형,2023-12-01,,,
2023,수원시,팔달구청,2023-08-06 16:27,매산동 팅스몰 주차장 출구 옆,고정형,2023-12-01,,,
2023,수원시,영통구청,2023-08-06 16:30,원천동 광교에일린의뜰 북측,고정형,2023-12-01,,,
2023,수원시,권선구청,2023-08-06 16:31,곡반정동 궁촌육교앞,고정형,2023-12-01,,,
2023,수원시,권선구청,2023-08-06 16:41,곡반정동 하나로마트한국빌딩앞,고정형,2023-12-01,,,
2023,수원시,권선구청,2023-08-06 16:42,곡선동 권선중앙약국 건너편,고정형,2023-12-01,,,
2023,수원시,팔달구청,2023-08-06 17:02,매산동 팅스몰 주차장 출구 옆,고정형,2023-12-01,,,
2023,수원시,팔달구청,2023-08-06 17:02,매교동 매교동 122-38 소화전,국민신문고,2023-12-01,,,
2023,수원시,팔달구청,2023-08-06 17:02,매교동 매교동 122-38 소화전,국민신문고,2023-12-01,,,
2023,수원시,팔달구청,2023-08-06 17:14,인계동 경인통계청,고정형,2023-12-01,,,
2023,수원시,팔달구청,2023-08-06 17:51,인계동 드림캐슬주상복합,고정형,2023-12-01,,,
2023,수원시,팔달구청,2023-08-06 18:00,매산동 팅스몰 주차장 출구 옆,고정형,2023-12-01,,,
2023,수원시,팔달구청,2023-08-06 18:26,매산동 팅스몰 주차장 출구 옆,고정형,2023-12-01,,,
2023,수원시,장안구청,2023-08-06 18:26,영화동 영화동258-59,국민신문고,2023-12-01,,,
2023,수원시,팔달구청,2023-08-06 18:38,매산동 팅스몰 주차장 출구 옆,고정형,2023-12-01,,,
2023,수원시,팔달구청,2023-08-06 18:39,매산동 팅스몰 주차장 출구 옆,고정형,2023-12-01,,,
2023,수원시,팔달구청,2023-08-06 19:21,매산동 팔달로 10번길 8,고정형,2023-12-01,,,
2023,수원시,팔달구청,2023-08-06 19:36,매산동 역전농협,고정형,2023-12-01,,,
2023,수원시,팔달구청,2023-08-06 20:09,매산동 팅스몰 주차장 출구 옆,고정형,2023-12-01,,,
2023,수원시,팔달구청,2023-08-06 20:36,매산동 팅스몰 주차장 출구 옆,고정형,2023-12-01,,,
2023,수원시,권선구청,2023-08-07 5:38,곡반정동 156-14,국민신문고,2023-12-01,,,
2023,수원시,팔달구청,2023-08-07 7:02,화서1동 수원역푸르지오자이 북문 우측,고정형,2023-12-01,,,
2023,수원시,팔달구청,2023-08-07 7:05,고등동 푸르지오자이 북문 CU 앞 횡단보도,고정형,2023-12-01,,,
2023,수원시,영통구청,2023-08-07 7:43,이의동 드림스퀘어Ⅱ 앞,고정형,2023-12-01,,,
2023,수원시,팔달구청,2023-08-07 7:55,행궁동 화홍사랑채,고정형,2023-12-01,,,
2023,수원시,영통구청,2023-08-07 8:03,원천동 신원로284번길,주행형,2023-12-01,,,
2023,수원시,영통구청,2023-08-07 8:03,원천동 신원로284번길,주행형,2023-12-01,,,
2023,수원시,권선구청,2023-08-07 8:03,서둔동 가온팰리스옆2,고정형,2023-12-01,,,
2023,수원시,권선구청,2023-08-07 8:03,서둔동 가온팰리스옆2,고정형,2023-12-01,,,
2023,수원시,권선구청,2023-08-07 8:04,서둔동 가온팰리스옆2,고정형,2023-12-01,,,
2023,수원시,권선구청,2023-08-07 8:05,곡반정동 하나로마트한국빌딩앞,고정형,2023-12-01,,,
2023,수원시,권선구청,2023-08-07 8:06,곡반정동 하나로마트한국빌딩앞,고정형,2023-12-01,,,
2023,수원시,권선구청,2023-08-07 8:06,곡반정동 하나로마트한국빌딩앞,고정형,2023-12-01,,,
2023,수원시,권선구청,2023-08-07 8:11,평동 오목초교 정문 우측 삼거리,고정형,2023-12-01,,,
2023,수원시,권선구청,2023-08-07 8:25,평동 오목초교 정문 우측 삼거리,고정형,2023-12-01,,,
2023,수원시,영통구청,2023-08-07 8:50,이의동 드림스퀘어Ⅱ 앞,고정형,2023-12-01,,,
2023,수원시,영통구청,2023-08-07 9:27,이의동 드림스퀘어Ⅱ 앞,고정형,2023-12-01,,,
2023,수원시,팔달구청,2023-08-07 9:34,매산동 팅스몰 주차장 출구 옆,고정형,2023-12-01,,,
2023,수원시,권선구청,2023-08-07 9:50,경기도수원시권선구평동 수원시 권선구 평동 2-113,보행,2023-12-01,,,
2023,수원시,팔달구청,2023-08-07 10:24,인계동 드림캐슬주상복합,고정형,2023-12-01,,,
2023,수원시,팔달구청,2023-08-07 10:24,인계동 드림캐슬주상복합,고정형,2023-12-01,,,
2023,수원시,영통구청,2023-08-07 10:27,경기도수원시영통구망포동 수원시 영통구 망포동 58,보행,2023-12-01,,,
2023,수원시,팔달구청,2023-08-07 10:39,매산동 팅스몰 주차장 출구 옆,고정형,2023-12-01,,,
2023,수원시,팔달구청,2023-08-07 10:39,매산동 팅스몰 주차장 출구 옆,고정형,2023-12-01,,,
2023,수원시,팔달구청,2023-08-07 10:53,경기도수원시팔달구우만동 수원시 팔달구 우만동 144-22,보행,2023-12-01,,,
2023,수원시,팔달구청,2023-08-07 10:54,경기도수원시팔달구우만동 수원시 팔달구 우만동 144-22,보행,2023-12-01,,,
2023,수원시,팔달구청,2023-08-07 10:55,경기도수원시팔달구우만동 수원시 팔달구 우만동 144-4,보행,2023-12-01,,,
2023,수원시,팔달구청,2023-08-07 10:55,경기도수원시팔달구우만동 수원시 팔달구 우만동 144-4,보행,2023-12-01,,,
2023,수원시,권선구청,2023-08-07 11:02,입북동 당수초교 정문 우측 사거리,고정형,2023-12-01,,,
2023,수원시,영통구청,2023-08-07 11:03,영통동 롯데마트 뒤,고정형,2023-12-01,37.27220279535416,127.10856729001851,
2023,수원시,팔달구청,2023-08-07 12:14,매산동 역전농협,고정형,2023-12-01,,,
2023,수원시,팔달구청,2023-08-07 12:21,화서1동 푸르지오자이 북문 CU 앞 횡단보도,고정형,2023-12-01,,,
2023,수원시,팔달구청,2023-08-07 12:59,화서동 수원역푸르지오자이 북문 우측,고정형,2023-12-01,,,
2023,수원시,팔달구청,2023-08-07 14:16,고등동 고등동 팔달로 105,주행형,2023-12-01,,,
2023,수원시,팔달구청,2023-08-07 14:21,남수동 남수동 정조로800번길,주행형,2023-12-01,,,
2023,수원시,팔달구청,2023-08-07 14:25,영동 영동 수원천로275,주행형,2023-12-01,,,
2023,수원시,팔달구청,2023-08-07 14:29,인계동 인계동 권광로303번길,주행형,2023-12-01,,,
2023,수원시,팔달구청,2023-08-07 14:35,인계동 드림캐슬주상복합,고정형,2023-12-01,,,
2023,수원시,권선구청,2023-08-07 14:36,평동 오목초교 정문 우측 삼거리,고정형,2023-12-01,,,
2023,수원시,팔달구청,2023-08-07 14:41,인계동 드림캐슬주상복합,고정형,2023-12-01,,,
2023,수원시,권선구청,2023-08-07 15:05,입북동 당수초교 정문 우측 사거리,고정형,2023-12-01,,,
2023,수원시,영통구청,2023-08-07 15:05,광교동 광교더사랑교회뒷길,고정형,2023-12-01,,,
2023,수원시,팔달구청,2023-08-07 15:05,인계동 인계동 수원천로 225-1,주행형,2023-12-01,,,
2023,수원시,팔달구청,2023-08-07 15:05,인계동 인계동 수원천로 225-1,주행형,2023-12-01,,,
2023,수원시,팔달구청,2023-08-07 15:05,인계동 인계동 수원천로 225-1,주행형,2023-12-01,,,
2023,수원시,팔달구청,2023-08-07 15:05,인계동 인계동 수원천로 225-1,주행형,2023-12-01,,,
2023,수원시,팔달구청,2023-08-07 15:05,인계동 인계동 수원천로 225-1,주행형,2023-12-01,,,
2023,수원시,권선구청,2023-08-07 15:11,금곡동 금곡로222번길,주행형,2023-12-01,,,
2023,수원시,권선구청,2023-08-07 15:11,금곡동 금곡로222번길,주행형,2023-12-01,,,
2023,수원시,권선구청,2023-08-07 15:11,금곡동 금곡로222번길,주행형,2023-12-01,,,
2023,수원시,권선구청,2023-08-07 15:11,금곡동 금곡로222번길,주행형,2023-12-01,,,
2023,수원시,영통구청,2023-08-07 15:19,이의동 드림스퀘어Ⅱ 앞,고정형,2023-12-01,,,
2023,수원시,팔달구청,2023-08-07 15:28,매산동 역전농협,고정형,2023-12-01,,,
2023,수원시,팔달구청,2023-08-07 15:30,매산동 팅스몰 주차장 출구 옆,고정형,2023-12-01,,,
2023,수원시,팔달구청,2023-08-07 15:42,인계동 한국씨티은행,고정형,2023-12-01,,,
2023,수원시,팔달구청,2023-08-07 15:45,매산동 역전농협,고정형,2023-12-01,,,
2023,수원시,권선구청,2023-08-07 15:51,권선2동 곡정초교 정문 좌측 사거리,고정형,2023-12-01,,,
2023,수원시,장안구청,2023-08-07 16:00,경기도수원시장안구영화동 수원시 장안구 영화동 105,보행,2023-12-01,,,
2023,수원시,권선구청,2023-08-07 16:02,서둔동 가온팰리스옆2,고정형,2023-12-01,,,
2023,수원시,팔달구청,2023-08-07 16:11,인계동 드림캐슬주상복합,고정형,2023-12-01,,,
2023,수원시,팔달구청,2023-08-07 16:30,매산동 팅스몰 주차장 출구 옆,고정형,2023-12-01,,,
2023,수원시,팔달구청,2023-08-07 16:37,인계동 한국씨티은행,고정형,2023-12-01,,,
2023,수원시,팔달구청,2023-08-07 16:37,인계동 한국씨티은행,고정형,2023-12-01,,,
2023,수원시,권선구청,2023-08-07 16:39,입북동 당수초교 정문 우측 사거리,고정형,2023-12-01,,,
2023,수원시,권선구청,2023-08-07 16:39,입북동 당수초교 정문 우측 사거리,고정형,2023-12-01,,,
2023,수원시,팔달구청,2023-08-07 16:41,매산동 팅스몰 주차장 출구 옆,고정형,2023-12-01,,,
2023,수원시,영통구청,2023-08-07 17:17,광교동 광교웰빙타운한양수자인,고정형,2023-12-01,,,
2023,수원시,영통구청,2023-08-07 17:17,광교동 광교웰빙타운한양수자인,고정형,2023-12-01,,,
2023,수원시,팔달구청,2023-08-07 17:53,인계동 드림캐슬주상복합,고정형,2023-12-01,,,
2023,수원시,팔달구청,2023-08-07 18:28,인계동 드림캐슬주상복합,고정형,2023-12-01,,,
2023,수원시,팔달구청,2023-08-07 18:28,인계동 드림캐슬주상복합,고정형,2023-12-01,,,
2023,수원시,팔달구청,2023-08-07 18:32,화서1동 수원역푸르지오자이 북문 우측,고정형,2023-12-01,,,
2023,수원시,팔달구청,2023-08-07 18:57,매산동 팅스몰 주차장 출구 옆,고정형,2023-12-01,,,
2023,수원시,영통구청,2023-08-07 19:20,이의동 광교가재울마을사거리,고정형,2023-12-01,,,
2023,수원시,영통구청,2023-08-07 19:20,이의동 광교가재울마을사거리,고정형,2023-12-01,,,
2023,수원시,팔달구청,2023-08-07 19:31,매산동 팅스몰 주차장 출구 옆,고정형,2023-12-01,,,
2023,수원시,팔달구청,2023-08-07 19:42,경기도수원시팔달구인계동 수원시 팔달구 인계동 155-1,보행,2023-12-01,,,
2023,수원시,팔달구청,2023-08-07 20:03,매산동 팔달로 10번길 8,고정형,2023-12-01,,,
2023,수원시,팔달구청,2023-08-07 20:04,화서1동 수원역푸르지오자이 북문 우측,고정형,2023-12-01,,,
2023,수원시,팔달구청,2023-08-07 20:04,화서1동 수원역푸르지오자이 북문 우측,고정형,2023-12-01,,,
2023,수원시,팔달구청,2023-08-07 20:24,매교동 매교동 91-19 횡단보도,국민신문고,2023-12-01,,,
2023,수원시,팔달구청,2023-08-07 20:26,매교동 매교동 91-25 횡단보도,국민신문고,2023-12-01,,,
2023,수원시,팔달구청,2023-08-07 20:34,매산동 팅스몰 주차장 출구 옆,고정형,2023-12-01,,,
2023,수원시,팔달구청,2023-08-07 21:11,매산동 역전농협,고정형,2023-12-01,,,
2023,수원시,팔달구청,2023-08-07 21:38,고등동 고등동 267-39 횡단보도,주민신고제,2023-12-01,,,
2023,수원시,팔달구청,2023-08-07 21:45,매산동 역전농협,고정형,2023-12-01,,,
2023,수원시,팔달구청,2023-08-07 22:22,매교동 매교동 118-23 소화전,국민신문고,2023-12-01,,,
2023,수원시,팔달구청,2023-08-07 22:24,매교동 매교동 91-25 횡단보도,국민신문고,2023-12-01,,,
2023,수원시,권선구청,2023-08-07 23:22,곡반정동 156-7,국민신문고,2023-12-01,,,
2023,수원시,권선구청,2023-08-08 5:40,곡반정동 562-2,국민신문고,2023-12-01,,,
2023,수원시,영통구청,2023-08-08 7:08,광교동 광교 덴티움지식산업센터 앞 사거리,고정형,2023-12-01,,,
2023,수원시,팔달구청,2023-08-08 7:34,인계동 경인통계청,고정형,2023-12-01,,,
2023,수원시,팔달구청,2023-08-08 7:34,인계동 경인통계청,고정형,2023-12-01,,,
2023,수원시,팔달구청,2023-08-08 7:34,매산동 팅스몰 주차장 출구 옆,고정형,2023-12-01,,,
2023,수원시,권선구청,2023-08-08 8:02,곡반정동 하나로마트한국빌딩앞,고정형,2023-12-01,,,
2023,수원시,권선구청,2023-08-08 8:26,입북동 당수초교 정문 우측 사거리,고정형,2023-12-01,,,
2023,수원시,장안구청,2023-08-08 8:39,영화동 영화동340,국민신문고,2023-12-01,,,
2023,수원시,권선구청,2023-08-08 8:47,서둔동 가온팰리스옆2,고정형,2023-12-01,,,
2023,수원시,권선구청,2023-08-08 9:00,서둔동 가온팰리스옆2,고정형,2023-12-01,,,
2023,수원시,권선구청,2023-08-08 9:06,권선2동 곡정초교 정문 좌측 사거리,고정형,2023-12-01,,,
2023,수원시,권선구청,2023-08-08 9:16,권선2동 곡정초교 정문 좌측 사거리,고정형,2023-12-01,,,
2023,수원시,팔달구청,2023-08-08 9:18,신풍동 미술관로터리,고정형,2023-12-01,,,
2023,수원시,팔달구청,2023-08-08 9:39,인계동 드림캐슬주상복합,고정형,2023-12-01,,,
2023,수원시,권선구청,2023-08-08 9:48,권선동 NC터미널점 버스정류장 앞,고정형,2023-12-01,,,
2023,수원시,영통구청,2023-08-08 10:05,이의동 드림스퀘어Ⅱ 앞,고정형,2023-12-01,,,
2023,수원시,영통구청,2023-08-08 11:58,이의동 광교가재울마을사거리,고정형,2023-12-01,,,
2023,수원시,영통구청,2023-08-08 11:58,이의동 광교가재울마을사거리,고정형,2023-12-01,,,
2023,수원시,팔달구청,2023-08-08 12:14,고등동 우만초등학교 정문 앞 삼거리,고정형,2023-12-01,,,
2023,수원시,권선구청,2023-08-08 12:38,입북동 당수초교 정문 우측 사거리,고정형,2023-12-01,,,
2023,수원시,팔달구청,2023-08-08 13:52,행궁동 팔달문 버스정류장,고정형,2023-12-01,,,
2023,수원시,팔달구청,2023-08-08 14:18,영동 영동 수원천로275,주행형,2023-12-01,,,
2023,수원시,팔달구청,2023-08-08 14:24,인계동 인계동 수원천로 225-1,주행형,2023-12-01,,,
2023,수원시,팔달구청,2023-08-08 14:24,인계동 인계동 수원천로 225-1,주행형,2023-12-01,,,
2023,수원시,팔달구청,2023-08-08 14:24,인계동 인계동 수원천로 225-1,주행형,2023-12-01,,,
2023,수원시,팔달구청,2023-08-08 14:24,인계동 수원시 팔달구 고등동 187,보행,2023-12-01,,,
2023,수원시,팔달구청,2023-08-08 14:24,인계동 수원시 팔달구 고등동 187,보행,2023-12-01,,,
2023,수원시,영통구청,2023-08-08 14:31,경기도수원시영통구망포동 수원시 영통구 망포동 573,보행,2023-12-01,,,
2023,수원시,권선구청,2023-08-08 14:34,서둔동 수원역한라비발디퍼스트 앞1,고정형,2023-12-01,,,
2023,수원시,권선구청,2023-08-08 14:36,서둔동 가온팰리스옆2,고정형,2023-12-01,,,
2023,수원시,팔달구청,2023-08-08 14:38,인계동 드림캐슬주상복합,고정형,2023-12-01,,,
2023,수원시,팔달구청,2023-08-08 14:40,매산동 팔달로 10번길 8,고정형,2023-12-01,,,
2023,수원시,팔달구청,2023-08-08 14:42,매산동 팅스몰 주차장 출구 옆,고정형,2023-12-01,,,
2023,수원시,팔달구청,2023-08-08 14:42,인계동 드림캐슬주상복합,고정형,2023-12-01,,,
2023,수원시,팔달구청,2023-08-08 14:46,장안동 장안동 화서문로17번길,주행형,2023-12-01,,,
2023,수원시,팔달구청,2023-08-08 14:46,장안동 장안동 화서문로17번길,주행형,2023-12-01,,,
2023,수원시,팔달구청,2023-08-08 14:46,장안동 장안동 화서문로17번길,주행형,2023-12-01,,,
2023,수원시,팔달구청,2023-08-08 14:46,장안동 장안동 화서문로17번길,주행형,2023-12-01,,,
2023,수원시,팔달구청,2023-08-08 14:46,신풍동 신풍동 화서문로16번길,주행형,2023-12-01,,,
2023,수원시,영통구청,2023-08-08 14:51,경기도수원시영통구영통동 수원시 영통구 영통동 980,보행,2023-12-01,,,
2023,수원시,영통구청,2023-08-08 14:52,이의동 드림스퀘어Ⅱ 앞,고정형,2023-12-01,,,
2023,수원시,팔달구청,2023-08-08 14:58,매산동 팅스몰 주차장 출구 옆,고정형,2023-12-01,,,
2023,수원시,팔달구청,2023-08-08 15:02,화서1동 수원역푸르지오자이 북문 우측,고정형,2023-12-01,,,
2023,수원시,권선구청,2023-08-08 15:08,서둔동 가온팰리스옆2,고정형,2023-12-01,,,
2023,수원시,권선구청,2023-08-08 15:10,입북동 당수초교 정문 우측 사거리,고정형,2023-12-01,,,
2023,수원시,팔달구청,2023-08-08 15:12,매산동 팅스몰 주차장 출구 옆,고정형,2023-12-01,,,
2023,수원시,권선구청,2023-08-08 15:19,구운동 일월공원 앞. 주행형,보행,2023-12-01,,,
2023,수원시,권선구청,2023-08-08 15:29,서둔동 가온팰리스옆2,고정형,2023-12-01,,,
2023,수원시,권선구청,2023-08-08 15:29,서둔동 가온팰리스옆2,고정형,2023-12-01,,,
2023,수원시,권선구청,2023-08-08 15:29,서둔동 가온팰리스옆2,고정형,2023-12-01,,,
2023,수원시,팔달구청,2023-08-08 15:37,남수동 남수동 정조로800번길,주행형,2023-12-01,,,
2023,수원시,팔달구청,2023-08-08 15:46,매산동 팅스몰 주차장 출구 옆,고정형,2023-12-01,,,
2023,수원시,팔달구청,2023-08-08 16:04,인계동 경인통계청,고정형,2023-12-01,,,
2023,수원시,팔달구청,2023-08-08 16:43,매산동 팅스몰 주차장 출구 옆,고정형,2023-12-01,,,
2023,수원시,권선구청,2023-08-08 16:43,곡반정동 하나로마트한국빌딩앞,고정형,2023-12-01,,,
2023,수원시,팔달구청,2023-08-08 16:52,인계동 드림캐슬주상복합,고정형,2023-12-01,,,
2023,수원시,권선구청,2023-08-08 16:53,곡반정동 하나로마트한국빌딩앞,고정형,2023-12-01,,,
2023,수원시,팔달구청,2023-08-08 16:58,매산동 팅스몰 주차장 출구 옆,고정형,2023-12-01,,,
2023,수원시,팔달구청,2023-08-08 16:58,인계동 드림캐슬주상복합,고정형,2023-12-01,,,
2023,수원시,팔달구청,2023-08-08 17:37,화서1동 수원역푸르지오자이 북문 우측,고정형,2023-12-01,,,
2023,수원시,팔달구청,2023-08-08 17:45,화서1동 푸르지오자이 북문 CU 앞 횡단보도,고정형,2023-12-01,,,
2023,수원시,영통구청,2023-08-08 18:09,영통구 영통동 1506,국민신문고,2023-12-01,,,
2023,수원시,팔달구청,2023-08-08 20:21,경기도수원시팔달구매산로2가 수원시 팔달구 갓매산로71번길24,보행,2023-12-01,,,
2023,수원시,권선구청,2023-08-09 6:33,서둔동 1175 소화전,국민신문고,2023-12-01,,,
2023,수원시,팔달구청,2023-08-09 7:03,화서1동 푸르지오자이 북문 CU 앞 횡단보도,고정형,2023-12-01,,,
2023,수원시,팔달구청,2023-08-09 7:03,화서동 푸르지오자이 북문 CU 앞 횡단보도,고정형,2023-12-01,,,
2023,수원시,팔달구청,2023-08-09 7:07,화서1동 수원역푸르지오자이 북문 우측,고정형,2023-12-01,,,
2023,수원시,영통구청,2023-08-09 7:15,이의동 드림스퀘어Ⅱ 앞,고정형,2023-12-01,,,
2023,수원시,영통구청,2023-08-09 7:21,이의동 드림스퀘어Ⅱ 앞,고정형,2023-12-01,,,
2023,수원시,팔달구청,2023-08-09 7:35,인계동 경인통계청,고정형,2023-12-01,,,
2023,수원시,팔달구청,2023-08-09 7:49,화서1동 수원역푸르지오자이 북문 우측,고정형,2023-12-01,,,
2023,수원시,권선구청,2023-08-09 8:03,서둔동 가온팰리스옆2,고정형,2023-12-01,,,
2023,수원시,권선구청,2023-08-09 8:03,서둔동 가온팰리스옆2,고정형,2023-12-01,,,
2023,수원시,팔달구청,2023-08-09 8:03,매산동 팅스몰 주차장 출구 옆,고정형,2023-12-01,,,
2023,수원시,권선구청,2023-08-09 8:05,곡반정동 하나로마트한국빌딩앞,고정형,2023-12-01,,,
2023,수원시,권선구청,2023-08-09 8:06,곡반정동 하나로마트한국빌딩앞,고정형,2023-12-01,,,
2023,수원시,팔달구청,2023-08-09 8:16,북수동 쌈지공원 앞,고정형,2023-12-01,,,
2023,수원시,팔달구청,2023-08-09 8:19,화서동 수원시 팔달구 고등동 69-15,보행,2023-12-01,,,
2023,수원시,팔달구청,2023-08-09 8:19,화서동 수원시 팔달구 고등동 69-15,보행,2023-12-01,,,
2023,수원시,영통구청,2023-08-09 8:24,광교동 광교이의119안전센터,고정형,2023-12-01,,,
2023,수원시,영통구청,2023-08-09 8:40,이의동 도청예정부지,고정형,2023-12-01,,,
2023,수원시,권선구청,2023-08-09 8:44,서둔동 서둔로256번길,주행형,2023-12-01,,,
2023,수원시,권선구청,2023-08-09 8:44,서둔동 서둔로256번길,주행형,2023-12-01,,,
2023,수원시,영통구청,2023-08-09 9:15,광교동 광교이의119안전센터,고정형,2023-12-01,,,
2023,수원시,팔달구청,2023-08-09 9:34,북수동 쌈지공원 앞,고정형,2023-12-01,,,
2023,수원시,권선구청,2023-08-09 9:54,서둔동 가온팰리스옆2,고정형,2023-12-01,,,
2023,수원시,팔달구청,2023-08-09 9:55,매교동 매교동 287-78 횡단보도,국민신문고,2023-12-01,,,
2023,수원시,팔달구청,2023-08-09 10:13,경기도수원시팔달구인계동 수원시 팔달구 인계동 158-13,보행,2023-12-01,,,
2023,수원시,팔달구청,2023-08-09 10:24,매산동 팅스몰 주차장 출구 옆,고정형,2023-12-01,,,
2023,수원시,권선구청,2023-08-09 10:34,서둔동 수원역한라비발디퍼스트 앞1,고정형,2023-12-01,,,
2023,수원시,영통구청,2023-08-09 11:10,광교동 광교이의119안전센터,고정형,2023-12-01,,,
2023,수원시,팔달구청,2023-08-09 11:10,화서1동 수원역푸르지오자이 북문 우측,고정형,2023-12-01,,,
2023,수원시,팔달구청,2023-08-09 12:03,화서1동 수원역푸르지오자이 북문 우측,고정형,2023-12-01,,,
2023,수원시,권선구청,2023-08-09 12:16,입북동 당수초교 정문 우측 사거리,고정형,2023-12-01,,,
2023,수원시,영통구청,2023-08-09 13:10,광교동 광교이의119안전센터,고정형,2023-12-01,,,
2023,수원시,장안구청,2023-08-09 13:21,연무동 연무동 242-6,국민신문고,2023-12-01,,,
2023,수원시,팔달구청,2023-08-09 13:38,고등동 고등동 180-169 인도,국민신문고,2023-12-01,,,
2023,수원시,팔달구청,2023-08-09 13:38,고등동 고등동 180-169 인도,국민신문고,2023-12-01,,,
2023,수원시,팔달구청,2023-08-09 13:39,고등동 고등동 180-169 인도,국민신문고,2023-12-01,,,
2023,수원시,영통구청,2023-08-09 14:33,광교동 광교 덴티움지식산업센터 앞 사거리,고정형,2023-12-01,,,
2023,수원시,권선구청,2023-08-09 14:39,평동 자동차매매센터2,고정형,2023-12-01,,,
2023,수원시,팔달구청,2023-08-09 14:42,매산동 팔달로 10번길 8,고정형,2023-12-01,,,
2023,수원시,팔달구청,2023-08-09 14:45,인계동 한국씨티은행,고정형,2023-12-01,,,
2023,수원시,권선구청,2023-08-09 14:48,서둔동 가온팰리스옆2,고정형,2023-12-01,,,
2023,수원시,팔달구청,2023-08-09 15:02,남수동 남수동 정조로800번길,주행형,2023-12-01,,,
2023,수원시,팔달구청,2023-08-09 15:02,남수동 남수동 정조로810번길,주행형,2023-12-01,,,
2023,수원시,팔달구청,2023-08-09 15:02,남수동 남수동 정조로810번길,주행형,2023-12-01,,,
2023,수원시,팔달구청,2023-08-09 15:03,팔달로2가 팔달로2가 정조로796번길,주행형,2023-12-01,,,
2023,수원시,팔달구청,2023-08-09 15:04,북수동 쌈지공원 앞,고정형,2023-12-01,,,
2023,수원시,팔달구청,2023-08-09 15:16,행궁동 팔달문 버스정류장,고정형,2023-12-01,,,
2023,수원시,영통구청,2023-08-09 15:16,이의동 드림스퀘어Ⅱ 앞,고정형,2023-12-01,,,
2023,수원시,권선구청,2023-08-09 15:17,평동 고현초교 정문 좌측 삼거리,고정형,2023-12-01,,,
2023,수원시,권선구청,2023-08-09 15:20,서둔동 가온팰리스옆2,고정형,2023-12-01,,,
2023,수원시,팔달구청,2023-08-09 15:23,인계동 드림캐슬주상복합,고정형,2023-12-01,,,
2023,수원시,팔달구청,2023-08-09 15:35,매산동 덕영대로 895번길 9-8,고정형,2023-12-01,,,
2023,수원시,팔달구청,2023-08-09 15:35,매산동 덕영대로 895번길 9-8,고정형,2023-12-01,,,
2023,수원시,팔달구청,2023-08-09 15:52,인계동 드림캐슬주상복합,고정형,2023-12-01,,,
2023,수원시,팔달구청,2023-08-09 15:58,매산동 팅스몰 주차장 출구 옆,고정형,2023-12-01,,,
2023,수원시,권선구청,2023-08-09 16:02,호매실동 금호프라자 대각 맞은편,고정형,2023-12-01,,,
2023,수원시,영통구청,2023-08-09 16:06,이의동 드림스퀘어Ⅱ 앞,고정형,2023-12-01,,,
2023,수원시,팔달구청,2023-08-09 16:18,고등동 고등동 215-62 소화전,국민신문고,2023-12-01,,,
2023,수원시,팔달구청,2023-08-09 16:37,매산동 팅스몰 주차장 출구 옆,고정형,2023-12-01,,,
2023,수원시,팔달구청,2023-08-09 17:02,매산동 덕영대로 895번길 9-8,고정형,2023-12-01,,,
2023,수원시,팔달구청,2023-08-09 17:08,인계동 한국씨티은행,고정형,2023-12-01,,,
2023,수원시,팔달구청,2023-08-09 17:15,매산동 팅스몰 주차장 출구 옆,고정형,2023-12-01,,,
2023,수원시,영통구청,2023-08-09 18:34,영통동 롯데마트 뒤,고정형,2023-12-01,37.27220279535416,127.10856729001851,
2023,수원시,팔달구청,2023-08-09 18:37,매산동 역전농협,고정형,2023-12-01,,,
2023,수원시,팔달구청,2023-08-09 18:45,매산동 역전농협,고정형,2023-12-01,,,
2023,수원시,권선구청,2023-08-09 19:33,곡반정동 562-2,국민신문고,2023-12-01,,,
2023,수원시,권선구청,2023-08-09 19:41,고색동 581 교차로,국민신문고,2023-12-01,,,
2023,수원시,영통구청,2023-08-09 20:29,망포동 E-마트 에브리데이 앞,고정형,2023-12-01,37.2361017468141,127.060345496536,
2023,수원시,영통구청,2023-08-09 20:31,광교동 광교이의119안전센터,고정형,2023-12-01,,,
2023,수원시,팔달구청,2023-08-09 20:31,인계동 드림캐슬주상복합,고정형,2023-12-01,,,
2023,수원시,권선구청,2023-08-09 21:23,곡반정동 562-2,국민신문고,2023-12-01,,,
2023,수원시,권선구청,2023-08-09 21:25,곡반정동 562-2,국민신문고,2023-12-01,,,
2023,수원시,권선구청,2023-08-09 21:28,곡반정동 562-2,국민신문고,2023-12-01,,,
2023,수원시,권선구청,2023-08-10 5:54,곡반정동 156-8,국민신문고,2023-12-01,,,
2023,수원시,권선구청,2023-08-10 5:54,곡반정동 156-8,국민신문고,2023-12-01,,,
2023,수원시,팔달구청,2023-08-10 7:02,화서1동 수원역푸르지오자이 북문 우측,고정형,2023-12-01,,,
2023,수원시,팔달구청,2023-08-10 7:32,인계동 경인통계청,고정형,2023-12-01,,,
2023,수원시,팔달구청,2023-08-10 7:32,인계동 경인통계청,고정형,2023-12-01,,,
2023,수원시,팔달구청,2023-08-10 7:35,매산동 팅스몰 주차장 출구 옆,고정형,2023-12-01,,,
2023,수원시,권선구청,2023-08-10 8:03,세류3동 신곡초교 후문 좌측 사거리,고정형,2023-12-01,,,
2023,수원시,권선구청,2023-08-10 8:03,서둔동 가온팰리스옆2,고정형,2023-12-01,,,
2023,수원시,권선구청,2023-08-10 8:04,곡반정동 하나로마트한국빌딩앞,고정형,2023-12-01,,,
2023,수원시,권선구청,2023-08-10 8:05,곡반정동 하나로마트한국빌딩앞,고정형,2023-12-01,,,
2023,수원시,권선구청,2023-08-10 8:06,권선2동 곡정초교 정문 좌측 사거리,고정형,2023-12-01,,,
2023,수원시,권선구청,2023-08-10 8:09,서둔동 가온팰리스옆1,고정형,2023-12-01,,,
2023,수원시,영통구청,2023-08-10 8:12,이의동 드림스퀘어Ⅱ 앞,고정형,2023-12-01,,,
2023,수원시,팔달구청,2023-08-10 8:32,고등동 수원초등학교 정문 좌측 사거리,고정형,2023-12-01,,,
2023,수원시,권선구청,2023-08-10 8:33,권선동 권선동 한라비발디앞 놀이터,고정형,2023-12-01,,,
2023,수원시,팔달구청,2023-08-10 8:33,화서1동 화서초등학교 둘레길 중간지점,고정형,2023-12-01,,,
2023,수원시,팔달구청,2023-08-10 8:33,화서1동 화서초등학교 둘레길 중간지점,고정형,2023-12-01,,,
2023,수원시,권선구청,2023-08-10 9:14,평동 고현초교 정문 좌측 삼거리,고정형,2023-12-01,,,
2023,수원시,영통구청,2023-08-10 9:27,이의동 드림스퀘어Ⅱ 앞,고정형,2023-12-01,,,
2023,수원시,팔달구청,2023-08-10 9:44,인계동 드림캐슬주상복합,고정형,2023-12-01,,,
2023,수원시,팔달구청,2023-08-10 9:47,인계동 한국씨티은행,고정형,2023-12-01,,,
2023,수원시,팔달구청,2023-08-10 9:47,인계동 한국씨티은행,고정형,2023-12-01,,,
2023,수원시,팔달구청,2023-08-10 10:25,매산동 역전농협,고정형,2023-12-01,,,
2023,수원시,팔달구청,2023-08-10 10:26,고등동 고등동 갓매산로55번길 4,주행형,2023-12-01,,,
2023,수원시,팔달구청,2023-08-10 10:32,인계동 드림캐슬주상복합,고정형,2023-12-01,,,
2023,수원시,팔달구청,2023-08-10 10:32,매산동 팅스몰 주차장 출구 옆,고정형,2023-12-01,,,
2023,수원시,권선구청,2023-08-10 12:08,권선동 NC터미널점 버스정류장 앞,고정형,2023-12-01,,,
2023,수원시,영통구청,2023-08-10 12:49,이의동 광교가재울마을사거리,고정형,2023-12-01,,,
2023,수원시,영통구청,2023-08-10 13:35,영통동 롯데마트 뒤,고정형,2023-12-01,37.27220279535416,127.10856729001851,
2023,수원시,팔달구청,2023-08-10 13:36,교동 수원향교 앞 팔달보건소 뒤,고정형,2023-12-01,,,
2023,수원시,팔달구청,2023-08-10 14:33,북수동 쌈지공원 앞,고정형,2023-12-01,,,
2023,수원시,팔달구청,2023-08-10 14:34,인계동 드림캐슬주상복합,고정형,2023-12-01,,,
2023,수원시,팔달구청,2023-08-10 14:38,매산동 팔달로 10번길 8,고정형,2023-12-01,,,
2023,수원시,권선구청,2023-08-10 14:43,평동 오목초교 정문 우측 삼거리,고정형,2023-12-01,,,
2023,수원시,권선구청,2023-08-10 14:43,평동 오목초교 정문 우측 삼거리,고정형,2023-12-01,,,
2023,수원시,영통구청,2023-08-10 14:44,이의동 드림스퀘어Ⅱ 앞,고정형,2023-12-01,,,
2023,수원시,영통구청,2023-08-10 14:44,이의동 드림스퀘어Ⅱ 앞,고정형,2023-12-01,,,
2023,수원시,팔달구청,2023-08-10 14:57,인계동 경인통계청,고정형,2023-12-01,,,
2023,수원시,팔달구청,2023-08-10 15:21,매산동 역전농협,고정형,2023-12-01,,,
2023,수원시,팔달구청,2023-08-10 15:43,매산동 팔달로 10번길 8,고정형,2023-12-01,,,
2023,수원시,영통구청,2023-08-10 15:51,이의동 드림스퀘어Ⅱ 앞,고정형,2023-12-01,,,
2023,수원시,팔달구청,2023-08-10 16:11,인계동 경인통계청,고정형,2023-12-01,,,
2023,수원시,팔달구청,2023-08-10 16:16,매산동 팔달로 10번길 8,고정형,2023-12-01,,,
2023,수원시,팔달구청,2023-08-10 16:16,매산동 팔달로 10번길 8,고정형,2023-12-01,,,
2023,수원시,팔달구청,2023-08-10 16:17,인계동 드림캐슬주상복합,고정형,2023-12-01,,,
2023,수원시,팔달구청,2023-08-10 16:43,인계동 경인통계청,고정형,2023-12-01,,,
2023,수원시,권선구청,2023-08-10 16:48,고색동 도이치 고객주차장 출입구,고정형,2023-12-01,,,
2023,수원시,팔달구청,2023-08-10 16:49,고등동 고등동 226-58 인도,국민신문고,2023-12-01,,,
2023,수원시,팔달구청,2023-08-10 17:00,인계동 드림캐슬주상복합,고정형,2023-12-01,,,
2023,수원시,권선구청,2023-08-10 17:24,서둔동 가온팰리스옆2,고정형,2023-12-01,,,
2023,수원시,팔달구청,2023-08-10 17:44,화서1동 푸르지오자이 북문 CU 앞 횡단보도,고정형,2023-12-01,,,
2023,수원시,팔달구청,2023-08-10 17:49,인계동 경인통계청,고정형,2023-12-01,,,
2023,수원시,영통구청,2023-08-10 17:59,하동 매탄동 1260,국민신문고,2023-12-01,,,
2023,수원시,영통구청,2023-08-10 18:12,망포동 힐스테이트 119동 ~방죽공원 삼거리,고정형,2023-12-01,,,
2023,수원시,팔달구청,2023-08-10 18:45,화서1동 수원역푸르지오자이 북문 우측,고정형,2023-12-01,,,
2023,수원시,팔달구청,2023-08-10 18:54,인계동 드림캐슬주상복합,고정형,2023-12-01,,,
2023,수원시,팔달구청,2023-08-10 19:07,매산동 팅스몰 주차장 출구 옆,고정형,2023-12-01,,,
2023,수원시,팔달구청,2023-08-10 20:45,행궁동 팔달문 버스정류장,고정형,2023-12-01,,,
2023,수원시,권선구청,2023-08-11 5:56,곡반정동 562-9,국민신문고,2023-12-01,,,
2023,수원시,권선구청,2023-08-11 5:56,곡반정동 562-9,국민신문고,2023-12-01,,,
2023,수원시,팔달구청,2023-08-11 7:07,화서1동 푸르지오자이 북문 CU 앞 횡단보도,고정형,2023-12-01,,,
2023,수원시,팔달구청,2023-08-11 7:33,인계동 경인통계청,고정형,2023-12-01,,,
2023,수원시,팔달구청,2023-08-11 7:33,인계동 경인통계청,고정형,2023-12-01,,,
2023,수원시,팔달구청,2023-08-11 7:33,인계동 경인통계청,고정형,2023-12-01,,,
2023,수원시,팔달구청,2023-08-11 7:40,매산동 팅스몰 주차장 출구 옆,고정형,2023-12-01,,,
2023,수원시,팔달구청,2023-08-11 7:50,인계동 한국씨티은행,고정형,2023-12-01,,,
2023,수원시,팔달구청,2023-08-11 7:56,인계동 드림캐슬주상복합,고정형,2023-12-01,,,
2023,수원시,팔달구청,2023-08-11 8:01,화서동 수원역푸르지오자이 북문 우측,고정형,2023-12-01,,,
2023,수원시,권선구청,2023-08-11 8:02,곡반정동 하나로마트한국빌딩앞,고정형,2023-12-01,,,
2023,수원시,권선구청,2023-08-11 8:04,구운동 구운초교 정문 우측 삼거리,고정형,2023-12-01,,,
2023,수원시,권선구청,2023-08-11 8:04,구운동 구운초교 정문 우측 삼거리,고정형,2023-12-01,,,
2023,수원시,권선구청,2023-08-11 8:05,서둔동 가온팰리스옆2,고정형,2023-12-01,,,
2023,수원시,권선구청,2023-08-11 8:06,곡반정동 하나로마트한국빌딩앞,고정형,2023-12-01,,,
2023,수원시,권선구청,2023-08-11 8:06,곡반정동 하나로마트한국빌딩앞,고정형,2023-12-01,,,
2023,수원시,권선구청,2023-08-11 8:06,곡반정동 하나로마트한국빌딩앞,고정형,2023-12-01,,,
2023,수원시,영통구청,2023-08-11 9:06,하동 매탄동 918-2,국민신문고,2023-12-01,,,
2023,수원시,팔달구청,2023-08-11 9:27,인계동 한국씨티은행,고정형,2023-12-01,,,
2023,수원시,팔달구청,2023-08-11 9:27,인계동 한국씨티은행,고정형,2023-12-01,,,
2023,수원시,팔달구청,2023-08-11 9:31,매산동 팅스몰 주차장 출구 옆,고정형,2023-12-01,,,
2023,수원시,팔달구청,2023-08-11 9:37,매산동 팅스몰 주차장 출구 옆,고정형,2023-12-01,,,
2023,수원시,권선구청,2023-08-11 10:22,경기도수원시권선구평동 수원시 권선구 평동 2-138,보행,2023-12-01,,,
2023,수원시,권선구청,2023-08-11 10:22,경기도수원시권선구평동 수원시 권선구 평동 2-138,보행,2023-12-01,,,
2023,수원시,권선구청,2023-08-11 10:23,경기도수원시권선구평동 수원시 권선구 평동 2-138,보행,2023-12-01,,,
2023,수원시,권선구청,2023-08-11 10:23,경기도수원시권선구평동 수원시 권선구 평동 2-138,보행,2023-12-01,,,
2023,수원시,권선구청,2023-08-11 10:24,경기도수원시권선구평동 수원시 권선구 평동 2-138,보행,2023-12-01,,,
2023,수원시,권선구청,2023-08-11 10:31,서둔동 가온팰리스옆2,고정형,2023-12-01,,,
2023,수원시,팔달구청,2023-08-11 11:27,화서1동 수원역푸르지오자이 북문 우측,고정형,2023-12-01,,,
2023,수원시,팔달구청,2023-08-11 12:13,행궁동 팔달문 버스정류장,고정형,2023-12-01,,,
2023,수원시,권선구청,2023-08-11 13:04,입북동 당수초교 정문 우측 사거리,고정형,2023-12-01,,,
2023,수원시,팔달구청,2023-08-11 14:31,남수동 남수동 정조로800번길,주행형,2023-12-01,,,
2023,수원시,팔달구청,2023-08-11 14:31,남수동 남수동 정조로800번길,주행형,2023-12-01,,,
2023,수원시,팔달구청,2023-08-11 14:31,남수동 남수동 정조로800번길,주행형,2023-12-01,,,
2023,수원시,팔달구청,2023-08-11 14:31,남수동 남수동 정조로800번길,주행형,2023-12-01,,,
2023,수원시,팔달구청,2023-08-11 14:33,남수동 남수동 정조로796번길,주행형,2023-12-01,,,
2023,수원시,팔달구청,2023-08-11 14:33,매산동 팔달로 10번길 8,고정형,2023-12-01,,,
2023,수원시,팔달구청,2023-08-11 14:39,행궁동 화홍사랑채,고정형,2023-12-01,,,
2023,수원시,팔달구청,2023-08-11 14:41,인계동 드림캐슬주상복합,고정형,2023-12-01,,,
2023,수원시,팔달구청,2023-08-11 14:41,인계동 드림캐슬주상복합,고정형,2023-12-01,,,
2023,수원시,팔달구청,2023-08-11 14:42,인계동 인계동 매산로,주행형,2023-12-01,,,
2023,수원시,팔달구청,2023-08-11 14:42,인계동 인계동 매산로,주행형,2023-12-01,,,
2023,수원시,팔달구청,2023-08-11 14:43,인계동 경인통계청,고정형,2023-12-01,,,
2023,수원시,팔달구청,2023-08-11 14:44,인계동 한국씨티은행,고정형,2023-12-01,,,
2023,수원시,팔달구청,2023-08-11 15:12,북수동 쌈지공원 앞,고정형,2023-12-01,,,
2023,수원시,팔달구청,2023-08-11 15:16,인계동 한국씨티은행,고정형,2023-12-01,,,
2023,수원시,팔달구청,2023-08-11 15:33,매산동 팅스몰 주차장 출구 옆,고정형,2023-12-01,,,
2023,수원시,팔달구청,2023-08-11 15:36,남수동 남수동 정조로800번길,주행형,2023-12-01,,,
2023,수원시,팔달구청,2023-08-11 15:36,남수동 남수동 정조로800번길,주행형,2023-12-01,,,
2023,수원시,팔달구청,2023-08-11 15:37,인계동 경인통계청,고정형,2023-12-01,,,
2023,수원시,팔달구청,2023-08-11 15:40,고등동 고등동 156-117 횡단보도,국민신문고,2023-12-01,,,
2023,수원시,권선구청,2023-08-11 15:46,서둔동 가온팰리스옆1,고정형,2023-12-01,,,
2023,수원시,권선구청,2023-08-11 15:46,서둔동 가온팰리스옆1,고정형,2023-12-01,,,
2023,수원시,권선구청,2023-08-11 16:00,구운동 구운초교 정문 우측 삼거리,고정형,2023-12-01,,,
2023,수원시,권선구청,2023-08-11 16:03,세류3동 신곡초교 후문 좌측 사거리,고정형,2023-12-01,,,
2023,수원시,권선구청,2023-08-11 16:18,곡반정동 하나로마트한국빌딩앞,고정형,2023-12-01,,,
2023,수원시,팔달구청,2023-08-11 16:21,매산동 팅스몰 주차장 출구 옆,고정형,2023-12-01,,,
2023,수원시,팔달구청,2023-08-11 16:24,화서1동 수원역푸르지오자이 북문 우측,고정형,2023-12-01,,,
2023,수원시,팔달구청,2023-08-11 17:13,인계동 경인통계청,고정형,2023-12-01,,,
2023,수원시,팔달구청,2023-08-11 17:16,인계동 경인통계청,고정형,2023-12-01,,,
2023,수원시,팔달구청,2023-08-11 17:17,인계동 경인통계청,고정형,2023-12-01,,,
2023,수원시,팔달구청,2023-08-11 17:21,고등동 수원초등학교 정문 좌측 사거리,고정형,2023-12-01,,,
2023,수원시,팔달구청,2023-08-11 17:45,매산동 팅스몰 주차장 출구 옆,고정형,2023-12-01,,,
2023,수원시,팔달구청,2023-08-11 18:16,화서1동 수원역푸르지오자이 북문 우측,고정형,2023-12-01,,,
2023,수원시,팔달구청,2023-08-11 18:42,매산동 팅스몰 주차장 출구 옆,고정형,2023-12-01,,,
2023,수원시,팔달구청,2023-08-11 18:54,매산동 팅스몰 주차장 출구 옆,고정형,2023-12-01,,,
2023,수원시,팔달구청,2023-08-11 19:15,매산동 팅스몰 주차장 출구 옆,고정형,2023-12-01,,,
2023,수원시,팔달구청,2023-08-11 19:48,매산동 팅스몰 주차장 출구 옆,고정형,2023-12-01,,,
2023,수원시,팔달구청,2023-08-11 19:51,매산동 팔달로 10번길 8,고정형,2023-12-01,,,
2023,수원시,팔달구청,2023-08-11 19:57,인계동 드림캐슬주상복합,고정형,2023-12-01,,,
2023,수원시,팔달구청,2023-08-11 20:15,인계동 드림캐슬주상복합,고정형,2023-12-01,,,
2023,수원시,팔달구청,2023-08-11 20:16,화서1동 푸르지오자이 북문 CU 앞 횡단보도,고정형,2023-12-01,,,
2023,수원시,장안구청,2023-08-11 20:26,연무동 연무동 245-13,국민신문고,2023-12-01,,,
2023,수원시,팔달구청,2023-08-11 20:51,매교동 매교동 287-484 어린이보호구역,국민신문고,2023-12-01,,,
2023,수원시,팔달구청,2023-08-11 20:51,매교동 매교동 287-486 어린이보호구역,국민신문고,2023-12-01,,,
2023,수원시,팔달구청,2023-08-11 20:51,매교동 매교동 287-486 어린이보호구역,국민신문고,2023-12-01,,,
2023,수원시,팔달구청,2023-08-11 20:52,매교동 매교동 287-484 인도,국민신문고,2023-12-01,,,
2023,수원시,팔달구청,2023-08-11 21:01,매산동 역전농협,고정형,2023-12-01,,,
2023,수원시,팔달구청,2023-08-11 21:33,매산동 역전농협,고정형,2023-12-01,,,
2023,수원시,권선구청,2023-08-12 1:32,곡반정동 562-2,국민신문고,2023-12-01,,,
2023,수원시,권선구청,2023-08-12 1:37,곡반정동 562-2,국민신문고,2023-12-01,,,
2023,수원시,팔달구청,2023-08-12 7:34,매교동 매교동 209-14 버스정류소,국민신문고,2023-12-01,,,
2023,수원시,팔달구청,2023-08-12 7:34,매교동 매교동 209-14 버스정류소,국민신문고,2023-12-01,,,
2023,수원시,권선구청,2023-08-12 9:02,곡반정동 하나로마트한국빌딩앞,고정형,2023-12-01,,,
2023,수원시,팔달구청,2023-08-12 9:02,인계동 드림캐슬주상복합,고정형,2023-12-01,,,
2023,수원시,권선구청,2023-08-12 9:02,서둔동 가온팰리스옆2,고정형,2023-12-01,,,
2023,수원시,권선구청,2023-08-12 9:03,곡반정동 하나로마트한국빌딩앞,고정형,2023-12-01,,,
2023,수원시,팔달구청,2023-08-12 9:03,화서1동 수원역푸르지오자이 북문 우측,고정형,2023-12-01,,,
2023,수원시,팔달구청,2023-08-12 9:04,매산동 팔달로 10번길 8,고정형,2023-12-01,,,
2023,수원시,권선구청,2023-08-12 9:04,곡반정동 하나로마트한국빌딩앞,고정형,2023-12-01,,,
2023,수원시,팔달구청,2023-08-12 9:04,매산동 팔달로 10번길 8,고정형,2023-12-01,,,
2023,수원시,팔달구청,2023-08-12 9:05,매산동 팅스몰 주차장 출구 옆,고정형,2023-12-01,,,
2023,수원시,팔달구청,2023-08-12 9:05,매산동 팅스몰 주차장 출구 옆,고정형,2023-12-01,,,
2023,수원시,권선구청,2023-08-12 9:07,곡반정동 하나로마트한국빌딩앞,고정형,2023-12-01,,,
2023,수원시,권선구청,2023-08-12 9:08,곡반정동 하나로마트한국빌딩앞,고정형,2023-12-01,,,
2023,수원시,팔달구청,2023-08-12 9:09,인계동 드림캐슬주상복합,고정형,2023-12-01,,,
2023,수원시,팔달구청,2023-08-12 9:09,인계동 드림캐슬주상복합,고정형,2023-12-01,,,
2023,수원시,팔달구청,2023-08-12 9:13,인계동 경인통계청,고정형,2023-12-01,,,
2023,수원시,팔달구청,2023-08-12 9:13,인계동 경인통계청,고정형,2023-12-01,,,
2023,수원시,팔달구청,2023-08-12 9:18,매산동 팅스몰 주차장 출구 옆,고정형,2023-12-01,,,
2023,수원시,팔달구청,2023-08-12 9:24,행궁동 팔달문 버스정류장,고정형,2023-12-01,,,
2023,수원시,장안구청,2023-08-12 9:48,조원동 조원로41번길,주행형,2023-12-01,,,
2023,수원시,권선구청,2023-08-12 10:02,서둔동 가온팰리스옆2,고정형,2023-12-01,,,
2023,수원시,권선구청,2023-08-12 10:07,서둔동 가온팰리스옆1,고정형,2023-12-01,,,
2023,수원시,팔달구청,2023-08-12 10:14,북수동 쌈지공원 앞,고정형,2023-12-01,,,
2023,수원시,팔달구청,2023-08-12 10:23,인계동 한국씨티은행,고정형,2023-12-01,,,
2023,수원시,팔달구청,2023-08-12 10:26,인계동 경인통계청,고정형,2023-12-01,,,
2023,수원시,장안구청,2023-08-12 10:30,천천동 천천동5540,국민신문고,2023-12-01,,,
2023,수원시,팔달구청,2023-08-12 11:07,화서1동 푸르지오자이 북문 CU 앞 횡단보도,고정형,2023-12-01,,,
2023,수원시,장안구청,2023-08-12 11:18,천천동 천처동540,국민신문고,2023-12-01,,,
2023,수원시,팔달구청,2023-08-12 11:51,화서1동 수원역푸르지오자이 북문 우측,고정형,2023-12-01,,,
2023,수원시,팔달구청,2023-08-12 12:04,행궁동 팔달문 버스정류장,고정형,2023-12-01,,,
2023,수원시,팔달구청,2023-08-12 14:28,화서1동 푸르지오자이 북문 CU 앞 횡단보도,고정형,2023-12-01,,,
2023,수원시,권선구청,2023-08-12 14:32,곡선동 권선중앙약국 건너편,고정형,2023-12-01,,,
2023,수원시,팔달구청,2023-08-12 14:33,매산동 팔달로 10번길 8,고정형,2023-12-01,,,
2023,수원시,권선구청,2023-08-12 14:33,곡반정동 하나로마트한국빌딩앞,고정형,2023-12-01,,,
2023,수원시,권선구청,2023-08-12 14:34,곡반정동 하나로마트한국빌딩앞,고정형,2023-12-01,,,
2023,수원시,권선구청,2023-08-12 14:35,서둔동 가온팰리스옆1,고정형,2023-12-01,,,
2023,수원시,팔달구청,2023-08-12 14:35,행궁동 화홍사랑채,고정형,2023-12-01,,,
2023,수원시,팔달구청,2023-08-12 14:36,매산동 팅스몰 주차장 출구 옆,고정형,2023-12-01,,,
2023,수원시,팔달구청,2023-08-12 14:36,매산동 팅스몰 주차장 출구 옆,고정형,2023-12-01,,,
2023,수원시,팔달구청,2023-08-12 14:37,매산동 팅스몰 주차장 출구 옆,고정형,2023-12-01,,,
2023,수원시,팔달구청,2023-08-12 14:43,매산동 팅스몰 주차장 출구 옆,고정형,2023-12-01,,,
2023,수원시,팔달구청,2023-08-12 14:49,신풍동 미술관로터리,고정형,2023-12-01,,,
2023,수원시,팔달구청,2023-08-12 14:50,화서1동 수원역푸르지오자이 북문 우측,고정형,2023-12-01,,,
2023,수원시,권선구청,2023-08-12 14:51,서둔동 가온팰리스옆2,고정형,2023-12-01,,,
2023,수원시,권선구청,2023-08-12 14:51,서둔동 가온팰리스옆2,고정형,2023-12-01,,,
2023,수원시,팔달구청,2023-08-12 14:55,화서1동 수원역푸르지오자이 북문 우측,고정형,2023-12-01,,,
2023,수원시,권선구청,2023-08-12 14:58,곡반정동 하나로마트한국빌딩앞,고정형,2023-12-01,,,
2023,수원시,장안구청,2023-08-12 15:03,상광교동 광교버스정류장종점,고정형,2023-12-01,,,
2023,수원시,권선구청,2023-08-12 15:13,곡반정동 하나로마트한국빌딩앞,고정형,2023-12-01,,,
2023,수원시,팔달구청,2023-08-12 15:27,팔달로1가 팔달로1가 행궁로,주행형,2023-12-01,,,
2023,수원시,팔달구청,2023-08-12 15:27,팔달로1가 팔달로1가 행궁로,주행형,2023-12-01,,,
2023,수원시,팔달구청,2023-08-12 15:27,팔달로1가 팔달로1가 행궁로,주행형,2023-12-01,,,
2023,수원시,권선구청,2023-08-12 15:28,서둔동 가온팰리스옆1,고정형,2023-12-01,,,
2023,수원시,팔달구청,2023-08-12 15:33,매산동 팔달로 10번길 8,고정형,2023-12-01,,,
2023,수원시,권선구청,2023-08-12 15:38,서둔동 가온팰리스옆2,고정형,2023-12-01,,,
2023,수원시,팔달구청,2023-08-12 15:42,인계동 경인통계청,고정형,2023-12-01,,,
2023,수원시,팔달구청,2023-08-12 15:47,매산동 팅스몰 주차장 출구 옆,고정형,2023-12-01,,,
2023,수원시,팔달구청,2023-08-12 15:47,매산동 팅스몰 주차장 출구 옆,고정형,2023-12-01,,,
2023,수원시,팔달구청,2023-08-12 15:58,인계동 드림캐슬주상복합,고정형,2023-12-01,,,
2023,수원시,권선구청,2023-08-12 16:03,서둔동 가온팰리스옆2,고정형,2023-12-01,,,
2023,수원시,권선구청,2023-08-12 16:04,곡반정동 하나로마트한국빌딩앞,고정형,2023-12-01,,,
2023,수원시,팔달구청,2023-08-12 16:09,화서1동 수원역푸르지오자이 북문 우측,고정형,2023-12-01,,,
2023,수원시,팔달구청,2023-08-12 16:10,매산동 팅스몰 주차장 출구 옆,고정형,2023-12-01,,,
2023,수원시,팔달구청,2023-08-12 16:10,매산동 팅스몰 주차장 출구 옆,고정형,2023-12-01,,,
2023,수원시,팔달구청,2023-08-12 16:10,인계동 경인통계청,고정형,2023-12-01,,,
2023,수원시,팔달구청,2023-08-12 16:14,인계동 한국씨티은행,고정형,2023-12-01,,,
2023,수원시,영통구청,2023-08-12 16:18,영통동 매영로365번길,주행형,2023-12-01,,,
2023,수원시,영통구청,2023-08-12 16:18,영통동 매영로365번길,주행형,2023-12-01,,,
2023,수원시,영통구청,2023-08-12 16:18,영통동 매영로365번길,주행형,2023-12-01,,,
2023,수원시,영통구청,2023-08-12 16:18,영통동 매영로365번길,주행형,2023-12-01,,,
2023,수원시,영통구청,2023-08-12 16:18,영통동 매영로365번길,주행형,2023-12-01,,,
2023,수원시,영통구청,2023-08-12 16:18,영통동 매영로365번길,주행형,2023-12-01,,,
2023,수원시,영통구청,2023-08-12 16:18,영통동 매영로365번길,주행형,2023-12-01,,,
2023,수원시,영통구청,2023-08-12 16:18,영통동 매영로365번길,주행형,2023-12-01,,,
2023,수원시,영통구청,2023-08-12 16:18,영통동 매영로365번길,주행형,2023-12-01,,,
2023,수원시,영통구청,2023-08-12 16:18,영통동 매영로365번길,주행형,2023-12-01,,,
2023,수원시,영통구청,2023-08-12 16:18,영통동 매영로365번길,주행형,2023-12-01,,,
2023,수원시,영통구청,2023-08-12 16:19,영통동 매영로365번길,주행형,2023-12-01,,,
2023,수원시,영통구청,2023-08-12 16:19,영통동 매영로365번길,주행형,2023-12-01,,,
2023,수원시,영통구청,2023-08-12 16:19,영통동 매영로365번길,주행형,2023-12-01,,,
2023,수원시,팔달구청,2023-08-12 16:20,행궁동 화홍사랑채,고정형,2023-12-01,,,
2023,수원시,팔달구청,2023-08-12 16:20,인계동 경인통계청,고정형,2023-12-01,,,
2023,수원시,팔달구청,2023-08-12 16:25,인계동 경인통계청,고정형,2023-12-01,,,
2023,수원시,팔달구청,2023-08-12 16:25,인계동 경인통계청,고정형,2023-12-01,,,
2023,수원시,팔달구청,2023-08-12 16:38,매산동 팔달로 10번길 8,고정형,2023-12-01,,,
2023,수원시,팔달구청,2023-08-12 16:38,매산동 팅스몰 주차장 출구 옆,고정형,2023-12-01,,,
2023,수원시,팔달구청,2023-08-12 16:52,인계동 드림캐슬주상복합,고정형,2023-12-01,,,
2023,수원시,팔달구청,2023-08-12 17:00,신풍동 미술관로터리,고정형,2023-12-01,,,
2023,수원시,권선구청,2023-08-12 17:11,서둔동 가온팰리스옆2,고정형,2023-12-01,,,
2023,수원시,팔달구청,2023-08-12 17:17,인계동 드림캐슬주상복합,고정형,2023-12-01,,,
2023,수원시,팔달구청,2023-08-12 17:17,화서1동 푸르지오자이 북문 CU 앞 횡단보도,고정형,2023-12-01,,,
2023,수원시,팔달구청,2023-08-12 17:21,인계동 드림캐슬주상복합,고정형,2023-12-01,,,
2023,수원시,팔달구청,2023-08-12 17:24,인계동 한국씨티은행,고정형,2023-12-01,,,
2023,수원시,팔달구청,2023-08-12 17:33,매산동 팅스몰 주차장 출구 옆,고정형,2023-12-01,,,
2023,수원시,팔달구청,2023-08-12 17:33,행궁동 화홍사랑채,고정형,2023-12-01,,,
2023,수원시,팔달구청,2023-08-12 17:36,매산동 팔달로 10번길 8,고정형,2023-12-01,,,
2023,수원시,권선구청,2023-08-12 17:41,곡반정동 103-8 교차로 모퉁이,국민신문고,2023-12-01,,,
2023,수원시,팔달구청,2023-08-12 17:46,화서1동 수원역푸르지오자이 북문 우측,고정형,2023-12-01,,,
2023,수원시,팔달구청,2023-08-12 18:19,매산동 팅스몰 주차장 출구 옆,고정형,2023-12-01,,,
2023,수원시,팔달구청,2023-08-12 19:12,인계동 드림캐슬주상복합,고정형,2023-12-01,,,
2023,수원시,팔달구청,2023-08-12 19:18,인계동 드림캐슬주상복합,고정형,2023-12-01,,,
2023,수원시,팔달구청,2023-08-12 19:26,매산동 팅스몰 주차장 출구 옆,고정형,2023-12-01,,,
2023,수원시,팔달구청,2023-08-12 20:07,매산동 팅스몰 주차장 출구 옆,고정형,2023-12-01,,,
2023,수원시,권선구청,2023-08-12 20:11,오목천동 527-59,국민신문고,2023-12-01,,,
2023,수원시,팔달구청,2023-08-12 20:17,매교동 매교동 120-6 소화전,국민신문고,2023-12-01,,,
2023,수원시,팔달구청,2023-08-12 20:19,매교동 매교동 264-5 교차로모퉁이,국민신문고,2023-12-01,,,
2023,수원시,팔달구청,2023-08-12 20:30,인계동 드림캐슬주상복합,고정형,2023-12-01,,,
2023,수원시,팔달구청,2023-08-12 21:57,매교동 매교동 122-38 소화전,국민신문고,2023-12-01,,,
2023,수원시,팔달구청,2023-08-13 9:02,북수동 쌈지공원 앞,고정형,2023-12-01,,,
2023,수원시,권선구청,2023-08-13 9:02,서둔동 가온팰리스옆1,고정형,2023-12-01,,,
2023,수원시,권선구청,2023-08-13 9:02,곡반정동 궁촌육교앞,고정형,2023-12-01,,,
2023,수원시,팔달구청,2023-08-13 9:03,화서1동 수원역푸르지오자이 북문 우측,고정형,2023-12-01,,,
2023,수원시,권선구청,2023-08-13 9:03,곡반정동 하나로마트한국빌딩앞,고정형,2023-12-01,,,
2023,수원시,팔달구청,2023-08-13 9:03,매산동 역전농협,고정형,2023-12-01,,,
2023,수원시,권선구청,2023-08-13 9:03,곡반정동 하나로마트한국빌딩앞,고정형,2023-12-01,,,
2023,수원시,팔달구청,2023-08-13 9:03,인계동 경인통계청,고정형,2023-12-01,,,
2023,수원시,팔달구청,2023-08-13 9:04,화서1동 푸르지오자이 북문 CU 앞 횡단보도,고정형,2023-12-01,,,
2023,수원시,권선구청,2023-08-13 9:04,서둔동 가온팰리스옆2,고정형,2023-12-01,,,
2023,수원시,팔달구청,2023-08-13 9:04,매산동 팅스몰 주차장 출구 옆,고정형,2023-12-01,,,
2023,수원시,팔달구청,2023-08-13 9:05,매산동 팅스몰 주차장 출구 옆,고정형,2023-12-01,,,
2023,수원시,팔달구청,2023-08-13 9:05,매산동 팅스몰 주차장 출구 옆,고정형,2023-12-01,,,
2023,수원시,팔달구청,2023-08-13 9:05,매산동 팅스몰 주차장 출구 옆,고정형,2023-12-01,,,
2023,수원시,권선구청,2023-08-13 9:06,서둔동 가온팰리스옆1,고정형,2023-12-01,,,
2023,수원시,권선구청,2023-08-13 9:07,곡반정동 하나로마트한국빌딩앞,고정형,2023-12-01,,,
2023,수원시,권선구청,2023-08-13 9:10,곡반정동 하나로마트한국빌딩앞,고정형,2023-12-01,,,
2023,수원시,권선구청,2023-08-13 9:20,서둔동 가온팰리스옆2,고정형,2023-12-01,,,
2023,수원시,권선구청,2023-08-13 9:37,곡반정동 하나로마트한국빌딩앞,고정형,2023-12-01,,,
2023,수원시,팔달구청,2023-08-13 9:41,매산동 팅스몰 주차장 출구 옆,고정형,2023-12-01,,,
2023,수원시,권선구청,2023-08-13 10:04,곡반정동 하나로마트한국빌딩앞,고정형,2023-12-01,,,
2023,수원시,팔달구청,2023-08-13 10:31,매산동 팅스몰 주차장 출구 옆,고정형,2023-12-01,,,
2023,수원시,팔달구청,2023-08-13 10:33,북수동 쌈지공원 앞,고정형,2023-12-01,,,
2023,수원시,영통구청,2023-08-13 10:35,경기도수원시영통구망포동 수원시 영통구 망포동 58,보행,2023-12-01,,,
2023,수원시,팔달구청,2023-08-13 10:36,매산동 팔달로 10번길 8,고정형,2023-12-01,,,
2023,수원시,팔달구청,2023-08-13 10:36,매산동 팔달로 10번길 8,고정형,2023-12-01,,,
2023,수원시,팔달구청,2023-08-13 10:42,인계동 드림캐슬주상복합,고정형,2023-12-01,,,
2023,수원시,팔달구청,2023-08-13 10:53,행궁동 팔달문 버스정류장,고정형,2023-12-01,,,
2023,수원시,팔달구청,2023-08-13 11:03,화서1동 수원역푸르지오자이 북문 우측,고정형,2023-12-01,,,
2023,수원시,팔달구청,2023-08-13 11:41,화서1동 푸르지오자이 북문 CU 앞 횡단보도,고정형,2023-12-01,,,
2023,수원시,팔달구청,2023-08-13 11:52,교동 수원향교 앞 팔달보건소 뒤,고정형,2023-12-01,,,
2023,수원시,팔달구청,2023-08-13 11:52,교동 수원향교 앞 팔달보건소 뒤,고정형,2023-12-01,,,
2023,수원시,장안구청,2023-08-13 13:19,연무동 연무동 244-9,국민신문고,2023-12-01,,,
2023,수원시,팔달구청,2023-08-13 14:07,교동 수원향교 앞 팔달보건소 뒤,고정형,2023-12-01,,,
2023,수원시,팔달구청,2023-08-13 14:14,화서1동 푸르지오자이 북문 CU 앞 횡단보도,고정형,2023-12-01,,,
2023,수원시,권선구청,2023-08-13 14:33,곡선동 권선중앙약국 건너편,고정형,2023-12-01,,,
2023,수원시,권선구청,2023-08-13 14:33,곡반정동 하나로마트한국빌딩앞,고정형,2023-12-01,,,
2023,수원시,팔달구청,2023-08-13 14:33,매산동 팔달로 10번길 8,고정형,2023-12-01,,,
2023,수원시,팔달구청,2023-08-13 14:34,인계동 경인통계청,고정형,2023-12-01,,,
2023,수원시,팔달구청,2023-08-13 14:35,매산동 팔달로 10번길 8,고정형,2023-12-01,,,
2023,수원시,권선구청,2023-08-13 14:36,곡반정동 하나로마트한국빌딩앞,고정형,2023-12-01,,,
2023,수원시,팔달구청,2023-08-13 14:36,매산동 팔달로 10번길 8,고정형,2023-12-01,,,
2023,수원시,팔달구청,2023-08-13 14:36,인계동 드림캐슬주상복합,고정형,2023-12-01,,,
2023,수원시,팔달구청,2023-08-13 14:37,매산동 팅스몰 주차장 출구 옆,고정형,2023-12-01,,,
2023,수원시,팔달구청,2023-08-13 14:40,인계동 드림캐슬주상복합,고정형,2023-12-01,,,
2023,수원시,팔달구청,2023-08-13 14:41,매산동 팅스몰 주차장 출구 옆,고정형,2023-12-01,,,
2023,수원시,팔달구청,2023-08-13 14:48,북수동 쌈지공원 앞,고정형,2023-12-01,,,
2023,수원시,권선구청,2023-08-13 14:50,곡반정동 480-17,국민신문고,2023-12-01,,,
2023,수원시,권선구청,2023-08-13 14:52,곡반정동 하나로마트한국빌딩앞,고정형,2023-12-01,,,
2023,수원시,장안구청,2023-08-13 14:52,연무동 연무동242-8,국민신문고,2023-12-01,,,
2023,수원시,팔달구청,2023-08-13 14:54,매산동 팅스몰 주차장 출구 옆,고정형,2023-12-01,,,
2023,수원시,팔달구청,2023-08-13 14:55,인계동 경인통계청,고정형,2023-12-01,,,
2023,수원시,팔달구청,2023-08-13 14:55,인계동 경인통계청,고정형,2023-12-01,,,
2023,수원시,권선구청,2023-08-13 15:00,서둔동 가온팰리스옆2,고정형,2023-12-01,,,
2023,수원시,권선구청,2023-08-13 15:00,서둔동 가온팰리스옆2,고정형,2023-12-01,,,
2023,수원시,팔달구청,2023-08-13 15:00,인계동 드림캐슬주상복합,고정형,2023-12-01,,,
2023,수원시,팔달구청,2023-08-13 15:11,인계동 드림캐슬주상복합,고정형,2023-12-01,,,
2023,수원시,권선구청,2023-08-13 15:18,서둔동 가온팰리스옆2,고정형,2023-12-01,,,
2023,수원시,권선구청,2023-08-13 15:23,곡반정동 하나로마트한국빌딩앞,고정형,2023-12-01,,,
2023,수원시,팔달구청,2023-08-13 15:26,인계동 경인통계청,고정형,2023-12-01,,,
2023,수원시,팔달구청,2023-08-13 15:32,인계동 경인통계청,고정형,2023-12-01,,,
2023,수원시,권선구청,2023-08-13 15:45,평동 수원역고가밑 (애경뒷길),고정형,2023-12-01,,,
2023,수원시,팔달구청,2023-08-13 16:03,신풍동 미술관로터리,고정형,2023-12-01,,,
2023,수원시,팔달구청,2023-08-13 16:07,인계동 드림캐슬주상복합,고정형,2023-12-01,,,
2023,수원시,팔달구청,2023-08-13 16:12,행궁동 화홍사랑채,고정형,2023-12-01,,,
2023,수원시,권선구청,2023-08-13 16:21,곡반정동 하나로마트한국빌딩앞,고정형,2023-12-01,,,
2023,수원시,팔달구청,2023-08-13 16:43,매산동 팅스몰 주차장 출구 옆,고정형,2023-12-01,,,
2023,수원시,팔달구청,2023-08-13 16:46,화서1동 수원역푸르지오자이 북문 우측,고정형,2023-12-01,,,
2023,수원시,영통구청,2023-08-13 16:57,경기도수원시영통구매탄동 수원시 영통구 중부대로 246-1구두수선대4,보행,2023-12-01,,,
2023,수원시,팔달구청,2023-08-13 17:05,인계동 드림캐슬주상복합,고정형,2023-12-01,,,
2023,수원시,팔달구청,2023-08-13 17:05,매교동 매교동 120-12 소화전,국민신문고,2023-12-01,,,
2023,수원시,영통구청,2023-08-13 17:14,영통동 매영로365번길,주행형,2023-12-01,,,
2023,수원시,영통구청,2023-08-13 17:14,영통동 매영로365번길,주행형,2023-12-01,,,
2023,수원시,영통구청,2023-08-13 17:14,영통동 매영로365번길,주행형,2023-12-01,,,
2023,수원시,영통구청,2023-08-13 17:14,영통동 매영로365번길,주행형,2023-12-01,,,
2023,수원시,영통구청,2023-08-13 17:14,영통동 매영로365번길,주행형,2023-12-01,,,
2023,수원시,영통구청,2023-08-13 17:14,영통동 매영로365번길,주행형,2023-12-01,,,
2023,수원시,영통구청,2023-08-13 17:14,영통동 매영로365번길,주행형,2023-12-01,,,
2023,수원시,영통구청,2023-08-13 17:15,영통동 매영로365번길,주행형,2023-12-01,,,
2023,수원시,영통구청,2023-08-13 17:15,영통동 매영로365번길,주행형,2023-12-01,,,
2023,수원시,영통구청,2023-08-13 17:15,영통동 매영로365번길,주행형,2023-12-01,,,
2023,수원시,영통구청,2023-08-13 17:15,영통동 매영로365번길,주행형,2023-12-01,,,
2023,수원시,영통구청,2023-08-13 17:15,영통동 매영로365번길,주행형,2023-12-01,,,
2023,수원시,영통구청,2023-08-13 17:15,영통동 매영로365번길,주행형,2023-12-01,,,
2023,수원시,영통구청,2023-08-13 17:15,영통동 매영로365번길,주행형,2023-12-01,,,
2023,수원시,영통구청,2023-08-13 17:15,영통동 매영로365번길,주행형,2023-12-01,,,
2023,수원시,영통구청,2023-08-13 17:15,영통동 매영로365번길,주행형,2023-12-01,,,
2023,수원시,영통구청,2023-08-13 17:15,영통동 매영로365번길,주행형,2023-12-01,,,
2023,수원시,영통구청,2023-08-13 17:15,영통동 매영로365번길,주행형,2023-12-01,,,
2023,수원시,영통구청,2023-08-13 17:15,영통동 매영로365번길,주행형,2023-12-01,,,
2023,수원시,영통구청,2023-08-13 17:15,영통동 매영로365번길,주행형,2023-12-01,,,
2023,수원시,영통구청,2023-08-13 17:15,영통동 매영로365번길,주행형,2023-12-01,,,
2023,수원시,팔달구청,2023-08-13 17:15,매산동 팅스몰 주차장 출구 옆,고정형,2023-12-01,,,
2023,수원시,팔달구청,2023-08-13 17:15,매산동 팅스몰 주차장 출구 옆,고정형,2023-12-01,,,
2023,수원시,영통구청,2023-08-13 17:15,영통동 매영로365번길,주행형,2023-12-01,,,
2023,수원시,영통구청,2023-08-13 17:16,영통동 매영로365번길,주행형,2023-12-01,,,
2023,수원시,영통구청,2023-08-13 17:16,영통동 매영로365번길,주행형,2023-12-01,,,
2023,수원시,팔달구청,2023-08-13 17:20,인계동 드림캐슬주상복합,고정형,2023-12-01,,,
2023,수원시,권선구청,2023-08-13 17:24,평동 자동차매매센터2,고정형,2023-12-01,,,
2023,수원시,팔달구청,2023-08-13 17:25,매산동 팔달로 10번길 8,고정형,2023-12-01,,,
2023,수원시,권선구청,2023-08-13 17:32,서둔동 롯데몰 육교건너,고정형,2023-12-01,,,
2023,수원시,팔달구청,2023-08-13 17:43,인계동 한국씨티은행,고정형,2023-12-01,,,
2023,수원시,팔달구청,2023-08-13 18:28,화서1동 수원역푸르지오자이 북문 우측,고정형,2023-12-01,,,
2023,수원시,권선구청,2023-08-13 18:46,곡반정동 105-11,국민신문고,2023-12-01,,,
2023,수원시,팔달구청,2023-08-13 18:54,매산동 팅스몰 주차장 출구 옆,고정형,2023-12-01,,,
2023,수원시,팔달구청,2023-08-13 18:54,화서1동 수원역푸르지오자이 북문 우측,고정형,2023-12-01,,,
2023,수원시,팔달구청,2023-08-13 19:29,매산동 팅스몰 주차장 출구 옆,고정형,2023-12-01,,,
2023,수원시,팔달구청,2023-08-13 19:30,매산동 팅스몰 주차장 출구 옆,고정형,2023-12-01,,,
2023,수원시,팔달구청,2023-08-13 20:31,매산동 팅스몰 주차장 출구 옆,고정형,2023-12-01,,,
2023,수원시,팔달구청,2023-08-13 20:44,매산동 역전농협,고정형,2023-12-01,,,
2023,수원시,권선구청,2023-08-13 22:21,곡반정동 197-9,국민신문고,2023-12-01,,,
2023,수원시,권선구청,2023-08-14 5:43,곡반정동 156-14,국민신문고,2023-12-01,,,
2023,수원시,팔달구청,2023-08-14 7:34,인계동 경인통계청,고정형,2023-12-01,,,
2023,수원시,팔달구청,2023-08-14 7:34,매산동 팔달로 10번길 8,고정형,2023-12-01,,,
2023,수원시,팔달구청,2023-08-14 7:53,인계동 경인통계청,고정형,2023-12-01,,,
2023,수원시,팔달구청,2023-08-14 7:53,인계동 경인통계청,고정형,2023-12-01,,,
2023,수원시,권선구청,2023-08-14 8:01,서둔동 롯데몰 육교건너,고정형,2023-12-01,,,
2023,수원시,권선구청,2023-08-14 8:03,곡반정동 궁촌육교앞,고정형,2023-12-01,,,
2023,수원시,권선구청,2023-08-14 8:03,서둔동 가온팰리스옆2,고정형,2023-12-01,,,
2023,수원시,권선구청,2023-08-14 8:03,서둔동 가온팰리스옆2,고정형,2023-12-01,,,
2023,수원시,권선구청,2023-08-14 8:05,권선2동 곡정초교 정문 좌측 사거리,고정형,2023-12-01,,,
2023,수원시,권선구청,2023-08-14 8:06,서둔동 가온팰리스옆2,고정형,2023-12-01,,,
2023,수원시,권선구청,2023-08-14 8:18,세류3동 신곡초교 후문 좌측 사거리,고정형,2023-12-01,,,
2023,수원시,권선구청,2023-08-14 8:45,호매실동 금호프라자 대각 맞은편,고정형,2023-12-01,,,
2023,수원시,권선구청,2023-08-14 9:06,오목천동 527-59,국민신문고,2023-12-01,,,
2023,수원시,팔달구청,2023-08-14 9:10,인계동 경인통계청,고정형,2023-12-01,,,
2023,수원시,권선구청,2023-08-14 9:11,평동 수원역고가밑 (애경뒷길),고정형,2023-12-01,,,
2023,수원시,권선구청,2023-08-14 9:21,세류3동 신곡초교 후문 좌측 사거리,고정형,2023-12-01,,,
2023,수원시,권선구청,2023-08-14 9:36,서둔동 가온팰리스옆2,고정형,2023-12-01,,,
2023,수원시,팔달구청,2023-08-14 9:43,매산동 팔달로 10번길 8,고정형,2023-12-01,,,
2023,수원시,팔달구청,2023-08-14 9:59,매산동 팅스몰 주차장 출구 옆,고정형,2023-12-01,,,
2023,수원시,영통구청,2023-08-14 10:07,망포동 힐스테이트 119동 ~방죽공원 삼거리,고정형,2023-12-01,,,
2023,수원시,팔달구청,2023-08-14 10:15,교동 수원향교 앞 팔달보건소 뒤,고정형,2023-12-01,,,
2023,수원시,권선구청,2023-08-14 10:16,금곡동 수원문산고속도로,주행형,2023-12-01,,,
2023,수원시,권선구청,2023-08-14 10:16,금곡동 수원문산고속도로,주행형,2023-12-01,,,
2023,수원시,권선구청,2023-08-14 10:22,권선동 권선동 한라비발디앞 놀이터,고정형,2023-12-01,,,
2023,수원시,팔달구청,2023-08-14 10:30,인계동 한국씨티은행,고정형,2023-12-01,,,
2023,수원시,팔달구청,2023-08-14 10:31,장안동 장안동 화서문로17번길,주행형,2023-12-01,,,
2023,수원시,팔달구청,2023-08-14 10:31,장안동 장안동 화서문로17번길,주행형,2023-12-01,,,
2023,수원시,영통구청,2023-08-14 10:33,광교동 광교더사랑교회뒷길,고정형,2023-12-01,,,
2023,수원시,영통구청,2023-08-14 10:35,이의동 드림스퀘어Ⅱ 앞,고정형,2023-12-01,,,
2023,수원시,영통구청,2023-08-14 10:35,이의동 드림스퀘어Ⅱ 앞,고정형,2023-12-01,,,
2023,수원시,팔달구청,2023-08-14 10:39,남수동 남수동 정조로800번길,주행형,2023-12-01,,,
2023,수원시,팔달구청,2023-08-14 10:42,팔달로2가 팔달로2가 정조로796번길,주행형,2023-12-01,,,
2023,수원시,팔달구청,2023-08-14 11:09,화서1동 수원역푸르지오자이 북문 우측,고정형,2023-12-01,,,
2023,수원시,팔달구청,2023-08-14 11:09,화서1동 수원역푸르지오자이 북문 우측,고정형,2023-12-01,,,
2023,수원시,장안구청,2023-08-14 11:29,조원동 조원로41번길,주행형,2023-12-01,,,
2023,수원시,장안구청,2023-08-14 11:29,조원동 조원로41번길,주행형,2023-12-01,,,
2023,수원시,팔달구청,2023-08-14 11:39,화서동 푸르지오자이 북문 CU 앞 횡단보도,고정형,2023-12-01,,,
2023,수원시,장안구청,2023-08-14 13:38,정자동 조원동 807,국민신문고,2023-12-01,,,
2023,수원시,권선구청,2023-08-14 13:56,입북동 당수초교 정문 우측 사거리,고정형,2023-12-01,,,
2023,수원시,팔달구청,2023-08-14 13:56,화서1동 푸르지오자이 북문 CU 앞 횡단보도,고정형,2023-12-01,,,
2023,수원시,팔달구청,2023-08-14 14:02,행궁동 팔달문 버스정류장,고정형,2023-12-01,,,
2023,수원시,장안구청,2023-08-14 14:06,경기도수원시장안구영화동 수원시 장안구 영화동 368,보행,2023-12-01,,,
2023,수원시,팔달구청,2023-08-14 14:32,북수동 쌈지공원 앞,고정형,2023-12-01,,,
2023,수원시,영통구청,2023-08-14 14:34,이의동 드림스퀘어Ⅱ 앞,고정형,2023-12-01,,,
2023,수원시,팔달구청,2023-08-14 14:34,인계동 드림캐슬주상복합,고정형,2023-12-01,,,
2023,수원시,팔달구청,2023-08-14 14:34,매산동 팔달로 10번길 8,고정형,2023-12-01,,,
2023,수원시,팔달구청,2023-08-14 14:36,매산동 팅스몰 주차장 출구 옆,고정형,2023-12-01,,,
2023,수원시,팔달구청,2023-08-14 14:40,인계동 드림캐슬주상복합,고정형,2023-12-01,,,
2023,수원시,팔달구청,2023-08-14 15:08,교동 교동 행궁로84번길,주행형,2023-12-01,,,
2023,수원시,권선구청,2023-08-14 15:09,입북동 당수초교 정문 우측 사거리,고정형,2023-12-01,,,
2023,수원시,팔달구청,2023-08-14 15:10,인계동 한국씨티은행,고정형,2023-12-01,,,
2023,수원시,팔달구청,2023-08-14 15:11,팔달로3가 팔달로3가 팔달문로 1,주행형,2023-12-01,,,
2023,수원시,권선구청,2023-08-14 15:12,구운동 구운동 명품닭갈비,고정형,2023-12-01,,,
2023,수원시,팔달구청,2023-08-14 15:15,영동 영동 팔달문로9,주행형,2023-12-01,,,
2023,수원시,팔달구청,2023-08-14 15:21,인계동 경인통계청,고정형,2023-12-01,,,
2023,수원시,권선구청,2023-08-14 15:25,곡반정동 하나로마트한국빌딩앞,고정형,2023-12-01,,,
2023,수원시,팔달구청,2023-08-14 15:29,북수동 쌈지공원 앞,고정형,2023-12-01,,,
2023,수원시,팔달구청,2023-08-14 15:34,화서1동 푸르지오자이 북문 CU 앞 횡단보도,고정형,2023-12-01,,,
2023,수원시,팔달구청,2023-08-14 15:37,매산동 팅스몰 주차장 출구 옆,고정형,2023-12-01,,,
2023,수원시,팔달구청,2023-08-14 15:53,매산동 팔달로 10번길 8,고정형,2023-12-01,,,
2023,수원시,팔달구청,2023-08-14 16:05,매산동 팔달로 10번길 8,고정형,2023-12-01,,,
2023,수원시,권선구청,2023-08-14 16:31,서둔동 가온팰리스옆1,고정형,2023-12-01,,,
2023,수원시,영통구청,2023-08-14 16:46,이의동 드림스퀘어Ⅱ 앞,고정형,2023-12-01,,,
2023,수원시,팔달구청,2023-08-14 17:13,매산동 팅스몰 주차장 출구 옆,고정형,2023-12-01,,,
2023,수원시,팔달구청,2023-08-14 17:17,매산동 팔달로 10번길 8,고정형,2023-12-01,,,
2023,수원시,팔달구청,2023-08-14 17:51,인계동 드림캐슬주상복합,고정형,2023-12-01,,,
2023,수원시,팔달구청,2023-08-14 17:51,인계동 드림캐슬주상복합,고정형,2023-12-01,,,
2023,수원시,팔달구청,2023-08-14 17:58,매산동 팅스몰 주차장 출구 옆,고정형,2023-12-01,,,
2023,수원시,권선구청,2023-08-14 18:06,곡반정동 156-1,국민신문고,2023-12-01,,,
2023,수원시,권선구청,2023-08-14 18:08,곡반정동 156-1,국민신문고,2023-12-01,,,
2023,수원시,권선구청,2023-08-14 18:08,곡반정동 156-1,국민신문고,2023-12-01,,,
2023,수원시,팔달구청,2023-08-14 18:11,매산동 팅스몰 주차장 출구 옆,고정형,2023-12-01,,,
2023,수원시,팔달구청,2023-08-14 18:26,인계동 드림캐슬주상복합,고정형,2023-12-01,,,
2023,수원시,팔달구청,2023-08-14 18:27,인계동 드림캐슬주상복합,고정형,2023-12-01,,,
2023,수원시,팔달구청,2023-08-14 18:31,화서1동 수원역푸르지오자이 북문 우측,고정형,2023-12-01,,,
2023,수원시,팔달구청,2023-08-14 18:31,화서1동 수원역푸르지오자이 북문 우측,고정형,2023-12-01,,,
2023,수원시,영통구청,2023-08-14 18:35,이의동 도청예정부지,고정형,2023-12-01,,,
2023,수원시,팔달구청,2023-08-14 18:35,화서1동 푸르지오자이 북문 CU 앞 횡단보도,고정형,2023-12-01,,,
2023,수원시,권선구청,2023-08-14 18:46,곡반정동 562-2,국민신문고,2023-12-01,,,
2023,수원시,팔달구청,2023-08-14 18:48,인계동 드림캐슬주상복합,고정형,2023-12-01,,,
2023,수원시,팔달구청,2023-08-14 19:04,인계동 드림캐슬주상복합,고정형,2023-12-01,,,
2023,수원시,영통구청,2023-08-14 19:11,경기도수원시영통구영통동 수원시 영통구 영통동 975,보행,2023-12-01,,,
2023,수원시,팔달구청,2023-08-14 19:13,매산동 팅스몰 주차장 출구 옆,고정형,2023-12-01,,,
2023,수원시,팔달구청,2023-08-14 19:22,매산동 팅스몰 주차장 출구 옆,고정형,2023-12-01,,,
2023,수원시,팔달구청,2023-08-14 19:22,매산동 팅스몰 주차장 출구 옆,고정형,2023-12-01,,,
2023,수원시,팔달구청,2023-08-14 19:22,매산동 팅스몰 주차장 출구 옆,고정형,2023-12-01,,,
2023,수원시,팔달구청,2023-08-14 19:23,매산동 덕영대로 895번길 9-8,고정형,2023-12-01,,,
2023,수원시,팔달구청,2023-08-14 19:29,인계동 드림캐슬주상복합,고정형,2023-12-01,,,
2023,수원시,팔달구청,2023-08-14 19:55,매산동 팅스몰 주차장 출구 옆,고정형,2023-12-01,,,
2023,수원시,팔달구청,2023-08-14 19:56,인계동 드림캐슬주상복합,고정형,2023-12-01,,,
2023,수원시,팔달구청,2023-08-14 19:56,매산동 팅스몰 주차장 출구 옆,고정형,2023-12-01,,,
2023,수원시,팔달구청,2023-08-14 20:09,경기도수원시팔달구인계동 수원시 팔달구 인계동 158-13,보행,2023-12-01,,,
2023,수원시,팔달구청,2023-08-14 20:11,경기도수원시팔달구인계동 수원시 팔달구 인계동 158-13,보행,2023-12-01,,,
2023,수원시,팔달구청,2023-08-14 20:11,경기도수원시팔달구인계동 수원시 팔달구 인계동 158-13,보행,2023-12-01,,,
2023,수원시,팔달구청,2023-08-14 20:14,매산동 팅스몰 주차장 출구 옆,고정형,2023-12-01,,,
2023,수원시,팔달구청,2023-08-14 20:26,매산동 팅스몰 주차장 출구 옆,고정형,2023-12-01,,,
2023,수원시,영통구청,2023-08-14 20:27,광교동 광교더사랑교회뒷길,고정형,2023-12-01,,,
2023,수원시,팔달구청,2023-08-14 21:53,매교동 매교동 120-12 소화전,국민신문고,2023-12-01,,,
2023,수원시,팔달구청,2023-08-14 21:55,매교동 매교동 88-18 소화전,국민신문고,2023-12-01,,,
2023,수원시,팔달구청,2023-08-14 21:55,매교동 매교동 120-6 소화전,국민신문고,2023-12-01,,,
2023,수원시,팔달구청,2023-08-14 21:57,매교동 매교동 91-19 교차로모퉁이,국민신문고,2023-12-01,,,
2023,수원시,팔달구청,2023-08-15 7:33,매산동 팅스몰 주차장 출구 옆,고정형,2023-12-01,,,
2023,수원시,팔달구청,2023-08-15 7:33,인계동 드림캐슬주상복합,고정형,2023-12-01,,,
2023,수원시,팔달구청,2023-08-15 7:34,인계동 경인통계청,고정형,2023-12-01,,,
2023,수원시,팔달구청,2023-08-15 7:34,인계동 경인통계청,고정형,2023-12-01,,,
2023,수원시,팔달구청,2023-08-15 7:35,매산동 팅스몰 주차장 출구 옆,고정형,2023-12-01,,,
2023,수원시,팔달구청,2023-08-15 7:35,매산동 팅스몰 주차장 출구 옆,고정형,2023-12-01,,,
2023,수원시,팔달구청,2023-08-15 7:45,인계동 한국씨티은행,고정형,2023-12-01,,,
2023,수원시,팔달구청,2023-08-15 7:50,인계동 한국씨티은행,고정형,2023-12-01,,,
2023,수원시,팔달구청,2023-08-15 8:27,인계동 경인통계청,고정형,2023-12-01,,,
2023,수원시,팔달구청,2023-08-15 8:34,고등동 고등동 180-170 교차로모퉁이,국민신문고,2023-12-01,,,
2023,수원시,팔달구청,2023-08-15 8:40,인계동 경인통계청,고정형,2023-12-01,,,
2023,수원시,팔달구청,2023-08-15 8:45,매산동 팅스몰 주차장 출구 옆,고정형,2023-12-01,,,
2023,수원시,팔달구청,2023-08-15 8:49,인계동 경인통계청,고정형,2023-12-01,,,
2023,수원시,팔달구청,2023-08-15 8:49,인계동 경인통계청,고정형,2023-12-01,,,
2023,수원시,팔달구청,2023-08-15 9:07,인계동 경인통계청,고정형,2023-12-01,,,
2023,수원시,팔달구청,2023-08-15 9:10,인계동 드림캐슬주상복합,고정형,2023-12-01,,,
2023,수원시,팔달구청,2023-08-15 9:10,인계동 드림캐슬주상복합,고정형,2023-12-01,,,
2023,수원시,팔달구청,2023-08-15 9:21,인계동 드림캐슬주상복합,고정형,2023-12-01,,,
2023,수원시,팔달구청,2023-08-15 9:28,매산동 팔달로 10번길 8,고정형,2023-12-01,,,
2023,수원시,팔달구청,2023-08-15 10:02,북수동 쌈지공원 앞,고정형,2023-12-01,,,
2023,수원시,팔달구청,2023-08-15 10:15,인계동 한국씨티은행,고정형,2023-12-01,,,
2023,수원시,영통구청,2023-08-15 10:46,광교동 광교더사랑교회뒷길,고정형,2023-12-01,,,
2023,수원시,팔달구청,2023-08-15 11:06,인계동 인계동 권광로303번길,주행형,2023-12-01,,,
2023,수원시,영통구청,2023-08-15 11:07,광교동 광교더사랑교회뒷길,고정형,2023-12-01,,,
2023,수원시,팔달구청,2023-08-15 11:27,화서1동 푸르지오자이 북문 CU 앞 횡단보도,고정형,2023-12-01,,,
2023,수원시,팔달구청,2023-08-15 11:30,화서1동 수원역푸르지오자이 북문 우측,고정형,2023-12-01,,,
2023,수원시,팔달구청,2023-08-15 11:37,매산동 역전농협,고정형,2023-12-01,,,
2023,수원시,장안구청,2023-08-15 11:51,이목동 이목동232-9,국민신문고,2023-12-01,,,
2023,수원시,팔달구청,2023-08-15 11:53,행궁동 팔달문 버스정류장,고정형,2023-12-01,,,
2023,수원시,영통구청,2023-08-15 13:18,광교동 광교이의119안전센터,고정형,2023-12-01,,,
2023,수원시,영통구청,2023-08-15 13:36,원천동 광교 한화겔러리아 앞,고정형,2023-12-01,,,
2023,수원시,팔달구청,2023-08-15 13:47,화서1동 푸르지오자이 북문 CU 앞 횡단보도,고정형,2023-12-01,,,
2023,수원시,팔달구청,2023-08-15 14:32,인계동 경인통계청,고정형,2023-12-01,,,
2023,수원시,권선구청,2023-08-15 14:32,고색동 도이치 고객주차장 출입구,고정형,2023-12-01,,,
2023,수원시,팔달구청,2023-08-15 14:33,북수동 쌈지공원 앞,고정형,2023-12-01,,,
2023,수원시,팔달구청,2023-08-15 14:33,인계동 경인통계청,고정형,2023-12-01,,,
2023,수원시,권선구청,2023-08-15 14:35,오목천동 한화꿈에그린아파트 214동앞,고정형,2023-12-01,,,
2023,수원시,권선구청,2023-08-15 14:41,서둔동 가온팰리스옆1,고정형,2023-12-01,,,
2023,수원시,팔달구청,2023-08-15 14:41,인계동 인계동 1116-5 교차로모퉁이,국민신문고,2023-12-01,,,
2023,수원시,팔달구청,2023-08-15 14:43,매산동 팅스몰 주차장 출구 옆,고정형,2023-12-01,,,
2023,수원시,영통구청,2023-08-15 14:46,영통동 롯데마트 뒤,고정형,2023-12-01,37.27220279535416,127.10856729001851,
2023,수원시,팔달구청,2023-08-15 14:46,행궁동 화홍사랑채,고정형,2023-12-01,,,
2023,수원시,팔달구청,2023-08-15 14:51,행궁동 화홍사랑채,고정형,2023-12-01,,,
2023,수원시,팔달구청,2023-08-15 14:54,매산동 팅스몰 주차장 출구 옆,고정형,2023-12-01,,,
2023,수원시,권선구청,2023-08-15 15:04,서둔동 수원역한라비발디퍼스트 앞2,고정형,2023-12-01,,,
2023,수원시,권선구청,2023-08-15 15:04,서둔동 수원역한라비발디퍼스트 앞2,고정형,2023-12-01,,,
2023,수원시,팔달구청,2023-08-15 15:07,매산동 팅스몰 주차장 출구 옆,고정형,2023-12-01,,,
2023,수원시,영통구청,2023-08-15 15:08,이의동 드림스퀘어Ⅱ 앞,고정형,2023-12-01,,,
2023,수원시,권선구청,2023-08-15 15:32,곡반정동 하나로마트한국빌딩앞,고정형,2023-12-01,,,
2023,수원시,권선구청,2023-08-15 15:34,서둔동 가온팰리스옆1,고정형,2023-12-01,,,
2023,수원시,팔달구청,2023-08-15 15:36,매산동 역전농협,고정형,2023-12-01,,,
2023,수원시,팔달구청,2023-08-15 15:46,화서1동 수원역푸르지오자이 북문 우측,고정형,2023-12-01,,,
2023,수원시,팔달구청,2023-08-15 15:47,화서1동 수원역푸르지오자이 북문 우측,고정형,2023-12-01,,,
2023,수원시,팔달구청,2023-08-15 15:52,인계동 드림캐슬주상복합,고정형,2023-12-01,,,
2023,수원시,팔달구청,2023-08-15 15:55,매산동 팅스몰 주차장 출구 옆,고정형,2023-12-01,,,
2023,수원시,팔달구청,2023-08-15 15:58,매산로2가 팔달로2가 37-1 인도,국민신문고,2023-12-01,,,
2023,수원시,팔달구청,2023-08-15 16:24,매산동 팅스몰 주차장 출구 옆,고정형,2023-12-01,,,
2023,수원시,영통구청,2023-08-15 16:24,망포동 힐스테이트 119동 ~방죽공원 삼거리,고정형,2023-12-01,,,
2023,수원시,권선구청,2023-08-15 16:30,서둔동 수원역한라비발디퍼스트 앞2,고정형,2023-12-01,,,
2023,수원시,팔달구청,2023-08-15 16:34,매산동 팅스몰 주차장 출구 옆,고정형,2023-12-01,,,
2023,수원시,팔달구청,2023-08-15 16:35,매산동 팔달로 10번길 8,고정형,2023-12-01,,,
2023,수원시,팔달구청,2023-08-15 16:37,인계동 경인통계청,고정형,2023-12-01,,,
2023,수원시,권선구청,2023-08-15 16:40,서둔동 가온팰리스옆2,고정형,2023-12-01,,,
2023,수원시,팔달구청,2023-08-15 16:46,경기도수원시팔달구남수동 수원시 팔달구 신풍로23번길,보행,2023-12-01,,,
2023,수원시,팔달구청,2023-08-15 16:49,매산동 팅스몰 주차장 출구 옆,고정형,2023-12-01,,,
2023,수원시,영통구청,2023-08-15 16:52,이의동 드림스퀘어Ⅱ 앞,고정형,2023-12-01,,,
2023,수원시,권선구청,2023-08-15 17:00,평동 수원역고가밑 (애경뒷길),고정형,2023-12-01,,,
2023,수원시,팔달구청,2023-08-15 17:03,매교동 매교동 120-12 소화전,국민신문고,2023-12-01,,,
2023,수원시,팔달구청,2023-08-15 17:11,매산동 팅스몰 주차장 출구 옆,고정형,2023-12-01,,,
2023,수원시,팔달구청,2023-08-15 17:14,매산동 역전농협,고정형,2023-12-01,,,
2023,수원시,권선구청,2023-08-15 17:30,곡반정동 하나로마트한국빌딩앞,고정형,2023-12-01,,,
2023,수원시,팔달구청,2023-08-15 17:34,화서1동 수원역푸르지오자이 북문 우측,고정형,2023-12-01,,,
2023,수원시,팔달구청,2023-08-15 17:45,인계동 드림캐슬주상복합,고정형,2023-12-01,,,
2023,수원시,팔달구청,2023-08-15 17:45,인계동 드림캐슬주상복합,고정형,2023-12-01,,,
2023,수원시,팔달구청,2023-08-15 17:46,매산동 팅스몰 주차장 출구 옆,고정형,2023-12-01,,,
2023,수원시,팔달구청,2023-08-15 17:52,매산동 팔달로 10번길 8,고정형,2023-12-01,,,
2023,수원시,팔달구청,2023-08-15 17:58,매산동 팅스몰 주차장 출구 옆,고정형,2023-12-01,,,
2023,수원시,팔달구청,2023-08-15 17:58,매산동 팅스몰 주차장 출구 옆,고정형,2023-12-01,,,
2023,수원시,팔달구청,2023-08-15 18:18,화서1동 수원역푸르지오자이 북문 우측,고정형,2023-12-01,,,
2023,수원시,팔달구청,2023-08-15 19:26,매산동 팅스몰 주차장 출구 옆,고정형,2023-12-01,,,
2023,수원시,영통구청,2023-08-15 19:37,이의동 광교가재울마을사거리,고정형,2023-12-01,,,
2023,수원시,팔달구청,2023-08-15 19:57,매산동 덕영대로 895번길 9-8,고정형,2023-12-01,,,
2023,수원시,팔달구청,2023-08-15 20:29,매산동 팅스몰 주차장 출구 옆,고정형,2023-12-01,,,
2023,수원시,팔달구청,2023-08-15 20:30,매산동 역전농협,고정형,2023-12-01,,,
2023,수원시,팔달구청,2023-08-15 21:11,매산동 역전농협,고정형,2023-12-01,,,
2023,수원시,권선구청,2023-08-16 5:45,곡반정동 562-2,국민신문고,2023-12-01,,,
2023,수원시,권선구청,2023-08-16 5:45,곡반정동 562-2,국민신문고,2023-12-01,,,
2023,수원시,팔달구청,2023-08-16 7:03,화서1동 푸르지오자이 북문 CU 앞 횡단보도,고정형,2023-12-01,,,
2023,수원시,팔달구청,2023-08-16 7:03,화서1동 푸르지오자이 북문 CU 앞 횡단보도,고정형,2023-12-01,,,
2023,수원시,팔달구청,2023-08-16 7:33,매산동 팅스몰 주차장 출구 옆,고정형,2023-12-01,,,
2023,수원시,팔달구청,2023-08-16 7:34,인계동 한국씨티은행,고정형,2023-12-01,,,
2023,수원시,팔달구청,2023-08-16 7:34,인계동 경인통계청,고정형,2023-12-01,,,
2023,수원시,팔달구청,2023-08-16 7:34,인계동 경인통계청,고정형,2023-12-01,,,
2023,수원시,팔달구청,2023-08-16 7:35,인계동 경인통계청,고정형,2023-12-01,,,
2023,수원시,팔달구청,2023-08-16 7:54,인계동 경인통계청,고정형,2023-12-01,,,
2023,수원시,팔달구청,2023-08-16 7:54,인계동 경인통계청,고정형,2023-12-01,,,
2023,수원시,권선구청,2023-08-16 8:05,곡반정동 하나로마트한국빌딩앞,고정형,2023-12-01,,,
2023,수원시,권선구청,2023-08-16 8:06,권선2동 곡정초교 정문 좌측 사거리,고정형,2023-12-01,,,
2023,수원시,권선구청,2023-08-16 8:06,권선2동 곡정초교 정문 좌측 사거리,고정형,2023-12-01,,,
2023,수원시,영통구청,2023-08-16 8:17,원천동 광교 한화겔러리아 앞,고정형,2023-12-01,,,
2023,수원시,팔달구청,2023-08-16 8:24,북수동 쌈지공원 앞,고정형,2023-12-01,,,
2023,수원시,권선구청,2023-08-16 8:28,평동 오목초교 정문 우측 삼거리,고정형,2023-12-01,,,
2023,수원시,권선구청,2023-08-16 8:28,평동 오목초교 정문 우측 삼거리,고정형,2023-12-01,,,
2023,수원시,영통구청,2023-08-16 8:42,영통동 롯데마트 뒤,고정형,2023-12-01,37.27220279535416,127.10856729001851,
2023,수원시,팔달구청,2023-08-16 8:52,매산동 팅스몰 주차장 출구 옆,고정형,2023-12-01,,,
2023,수원시,권선구청,2023-08-16 9:31,호매실동 서수원로 345,주행형,2023-12-01,,,
2023,수원시,권선구청,2023-08-16 9:31,호매실동 서수원로 345,주행형,2023-12-01,,,
2023,수원시,권선구청,2023-08-16 10:06,금곡동 수원문산고속도로,주행형,2023-12-01,,,
2023,수원시,팔달구청,2023-08-16 10:10,인계동 한국씨티은행,고정형,2023-12-01,,,
2023,수원시,권선구청,2023-08-16 10:30,구운동 구운동 명품닭갈비,고정형,2023-12-01,,,
2023,수원시,영통구청,2023-08-16 10:34,광교동 광교이의119안전센터,고정형,2023-12-01,,,
2023,수원시,권선구청,2023-08-16 10:39,권선2동 곡정초교 정문 좌측 사거리,고정형,2023-12-01,,,
2023,수원시,영통구청,2023-08-16 14:16,원천동 광교매원초등학교,고정형,2023-12-01,,,
2023,수원시,팔달구청,2023-08-16 14:33,신풍동 미술관로터리,고정형,2023-12-01,,,
2023,수원시,팔달구청,2023-08-16 14:38,인계동 경인통계청,고정형,2023-12-01,,,
2023,수원시,팔달구청,2023-08-16 14:38,매산동 팅스몰 주차장 출구 옆,고정형,2023-12-01,,,
2023,수원시,팔달구청,2023-08-16 14:38,화서1동 수원역푸르지오자이 북문 우측,고정형,2023-12-01,,,
2023,수원시,팔달구청,2023-08-16 14:44,북수동 쌈지공원 앞,고정형,2023-12-01,,,
2023,수원시,팔달구청,2023-08-16 14:44,북수동 쌈지공원 앞,고정형,2023-12-01,,,
2023,수원시,팔달구청,2023-08-16 14:46,인계동 드림캐슬주상복합,고정형,2023-12-01,,,
2023,수원시,권선구청,2023-08-16 14:46,서둔동 가온팰리스옆2,고정형,2023-12-01,,,
2023,수원시,권선구청,2023-08-16 14:47,곡반정동 하나로마트한국빌딩앞,고정형,2023-12-01,,,
2023,수원시,장안구청,2023-08-16 14:50,정자3동 정자동 오일뱅크,고정형,2023-12-01,,,
2023,수원시,권선구청,2023-08-16 14:52,경기도수원시권선구세류동 수원시 권선구 세류동 260-4,보행,2023-12-01,,,
2023,수원시,팔달구청,2023-08-16 15:03,매산동 팔달로 10번길 8,고정형,2023-12-01,,,
2023,수원시,권선구청,2023-08-16 15:06,서둔동 가온팰리스옆2,고정형,2023-12-01,,,
2023,수원시,영통구청,2023-08-16 15:10,이의동 드림스퀘어Ⅱ 앞,고정형,2023-12-01,,,
2023,수원시,팔달구청,2023-08-16 15:29,매산동 팅스몰 주차장 출구 옆,고정형,2023-12-01,,,
2023,수원시,팔달구청,2023-08-16 15:41,인계동 드림캐슬주상복합,고정형,2023-12-01,,,
2023,수원시,팔달구청,2023-08-16 15:42,팔달로2가 팔달로2가 정조로796번길,주행형,2023-12-01,,,
2023,수원시,팔달구청,2023-08-16 15:42,남수동 남수동 정조로796번길,주행형,2023-12-01,,,
2023,수원시,팔달구청,2023-08-16 15:42,남수동 남수동 정조로796번길,주행형,2023-12-01,,,
2023,수원시,팔달구청,2023-08-16 15:42,남수동 남수동 정조로796번길,주행형,2023-12-01,,,
2023,수원시,권선구청,2023-08-16 15:59,평동 SK모터스 고가 옆,고정형,2023-12-01,,,
2023,수원시,팔달구청,2023-08-16 16:05,매산동 팅스몰 주차장 출구 옆,고정형,2023-12-01,,,
2023,수원시,팔달구청,2023-08-16 16:05,매산동 팅스몰 주차장 출구 옆,고정형,2023-12-01,,,
2023,수원시,영통구청,2023-08-16 16:06,이의동 드림스퀘어Ⅱ 앞,고정형,2023-12-01,,,
2023,수원시,팔달구청,2023-08-16 16:13,인계동 경인통계청,고정형,2023-12-01,,,
2023,수원시,팔달구청,2023-08-16 16:24,인계동 한국씨티은행,고정형,2023-12-01,,,
2023,수원시,팔달구청,2023-08-16 16:25,북수동 쌈지공원 앞,고정형,2023-12-01,,,
2023,수원시,권선구청,2023-08-16 16:44,평동 오현초교 정문 우측 사거리,고정형,2023-12-01,,,
2023,수원시,권선구청,2023-08-16 16:44,평동 오현초교 정문 우측 사거리,고정형,2023-12-01,,,
2023,수원시,팔달구청,2023-08-16 16:56,매산동 역전농협,고정형,2023-12-01,,,
2023,수원시,권선구청,2023-08-16 17:02,호매실동 금호프라자 대각 맞은편,고정형,2023-12-01,,,
2023,수원시,팔달구청,2023-08-16 17:25,매산동 팅스몰 주차장 출구 옆,고정형,2023-12-01,,,
2023,수원시,팔달구청,2023-08-16 17:26,매산동 팔달로 10번길 8,고정형,2023-12-01,,,
2023,수원시,팔달구청,2023-08-16 17:28,매산동 덕영대로 895번길 9-8,고정형,2023-12-01,,,
2023,수원시,권선구청,2023-08-16 17:30,입북동 당수초교 정문 우측 사거리,고정형,2023-12-01,,,
2023,수원시,팔달구청,2023-08-16 17:32,인계동 한국씨티은행,고정형,2023-12-01,,,
2023,수원시,장안구청,2023-08-16 17:43,상광교동 광교버스정류장종점,고정형,2023-12-01,,,
2023,수원시,팔달구청,2023-08-16 18:09,매산동 팅스몰 주차장 출구 옆,고정형,2023-12-01,,,
2023,수원시,팔달구청,2023-08-16 18:28,인계동 드림캐슬주상복합,고정형,2023-12-01,,,
2023,수원시,장안구청,2023-08-16 18:51,경기도수원시장안구천천동 수원시 장안구 천천동 320,보행,2023-12-01,,,
2023,수원시,팔달구청,2023-08-16 18:59,인계동 드림캐슬주상복합,고정형,2023-12-01,,,
2023,수원시,팔달구청,2023-08-16 19:34,인계동 드림캐슬주상복합,고정형,2023-12-01,,,
2023,수원시,팔달구청,2023-08-16 20:06,매산동 팅스몰 주차장 출구 옆,고정형,2023-12-01,,,
2023,수원시,영통구청,2023-08-16 20:15,망포동 힐스테이트 119동 ~방죽공원 삼거리,고정형,2023-12-01,,,
2023,수원시,영통구청,2023-08-16 20:18,원천동 광교매원초등학교,고정형,2023-12-01,,,
2023,수원시,팔달구청,2023-08-16 21:16,인계동 드림캐슬주상복합,고정형,2023-12-01,,,
2023,수원시,권선구청,2023-08-16 23:09,곡반정동 191-4,국민신문고,2023-12-01,,,
2023,수원시,권선구청,2023-08-16 23:10,곡반정동 191-4,국민신문고,2023-12-01,,,
2023,수원시,권선구청,2023-08-17 5:39,곡반정동 562-2,국민신문고,2023-12-01,,,
2023,수원시,권선구청,2023-08-17 5:39,곡반정동 562-2 소화전,국민신문고,2023-12-01,,,
2023,수원시,권선구청,2023-08-17 6:40,곡반정동 100-10,국민신문고,2023-12-01,,,
2023,수원시,팔달구청,2023-08-17 7:32,매산동 팔달로 10번길 8,고정형,2023-12-01,,,
2023,수원시,팔달구청,2023-08-17 7:32,매산동 팅스몰 주차장 출구 옆,고정형,2023-12-01,,,
2023,수원시,팔달구청,2023-08-17 7:33,인계동 경인통계청,고정형,2023-12-01,,,
2023,수원시,팔달구청,2023-08-17 7:33,인계동 경인통계청,고정형,2023-12-01,,,
2023,수원시,권선구청,2023-08-17 8:02,서둔동 가온팰리스옆2,고정형,2023-12-01,,,
2023,수원시,팔달구청,2023-08-17 8:03,북수동 쌈지공원 앞,고정형,2023-12-01,,,
2023,수원시,권선구청,2023-08-17 8:03,곡반정동 하나로마트한국빌딩앞,고정형,2023-12-01,,,
2023,수원시,권선구청,2023-08-17 8:03,서둔동 가온팰리스옆2,고정형,2023-12-01,,,
2023,수원시,권선구청,2023-08-17 8:03,서둔동 가온팰리스옆2,고정형,2023-12-01,,,
2023,수원시,권선구청,2023-08-17 8:03,서둔동 가온팰리스옆2,고정형,2023-12-01,,,
2023,수원시,권선구청,2023-08-17 8:04,입북동 당수초교 정문 우측 사거리,고정형,2023-12-01,,,
2023,수원시,권선구청,2023-08-17 8:06,곡반정동 하나로마트한국빌딩앞,고정형,2023-12-01,,,
2023,수원시,권선구청,2023-08-17 8:07,권선2동 곡정초교 정문 좌측 사거리,고정형,2023-12-01,,,
2023,수원시,권선구청,2023-08-17 8:08,입북동 당수초교 정문 우측 사거리,고정형,2023-12-01,,,
2023,수원시,권선구청,2023-08-17 8:20,권선2동 곡정초교 정문 좌측 사거리,고정형,2023-12-01,,,
2023,수원시,권선구청,2023-08-17 8:40,세류3동 신곡초교 후문 좌측 사거리,고정형,2023-12-01,,,
2023,수원시,팔달구청,2023-08-17 9:03,매산동 역전농협,고정형,2023-12-01,,,
2023,수원시,권선구청,2023-08-17 9:22,서둔동 가온팰리스옆2,고정형,2023-12-01,,,
2023,수원시,팔달구청,2023-08-17 9:51,인계동 드림캐슬주상복합,고정형,2023-12-01,,,
2023,수원시,권선구청,2023-08-17 9:54,서둔동 가온팰리스옆2,고정형,2023-12-01,,,
2023,수원시,팔달구청,2023-08-17 9:55,인계동 드림캐슬주상복합,고정형,2023-12-01,,,
2023,수원시,권선구청,2023-08-17 10:02,구운동 구운초교 정문 우측 삼거리,고정형,2023-12-01,,,
2023,수원시,권선구청,2023-08-17 10:02,구운동 구운초교 정문 우측 삼거리,고정형,2023-12-01,,,
2023,수원시,팔달구청,2023-08-17 10:15,매산동 팅스몰 주차장 출구 옆,고정형,2023-12-01,,,
2023,수원시,영통구청,2023-08-17 10:25,하동 용인서울고속도로,주행형,2023-12-01,,,
2023,수원시,영통구청,2023-08-17 10:25,하동 용인서울고속도로,주행형,2023-12-01,,,
2023,수원시,영통구청,2023-08-17 10:25,하동 용인서울고속도로,주행형,2023-12-01,,,
2023,수원시,영통구청,2023-08-17 10:25,하동 용인서울고속도로,주행형,2023-12-01,,,
2023,수원시,영통구청,2023-08-17 10:25,하동 용인서울고속도로,주행형,2023-12-01,,,
2023,수원시,영통구청,2023-08-17 10:25,하동 용인서울고속도로,주행형,2023-12-01,,,
2023,수원시,영통구청,2023-08-17 10:25,하동 용인서울고속도로,주행형,2023-12-01,,,
2023,수원시,영통구청,2023-08-17 10:25,하동 용인서울고속도로,주행형,2023-12-01,,,
2023,수원시,영통구청,2023-08-17 10:25,하동 용인서울고속도로,주행형,2023-12-01,,,
2023,수원시,영통구청,2023-08-17 10:25,하동 용인서울고속도로,주행형,2023-12-01,,,
2023,수원시,영통구청,2023-08-17 10:46,경기도수원시영통구매탄동 수원시 영통구 인계로 189번길 15솔샘유치원,보행,2023-12-01,,,
2023,수원시,영통구청,2023-08-17 10:47,경기도수원시영통구매탄동 수원시 영통구 인계로 189번길 15솔샘유치원,보행,2023-12-01,,,
2023,수원시,권선구청,2023-08-17 11:09,권선동 NC터미널점 버스정류장 앞,고정형,2023-12-01,,,
2023,수원시,팔달구청,2023-08-17 12:02,화서1동 푸르지오자이 북문 CU 앞 횡단보도,고정형,2023-12-01,,,
2023,수원시,권선구청,2023-08-17 12:21,입북동 당수초교 정문 우측 사거리,고정형,2023-12-01,,,
2023,수원시,팔달구청,2023-08-17 13:50,화서1동 수원역푸르지오자이 북문 우측,고정형,2023-12-01,,,
2023,수원시,영통구청,2023-08-17 13:56,권선동 권선로794번길,주행형,2023-12-01,,,
2023,수원시,팔달구청,2023-08-17 14:25,매산로2가 매산로2가 향교로 56-1,주행형,2023-12-01,,,
2023,수원시,권선구청,2023-08-17 14:29,입북동 당수초교 정문 우측 사거리,고정형,2023-12-01,,,
2023,수원시,권선구청,2023-08-17 14:29,입북동 당수초교 정문 우측 사거리,고정형,2023-12-01,,,
2023,수원시,팔달구청,2023-08-17 14:33,매산동 팔달로 10번길 8,고정형,2023-12-01,,,
2023,수원시,팔달구청,2023-08-17 14:33,매산동 팔달로 10번길 8,고정형,2023-12-01,,,
2023,수원시,권선구청,2023-08-17 14:34,곡반정동 하나로마트한국빌딩앞,고정형,2023-12-01,,,
2023,수원시,팔달구청,2023-08-17 14:36,인계동 경인통계청,고정형,2023-12-01,,,
2023,수원시,팔달구청,2023-08-17 14:36,인계동 경인통계청,고정형,2023-12-01,,,
2023,수원시,팔달구청,2023-08-17 14:43,매산동 팅스몰 주차장 출구 옆,고정형,2023-12-01,,,
2023,수원시,팔달구청,2023-08-17 15:11,남수동 남수동 정조로800번길,주행형,2023-12-01,,,
2023,수원시,팔달구청,2023-08-17 15:16,인계동 인계동 수원천로231번길,주행형,2023-12-01,,,
2023,수원시,팔달구청,2023-08-17 15:16,인계동 인계동 수원천로231번길3,주행형,2023-12-01,,,
2023,수원시,팔달구청,2023-08-17 15:16,인계동 인계동 수원천로231번길3,주행형,2023-12-01,,,
2023,수원시,권선구청,2023-08-17 15:26,서둔동 가온팰리스옆2,고정형,2023-12-01,,,
2023,수원시,팔달구청,2023-08-17 15:30,인계동 경인통계청,고정형,2023-12-01,,,
2023,수원시,팔달구청,2023-08-17 15:30,매산동 팔달로 10번길 8,고정형,2023-12-01,,,
2023,수원시,팔달구청,2023-08-17 15:30,매산동 팔달로 10번길 8,고정형,2023-12-01,,,
2023,수원시,팔달구청,2023-08-17 15:40,매산동 팔달로 10번길 8,고정형,2023-12-01,,,
2023,수원시,권선구청,2023-08-17 15:49,세류3동 신곡초교 후문 좌측 사거리,고정형,2023-12-01,,,
2023,수원시,영통구청,2023-08-17 16:12,망포동 E-마트 에브리데이 앞,고정형,2023-12-01,37.2361017468141,127.060345496536,
2023,수원시,팔달구청,2023-08-17 16:26,인계동 경인통계청,고정형,2023-12-01,,,
2023,수원시,권선구청,2023-08-17 16:31,호매실동 서수원로 345,주행형,2023-12-01,,,
2023,수원시,권선구청,2023-08-17 16:36,곡반정동 하나로마트한국빌딩앞,고정형,2023-12-01,,,
2023,수원시,권선구청,2023-08-17 16:44,평동 고현초교 정문 좌측 삼거리,고정형,2023-12-01,,,
2023,수원시,권선구청,2023-08-17 17:02,구운동 구운동 명품닭갈비,고정형,2023-12-01,,,
2023,수원시,팔달구청,2023-08-17 17:14,인계동 드림캐슬주상복합,고정형,2023-12-01,,,
2023,수원시,권선구청,2023-08-17 17:35,서둔동 가온팰리스옆2,고정형,2023-12-01,,,
2023,수원시,권선구청,2023-08-17 17:35,서둔동 가온팰리스옆2,고정형,2023-12-01,,,
2023,수원시,영통구청,2023-08-17 17:36,망포동 E-마트 에브리데이 앞,고정형,2023-12-01,37.2361017468141,127.060345496536,
2023,수원시,팔달구청,2023-08-17 17:55,매산동 팅스몰 주차장 출구 옆,고정형,2023-12-01,,,
2023,수원시,영통구청,2023-08-17 18:15,영통동 롯데마트 뒤,고정형,2023-12-01,37.27220279535416,127.10856729001851,
2023,수원시,팔달구청,2023-08-17 18:44,매산동 팔달로 10번길 8,고정형,2023-12-01,,,
2023,수원시,팔달구청,2023-08-17 18:53,화서1동 수원역푸르지오자이 북문 우측,고정형,2023-12-01,,,
2023,수원시,팔달구청,2023-08-17 18:54,인계동 드림캐슬주상복합,고정형,2023-12-01,,,
2023,수원시,팔달구청,2023-08-17 18:54,인계동 드림캐슬주상복합,고정형,2023-12-01,,,
2023,수원시,팔달구청,2023-08-17 19:00,인계동 드림캐슬주상복합,고정형,2023-12-01,,,
2023,수원시,팔달구청,2023-08-17 19:42,인계동 드림캐슬주상복합,고정형,2023-12-01,,,
2023,수원시,영통구청,2023-08-17 19:42,이의동 광교호반베르디움 103동 앞,고정형,2023-12-01,,,
2023,수원시,영통구청,2023-08-17 19:42,이의동 광교호반베르디움 103동 앞,고정형,2023-12-01,,,
2023,수원시,팔달구청,2023-08-17 19:46,인계동 드림캐슬주상복합,고정형,2023-12-01,,,
2023,수원시,팔달구청,2023-08-17 19:48,화서1동 수원역푸르지오자이 북문 우측,고정형,2023-12-01,,,
2023,수원시,영통구청,2023-08-17 20:20,망포동 E-마트 에브리데이 앞,고정형,2023-12-01,37.2361017468141,127.060345496536,
2023,수원시,권선구청,2023-08-17 20:24,경기도수원시권선구금곡동 수원시 권선구 금곡동 328-4,보행,2023-12-01,,,
2023,수원시,권선구청,2023-08-17 20:24,경기도수원시권선구금곡동 수원시 권선구 금곡동 328-4,보행,2023-12-01,,,
2023,수원시,팔달구청,2023-08-17 20:25,매산동 역전농협,고정형,2023-12-01,,,
2023,수원시,권선구청,2023-08-17 20:26,경기도수원시권선구금곡동 수원시 권선구 금곡동 328-4,보행,2023-12-01,,,
2023,수원시,권선구청,2023-08-17 20:26,경기도수원시권선구금곡동 수원시 권선구 금곡동 328-4,보행,2023-12-01,,,
2023,수원시,권선구청,2023-08-17 20:27,경기도수원시권선구금곡동 수원시 권선구 금곡동 328-4,보행,2023-12-01,,,
2023,수원시,권선구청,2023-08-17 20:28,경기도수원시권선구금곡동 수원시 권선구 금곡동 328-4,보행,2023-12-01,,,
2023,수원시,권선구청,2023-08-17 21:54,곡반정동 196-11,국민신문고,2023-12-01,,,
2023,수원시,영통구청,2023-08-17 22:09,영통구 망포동 212-8,보행,2023-12-01,,,
2023,수원시,팔달구청,2023-08-17 23:06,매교동 매교동 287-37 교차로모퉁이,국민신문고,2023-12-01,,,
2023,수원시,팔달구청,2023-08-17 23:06,매교동 매교동 287-37 교차로모퉁이,국민신문고,2023-12-01,,,
2023,수원시,권선구청,2023-08-18 5:53,곡반정동 562-2,국민신문고,2023-12-01,,,
2023,수원시,권선구청,2023-08-18 5:56,곡반정동 156-14,국민신문고,2023-12-01,,,
2023,수원시,팔달구청,2023-08-18 7:33,매산동 팔달로 10번길 8,고정형,2023-12-01,,,
2023,수원시,팔달구청,2023-08-18 7:42,인계동 경인통계청,고정형,2023-12-01,,,
2023,수원시,권선구청,2023-08-18 8:02,서둔동 가온팰리스옆2,고정형,2023-12-01,,,
2023,수원시,권선구청,2023-08-18 8:03,서둔동 가온팰리스옆2,고정형,2023-12-01,,,
2023,수원시,권선구청,2023-08-18 8:04,서둔동 가온팰리스옆2,고정형,2023-12-01,,,
2023,수원시,권선구청,2023-08-18 8:04,서둔동 가온팰리스옆2,고정형,2023-12-01,,,
2023,수원시,팔달구청,2023-08-18 8:04,신풍동 미술관로터리,고정형,2023-12-01,,,
2023,수원시,권선구청,2023-08-18 8:05,곡반정동 하나로마트한국빌딩앞,고정형,2023-12-01,,,
2023,수원시,권선구청,2023-08-18 8:06,곡반정동 하나로마트한국빌딩앞,고정형,2023-12-01,,,
2023,수원시,권선구청,2023-08-18 8:07,평동 오현초교 정문 우측 사거리,고정형,2023-12-01,,,
2023,수원시,팔달구청,2023-08-18 8:09,인계동 한국씨티은행,고정형,2023-12-01,,,
2023,수원시,팔달구청,2023-08-18 8:12,인계동 드림캐슬주상복합,고정형,2023-12-01,,,
2023,수원시,팔달구청,2023-08-18 8:12,인계동 드림캐슬주상복합,고정형,2023-12-01,,,
2023,수원시,팔달구청,2023-08-18 8:17,인계동 드림캐슬주상복합,고정형,2023-12-01,,,
2023,수원시,영통구청,2023-08-18 9:05,망포동 힐스테이트 119동 ~방죽공원 삼거리,고정형,2023-12-01,,,
2023,수원시,권선구청,2023-08-18 9:18,권선동 권선동 한라비발디앞 놀이터,고정형,2023-12-01,,,
2023,수원시,권선구청,2023-08-18 9:28,서둔동 수원역한라비발디퍼스트 앞2,고정형,2023-12-01,,,
2023,수원시,팔달구청,2023-08-18 9:31,북수동 쌈지공원 앞,고정형,2023-12-01,,,
2023,수원시,팔달구청,2023-08-18 9:31,북수동 쌈지공원 앞,고정형,2023-12-01,,,
2023,수원시,팔달구청,2023-08-18 9:41,팔달로2가 팔달로2가 정조로796번길,주행형,2023-12-01,,,
2023,수원시,팔달구청,2023-08-18 9:41,팔달로2가 팔달로2가 정조로796번길,주행형,2023-12-01,,,
2023,수원시,권선구청,2023-08-18 9:49,곡반정동 하나로마트한국빌딩앞,고정형,2023-12-01,,,
2023,수원시,영통구청,2023-08-18 9:56,이의동 드림스퀘어Ⅱ 앞,고정형,2023-12-01,,,
2023,수원시,권선구청,2023-08-18 10:03,세류3동 신곡초교 후문 좌측 사거리,고정형,2023-12-01,,,
2023,수원시,팔달구청,2023-08-18 10:04,인계동 한국씨티은행,고정형,2023-12-01,,,
2023,수원시,영통구청,2023-08-18 10:19,권선동 권선로820번길,주행형,2023-12-01,,,
2023,수원시,영통구청,2023-08-18 10:19,권선동 권선로820번길,주행형,2023-12-01,,,
2023,수원시,권선구청,2023-08-18 10:20,서둔동 가온팰리스옆2,고정형,2023-12-01,,,
2023,수원시,팔달구청,2023-08-18 10:20,남수동 남수동 정조로796번길,주행형,2023-12-01,,,
2023,수원시,팔달구청,2023-08-18 10:30,매산동 역전농협,고정형,2023-12-01,,,
2023,수원시,권선구청,2023-08-18 10:30,서둔동 가온팰리스옆2,고정형,2023-12-01,,,
2023,수원시,영통구청,2023-08-18 10:33,이의동 부함식당 앞,고정형,2023-12-01,,,
2023,수원시,팔달구청,2023-08-18 10:34,경기도수원시팔달구매교동 수원시 팔달구 매교동 77-124,보행,2023-12-01,,,
2023,수원시,팔달구청,2023-08-18 10:35,매교동 수원시 팔달구 매교동 77-124,보행,2023-12-01,,,
2023,수원시,팔달구청,2023-08-18 10:36,경기도수원시팔달구매교동 수원시 팔달구 매교동 77-124,보행,2023-12-01,,,
2023,수원시,팔달구청,2023-08-18 10:43,인계동 경인통계청,고정형,2023-12-01,,,
2023,수원시,팔달구청,2023-08-18 10:52,고등동 수원시 팔달구 고등동 217-20,보행,2023-12-01,,,
2023,수원시,팔달구청,2023-08-18 12:31,화서1동 수원역푸르지오자이 북문 우측,고정형,2023-12-01,,,
2023,수원시,팔달구청,2023-08-18 12:31,화서1동 수원역푸르지오자이 북문 우측,고정형,2023-12-01,,,
2023,수원시,팔달구청,2023-08-18 13:59,팔달로3가 팔달로3가 897 인도,국민신문고,2023-12-01,,,
2023,수원시,영통구청,2023-08-18 14:31,영통동 매영로365번길,주행형,2023-12-01,,,
2023,수원시,영통구청,2023-08-18 14:31,영통동 매영로365번길,주행형,2023-12-01,,,
2023,수원시,영통구청,2023-08-18 14:31,영통동 매영로365번길,주행형,2023-12-01,,,
2023,수원시,영통구청,2023-08-18 14:31,영통동 매영로365번길,주행형,2023-12-01,,,
2023,수원시,영통구청,2023-08-18 14:31,영통동 매영로365번길,주행형,2023-12-01,,,
2023,수원시,영통구청,2023-08-18 14:31,영통동 매영로365번길,주행형,2023-12-01,,,
2023,수원시,영통구청,2023-08-18 14:31,영통동 매영로365번길,주행형,2023-12-01,,,
2023,수원시,영통구청,2023-08-18 14:32,영통동 매영로365번길,주행형,2023-12-01,,,
2023,수원시,영통구청,2023-08-18 14:32,영통동 매영로365번길,주행형,2023-12-01,,,
2023,수원시,영통구청,2023-08-18 14:32,영통동 매영로365번길,주행형,2023-12-01,,,
2023,수원시,영통구청,2023-08-18 14:32,영통동 매영로365번길,주행형,2023-12-01,,,
2023,수원시,팔달구청,2023-08-18 14:32,교동 교동 매산로92번길,주행형,2023-12-01,,,
2023,수원시,팔달구청,2023-08-18 14:33,북수동 쌈지공원 앞,고정형,2023-12-01,,,
2023,수원시,권선구청,2023-08-18 14:33,권선동 권선동 한라비발디앞 놀이터,고정형,2023-12-01,,,
2023,수원시,권선구청,2023-08-18 14:33,권선동 권선동 한라비발디앞 놀이터,고정형,2023-12-01,,,
2023,수원시,팔달구청,2023-08-18 14:34,인계동 드림캐슬주상복합,고정형,2023-12-01,,,
2023,수원시,팔달구청,2023-08-18 14:34,인계동 드림캐슬주상복합,고정형,2023-12-01,,,
2023,수원시,권선구청,2023-08-18 14:34,서둔동 가온팰리스옆2,고정형,2023-12-01,,,
2023,수원시,팔달구청,2023-08-18 14:43,팔달로2가 팔달로2가 정조로796번길,주행형,2023-12-01,,,
2023,수원시,팔달구청,2023-08-18 14:43,남수동 남수동 정조로796번길,주행형,2023-12-01,,,
2023,수원시,팔달구청,2023-08-18 14:43,남수동 남수동 정조로800번길,주행형,2023-12-01,,,
2023,수원시,팔달구청,2023-08-18 14:44,영동 영동 수원천로275,주행형,2023-12-01,,,
2023,수원시,팔달구청,2023-08-18 14:44,영동 영동 수원천로275,주행형,2023-12-01,,,
2023,수원시,팔달구청,2023-08-18 14:44,영동 영동 수원천로275,주행형,2023-12-01,,,
2023,수원시,팔달구청,2023-08-18 14:44,영동 영동 수원천로275,주행형,2023-12-01,,,
2023,수원시,팔달구청,2023-08-18 14:50,매산동 팅스몰 주차장 출구 옆,고정형,2023-12-01,,,
2023,수원시,권선구청,2023-08-18 14:57,세류3동 신곡초교 후문 좌측 사거리,고정형,2023-12-01,,,
2023,수원시,영통구청,2023-08-18 14:57,이의동 드림스퀘어Ⅱ 앞,고정형,2023-12-01,,,
2023,수원시,팔달구청,2023-08-18 15:02,매산동 팔달로 10번길 8,고정형,2023-12-01,,,
2023,수원시,팔달구청,2023-08-18 15:17,화서1동 푸르지오자이 북문 CU 앞 횡단보도,고정형,2023-12-01,,,
2023,수원시,권선구청,2023-08-18 15:34,권선동 권선동 한라비발디앞 놀이터,고정형,2023-12-01,,,
2023,수원시,팔달구청,2023-08-18 15:46,인계동 드림캐슬주상복합,고정형,2023-12-01,,,
2023,수원시,권선구청,2023-08-18 16:04,서둔동 서둔로256번길,주행형,2023-12-01,,,
2023,수원시,영통구청,2023-08-18 16:44,망포동 힐스테이트 119동 ~방죽공원 삼거리,고정형,2023-12-01,,,
2023,수원시,권선구청,2023-08-18 17:09,평동 오목초교 정문 우측 삼거리,고정형,2023-12-01,,,
2023,수원시,권선구청,2023-08-18 17:09,평동 오목초교 정문 우측 삼거리,고정형,2023-12-01,,,
2023,수원시,영통구청,2023-08-18 17:11,망포동 힐스테이트 119동 ~방죽공원 삼거리,고정형,2023-12-01,,,
2023,수원시,팔달구청,2023-08-18 17:17,매산동 팅스몰 주차장 출구 옆,고정형,2023-12-01,,,
2023,수원시,영통구청,2023-08-18 17:24,원천동 광교매원초등학교,고정형,2023-12-01,,,
2023,수원시,영통구청,2023-08-18 18:30,망포동 힐스테이트 119동 ~방죽공원 삼거리,고정형,2023-12-01,,,
2023,수원시,팔달구청,2023-08-18 19:03,매산동 팅스몰 주차장 출구 옆,고정형,2023-12-01,,,
2023,수원시,팔달구청,2023-08-18 19:26,매산동 팅스몰 주차장 출구 옆,고정형,2023-12-01,,,
2023,수원시,팔달구청,2023-08-18 19:26,매산동 팅스몰 주차장 출구 옆,고정형,2023-12-01,,,
2023,수원시,팔달구청,2023-08-18 19:41,매산동 팅스몰 주차장 출구 옆,고정형,2023-12-01,,,
2023,수원시,영통구청,2023-08-18 19:57,광교동 광교더사랑교회뒷길,고정형,2023-12-01,,,
2023,수원시,팔달구청,2023-08-18 20:09,고등동 역전농협,고정형,2023-12-01,,,
2023,수원시,장안구청,2023-08-18 20:38,연무동 연무동 242-5,국민신문고,2023-12-01,,,
2023,수원시,장안구청,2023-08-18 20:40,연무동 연무동 244-8,국민신문고,2023-12-01,,,
2023,수원시,영통구청,2023-08-18 20:41,원천동 광교매원초등학교,고정형,2023-12-01,,,
2023,수원시,팔달구청,2023-08-18 20:52,매산동 역전농협,고정형,2023-12-01,,,
2023,수원시,팔달구청,2023-08-18 21:03,인계동 드림캐슬주상복합,고정형,2023-12-01,,,
2023,수원시,권선구청,2023-08-18 21:08,곡반정동 140-8,국민신문고,2023-12-01,,,
2023,수원시,권선구청,2023-08-19 3:35,곡반정동 191-4,국민신문고,2023-12-01,,,
2023,수원시,권선구청,2023-08-19 3:41,곡반정동 191-13,국민신문고,2023-12-01,,,
2023,수원시,팔달구청,2023-08-19 9:03,인계동 드림캐슬주상복합,고정형,2023-12-01,,,
2023,수원시,권선구청,2023-08-19 9:03,곡반정동 하나로마트한국빌딩앞,고정형,2023-12-01,,,
2023,수원시,권선구청,2023-08-19 9:03,곡반정동 하나로마트한국빌딩앞,고정형,2023-12-01,,,
2023,수원시,권선구청,2023-08-19 9:03,곡반정동 하나로마트한국빌딩앞,고정형,2023-12-01,,,
2023,수원시,권선구청,2023-08-19 9:03,곡반정동 하나로마트한국빌딩앞,고정형,2023-12-01,,,
2023,수원시,권선구청,2023-08-19 9:04,곡반정동 하나로마트한국빌딩앞,고정형,2023-12-01,,,
2023,수원시,권선구청,2023-08-19 9:05,오목천동 한화꿈에그린아파트 209동앞,고정형,2023-12-01,,,
2023,수원시,팔달구청,2023-08-19 9:05,화서1동 푸르지오자이 북문 CU 앞 횡단보도,고정형,2023-12-01,,,
2023,수원시,권선구청,2023-08-19 9:05,서둔동 가온팰리스옆2,고정형,2023-12-01,,,
2023,수원시,권선구청,2023-08-19 9:08,서둔동 가온팰리스옆2,고정형,2023-12-01,,,
2023,수원시,팔달구청,2023-08-19 9:09,매산동 팅스몰 주차장 출구 옆,고정형,2023-12-01,,,
2023,수원시,권선구청,2023-08-19 9:11,서둔동 가온팰리스옆1,고정형,2023-12-01,,,
2023,수원시,팔달구청,2023-08-19 9:18,화서1동 푸르지오자이 북문 CU 앞 횡단보도,고정형,2023-12-01,,,
2023,수원시,팔달구청,2023-08-19 9:24,매산동 팅스몰 주차장 출구 옆,고정형,2023-12-01,,,
2023,수원시,권선구청,2023-08-19 9:59,곡반정동 하나로마트한국빌딩앞,고정형,2023-12-01,,,
2023,수원시,팔달구청,2023-08-19 10:00,매산동 팅스몰 주차장 출구 옆,고정형,2023-12-01,,,
2023,수원시,팔달구청,2023-08-19 10:01,북수동 쌈지공원 앞,고정형,2023-12-01,,,
2023,수원시,팔달구청,2023-08-19 10:05,인계동 경인통계청,고정형,2023-12-01,,,
2023,수원시,팔달구청,2023-08-19 10:28,매산동 팅스몰 주차장 출구 옆,고정형,2023-12-01,,,
2023,수원시,권선구청,2023-08-19 10:32,서둔동 가온팰리스옆2,고정형,2023-12-01,,,
2023,수원시,팔달구청,2023-08-19 10:37,인계동 드림캐슬주상복합,고정형,2023-12-01,,,
2023,수원시,팔달구청,2023-08-19 10:37,인계동 드림캐슬주상복합,고정형,2023-12-01,,,
2023,수원시,영통구청,2023-08-19 10:48,망포동 힐스테이트 119동 ~방죽공원 삼거리,고정형,2023-12-01,,,
2023,수원시,팔달구청,2023-08-19 10:51,매산동 역전농협,고정형,2023-12-01,,,
2023,수원시,팔달구청,2023-08-19 10:58,경기도수원시팔달구인계동 수원시 팔달구 인계동 248-16,보행,2023-12-01,,,
2023,수원시,영통구청,2023-08-19 11:25,영통동 롯데마트 뒤,고정형,2023-12-01,37.27220279535416,127.10856729001851,
2023,수원시,영통구청,2023-08-19 11:41,영통동 롯데마트 뒤,고정형,2023-12-01,37.27220279535416,127.10856729001851,
2023,수원시,영통구청,2023-08-19 11:41,영통동 롯데마트 뒤,고정형,2023-12-01,37.27220279535416,127.10856729001851,
2023,수원시,팔달구청,2023-08-19 11:42,행궁동 팔달문 버스정류장,고정형,2023-12-01,,,
2023,수원시,영통구청,2023-08-19 11:58,망포동 힐스테이트 119동 ~방죽공원 삼거리,고정형,2023-12-01,,,
2023,수원시,팔달구청,2023-08-19 12:08,매산동 역전농협,고정형,2023-12-01,,,
2023,수원시,영통구청,2023-08-19 12:30,영통동 롯데마트 뒤,고정형,2023-12-01,37.27220279535416,127.10856729001851,
2023,수원시,영통구청,2023-08-19 12:36,망포동 힐스테이트 119동 ~방죽공원 삼거리,고정형,2023-12-01,,,
2023,수원시,영통구청,2023-08-19 12:43,영통동 마사회뒷길,고정형,2023-12-01,,,
2023,수원시,영통구청,2023-08-19 13:53,망포동 힐스테이트 119동 ~방죽공원 삼거리,고정형,2023-12-01,,,
2023,수원시,팔달구청,2023-08-19 14:11,화서1동 수원역푸르지오자이 북문 우측,고정형,2023-12-01,,,
2023,수원시,영통구청,2023-08-19 14:14,망포동 힐스테이트 119동 ~방죽공원 삼거리,고정형,2023-12-01,,,
2023,수원시,팔달구청,2023-08-19 14:32,매산동 팅스몰 주차장 출구 옆,고정형,2023-12-01,,,
2023,수원시,권선구청,2023-08-19 14:33,서둔동 가온팰리스옆2,고정형,2023-12-01,,,
2023,수원시,권선구청,2023-08-19 14:33,서둔동 가온팰리스옆1,고정형,2023-12-01,,,
2023,수원시,권선구청,2023-08-19 14:35,곡반정동 하나로마트한국빌딩앞,고정형,2023-12-01,,,
2023,수원시,팔달구청,2023-08-19 14:37,매산동 팔달로 10번길 8,고정형,2023-12-01,,,
2023,수원시,권선구청,2023-08-19 14:38,서둔동 가온팰리스옆1,고정형,2023-12-01,,,
2023,수원시,팔달구청,2023-08-19 14:40,매산동 팅스몰 주차장 출구 옆,고정형,2023-12-01,,,
2023,수원시,팔달구청,2023-08-19 14:43,행궁동 화홍사랑채,고정형,2023-12-01,,,
2023,수원시,팔달구청,2023-08-19 14:44,화서1동 수원역푸르지오자이 북문 우측,고정형,2023-12-01,,,
2023,수원시,팔달구청,2023-08-19 14:49,인계동 드림캐슬주상복합,고정형,2023-12-01,,,
2023,수원시,팔달구청,2023-08-19 14:52,인계동 드림캐슬주상복합,고정형,2023-12-01,,,
2023,수원시,영통구청,2023-08-19 14:54,망포동 힐스테이트 119동 ~방죽공원 삼거리,고정형,2023-12-01,,,
2023,수원시,팔달구청,2023-08-19 14:55,화서1동 수원역푸르지오자이 북문 우측,고정형,2023-12-01,,,
2023,수원시,팔달구청,2023-08-19 15:13,매산동 역전농협,고정형,2023-12-01,,,
2023,수원시,팔달구청,2023-08-19 15:18,행궁동 화홍사랑채,고정형,2023-12-01,,,
2023,수원시,팔달구청,2023-08-19 15:19,인계동 드림캐슬주상복합,고정형,2023-12-01,,,
2023,수원시,권선구청,2023-08-19 15:20,서둔동 가온팰리스옆1,고정형,2023-12-01,,,
2023,수원시,팔달구청,2023-08-19 15:30,화서1동 수원역푸르지오자이 북문 우측,고정형,2023-12-01,,,
2023,수원시,팔달구청,2023-08-19 15:31,매산동 팅스몰 주차장 출구 옆,고정형,2023-12-01,,,
2023,수원시,권선구청,2023-08-19 15:31,서둔동 가온팰리스옆2,고정형,2023-12-01,,,
2023,수원시,팔달구청,2023-08-19 15:37,북수동 쌈지공원 앞,고정형,2023-12-01,,,
2023,수원시,영통구청,2023-08-19 15:45,망포동 힐스테이트 119동 ~방죽공원 삼거리,고정형,2023-12-01,,,
2023,수원시,팔달구청,2023-08-19 15:47,인계동 드림캐슬주상복합,고정형,2023-12-01,,,
2023,수원시,팔달구청,2023-08-19 15:48,매산동 팅스몰 주차장 출구 옆,고정형,2023-12-01,,,
2023,수원시,영통구청,2023-08-19 15:51,영통동 매영로365번길,주행형,2023-12-01,,,
2023,수원시,영통구청,2023-08-19 15:51,영통동 매영로365번길,주행형,2023-12-01,,,
2023,수원시,영통구청,2023-08-19 15:51,영통동 매영로365번길,주행형,2023-12-01,,,
2023,수원시,영통구청,2023-08-19 15:51,영통동 매영로365번길,주행형,2023-12-01,,,
2023,수원시,영통구청,2023-08-19 15:51,영통동 매영로365번길,주행형,2023-12-01,,,
2023,수원시,영통구청,2023-08-19 15:51,영통동 매영로365번길,주행형,2023-12-01,,,
2023,수원시,영통구청,2023-08-19 15:51,영통동 매영로365번길,주행형,2023-12-01,,,
2023,수원시,영통구청,2023-08-19 15:52,영통동 매영로365번길,주행형,2023-12-01,,,
2023,수원시,영통구청,2023-08-19 15:52,영통동 매영로365번길,주행형,2023-12-01,,,
2023,수원시,영통구청,2023-08-19 15:52,영통동 매영로365번길,주행형,2023-12-01,,,
2023,수원시,영통구청,2023-08-19 15:52,영통동 매영로365번길,주행형,2023-12-01,,,
2023,수원시,영통구청,2023-08-19 15:52,영통동 매영로365번길,주행형,2023-12-01,,,
2023,수원시,영통구청,2023-08-19 15:53,영통동 매영로365번길,주행형,2023-12-01,,,
2023,수원시,영통구청,2023-08-19 15:53,영통동 매영로365번길,주행형,2023-12-01,,,
2023,수원시,영통구청,2023-08-19 15:53,영통동 매영로365번길,주행형,2023-12-01,,,
2023,수원시,영통구청,2023-08-19 15:53,영통동 매영로365번길,주행형,2023-12-01,,,
2023,수원시,권선구청,2023-08-19 15:54,-1 권선파출소,고정형,2023-12-01,,,
2023,수원시,권선구청,2023-08-19 15:57,곡반정동 하나로마트한국빌딩앞,고정형,2023-12-01,,,
2023,수원시,팔달구청,2023-08-19 15:58,매교동 매교동 114-89 횡단보도,국민신문고,2023-12-01,,,
2023,수원시,팔달구청,2023-08-19 15:58,매교동 매교동 114-11 횡단보도,국민신문고,2023-12-01,,,
2023,수원시,팔달구청,2023-08-19 15:58,매교동 매교동 114-11 횡단보도,국민신문고,2023-12-01,,,
2023,수원시,팔달구청,2023-08-19 16:03,매산동 팔달로 10번길 8,고정형,2023-12-01,,,
2023,수원시,영통구청,2023-08-19 16:09,경기도수원시영통구영통동 수원시 영통구 영통동 1057,보행,2023-12-01,,,
2023,수원시,영통구청,2023-08-19 16:09,경기도수원시영통구영통동 수원시 영통구 영통동 1057,보행,2023-12-01,,,
2023,수원시,영통구청,2023-08-19 16:11,경기도수원시영통구영통동 수원시 영통구 영통동 1057,보행,2023-12-01,,,
2023,수원시,영통구청,2023-08-19 16:11,경기도수원시영통구영통동 수원시 영통구 영통동 1057,보행,2023-12-01,,,
2023,수원시,팔달구청,2023-08-19 16:13,행궁동 화홍사랑채,고정형,2023-12-01,,,
2023,수원시,권선구청,2023-08-19 16:13,권선동 권선동 한라비발디앞 놀이터,고정형,2023-12-01,,,
2023,수원시,권선구청,2023-08-19 16:22,곡반정동 하나로마트한국빌딩앞,고정형,2023-12-01,,,
2023,수원시,팔달구청,2023-08-19 16:29,화서1동 수원역푸르지오자이 북문 우측,고정형,2023-12-01,,,
2023,수원시,팔달구청,2023-08-19 16:37,매산동 팔달로 10번길 8,고정형,2023-12-01,,,
2023,수원시,권선구청,2023-08-19 16:38,평동 수원역고가밑 (애경뒷길),고정형,2023-12-01,,,
2023,수원시,팔달구청,2023-08-19 16:41,매산동 팅스몰 주차장 출구 옆,고정형,2023-12-01,,,
2023,수원시,영통구청,2023-08-19 16:41,망포동 힐스테이트 119동 ~방죽공원 삼거리,고정형,2023-12-01,,,
2023,수원시,팔달구청,2023-08-19 17:06,매교동 매교동 114-11 횡단보도,국민신문고,2023-12-01,,,
2023,수원시,팔달구청,2023-08-19 17:07,매교동 매교동 114-89 횡단보도,국민신문고,2023-12-01,,,
2023,수원시,팔달구청,2023-08-19 17:07,매교동 매교동 114-89 소화전,국민신문고,2023-12-01,,,
2023,수원시,팔달구청,2023-08-19 17:07,매교동 매교동 114-89 횡단보도,국민신문고,2023-12-01,,,
2023,수원시,팔달구청,2023-08-19 17:13,화서1동 수원역푸르지오자이 북문 우측,고정형,2023-12-01,,,
2023,수원시,팔달구청,2023-08-19 17:16,화서1동 수원역푸르지오자이 북문 우측,고정형,2023-12-01,,,
2023,수원시,팔달구청,2023-08-19 17:33,인계동 한국씨티은행,고정형,2023-12-01,,,
2023,수원시,영통구청,2023-08-19 17:39,영통동 마사회뒷길,고정형,2023-12-01,,,
2023,수원시,팔달구청,2023-08-19 17:55,매산동 팅스몰 주차장 출구 옆,고정형,2023-12-01,,,
2023,수원시,팔달구청,2023-08-19 18:05,인계동 드림캐슬주상복합,고정형,2023-12-01,,,
2023,수원시,팔달구청,2023-08-19 18:05,인계동 드림캐슬주상복합,고정형,2023-12-01,,,
2023,수원시,팔달구청,2023-08-19 18:07,인계동 드림캐슬주상복합,고정형,2023-12-01,,,
2023,수원시,팔달구청,2023-08-19 18:31,인계동 드림캐슬주상복합,고정형,2023-12-01,,,
2023,수원시,팔달구청,2023-08-19 18:34,인계동 드림캐슬주상복합,고정형,2023-12-01,,,
2023,수원시,팔달구청,2023-08-19 18:39,매산동 팅스몰 주차장 출구 옆,고정형,2023-12-01,,,
2023,수원시,팔달구청,2023-08-19 18:46,화서1동 수원역푸르지오자이 북문 우측,고정형,2023-12-01,,,
2023,수원시,팔달구청,2023-08-19 18:46,화서1동 수원역푸르지오자이 북문 우측,고정형,2023-12-01,,,
2023,수원시,팔달구청,2023-08-19 18:53,매산동 팅스몰 주차장 출구 옆,고정형,2023-12-01,,,
2023,수원시,팔달구청,2023-08-19 18:59,매산동 팅스몰 주차장 출구 옆,고정형,2023-12-01,,,
2023,수원시,권선구청,2023-08-19 19:13,곡반정동 562-2,국민신문고,2023-12-01,,,
2023,수원시,권선구청,2023-08-19 19:13,곡반정동 562-2,국민신문고,2023-12-01,,,
2023,수원시,권선구청,2023-08-19 19:16,곡반정동 156-8,국민신문고,2023-12-01,,,
2023,수원시,팔달구청,2023-08-19 19:22,행궁동 팔달문 버스정류장,고정형,2023-12-01,,,
2023,수원시,팔달구청,2023-08-19 19:40,화서1동 푸르지오자이 북문 CU 앞 횡단보도,고정형,2023-12-01,,,
2023,수원시,권선구청,2023-08-19 22:34,곡반정동 578-2,국민신문고,2023-12-01,37.2370584088945,127.02669759721,
2023,수원시,권선구청,2023-08-20 1:11,곡반정동 106-7,국민신문고,2023-12-01,,,
2023,수원시,팔달구청,2023-08-20 9:02,매산동 역전농협,고정형,2023-12-01,,,
2023,수원시,팔달구청,2023-08-20 9:03,인계동 경인통계청,고정형,2023-12-01,,,
2023,수원시,권선구청,2023-08-20 9:04,곡반정동 궁촌육교앞,고정형,2023-12-01,,,
2023,수원시,권선구청,2023-08-20 9:04,권선동 권선동 한라비발디앞 놀이터,고정형,2023-12-01,,,
2023,수원시,팔달구청,2023-08-20 9:04,화서1동 푸르지오자이 북문 CU 앞 횡단보도,고정형,2023-12-01,,,
2023,수원시,팔달구청,2023-08-20 9:04,매산동 팅스몰 주차장 출구 옆,고정형,2023-12-01,,,
2023,수원시,권선구청,2023-08-20 9:05,서둔동 가온팰리스옆2,고정형,2023-12-01,,,
2023,수원시,팔달구청,2023-08-20 9:05,화서1동 푸르지오자이 북문 CU 앞 횡단보도,고정형,2023-12-01,,,
2023,수원시,권선구청,2023-08-20 9:05,서둔동 가온팰리스옆2,고정형,2023-12-01,,,
2023,수원시,권선구청,2023-08-20 9:09,오목천동 한화꿈에그린아파트 214동앞,고정형,2023-12-01,,,
2023,수원시,팔달구청,2023-08-20 9:17,매산동 팅스몰 주차장 출구 옆,고정형,2023-12-01,,,
2023,수원시,팔달구청,2023-08-20 9:39,매산동 팅스몰 주차장 출구 옆,고정형,2023-12-01,,,
2023,수원시,권선구청,2023-08-20 10:02,곡반정동 하나로마트한국빌딩앞,고정형,2023-12-01,,,
2023,수원시,권선구청,2023-08-20 10:02,곡반정동 하나로마트한국빌딩앞,고정형,2023-12-01,,,
2023,수원시,팔달구청,2023-08-20 10:04,화서1동 수원역푸르지오자이 북문 우측,고정형,2023-12-01,,,
2023,수원시,팔달구청,2023-08-20 10:06,북수동 쌈지공원 앞,고정형,2023-12-01,,,
2023,수원시,권선구청,2023-08-20 10:07,평동 수원역고가밑 (애경뒷길),고정형,2023-12-01,,,
2023,수원시,권선구청,2023-08-20 10:07,서둔동 가온팰리스옆1,고정형,2023-12-01,,,
2023,수원시,팔달구청,2023-08-20 10:27,매산동 역전농협,고정형,2023-12-01,,,
2023,수원시,팔달구청,2023-08-20 10:31,경기도수원시팔달구인계동 수원시 팔달구 인계동 158-13,보행,2023-12-01,,,
2023,수원시,팔달구청,2023-08-20 10:32,경기도수원시팔달구인계동 수원시 팔달구 인계동 158-13,보행,2023-12-01,,,
2023,수원시,팔달구청,2023-08-20 10:32,경기도수원시팔달구인계동 수원시 팔달구 인계동 158-13,보행,2023-12-01,,,
2023,수원시,팔달구청,2023-08-20 10:34,경기도수원시팔달구인계동 수원시 팔달구 인계동 155-2,보행,2023-12-01,,,
2023,수원시,권선구청,2023-08-20 10:37,서둔동 수원역한라비발디퍼스트 앞1,고정형,2023-12-01,,,
2023,수원시,장안구청,2023-08-20 10:48,경기도수원시장안구영화동 수원시 장안구 영화동 293,보행,2023-12-01,,,
2023,수원시,영통구청,2023-08-20 11:14,망포동 힐스테이트 119동 ~방죽공원 삼거리,고정형,2023-12-01,,,
2023,수원시,영통구청,2023-08-20 11:32,원천동 광교에일린의뜰 북측,고정형,2023-12-01,,,
2023,수원시,팔달구청,2023-08-20 11:49,행궁동 팔달문 버스정류장,고정형,2023-12-01,,,
2023,수원시,영통구청,2023-08-20 11:52,망포동 E-마트 에브리데이 앞,고정형,2023-12-01,37.2361017468141,127.060345496536,
2023,수원시,팔달구청,2023-08-20 12:29,화서1동 수원역푸르지오자이 북문 우측,고정형,2023-12-01,,,
2023,수원시,영통구청,2023-08-20 12:53,영통동 마사회뒷길,고정형,2023-12-01,,,
2023,수원시,영통구청,2023-08-20 13:02,영통동 롯데마트 뒤,고정형,2023-12-01,37.27220279535416,127.10856729001851,
2023,수원시,영통구청,2023-08-20 14:13,망포동 힐스테이트 119동 ~방죽공원 삼거리,고정형,2023-12-01,,,
2023,수원시,권선구청,2023-08-20 14:29,곡반정동 154-2,국민신문고,2023-12-01,,,
2023,수원시,권선구청,2023-08-20 14:29,곡반정동 154-2,국민신문고,2023-12-01,,,
2023,수원시,권선구청,2023-08-20 14:30,곡반정동 562-2,국민신문고,2023-12-01,,,
2023,수원시,영통구청,2023-08-20 14:31,망포동 방죽공원 교차 삼거리,고정형,2023-12-01,,,
2023,수원시,영통구청,2023-08-20 14:31,망포동 방죽공원 교차 삼거리,고정형,2023-12-01,,,
2023,수원시,팔달구청,2023-08-20 14:33,신풍동 미술관로터리,고정형,2023-12-01,,,
2023,수원시,권선구청,2023-08-20 14:33,서둔동 가온팰리스옆2,고정형,2023-12-01,,,
2023,수원시,팔달구청,2023-08-20 14:33,매산동 팔달로 10번길 8,고정형,2023-12-01,,,
2023,수원시,권선구청,2023-08-20 14:33,곡선동 권선중앙약국 건너편,고정형,2023-12-01,,,
2023,수원시,팔달구청,2023-08-20 14:34,매산동 팅스몰 주차장 출구 옆,고정형,2023-12-01,,,
2023,수원시,팔달구청,2023-08-20 14:35,인계동 경인통계청,고정형,2023-12-01,,,
2023,수원시,팔달구청,2023-08-20 14:35,인계동 드림캐슬주상복합,고정형,2023-12-01,,,
2023,수원시,팔달구청,2023-08-20 14:54,행궁동 화홍사랑채,고정형,2023-12-01,,,
2023,수원시,영통구청,2023-08-20 14:56,망포동 힐스테이트 119동 ~방죽공원 삼거리,고정형,2023-12-01,,,
2023,수원시,영통구청,2023-08-20 15:08,영통동 롯데마트 뒤,고정형,2023-12-01,37.27220279535416,127.10856729001851,
2023,수원시,팔달구청,2023-08-20 15:09,남수동 남수동 정조로800번길,주행형,2023-12-01,,,
2023,수원시,팔달구청,2023-08-20 15:10,팔달로2가 팔달로2가 정조로796번길,주행형,2023-12-01,,,
2023,수원시,팔달구청,2023-08-20 15:10,남수동 남수동 정조로800번길,주행형,2023-12-01,,,
2023,수원시,팔달구청,2023-08-20 15:12,인계동 드림캐슬주상복합,고정형,2023-12-01,,,
2023,수원시,팔달구청,2023-08-20 15:17,인계동 드림캐슬주상복합,고정형,2023-12-01,,,
2023,수원시,권선구청,2023-08-20 15:17,곡선동 권선중앙약국 건너편,고정형,2023-12-01,,,
2023,수원시,영통구청,2023-08-20 15:22,광교동 광교웰빙타운한양수자인,고정형,2023-12-01,,,
2023,수원시,팔달구청,2023-08-20 15:23,행궁동 팔달문 버스정류장,고정형,2023-12-01,,,
2023,수원시,팔달구청,2023-08-20 15:25,매산동 팅스몰 주차장 출구 옆,고정형,2023-12-01,,,
2023,수원시,팔달구청,2023-08-20 15:44,인계동 한국씨티은행,고정형,2023-12-01,,,
2023,수원시,팔달구청,2023-08-20 15:52,매산동 팅스몰 주차장 출구 옆,고정형,2023-12-01,,,
2023,수원시,팔달구청,2023-08-20 15:53,행궁동 화홍사랑채,고정형,2023-12-01,,,
2023,수원시,권선구청,2023-08-20 16:01,곡반정동 하나로마트한국빌딩앞,고정형,2023-12-01,,,
2023,수원시,팔달구청,2023-08-20 16:05,화서1동 수원역푸르지오자이 북문 우측,고정형,2023-12-01,,,
2023,수원시,권선구청,2023-08-20 16:08,서둔동 수원역한라비발디퍼스트 앞2,고정형,2023-12-01,,,
2023,수원시,권선구청,2023-08-20 16:08,서둔동 수원역한라비발디퍼스트 앞2,고정형,2023-12-01,,,
2023,수원시,팔달구청,2023-08-20 16:21,신풍동 미술관로터리,고정형,2023-12-01,,,
2023,수원시,팔달구청,2023-08-20 16:21,매산동 팔달로 10번길 8,고정형,2023-12-01,,,
2023,수원시,팔달구청,2023-08-20 16:23,화서1동 푸르지오자이 북문 CU 앞 횡단보도,고정형,2023-12-01,,,
2023,수원시,팔달구청,2023-08-20 16:32,인계동 인계동 권선로 774-1,주행형,2023-12-01,,,
2023,수원시,팔달구청,2023-08-20 16:35,인계동 경인통계청,고정형,2023-12-01,,,
2023,수원시,권선구청,2023-08-20 16:42,서둔동 가온팰리스옆2,고정형,2023-12-01,,,
2023,수원시,팔달구청,2023-08-20 16:58,매산동 팅스몰 주차장 출구 옆,고정형,2023-12-01,,,
2023,수원시,권선구청,2023-08-20 16:59,곡반정동 하나로마트한국빌딩앞,고정형,2023-12-01,,,
2023,수원시,팔달구청,2023-08-20 17:04,매교동 매교동 114-11 인도,국민신문고,2023-12-01,,,
2023,수원시,팔달구청,2023-08-20 17:04,매교동 매교동 114-11 인도,국민신문고,2023-12-01,,,
2023,수원시,영통구청,2023-08-20 17:08,영통동 마사회뒷길,고정형,2023-12-01,,,
2023,수원시,팔달구청,2023-08-20 17:10,매산동 팅스몰 주차장 출구 옆,고정형,2023-12-01,,,
2023,수원시,팔달구청,2023-08-20 17:12,인계동 한국씨티은행,고정형,2023-12-01,,,
2023,수원시,팔달구청,2023-08-20 17:14,화서1동 수원역푸르지오자이 북문 우측,고정형,2023-12-01,,,
2023,수원시,팔달구청,2023-08-20 17:18,인계동 경인통계청,고정형,2023-12-01,,,
2023,수원시,권선구청,2023-08-20 17:24,평동 수원역고가밑 (애경뒷길),고정형,2023-12-01,,,
2023,수원시,팔달구청,2023-08-20 17:25,매산동 팅스몰 주차장 출구 옆,고정형,2023-12-01,,,
2023,수원시,팔달구청,2023-08-20 17:33,인계동 경인통계청,고정형,2023-12-01,,,
2023,수원시,팔달구청,2023-08-20 17:33,인계동 경인통계청,고정형,2023-12-01,,,
2023,수원시,팔달구청,2023-08-20 17:36,매산동 팅스몰 주차장 출구 옆,고정형,2023-12-01,,,
2023,수원시,권선구청,2023-08-20 17:40,권선동 NC터미널점 버스정류장 앞,고정형,2023-12-01,,,
2023,수원시,팔달구청,2023-08-20 18:07,매산동 팔달로 10번길 8,고정형,2023-12-01,,,
2023,수원시,팔달구청,2023-08-20 19:36,매산동 팅스몰 주차장 출구 옆,고정형,2023-12-01,,,
2023,수원시,영통구청,2023-08-20 19:57,영통구 망포동 650-15,국민신문고,2023-12-01,,,
2023,수원시,팔달구청,2023-08-20 20:04,인계동 드림캐슬주상복합,고정형,2023-12-01,,,
2023,수원시,팔달구청,2023-08-20 20:09,인계동 드림캐슬주상복합,고정형,2023-12-01,,,
2023,수원시,팔달구청,2023-08-20 20:11,화서1동 수원역푸르지오자이 북문 우측,고정형,2023-12-01,,,
2023,수원시,팔달구청,2023-08-20 20:31,매산동 팅스몰 주차장 출구 옆,고정형,2023-12-01,,,
2023,수원시,권선구청,2023-08-20 20:36,곡반정동 562-2,국민신문고,2023-12-01,,,
2023,수원시,팔달구청,2023-08-20 21:03,매교동 매교동 77-107 교차로모퉁이,국민신문고,2023-12-01,,,
2023,수원시,권선구청,2023-08-21 5:38,곡반정동 562-2,국민신문고,2023-12-01,,,
2023,수원시,권선구청,2023-08-21 5:40,곡반정동 156-1,국민신문고,2023-12-01,,,
2023,수원시,권선구청,2023-08-21 5:40,곡반정동 156-1,국민신문고,2023-12-01,,,
2023,수원시,팔달구청,2023-08-21 7:03,화서1동 푸르지오자이 북문 CU 앞 횡단보도,고정형,2023-12-01,,,
2023,수원시,팔달구청,2023-08-21 7:06,화서1동 푸르지오자이 북문 CU 앞 횡단보도,고정형,2023-12-01,,,
2023,수원시,팔달구청,2023-08-21 7:34,인계동 경인통계청,고정형,2023-12-01,,,
2023,수원시,팔달구청,2023-08-21 7:34,인계동 경인통계청,고정형,2023-12-01,,,
2023,수원시,팔달구청,2023-08-21 7:37,매산동 팅스몰 주차장 출구 옆,고정형,2023-12-01,,,
2023,수원시,팔달구청,2023-08-21 7:42,매산동 팅스몰 주차장 출구 옆,고정형,2023-12-01,,,
2023,수원시,권선구청,2023-08-21 8:02,곡반정동 하나로마트한국빌딩앞,고정형,2023-12-01,,,
2023,수원시,권선구청,2023-08-21 8:03,곡반정동 하나로마트한국빌딩앞,고정형,2023-12-01,,,
2023,수원시,권선구청,2023-08-21 8:03,곡반정동 하나로마트한국빌딩앞,고정형,2023-12-01,,,
2023,수원시,팔달구청,2023-08-21 8:03,북수동 쌈지공원 앞,고정형,2023-12-01,,,
2023,수원시,권선구청,2023-08-21 8:04,평동 오목초교 정문 우측 삼거리,고정형,2023-12-01,,,
2023,수원시,권선구청,2023-08-21 8:06,곡반정동 하나로마트한국빌딩앞,고정형,2023-12-01,,,
2023,수원시,권선구청,2023-08-21 8:07,세류3동 신곡초교 후문 좌측 사거리,고정형,2023-12-01,,,
2023,수원시,권선구청,2023-08-21 8:07,권선2동 곡정초교 정문 좌측 사거리,고정형,2023-12-01,,,
2023,수원시,영통구청,2023-08-21 8:07,경기도수원시영통구매탄동 수원시 영통구 매탄동 164,보행,2023-12-01,,,
2023,수원시,팔달구청,2023-08-21 8:33,화서1동 화서초등학교 둘레길 중간지점,고정형,2023-12-01,,,
2023,수원시,권선구청,2023-08-21 8:35,서둔동 가온팰리스옆2,고정형,2023-12-01,,,
2023,수원시,권선구청,2023-08-21 9:17,서둔동 가온팰리스옆1,고정형,2023-12-01,,,
2023,수원시,권선구청,2023-08-21 9:26,곡반정동 하나로마트한국빌딩앞,고정형,2023-12-01,,,
2023,수원시,권선구청,2023-08-21 9:45,서둔동 세화로135번길,주행형,2023-12-01,,,
2023,수원시,권선구청,2023-08-21 9:45,금곡동 가온초교 정문 우측 사거리,고정형,2023-12-01,,,
2023,수원시,권선구청,2023-08-21 9:46,서둔동 세화로135번길,주행형,2023-12-01,,,
2023,수원시,팔달구청,2023-08-21 9:52,북수동 쌈지공원 앞,고정형,2023-12-01,,,
2023,수원시,팔달구청,2023-08-21 10:05,인계동 한국씨티은행,고정형,2023-12-01,,,
2023,수원시,팔달구청,2023-08-21 10:09,인계동 드림캐슬주상복합,고정형,2023-12-01,,,
2023,수원시,권선구청,2023-08-21 10:09,서둔동 가온팰리스옆2,고정형,2023-12-01,,,
2023,수원시,권선구청,2023-08-21 10:11,금곡동 수원문산고속도로,주행형,2023-12-01,,,
2023,수원시,권선구청,2023-08-21 10:11,금곡동 수원문산고속도로,주행형,2023-12-01,,,
2023,수원시,영통구청,2023-08-21 10:15,광교동 광교더사랑교회뒷길,고정형,2023-12-01,,,
2023,수원시,팔달구청,2023-08-21 10:33,인계동 드림캐슬주상복합,고정형,2023-12-01,,,
2023,수원시,팔달구청,2023-08-21 10:34,매산동 팅스몰 주차장 출구 옆,고정형,2023-12-01,,,
2023,수원시,팔달구청,2023-08-21 10:35,인계동 드림캐슬주상복합,고정형,2023-12-01,,,
2023,수원시,장안구청,2023-08-21 10:37,정자동 천천로152번길,주행형,2023-12-01,,,
2023,수원시,장안구청,2023-08-21 10:37,정자동 천천로152번길,주행형,2023-12-01,,,
2023,수원시,장안구청,2023-08-21 10:37,정자동 천천로152번길,주행형,2023-12-01,,,
2023,수원시,장안구청,2023-08-21 10:37,정자동 천천로152번길,주행형,2023-12-01,,,
2023,수원시,장안구청,2023-08-21 10:38,정자동 천천로152번길,주행형,2023-12-01,,,
2023,수원시,장안구청,2023-08-21 10:38,정자동 천천로152번길,주행형,2023-12-01,,,
2023,수원시,권선구청,2023-08-21 11:30,권선동 NC터미널점 버스정류장 앞,고정형,2023-12-01,,,
2023,수원시,영통구청,2023-08-21 11:44,이의동 광교가재울마을사거리,고정형,2023-12-01,,,
2023,수원시,권선구청,2023-08-21 11:46,권선동 NC터미널점 버스정류장 앞,고정형,2023-12-01,,,
2023,수원시,권선구청,2023-08-21 11:57,입북동 당수초교 정문 우측 사거리,고정형,2023-12-01,,,
2023,수원시,팔달구청,2023-08-21 13:58,화서1동 수원역푸르지오자이 북문 우측,고정형,2023-12-01,,,
2023,수원시,권선구청,2023-08-21 14:04,입북동 당수초교 정문 우측 사거리,고정형,2023-12-01,,,
2023,수원시,팔달구청,2023-08-21 14:33,북수동 쌈지공원 앞,고정형,2023-12-01,,,
2023,수원시,팔달구청,2023-08-21 14:36,남수동 남수동 정조로800번길,주행형,2023-12-01,,,
2023,수원시,팔달구청,2023-08-21 14:36,남수동 남수동 정조로800번길,주행형,2023-12-01,,,
2023,수원시,권선구청,2023-08-21 14:38,서둔동 가온팰리스옆2,고정형,2023-12-01,,,
2023,수원시,권선구청,2023-08-21 14:39,평동 SK모터스 고가 옆,고정형,2023-12-01,,,
2023,수원시,권선구청,2023-08-21 14:39,평동 SK모터스 고가 옆,고정형,2023-12-01,,,
2023,수원시,영통구청,2023-08-21 14:41,이의동 드림스퀘어Ⅱ 앞,고정형,2023-12-01,,,
2023,수원시,팔달구청,2023-08-21 14:42,팔달로2가 팔달로2가 정조로796번길,주행형,2023-12-01,,,
2023,수원시,팔달구청,2023-08-21 14:43,매산동 팅스몰 주차장 출구 옆,고정형,2023-12-01,,,
2023,수원시,팔달구청,2023-08-21 14:43,영동 영동 수원천로275,주행형,2023-12-01,,,
2023,수원시,팔달구청,2023-08-21 14:43,영동 영동 수원천로275,주행형,2023-12-01,,,
2023,수원시,팔달구청,2023-08-21 14:43,영동 영동 수원천로275,주행형,2023-12-01,,,
2023,수원시,팔달구청,2023-08-21 14:47,남수동 남수동 정조로800번길,주행형,2023-12-01,,,
2023,수원시,영통구청,2023-08-21 14:49,이의동 드림스퀘어Ⅱ 앞,고정형,2023-12-01,,,
2023,수원시,권선구청,2023-08-21 15:03,입북동 당수초교 정문 우측 사거리,고정형,2023-12-01,,,
2023,수원시,권선구청,2023-08-21 15:26,호매실동 금호프라자 대각 맞은편,고정형,2023-12-01,,,
2023,수원시,영통구청,2023-08-21 15:28,원천동 광교에일린의뜰 북측,고정형,2023-12-01,,,
2023,수원시,팔달구청,2023-08-21 15:31,매산동 팅스몰 주차장 출구 옆,고정형,2023-12-01,,,
2023,수원시,권선구청,2023-08-21 15:46,호매실동 금호프라자 대각 맞은편,고정형,2023-12-01,,,
2023,수원시,팔달구청,2023-08-21 15:51,인계동 한국씨티은행,고정형,2023-12-01,,,
2023,수원시,팔달구청,2023-08-21 15:52,인계동 드림캐슬주상복합,고정형,2023-12-01,,,
2023,수원시,영통구청,2023-08-21 15:52,망포동 E-마트 에브리데이 앞,고정형,2023-12-01,37.2361017468141,127.060345496536,
2023,수원시,팔달구청,2023-08-21 16:09,인계동 경인통계청,고정형,2023-12-01,,,
2023,수원시,팔달구청,2023-08-21 16:51,인계동 경인통계청,고정형,2023-12-01,,,
2023,수원시,팔달구청,2023-08-21 16:59,인계동 드림캐슬주상복합,고정형,2023-12-01,,,
2023,수원시,팔달구청,2023-08-21 17:02,화서1동 수원역푸르지오자이 북문 우측,고정형,2023-12-01,,,
2023,수원시,팔달구청,2023-08-21 17:40,인계동 경인통계청,고정형,2023-12-01,,,
2023,수원시,장안구청,2023-08-21 17:51,상광교동 광교버스정류장종점,고정형,2023-12-01,,,
2023,수원시,영통구청,2023-08-21 17:54,영통동 롯데마트 뒤,고정형,2023-12-01,37.27220279535416,127.10856729001851,
2023,수원시,팔달구청,2023-08-21 18:05,화서1동 수원역푸르지오자이 북문 우측,고정형,2023-12-01,,,
2023,수원시,팔달구청,2023-08-21 18:30,화서1동 수원역푸르지오자이 북문 우측,고정형,2023-12-01,,,
2023,수원시,팔달구청,2023-08-21 18:30,화서1동 수원역푸르지오자이 북문 우측,고정형,2023-12-01,,,
2023,수원시,팔달구청,2023-08-21 18:33,매산동 팅스몰 주차장 출구 옆,고정형,2023-12-01,,,
2023,수원시,장안구청,2023-08-21 18:41,상광교동 광교버스정류장종점,고정형,2023-12-01,,,
2023,수원시,팔달구청,2023-08-21 18:50,매산동 팅스몰 주차장 출구 옆,고정형,2023-12-01,,,
2023,수원시,팔달구청,2023-08-21 19:28,화서1동 수원역푸르지오자이 북문 우측,고정형,2023-12-01,,,
2023,수원시,팔달구청,2023-08-21 19:31,인계동 드림캐슬주상복합,고정형,2023-12-01,,,
2023,수원시,팔달구청,2023-08-21 19:45,인계동 드림캐슬주상복합,고정형,2023-12-01,,,
2023,수원시,영통구청,2023-08-21 19:53,이의동 부함식당 앞,고정형,2023-12-01,,,
2023,수원시,팔달구청,2023-08-21 19:53,인계동 드림캐슬주상복합,고정형,2023-12-01,,,
2023,수원시,팔달구청,2023-08-21 19:56,매산동 팅스몰 주차장 출구 옆,고정형,2023-12-01,,,
2023,수원시,영통구청,2023-08-21 19:56,원천동 광교매원초등학교,고정형,2023-12-01,,,
2023,수원시,영통구청,2023-08-21 20:12,원천동 광교매원초등학교,고정형,2023-12-01,,,
2023,수원시,영통구청,2023-08-21 20:13,광교동 광교이의119안전센터,고정형,2023-12-01,,,
2023,수원시,장안구청,2023-08-21 20:41,연무동 연무동 242-4,국민신문고,2023-12-01,,,
2023,수원시,영통구청,2023-08-21 20:48,원천동 광교매원초등학교,고정형,2023-12-01,,,
2023,수원시,권선구청,2023-08-21 22:18,곡반정동 191-4,국민신문고,2023-12-01,,,
2023,수원시,권선구청,2023-08-21 22:30,곡반정동 191-4,국민신문고,2023-12-01,,,
2023,수원시,권선구청,2023-08-22 0:51,곡반정동 191-4,국민신문고,2023-12-01,,,
2023,수원시,장안구청,2023-08-22 6:59,율전동 율전동826,국민신문고,2023-12-01,,,
2023,수원시,영통구청,2023-08-22 7:07,원천동 광교매원초등학교,고정형,2023-12-01,,,
2023,수원시,팔달구청,2023-08-22 7:08,화서1동 푸르지오자이 북문 CU 앞 횡단보도,고정형,2023-12-01,,,
2023,수원시,팔달구청,2023-08-22 7:35,매산동 팅스몰 주차장 출구 옆,고정형,2023-12-01,,,
2023,수원시,팔달구청,2023-08-22 7:51,인계동 경인통계청,고정형,2023-12-01,,,
2023,수원시,권선구청,2023-08-22 8:02,곡반정동 하나로마트한국빌딩앞,고정형,2023-12-01,,,
2023,수원시,권선구청,2023-08-22 8:03,서둔동 가온팰리스옆2,고정형,2023-12-01,,,
2023,수원시,팔달구청,2023-08-22 8:03,북수동 쌈지공원 앞,고정형,2023-12-01,,,
2023,수원시,권선구청,2023-08-22 8:06,곡반정동 하나로마트한국빌딩앞,고정형,2023-12-01,,,
2023,수원시,권선구청,2023-08-22 8:06,세류3동 신곡초교 후문 좌측 사거리,고정형,2023-12-01,,,
2023,수원시,권선구청,2023-08-22 8:07,곡선동 권선중앙약국 건너편,고정형,2023-12-01,,,
2023,수원시,팔달구청,2023-08-22 8:10,신풍동 미술관로터리,고정형,2023-12-01,,,
2023,수원시,권선구청,2023-08-22 8:24,서둔동 가온팰리스옆2,고정형,2023-12-01,,,
2023,수원시,장안구청,2023-08-22 8:30,영화동 연무동 61-249,국민신문고,2023-12-01,,,
2023,수원시,팔달구청,2023-08-22 8:34,화서1동 화서초등학교 둘레길 중간지점,고정형,2023-12-01,,,
2023,수원시,권선구청,2023-08-22 9:00,오목천동 519-1,국민신문고,2023-12-01,,,
2023,수원시,권선구청,2023-08-22 9:25,세류동 복개천사거리,고정형,2023-12-01,37.26188303295367,127.02260627182983,
2023,수원시,영통구청,2023-08-22 9:47,망포동 힐스테이트 119동 ~방죽공원 삼거리,고정형,2023-12-01,,,
2023,수원시,팔달구청,2023-08-22 10:09,매산동 팅스몰 주차장 출구 옆,고정형,2023-12-01,,,
2023,수원시,영통구청,2023-08-22 10:15,이의동 광교호반베르디움 103동 앞,고정형,2023-12-01,,,
2023,수원시,팔달구청,2023-08-22 10:21,경기도수원시팔달구인계동 수원시 팔달구 인계동 158-13,보행,2023-12-01,,,
2023,수원시,팔달구청,2023-08-22 10:23,경기도수원시팔달구인계동 수원시 팔달구 인계동 158-13,보행,2023-12-01,,,
2023,수원시,팔달구청,2023-08-22 10:57,영동 영동 수원천로275,주행형,2023-12-01,,,
2023,수원시,팔달구청,2023-08-22 10:58,화서1동 푸르지오자이 북문 CU 앞 횡단보도,고정형,2023-12-01,,,
2023,수원시,영통구청,2023-08-22 11:51,광교동 광교 덴티움지식산업센터 앞 사거리,고정형,2023-12-01,,,
2023,수원시,팔달구청,2023-08-22 12:02,행궁동 팔달문 버스정류장,고정형,2023-12-01,,,
2023,수원시,팔달구청,2023-08-22 12:13,화서1동 수원역푸르지오자이 북문 우측,고정형,2023-12-01,,,
2023,수원시,권선구청,2023-08-22 12:29,입북동 당수초교 정문 우측 사거리,고정형,2023-12-01,,,
2023,수원시,권선구청,2023-08-22 12:44,권선동 NC터미널점 버스정류장 앞,고정형,2023-12-01,,,
2023,수원시,권선구청,2023-08-22 12:53,권선동 NC터미널점 버스정류장 앞,고정형,2023-12-01,,,
2023,수원시,팔달구청,2023-08-22 13:03,화서1동 수원역푸르지오자이 북문 우측,고정형,2023-12-01,,,
2023,수원시,권선구청,2023-08-22 13:21,평동 오현초교 정문 우측 사거리,고정형,2023-12-01,,,
2023,수원시,팔달구청,2023-08-22 13:32,화서1동 수원역푸르지오자이 북문 우측,고정형,2023-12-01,,,
2023,수원시,팔달구청,2023-08-22 14:22,남수동 남수동 정조로800번길,주행형,2023-12-01,,,
2023,수원시,팔달구청,2023-08-22 14:22,남수동 남수동 정조로800번길,주행형,2023-12-01,,,
2023,수원시,팔달구청,2023-08-22 14:25,영동 영동 수원천로275,주행형,2023-12-01,,,
2023,수원시,팔달구청,2023-08-22 14:25,영동 영동 수원천로275,주행형,2023-12-01,,,
2023,수원시,팔달구청,2023-08-22 14:33,매산동 팔달로 10번길 8,고정형,2023-12-01,,,
2023,수원시,권선구청,2023-08-22 14:34,구운동 구운동 명품닭갈비,고정형,2023-12-01,,,
2023,수원시,팔달구청,2023-08-22 14:34,인계동 드림캐슬주상복합,고정형,2023-12-01,,,
2023,수원시,권선구청,2023-08-22 14:34,곡선동 권선중앙약국 건너편,고정형,2023-12-01,,,
2023,수원시,팔달구청,2023-08-22 14:35,매산동 팅스몰 주차장 출구 옆,고정형,2023-12-01,,,
2023,수원시,팔달구청,2023-08-22 14:35,매산동 팔달로 10번길 8,고정형,2023-12-01,,,
2023,수원시,팔달구청,2023-08-22 14:39,매산동 역전농협,고정형,2023-12-01,,,
2023,수원시,권선구청,2023-08-22 14:41,권선동 권선동 한라비발디앞 놀이터,고정형,2023-12-01,,,
2023,수원시,팔달구청,2023-08-22 14:42,팔달로2가 팔달로2가 정조로796번길,주행형,2023-12-01,,,
2023,수원시,팔달구청,2023-08-22 14:44,인계동 드림캐슬주상복합,고정형,2023-12-01,,,
2023,수원시,권선구청,2023-08-22 14:45,평동 오현초교 정문 우측 사거리,고정형,2023-12-01,,,
2023,수원시,권선구청,2023-08-22 14:47,권선동 NC터미널점 버스정류장 앞,고정형,2023-12-01,,,
2023,수원시,권선구청,2023-08-22 14:56,서둔동 서둔로256번길,주행형,2023-12-01,,,
2023,수원시,팔달구청,2023-08-22 14:57,장안동 장안동 화서문로17번길,주행형,2023-12-01,,,
2023,수원시,팔달구청,2023-08-22 14:57,장안동 장안동 화서문로17번길,주행형,2023-12-01,,,
2023,수원시,팔달구청,2023-08-22 14:57,장안동 장안동 화서문로17번길,주행형,2023-12-01,,,
2023,수원시,팔달구청,2023-08-22 14:57,장안동 장안동 화서문로17번길,주행형,2023-12-01,,,
2023,수원시,팔달구청,2023-08-22 14:57,신풍동 신풍동 화서문로17번길 4,주행형,2023-12-01,,,
2023,수원시,팔달구청,2023-08-22 14:58,장안동 장안동 화서문로17번길,주행형,2023-12-01,,,
2023,수원시,팔달구청,2023-08-22 15:00,북수동 쌈지공원 앞,고정형,2023-12-01,,,
2023,수원시,팔달구청,2023-08-22 15:23,매산동 팅스몰 주차장 출구 옆,고정형,2023-12-01,,,
2023,수원시,팔달구청,2023-08-22 15:26,인계동 드림캐슬주상복합,고정형,2023-12-01,,,
2023,수원시,팔달구청,2023-08-22 15:37,화서1동 수원역푸르지오자이 북문 우측,고정형,2023-12-01,,,
2023,수원시,권선구청,2023-08-22 16:09,세류3동 신곡초교 후문 좌측 사거리,고정형,2023-12-01,,,
2023,수원시,권선구청,2023-08-22 16:09,세류3동 신곡초교 후문 좌측 사거리,고정형,2023-12-01,,,
2023,수원시,팔달구청,2023-08-22 16:25,고등동 고등동 180-169 인도,국민신문고,2023-12-01,,,
2023,수원시,팔달구청,2023-08-22 16:25,고등동 고등동 180-169 인도,국민신문고,2023-12-01,,,
2023,수원시,팔달구청,2023-08-22 16:25,고등동 고등동 180-169 인도,국민신문고,2023-12-01,,,
2023,수원시,권선구청,2023-08-22 16:48,구운동 구운동 명품닭갈비,고정형,2023-12-01,,,
2023,수원시,권선구청,2023-08-22 16:48,구운동 구운동 명품닭갈비,고정형,2023-12-01,,,
2023,수원시,권선구청,2023-08-22 17:21,호매실동 금호프라자 대각 맞은편,고정형,2023-12-01,,,
2023,수원시,권선구청,2023-08-22 17:31,평동 오목초교 정문 우측 삼거리,고정형,2023-12-01,,,
2023,수원시,권선구청,2023-08-22 17:31,평동 오목초교 정문 우측 삼거리,고정형,2023-12-01,,,
2023,수원시,팔달구청,2023-08-22 17:39,인계동 드림캐슬주상복합,고정형,2023-12-01,,,
2023,수원시,팔달구청,2023-08-22 18:52,매산동 역전농협,고정형,2023-12-01,,,
2023,수원시,영통구청,2023-08-22 20:04,망포동 힐스테이트 119동 ~방죽공원 삼거리,고정형,2023-12-01,,,
2023,수원시,권선구청,2023-08-22 20:05,곡반정동 562-2,국민신문고,2023-12-01,,,
2023,수원시,팔달구청,2023-08-22 20:20,매산동 팅스몰 주차장 출구 옆,고정형,2023-12-01,,,
2023,수원시,장안구청,2023-08-22 20:32,연무동 연무동 242-5,국민신문고,2023-12-01,,,
2023,수원시,장안구청,2023-08-22 20:33,연무동 연무동 244-9,국민신문고,2023-12-01,,,
2023,수원시,팔달구청,2023-08-22 20:43,인계동 드림캐슬주상복합,고정형,2023-12-01,,,
2023,수원시,팔달구청,2023-08-23 7:02,화서1동 수원역푸르지오자이 북문 우측,고정형,2023-12-01,,,
2023,수원시,영통구청,2023-08-23 7:04,광교동 광교이의119안전센터,고정형,2023-12-01,,,
2023,수원시,팔달구청,2023-08-23 7:04,화서1동 푸르지오자이 북문 CU 앞 횡단보도,고정형,2023-12-01,,,
2023,수원시,영통구청,2023-08-23 7:33,이의동 드림스퀘어Ⅱ 앞,고정형,2023-12-01,,,
2023,수원시,영통구청,2023-08-23 7:42,영통동 마사회뒷길,고정형,2023-12-01,,,
2023,수원시,팔달구청,2023-08-23 8:02,북수동 쌈지공원 앞,고정형,2023-12-01,,,
2023,수원시,권선구청,2023-08-23 8:05,권선2동 곡정초교 정문 좌측 사거리,고정형,2023-12-01,,,
2023,수원시,권선구청,2023-08-23 8:05,서둔동 가온팰리스옆2,고정형,2023-12-01,,,
2023,수원시,권선구청,2023-08-23 8:06,평동 오목초교 정문 우측 삼거리,고정형,2023-12-01,,,
2023,수원시,권선구청,2023-08-23 8:12,권선2동 곡정초교 정문 좌측 사거리,고정형,2023-12-01,,,
2023,수원시,권선구청,2023-08-23 8:13,권선2동 곡정초교 정문 좌측 사거리,고정형,2023-12-01,,,
2023,수원시,권선구청,2023-08-23 8:13,서둔동 가온팰리스옆2,고정형,2023-12-01,,,
2023,수원시,권선구청,2023-08-23 8:21,권선2동 곡정초교 정문 좌측 사거리,고정형,2023-12-01,,,
2023,수원시,팔달구청,2023-08-23 9:04,화서1동 화서초등학교 둘레길 중간지점,고정형,2023-12-01,,,
2023,수원시,영통구청,2023-08-23 9:14,원천동 광교 한화겔러리아 앞,고정형,2023-12-01,,,
2023,수원시,권선구청,2023-08-23 9:40,서둔동 가온팰리스옆1,고정형,2023-12-01,,,
2023,수원시,팔달구청,2023-08-23 9:48,인계동 드림캐슬주상복합,고정형,2023-12-01,,,
2023,수원시,권선구청,2023-08-23 10:02,서둔동 가온팰리스옆2,고정형,2023-12-01,,,
2023,수원시,팔달구청,2023-08-23 10:11,매산동 역전농협,고정형,2023-12-01,,,
2023,수원시,팔달구청,2023-08-23 10:21,북수동 쌈지공원 앞,고정형,2023-12-01,,,
2023,수원시,팔달구청,2023-08-23 10:25,인계동 경인통계청,고정형,2023-12-01,,,
2023,수원시,팔달구청,2023-08-23 10:36,인계동 드림캐슬주상복합,고정형,2023-12-01,,,
2023,수원시,팔달구청,2023-08-23 10:41,화서1동 수원역푸르지오자이 북문 우측,고정형,2023-12-01,,,
2023,수원시,팔달구청,2023-08-23 10:46,인계동 드림캐슬주상복합,고정형,2023-12-01,,,
2023,수원시,영통구청,2023-08-23 11:37,망포동 E-마트 에브리데이 앞,고정형,2023-12-01,37.2361017468141,127.060345496536,
2023,수원시,팔달구청,2023-08-23 11:40,화서1동 수원역푸르지오자이 북문 우측,고정형,2023-12-01,,,
2023,수원시,팔달구청,2023-08-23 12:01,매산동 역전농협,고정형,2023-12-01,,,
2023,수원시,팔달구청,2023-08-23 12:11,매산동 역전농협,고정형,2023-12-01,,,
2023,수원시,팔달구청,2023-08-23 12:13,행궁동 팔달문 버스정류장,고정형,2023-12-01,,,
2023,수원시,권선구청,2023-08-23 12:19,평동 고현초교 정문 좌측 삼거리,고정형,2023-12-01,,,
2023,수원시,팔달구청,2023-08-23 12:46,화서1동 수원역푸르지오자이 북문 우측,고정형,2023-12-01,,,
2023,수원시,팔달구청,2023-08-23 12:49,화서1동 푸르지오자이 북문 CU 앞 횡단보도,고정형,2023-12-01,,,
2023,수원시,팔달구청,2023-08-23 14:33,인계동 드림캐슬주상복합,고정형,2023-12-01,,,
2023,수원시,팔달구청,2023-08-23 14:36,매산동 팅스몰 주차장 출구 옆,고정형,2023-12-01,,,
2023,수원시,권선구청,2023-08-23 14:37,평동 고현초교 정문 좌측 삼거리,고정형,2023-12-01,,,
2023,수원시,권선구청,2023-08-23 14:40,세류3동 신곡초교 후문 좌측 사거리,고정형,2023-12-01,,,
2023,수원시,영통구청,2023-08-23 15:01,이의동 드림스퀘어Ⅱ 앞,고정형,2023-12-01,,,
2023,수원시,영통구청,2023-08-23 15:01,영통구 41두1812,국민신문고,2023-12-01,,,
2023,수원시,권선구청,2023-08-23 15:03,권선동 권선동 한라비발디앞 놀이터,고정형,2023-12-01,,,
2023,수원시,권선구청,2023-08-23 15:04,평동 수원역고가밑 (애경뒷길),고정형,2023-12-01,,,
2023,수원시,팔달구청,2023-08-23 15:07,매산동 팔달로 10번길 8,고정형,2023-12-01,,,
2023,수원시,팔달구청,2023-08-23 15:18,인계동 한국씨티은행,고정형,2023-12-01,,,
2023,수원시,팔달구청,2023-08-23 15:32,북수동 쌈지공원 앞,고정형,2023-12-01,,,
2023,수원시,권선구청,2023-08-23 15:46,서둔동 가온팰리스옆2,고정형,2023-12-01,,,
2023,수원시,팔달구청,2023-08-23 16:25,북수동 쌈지공원 앞,고정형,2023-12-01,,,
2023,수원시,권선구청,2023-08-23 16:31,평동 수원역고가밑 (애경뒷길),고정형,2023-12-01,,,
2023,수원시,권선구청,2023-08-23 16:31,평동 수원역고가밑 (애경뒷길),고정형,2023-12-01,,,
2023,수원시,팔달구청,2023-08-23 16:33,북수동 쌈지공원 앞,고정형,2023-12-01,,,
2023,수원시,팔달구청,2023-08-23 16:47,인계동 드림캐슬주상복합,고정형,2023-12-01,,,
2023,수원시,권선구청,2023-08-23 16:54,서둔동 가온팰리스옆2,고정형,2023-12-01,,,
2023,수원시,권선구청,2023-08-23 17:08,구운동 구운동 명품닭갈비,고정형,2023-12-01,,,
2023,수원시,팔달구청,2023-08-23 17:23,인계동 드림캐슬주상복합,고정형,2023-12-01,,,
2023,수원시,팔달구청,2023-08-23 17:23,인계동 드림캐슬주상복합,고정형,2023-12-01,,,
2023,수원시,팔달구청,2023-08-23 17:28,화서1동 수원역푸르지오자이 북문 우측,고정형,2023-12-01,,,
2023,수원시,권선구청,2023-08-23 17:30,곡반정동 하나로마트한국빌딩앞,고정형,2023-12-01,,,
2023,수원시,팔달구청,2023-08-23 17:41,화서1동 수원역푸르지오자이 북문 우측,고정형,2023-12-01,,,
2023,수원시,팔달구청,2023-08-23 17:58,매산동 팅스몰 주차장 출구 옆,고정형,2023-12-01,,,
2023,수원시,팔달구청,2023-08-23 17:59,화서1동 수원역푸르지오자이 북문 우측,고정형,2023-12-01,,,
2023,수원시,영통구청,2023-08-23 18:16,망포동 E-마트 에브리데이 앞,고정형,2023-12-01,37.2361017468141,127.060345496536,
2023,수원시,권선구청,2023-08-23 19:01,곡반정동 156-9,국민신문고,2023-12-01,,,
2023,수원시,권선구청,2023-08-23 19:21,곡반정동 156-11,국민신문고,2023-12-01,,,
2023,수원시,장안구청,2023-08-23 19:35,연무동 연무동 242-8,국민신문고,2023-12-01,,,
2023,수원시,팔달구청,2023-08-23 20:23,매산동 팔달로 10번길 8,고정형,2023-12-01,,,
2023,수원시,영통구청,2023-08-23 20:29,원천동 광교매원초등학교,고정형,2023-12-01,,,
2023,수원시,팔달구청,2023-08-23 20:33,인계동 드림캐슬주상복합,고정형,2023-12-01,,,
2023,수원시,팔달구청,2023-08-23 20:48,인계동 드림캐슬주상복합,고정형,2023-12-01,,,
2023,수원시,팔달구청,2023-08-23 20:52,인계동 드림캐슬주상복합,고정형,2023-12-01,,,
2023,수원시,팔달구청,2023-08-23 20:54,매산동 역전농협,고정형,2023-12-01,,,
2023,수원시,팔달구청,2023-08-23 21:25,인계동 드림캐슬주상복합,고정형,2023-12-01,,,
2023,수원시,팔달구청,2023-08-23 23:52,매산로2가 매산로3가 20-2 교차로모퉁이,국민신문고,2023-12-01,,,
2023,수원시,권선구청,2023-08-24 1:18,곡반정동 103-2,국민신문고,2023-12-01,,,
2023,수원시,권선구청,2023-08-24 5:47,곡반정동 562-2,국민신문고,2023-12-01,,,
2023,수원시,팔달구청,2023-08-24 7:04,화서1동 푸르지오자이 북문 CU 앞 횡단보도,고정형,2023-12-01,,,
2023,수원시,팔달구청,2023-08-24 7:32,인계동 드림캐슬주상복합,고정형,2023-12-01,,,
2023,수원시,팔달구청,2023-08-24 7:34,매산동 팅스몰 주차장 출구 옆,고정형,2023-12-01,,,
2023,수원시,팔달구청,2023-08-24 7:35,인계동 경인통계청,고정형,2023-12-01,,,
2023,수원시,팔달구청,2023-08-24 7:35,인계동 경인통계청,고정형,2023-12-01,,,
2023,수원시,권선구청,2023-08-24 8:03,곡반정동 하나로마트한국빌딩앞,고정형,2023-12-01,,,
2023,수원시,권선구청,2023-08-24 8:03,곡반정동 하나로마트한국빌딩앞,고정형,2023-12-01,,,
2023,수원시,권선구청,2023-08-24 8:03,곡반정동 하나로마트한국빌딩앞,고정형,2023-12-01,,,
2023,수원시,팔달구청,2023-08-24 8:03,북수동 쌈지공원 앞,고정형,2023-12-01,,,
2023,수원시,권선구청,2023-08-24 8:04,구운동 구운초교 정문 우측 삼거리,고정형,2023-12-01,,,
2023,수원시,권선구청,2023-08-24 8:04,곡반정동 하나로마트한국빌딩앞,고정형,2023-12-01,,,
2023,수원시,권선구청,2023-08-24 8:04,서둔동 가온팰리스옆2,고정형,2023-12-01,,,
2023,수원시,팔달구청,2023-08-24 8:20,매산동 팅스몰 주차장 출구 옆,고정형,2023-12-01,,,
2023,수원시,영통구청,2023-08-24 8:48,이의동 드림스퀘어Ⅱ 앞,고정형,2023-12-01,,,
2023,수원시,권선구청,2023-08-24 8:50,서둔동 가온팰리스옆2,고정형,2023-12-01,,,
2023,수원시,팔달구청,2023-08-24 9:00,인계동 드림캐슬주상복합,고정형,2023-12-01,,,
2023,수원시,영통구청,2023-08-24 9:02,이의동 드림스퀘어Ⅱ 앞,고정형,2023-12-01,,,
2023,수원시,영통구청,2023-08-24 9:15,망포동 E-마트 에브리데이 앞,고정형,2023-12-01,37.2361017468141,127.060345496536,
2023,수원시,권선구청,2023-08-24 9:18,평동 수원역고가밑 (애경뒷길),고정형,2023-12-01,,,
2023,수원시,영통구청,2023-08-24 9:32,이의동 드림스퀘어Ⅱ 앞,고정형,2023-12-01,,,
2023,수원시,권선구청,2023-08-24 9:33,구운동 구운초교 정문 우측 삼거리,고정형,2023-12-01,,,
2023,수원시,팔달구청,2023-08-24 9:41,인계동 경인통계청,고정형,2023-12-01,,,
2023,수원시,팔달구청,2023-08-24 9:44,인계동 드림캐슬주상복합,고정형,2023-12-01,,,
2023,수원시,권선구청,2023-08-24 9:49,서둔동 가온팰리스옆1,고정형,2023-12-01,,,
2023,수원시,장안구청,2023-08-24 9:58,경기도수원시장안구율전동 수원시 장안구 율전동 334,보행,2023-12-01,,,
2023,수원시,팔달구청,2023-08-24 10:13,지동 인계동 장다리로 331,주행형,2023-12-01,,,
2023,수원시,팔달구청,2023-08-24 10:25,매산로3가 매산로3가 향교로 55,주행형,2023-12-01,,,
2023,수원시,팔달구청,2023-08-24 10:25,매산로3가 매산로3가 향교로 55,주행형,2023-12-01,,,
2023,수원시,팔달구청,2023-08-24 10:25,매산로3가 매산로3가 향교로 55,주행형,2023-12-01,,,
2023,수원시,팔달구청,2023-08-24 10:28,교동 수원향교 앞 팔달보건소 뒤,고정형,2023-12-01,,,
2023,수원시,권선구청,2023-08-24 10:37,서둔동 가온팰리스옆1,고정형,2023-12-01,,,
2023,수원시,장안구청,2023-08-24 10:38,정자3동 라이프스포츠앞,고정형,2023-12-01,37.29720578617847,126.99374831020133,
2023,수원시,팔달구청,2023-08-24 11:33,화서1동 수원역푸르지오자이 북문 우측,고정형,2023-12-01,,,
2023,수원시,팔달구청,2023-08-24 11:37,매산동 역전농협,고정형,2023-12-01,,,
2023,수원시,권선구청,2023-08-24 12:14,입북동 당수초교 정문 우측 사거리,고정형,2023-12-01,,,
2023,수원시,권선구청,2023-08-24 12:26,권선2동 곡정초교 정문 좌측 사거리,고정형,2023-12-01,,,
2023,수원시,권선구청,2023-08-24 12:26,권선2동 곡정초교 정문 좌측 사거리,고정형,2023-12-01,,,
2023,수원시,영통구청,2023-08-24 13:42,광교동 광교웰빙타운한양수자인,고정형,2023-12-01,,,
2023,수원시,영통구청,2023-08-24 14:09,원천동 삼성전자중문,고정형,2023-12-01,,,
2023,수원시,팔달구청,2023-08-24 14:16,팔달로2가 팔달로2가 정조로796번길,주행형,2023-12-01,,,
2023,수원시,팔달구청,2023-08-24 14:16,남수동 남수동 정조로800번길,주행형,2023-12-01,,,
2023,수원시,팔달구청,2023-08-24 14:19,장안동 장안동 화서문로17번길,주행형,2023-12-01,,,
2023,수원시,팔달구청,2023-08-24 14:19,장안동 장안동 화서문로17번길,주행형,2023-12-01,,,
2023,수원시,팔달구청,2023-08-24 14:19,장안동 장안동 화서문로17번길,주행형,2023-12-01,,,
2023,수원시,팔달구청,2023-08-24 14:19,장안동 장안동 화서문로17번길 4,주행형,2023-12-01,,,
2023,수원시,팔달구청,2023-08-24 14:20,우만동 우만동 월드컵로366번길,주행형,2023-12-01,,,
2023,수원시,팔달구청,2023-08-24 14:20,우만동 우만동 월드컵로366번길,주행형,2023-12-01,,,
2023,수원시,팔달구청,2023-08-24 14:20,우만동 우만동 월드컵로366번길,주행형,2023-12-01,,,
2023,수원시,팔달구청,2023-08-24 14:20,장안동 장안동 화서문로17번길,주행형,2023-12-01,,,
2023,수원시,팔달구청,2023-08-24 14:20,장안동 장안동 화서문로17번길,주행형,2023-12-01,,,
2023,수원시,팔달구청,2023-08-24 14:21,우만동 우만동 월드컵로366번길,주행형,2023-12-01,,,
2023,수원시,팔달구청,2023-08-24 14:21,우만동 우만동 월드컵로366번길,주행형,2023-12-01,,,
2023,수원시,팔달구청,2023-08-24 14:21,우만동 우만동 월드컵로366번길,주행형,2023-12-01,,,
2023,수원시,팔달구청,2023-08-24 14:21,우만동 우만동 월드컵로366번길,주행형,2023-12-01,,,
2023,수원시,팔달구청,2023-08-24 14:21,우만동 우만동 월드컵로366번길,주행형,2023-12-01,,,
2023,수원시,팔달구청,2023-08-24 14:21,우만동 우만동 월드컵로366번길,주행형,2023-12-01,,,
2023,수원시,팔달구청,2023-08-24 14:36,행궁동 화홍사랑채,고정형,2023-12-01,,,
2023,수원시,팔달구청,2023-08-24 14:37,북수동 쌈지공원 앞,고정형,2023-12-01,,,
2023,수원시,팔달구청,2023-08-24 14:39,매산동 팅스몰 주차장 출구 옆,고정형,2023-12-01,,,
2023,수원시,팔달구청,2023-08-24 14:39,인계동 드림캐슬주상복합,고정형,2023-12-01,,,
2023,수원시,권선구청,2023-08-24 14:41,곡선동 휴먼푸드 인근,고정형,2023-12-01,,,
2023,수원시,권선구청,2023-08-24 14:42,세류3동 신곡초교 후문 좌측 사거리,고정형,2023-12-01,,,
2023,수원시,팔달구청,2023-08-24 14:42,경기도수원시영통구매탄동 수원시 팔달구 권광로312번길,보행,2023-12-01,,,
2023,수원시,권선구청,2023-08-24 14:50,서둔동 가온팰리스옆2,고정형,2023-12-01,,,
2023,수원시,팔달구청,2023-08-24 15:04,매산동 팅스몰 주차장 출구 옆,고정형,2023-12-01,,,
2023,수원시,권선구청,2023-08-24 15:06,구운동 구운초교 정문 우측 삼거리,고정형,2023-12-01,,,
2023,수원시,권선구청,2023-08-24 15:31,세류3동 신곡초교 후문 좌측 사거리,고정형,2023-12-01,,,
2023,수원시,팔달구청,2023-08-24 15:33,인계동 경인통계청,고정형,2023-12-01,,,
2023,수원시,권선구청,2023-08-24 15:56,권선동 권선동 한라비발디앞 놀이터,고정형,2023-12-01,,,
2023,수원시,권선구청,2023-08-24 16:07,서둔동 가온팰리스옆2,고정형,2023-12-01,,,
2023,수원시,팔달구청,2023-08-24 16:07,인계동 한국씨티은행,고정형,2023-12-01,,,
2023,수원시,영통구청,2023-08-24 16:21,광교동 광교 덴티움지식산업센터 앞 사거리,고정형,2023-12-01,,,
2023,수원시,팔달구청,2023-08-24 16:23,북수동 쌈지공원 앞,고정형,2023-12-01,,,
2023,수원시,팔달구청,2023-08-24 16:25,인계동 드림캐슬주상복합,고정형,2023-12-01,,,
2023,수원시,팔달구청,2023-08-24 16:37,인계동 드림캐슬주상복합,고정형,2023-12-01,,,
2023,수원시,팔달구청,2023-08-24 16:37,인계동 드림캐슬주상복합,고정형,2023-12-01,,,
2023,수원시,권선구청,2023-08-24 16:46,호매실동 금호프라자 대각 맞은편,고정형,2023-12-01,,,
2023,수원시,팔달구청,2023-08-24 16:58,인계동 한국씨티은행,고정형,2023-12-01,,,
2023,수원시,권선구청,2023-08-24 17:16,세류3동 신곡초교 후문 좌측 사거리,고정형,2023-12-01,,,
2023,수원시,팔달구청,2023-08-24 17:22,매산동 팅스몰 주차장 출구 옆,고정형,2023-12-01,,,
2023,수원시,팔달구청,2023-08-24 17:42,인계동 경인통계청,고정형,2023-12-01,,,
2023,수원시,팔달구청,2023-08-24 17:50,매산동 팅스몰 주차장 출구 옆,고정형,2023-12-01,,,
2023,수원시,팔달구청,2023-08-24 19:00,매산동 팅스몰 주차장 출구 옆,고정형,2023-12-01,,,
2023,수원시,팔달구청,2023-08-24 19:17,매산동 팔달로 10번길 8,고정형,2023-12-01,,,
2023,수원시,팔달구청,2023-08-24 19:25,인계동 드림캐슬주상복합,고정형,2023-12-01,,,
2023,수원시,팔달구청,2023-08-24 19:46,경기도수원시팔달구고등동 수원시 팔달구 중부대로 206번길,보행,2023-12-01,,,
2023,수원시,팔달구청,2023-08-24 19:53,매산동 팅스몰 주차장 출구 옆,고정형,2023-12-01,,,
2023,수원시,영통구청,2023-08-24 20:04,이의동 광교가재울마을사거리,고정형,2023-12-01,,,
2023,수원시,팔달구청,2023-08-24 20:11,화서1동 수원역푸르지오자이 북문 우측,고정형,2023-12-01,,,
2023,수원시,팔달구청,2023-08-24 20:29,매산동 팅스몰 주차장 출구 옆,고정형,2023-12-01,,,
2023,수원시,팔달구청,2023-08-24 21:07,인계동 드림캐슬주상복합,고정형,2023-12-01,,,
2023,수원시,팔달구청,2023-08-24 21:32,매산동 역전농협,고정형,2023-12-01,,,
2023,수원시,권선구청,2023-08-24 21:44,곡반정동 562-2,국민신문고,2023-12-01,,,
2023,수원시,권선구청,2023-08-24 22:59,곡반정동 562-2,국민신문고,2023-12-01,,,
2023,수원시,권선구청,2023-08-24 22:59,곡반정동 562-2,국민신문고,2023-12-01,,,
2023,수원시,권선구청,2023-08-24 23:00,곡반정동 562-2,국민신문고,2023-12-01,,,
2023,수원시,권선구청,2023-08-25 5:50,곡반정동 562-2,국민신문고,2023-12-01,,,
2023,수원시,팔달구청,2023-08-25 7:08,화서1동 푸르지오자이 북문 CU 앞 횡단보도,고정형,2023-12-01,,,
2023,수원시,팔달구청,2023-08-25 7:32,인계동 경인통계청,고정형,2023-12-01,,,
2023,수원시,권선구청,2023-08-25 8:03,곡반정동 하나로마트한국빌딩앞,고정형,2023-12-01,,,
2023,수원시,권선구청,2023-08-25 8:03,서둔동 가온팰리스옆2,고정형,2023-12-01,,,
2023,수원시,권선구청,2023-08-25 8:03,곡반정동 하나로마트한국빌딩앞,고정형,2023-12-01,,,
2023,수원시,팔달구청,2023-08-25 8:03,북수동 쌈지공원 앞,고정형,2023-12-01,,,
2023,수원시,팔달구청,2023-08-25 8:03,북수동 쌈지공원 앞,고정형,2023-12-01,,,
2023,수원시,권선구청,2023-08-25 8:08,서둔동 가온팰리스옆2,고정형,2023-12-01,,,
2023,수원시,팔달구청,2023-08-25 8:14,인계동 경인통계청,고정형,2023-12-01,,,
2023,수원시,영통구청,2023-08-25 8:20,경기도수원시영통구원천동 수원시 영통구 원천동 351,보행,2023-12-01,,,
2023,수원시,팔달구청,2023-08-25 8:44,인계동 드림캐슬주상복합,고정형,2023-12-01,,,
2023,수원시,권선구청,2023-08-25 8:55,금곡동 101-3,국민신문고,2023-12-01,,,
2023,수원시,팔달구청,2023-08-25 8:57,인계동 드림캐슬주상복합,고정형,2023-12-01,,,
2023,수원시,권선구청,2023-08-25 9:00,서둔동 가온팰리스옆2,고정형,2023-12-01,,,
2023,수원시,영통구청,2023-08-25 9:03,이의동 드림스퀘어Ⅱ 앞,고정형,2023-12-01,,,
2023,수원시,권선구청,2023-08-25 9:09,서둔동 가온팰리스옆2,고정형,2023-12-01,,,
2023,수원시,권선구청,2023-08-25 9:09,서둔동 가온팰리스옆2,고정형,2023-12-01,,,
2023,수원시,권선구청,2023-08-25 9:16,곡반정동 154-1,국민신문고,2023-12-01,,,
2023,수원시,팔달구청,2023-08-25 9:39,신풍동 제일교회부설주차장 부근,고정형,2023-12-01,,,
2023,수원시,팔달구청,2023-08-25 9:50,북수동 쌈지공원 앞,고정형,2023-12-01,,,
2023,수원시,권선구청,2023-08-25 9:55,곡선동 휴먼푸드 인근,고정형,2023-12-01,,,
2023,수원시,권선구청,2023-08-25 10:01,고색동 도이치 고객주차장 출입구,고정형,2023-12-01,,,
2023,수원시,팔달구청,2023-08-25 10:19,인계동 드림캐슬주상복합,고정형,2023-12-01,,,
2023,수원시,팔달구청,2023-08-25 10:34,인계동 드림캐슬주상복합,고정형,2023-12-01,,,
2023,수원시,팔달구청,2023-08-25 10:41,인계동 드림캐슬주상복합,고정형,2023-12-01,,,
2023,수원시,팔달구청,2023-08-25 11:10,매산동 역전농협,고정형,2023-12-01,,,
2023,수원시,영통구청,2023-08-25 11:16,광교동 광교웰빙타운한양수자인,고정형,2023-12-01,,,
2023,수원시,권선구청,2023-08-25 12:22,구운동 구운초교 정문 우측 삼거리,고정형,2023-12-01,,,
2023,수원시,권선구청,2023-08-25 12:48,평동 SK모터스 고가 옆,고정형,2023-12-01,,,
2023,수원시,장안구청,2023-08-25 12:49,조원동 정자동 871-4,국민신문고,2023-12-01,,,
2023,수원시,권선구청,2023-08-25 13:26,권선동 NC터미널점 버스정류장 앞,고정형,2023-12-01,,,
2023,수원시,팔달구청,2023-08-25 13:33,매산동 역전농협,고정형,2023-12-01,,,
2023,수원시,영통구청,2023-08-25 13:39,망포동 E-마트 에브리데이 앞,고정형,2023-12-01,37.2361017468141,127.060345496536,
2023,수원시,팔달구청,2023-08-25 13:56,남수동 남수동 정조로800번길,주행형,2023-12-01,,,
2023,수원시,팔달구청,2023-08-25 13:56,남수동 남수동 정조로800번길,주행형,2023-12-01,,,
2023,수원시,팔달구청,2023-08-25 13:58,남수동 남수동 수원천로281,주행형,2023-12-01,,,
2023,수원시,권선구청,2023-08-25 14:00,곡선동 휴먼푸드 인근,고정형,2023-12-01,,,
2023,수원시,팔달구청,2023-08-25 14:02,화서1동 푸르지오자이 북문 CU 앞 횡단보도,고정형,2023-12-01,,,
2023,수원시,팔달구청,2023-08-25 14:12,우만동 우만동 월드컵로366번길,주행형,2023-12-01,,,
2023,수원시,팔달구청,2023-08-25 14:12,우만동 우만동 월드컵로366번길,주행형,2023-12-01,,,
2023,수원시,팔달구청,2023-08-25 14:12,우만동 우만동 월드컵로366번길,주행형,2023-12-01,,,
2023,수원시,팔달구청,2023-08-25 14:12,우만동 우만동 월드컵로366번길,주행형,2023-12-01,,,
2023,수원시,팔달구청,2023-08-25 14:12,우만동 우만동 월드컵로366번길,주행형,2023-12-01,,,
2023,수원시,팔달구청,2023-08-25 14:12,우만동 우만동 월드컵로366번길,주행형,2023-12-01,,,
2023,수원시,팔달구청,2023-08-25 14:13,우만동 우만동 월드컵로366번길,주행형,2023-12-01,,,
2023,수원시,팔달구청,2023-08-25 14:13,우만동 우만동 월드컵로366번길,주행형,2023-12-01,,,
2023,수원시,팔달구청,2023-08-25 14:15,우만동 우만동 월드컵로366번길,주행형,2023-12-01,,,
2023,수원시,팔달구청,2023-08-25 14:15,우만동 우만동 월드컵로366번길,주행형,2023-12-01,,,
2023,수원시,팔달구청,2023-08-25 14:15,우만동 우만동 월드컵로366번길,주행형,2023-12-01,,,
2023,수원시,팔달구청,2023-08-25 14:16,우만동 우만동 월드컵로366번길,주행형,2023-12-01,,,
2023,수원시,팔달구청,2023-08-25 14:22,매산동 역전농협,고정형,2023-12-01,,,
2023,수원시,권선구청,2023-08-25 14:26,평동 오현초교 정문 우측 사거리,고정형,2023-12-01,,,
2023,수원시,팔달구청,2023-08-25 14:33,인계동 드림캐슬주상복합,고정형,2023-12-01,,,
2023,수원시,권선구청,2023-08-25 14:33,권선2동 곡정초교 정문 좌측 사거리,고정형,2023-12-01,,,
2023,수원시,영통구청,2023-08-25 14:35,이의동 드림스퀘어Ⅱ 앞,고정형,2023-12-01,,,
2023,수원시,영통구청,2023-08-25 14:35,이의동 드림스퀘어Ⅱ 앞,고정형,2023-12-01,,,
2023,수원시,팔달구청,2023-08-25 14:42,남수동 남수동 정조로800번길,주행형,2023-12-01,,,
2023,수원시,팔달구청,2023-08-25 14:43,팔달로2가 팔달로2가 정조로796번길,주행형,2023-12-01,,,
2023,수원시,팔달구청,2023-08-25 14:43,남수동 남수동 정조로796번길,주행형,2023-12-01,,,
2023,수원시,팔달구청,2023-08-25 14:43,남수동 남수동 정조로796번길,주행형,2023-12-01,,,
2023,수원시,팔달구청,2023-08-25 14:43,남수동 남수동 정조로796번길,주행형,2023-12-01,,,
2023,수원시,팔달구청,2023-08-25 14:43,남수동 남수동 정조로796번길,주행형,2023-12-01,,,
2023,수원시,팔달구청,2023-08-25 14:43,남수동 남수동 정조로796번길,주행형,2023-12-01,,,
2023,수원시,팔달구청,2023-08-25 14:43,남수동 남수동 정조로796번길,주행형,2023-12-01,,,
2023,수원시,팔달구청,2023-08-25 14:45,지동 지동 수원천로 282,주행형,2023-12-01,,,
2023,수원시,팔달구청,2023-08-25 14:48,매산동 역전농협,고정형,2023-12-01,,,
2023,수원시,권선구청,2023-08-25 14:52,서둔동 가온팰리스옆2,고정형,2023-12-01,,,
2023,수원시,권선구청,2023-08-25 14:52,서둔동 가온팰리스옆2,고정형,2023-12-01,,,
2023,수원시,영통구청,2023-08-25 14:53,영통구 고정형: 래미안 영통 마크원 서문(204동),보행,2023-12-01,,,
2023,수원시,팔달구청,2023-08-25 14:55,매산동 팔달로 10번길 8,고정형,2023-12-01,,,
2023,수원시,팔달구청,2023-08-25 14:55,매산동 팔달로 10번길 8,고정형,2023-12-01,,,
2023,수원시,영통구청,2023-08-25 15:09,광교동 광교더사랑교회뒷길,고정형,2023-12-01,,,
2023,수원시,팔달구청,2023-08-25 15:22,인계동 드림캐슬주상복합,고정형,2023-12-01,,,
2023,수원시,권선구청,2023-08-25 15:24,서둔동 서둔로256번길,주행형,2023-12-01,,,
2023,수원시,권선구청,2023-08-25 15:25,서둔동 서둔로256번길,주행형,2023-12-01,,,
2023,수원시,권선구청,2023-08-25 15:25,서둔동 서둔로256번길,주행형,2023-12-01,,,
2023,수원시,권선구청,2023-08-25 15:49,곡선동 권선중앙약국 건너편,고정형,2023-12-01,,,
2023,수원시,팔달구청,2023-08-25 15:49,매산동 팔달로 10번길 8,고정형,2023-12-01,,,
2023,수원시,팔달구청,2023-08-25 15:50,고등동 수원시 팔달구 고등동 141-16,보행,2023-12-01,,,
2023,수원시,영통구청,2023-08-25 15:53,이의동 드림스퀘어Ⅱ 앞,고정형,2023-12-01,,,
2023,수원시,영통구청,2023-08-25 15:58,영통동 롯데마트 뒤,고정형,2023-12-01,37.27220279535416,127.10856729001851,
2023,수원시,팔달구청,2023-08-25 16:04,화서1동 수원역푸르지오자이 북문 우측,고정형,2023-12-01,,,
2023,수원시,권선구청,2023-08-25 16:07,금곡동 수원문산고속도로,주행형,2023-12-01,,,
2023,수원시,권선구청,2023-08-25 16:07,금곡동 수원문산고속도로,주행형,2023-12-01,,,
2023,수원시,권선구청,2023-08-25 16:07,금곡동 수원문산고속도로,주행형,2023-12-01,,,
2023,수원시,영통구청,2023-08-25 16:11,이의동 도청예정부지,고정형,2023-12-01,,,
2023,수원시,팔달구청,2023-08-25 16:27,인계동 경인통계청,고정형,2023-12-01,,,
2023,수원시,팔달구청,2023-08-25 16:27,인계동 경인통계청,고정형,2023-12-01,,,
2023,수원시,팔달구청,2023-08-25 16:35,교동 수원향교 앞 팔달보건소 뒤,고정형,2023-12-01,,,
2023,수원시,권선구청,2023-08-25 17:01,서둔동 가온팰리스옆2,고정형,2023-12-01,,,
2023,수원시,권선구청,2023-08-25 17:10,평동 수원역고가밑 (애경뒷길),고정형,2023-12-01,,,
2023,수원시,팔달구청,2023-08-25 17:33,인계동 경인통계청,고정형,2023-12-01,,,
2023,수원시,팔달구청,2023-08-25 17:54,매산동 팅스몰 주차장 출구 옆,고정형,2023-12-01,,,
2023,수원시,팔달구청,2023-08-25 18:29,화서1동 수원역푸르지오자이 북문 우측,고정형,2023-12-01,,,
2023,수원시,팔달구청,2023-08-25 18:35,인계동 드림캐슬주상복합,고정형,2023-12-01,,,
2023,수원시,팔달구청,2023-08-25 18:55,인계동 드림캐슬주상복합,고정형,2023-12-01,,,
2023,수원시,팔달구청,2023-08-25 19:17,화서1동 수원역푸르지오자이 북문 우측,고정형,2023-12-01,,,
2023,수원시,팔달구청,2023-08-25 19:24,인계동 드림캐슬주상복합,고정형,2023-12-01,,,
2023,수원시,팔달구청,2023-08-25 19:36,인계동 드림캐슬주상복합,고정형,2023-12-01,,,
2023,수원시,팔달구청,2023-08-25 19:37,매산동 팔달로 10번길 8,고정형,2023-12-01,,,
2023,수원시,팔달구청,2023-08-25 19:50,화서1동 수원역푸르지오자이 북문 우측,고정형,2023-12-01,,,
2023,수원시,팔달구청,2023-08-25 20:39,매산동 팅스몰 주차장 출구 옆,고정형,2023-12-01,,,
2023,수원시,팔달구청,2023-08-25 20:39,매산동 팅스몰 주차장 출구 옆,고정형,2023-12-01,,,
2023,수원시,영통구청,2023-08-25 20:45,원천동 광교매원초등학교,고정형,2023-12-01,,,
2023,수원시,팔달구청,2023-08-25 23:09,고등동 고등동 217-39 횡단보도,국민신문고,2023-12-01,,,
2023,수원시,팔달구청,2023-08-25 23:12,고등동 고등동 226-81 횡단보도,국민신문고,2023-12-01,,,
2023,수원시,팔달구청,2023-08-25 23:14,고등동 고등동 266-1 횡단보도,국민신문고,2023-12-01,,,
2023,수원시,팔달구청,2023-08-25 23:17,고등동 고등동 265-4 횡단보도,국민신문고,2023-12-01,,,
2023,수원시,팔달구청,2023-08-25 23:18,고등동 고등동 266-12 횡단보도,국민신문고,2023-12-01,,,
2023,수원시,팔달구청,2023-08-26 9:02,매산동 팅스몰 주차장 출구 옆,고정형,2023-12-01,,,
2023,수원시,팔달구청,2023-08-26 9:03,매산동 팅스몰 주차장 출구 옆,고정형,2023-12-01,,,
2023,수원시,권선구청,2023-08-26 9:03,곡선동 권선중앙약국 건너편,고정형,2023-12-01,,,
2023,수원시,권선구청,2023-08-26 9:03,서둔동 가온팰리스옆2,고정형,2023-12-01,,,
2023,수원시,팔달구청,2023-08-26 9:04,인계동 드림캐슬주상복합,고정형,2023-12-01,,,
2023,수원시,권선구청,2023-08-26 9:04,곡반정동 하나로마트한국빌딩앞,고정형,2023-12-01,,,
2023,수원시,권선구청,2023-08-26 9:04,곡반정동 하나로마트한국빌딩앞,고정형,2023-12-01,,,
2023,수원시,팔달구청,2023-08-26 9:04,화서1동 수원역푸르지오자이 북문 우측,고정형,2023-12-01,,,
2023,수원시,팔달구청,2023-08-26 9:04,북수동 쌈지공원 앞,고정형,2023-12-01,,,
2023,수원시,팔달구청,2023-08-26 9:04,북수동 쌈지공원 앞,고정형,2023-12-01,,,
2023,수원시,권선구청,2023-08-26 9:05,서둔동 가온팰리스옆2,고정형,2023-12-01,,,
2023,수원시,권선구청,2023-08-26 9:05,서둔동 가온팰리스옆2,고정형,2023-12-01,,,
2023,수원시,팔달구청,2023-08-26 9:05,인계동 드림캐슬주상복합,고정형,2023-12-01,,,
2023,수원시,팔달구청,2023-08-26 9:05,화서1동 푸르지오자이 북문 CU 앞 횡단보도,고정형,2023-12-01,,,
2023,수원시,팔달구청,2023-08-26 9:09,인계동 한국씨티은행,고정형,2023-12-01,,,
2023,수원시,영통구청,2023-08-26 9:15,원천동 광교매원초등학교,고정형,2023-12-01,,,
2023,수원시,팔달구청,2023-08-26 9:19,화서1동 수원역푸르지오자이 북문 우측,고정형,2023-12-01,,,
2023,수원시,영통구청,2023-08-26 9:20,이의동 드림스퀘어Ⅱ 앞,고정형,2023-12-01,,,
2023,수원시,영통구청,2023-08-26 9:38,영통동 롯데마트 뒤,고정형,2023-12-01,37.27220279535416,127.10856729001851,
2023,수원시,영통구청,2023-08-26 10:31,망포동 힐스테이트 119동 ~방죽공원 삼거리,고정형,2023-12-01,,,
2023,수원시,팔달구청,2023-08-26 10:37,화서1동 수원역푸르지오자이 북문 우측,고정형,2023-12-01,,,
2023,수원시,팔달구청,2023-08-26 11:00,화서1동 수원역푸르지오자이 북문 우측,고정형,2023-12-01,,,
2023,수원시,팔달구청,2023-08-26 11:30,화서1동 수원역푸르지오자이 북문 우측,고정형,2023-12-01,,,
2023,수원시,팔달구청,2023-08-26 11:36,화서1동 수원역푸르지오자이 북문 우측,고정형,2023-12-01,,,
2023,수원시,영통구청,2023-08-26 11:59,망포동 힐스테이트 119동 ~방죽공원 삼거리,고정형,2023-12-01,,,
2023,수원시,영통구청,2023-08-26 12:03,영통동 롯데마트 뒤,고정형,2023-12-01,37.27220279535416,127.10856729001851,
2023,수원시,영통구청,2023-08-26 12:35,영통동 롯데마트 뒤,고정형,2023-12-01,37.27220279535416,127.10856729001851,
2023,수원시,영통구청,2023-08-26 12:53,영통동 롯데마트 뒤,고정형,2023-12-01,37.27220279535416,127.10856729001851,
2023,수원시,팔달구청,2023-08-26 13:03,행궁동 팔달문 버스정류장,고정형,2023-12-01,,,
2023,수원시,영통구청,2023-08-26 13:19,망포동 힐스테이트 119동 ~방죽공원 삼거리,고정형,2023-12-01,,,
2023,수원시,팔달구청,2023-08-26 14:04,경기도수원시팔달구화서동 수원시 팔달구 화서동 184-361,보행,2023-12-01,,,
2023,수원시,팔달구청,2023-08-26 14:33,매산동 팔달로 10번길 8,고정형,2023-12-01,,,
2023,수원시,팔달구청,2023-08-26 14:33,인계동 드림캐슬주상복합,고정형,2023-12-01,,,
2023,수원시,권선구청,2023-08-26 14:33,곡반정동 하나로마트한국빌딩앞,고정형,2023-12-01,,,
2023,수원시,팔달구청,2023-08-26 14:34,매산동 팅스몰 주차장 출구 옆,고정형,2023-12-01,,,
2023,수원시,팔달구청,2023-08-26 14:34,인계동 드림캐슬주상복합,고정형,2023-12-01,,,
2023,수원시,영통구청,2023-08-26 14:36,이의동 드림스퀘어Ⅱ 앞,고정형,2023-12-01,,,
2023,수원시,팔달구청,2023-08-26 14:36,매산동 팅스몰 주차장 출구 옆,고정형,2023-12-01,,,
2023,수원시,팔달구청,2023-08-26 14:36,매산동 팅스몰 주차장 출구 옆,고정형,2023-12-01,,,
2023,수원시,팔달구청,2023-08-26 14:37,매산동 팅스몰 주차장 출구 옆,고정형,2023-12-01,,,
2023,수원시,영통구청,2023-08-26 14:39,망포동 힐스테이트 119동 ~방죽공원 삼거리,고정형,2023-12-01,,,
2023,수원시,팔달구청,2023-08-26 15:01,중동 중동 중부대로10,주행형,2023-12-01,,,
2023,수원시,팔달구청,2023-08-26 15:08,행궁동 화홍사랑채,고정형,2023-12-01,,,
2023,수원시,팔달구청,2023-08-26 15:26,남수동 남수동 창룡대로8번길,주행형,2023-12-01,,,
2023,수원시,팔달구청,2023-08-26 15:26,남수동 남수동 정조로800번길,주행형,2023-12-01,,,
2023,수원시,팔달구청,2023-08-26 15:26,남수동 남수동 정조로800번길,주행형,2023-12-01,,,
2023,수원시,권선구청,2023-08-26 15:41,곡반정동 하나로마트한국빌딩앞,고정형,2023-12-01,,,
2023,수원시,영통구청,2023-08-26 15:48,이의동 드림스퀘어Ⅱ 앞,고정형,2023-12-01,,,
2023,수원시,팔달구청,2023-08-26 15:48,매산동 팅스몰 주차장 출구 옆,고정형,2023-12-01,,,
2023,수원시,권선구청,2023-08-26 15:48,곡반정동 하나로마트한국빌딩앞,고정형,2023-12-01,,,
2023,수원시,팔달구청,2023-08-26 15:50,인계동 경인통계청,고정형,2023-12-01,,,
2023,수원시,팔달구청,2023-08-26 15:52,북수동 북수동 수원천로372,주행형,2023-12-01,,,
2023,수원시,팔달구청,2023-08-26 15:52,북수동 북수동 수원천로372,주행형,2023-12-01,,,
2023,수원시,팔달구청,2023-08-26 15:52,북수동 북수동 수원천로372,주행형,2023-12-01,,,
2023,수원시,팔달구청,2023-08-26 15:52,북수동 북수동 수원천로372,주행형,2023-12-01,,,
2023,수원시,팔달구청,2023-08-26 15:52,북수동 북수동 수원천로372,주행형,2023-12-01,,,
2023,수원시,팔달구청,2023-08-26 15:52,북수동 북수동 수원천로372,주행형,2023-12-01,,,
2023,수원시,팔달구청,2023-08-26 16:04,북수동 쌈지공원 앞,고정형,2023-12-01,,,
2023,수원시,권선구청,2023-08-26 16:10,곡반정동 하나로마트한국빌딩앞,고정형,2023-12-01,,,
2023,수원시,권선구청,2023-08-26 16:25,권선동 NC터미널점 버스정류장 앞,고정형,2023-12-01,,,
2023,수원시,팔달구청,2023-08-26 16:28,인계동 경인통계청,고정형,2023-12-01,,,
2023,수원시,권선구청,2023-08-26 16:43,권선동 NC터미널점 버스정류장 앞,고정형,2023-12-01,,,
2023,수원시,팔달구청,2023-08-26 16:49,행궁동 화홍사랑채,고정형,2023-12-01,,,
2023,수원시,팔달구청,2023-08-26 16:54,매산동 팅스몰 주차장 출구 옆,고정형,2023-12-01,,,
2023,수원시,팔달구청,2023-08-26 16:56,매산동 팅스몰 주차장 출구 옆,고정형,2023-12-01,,,
2023,수원시,팔달구청,2023-08-26 17:04,북수동 쌈지공원 앞,고정형,2023-12-01,,,
2023,수원시,영통구청,2023-08-26 17:07,망포동 E-마트 에브리데이 앞,고정형,2023-12-01,37.2361017468141,127.060345496536,
2023,수원시,권선구청,2023-08-26 17:14,평동 수원역고가밑 (애경뒷길),고정형,2023-12-01,,,
2023,수원시,권선구청,2023-08-26 17:14,평동 수원역고가밑 (애경뒷길),고정형,2023-12-01,,,
2023,수원시,권선구청,2023-08-26 17:21,서둔동 롯데몰9번출구앞주변,고정형,2023-12-01,,,
2023,수원시,권선구청,2023-08-26 17:23,서둔동 가온팰리스옆1,고정형,2023-12-01,,,
2023,수원시,영통구청,2023-08-26 17:33,영통동 마사회뒷길,고정형,2023-12-01,,,
2023,수원시,팔달구청,2023-08-26 17:43,인계동 경인통계청,고정형,2023-12-01,,,
2023,수원시,권선구청,2023-08-26 18:23,곡반정동 192-5,국민신문고,2023-12-01,,,
2023,수원시,팔달구청,2023-08-26 18:27,화서1동 푸르지오자이 북문 CU 앞 횡단보도,고정형,2023-12-01,,,
2023,수원시,팔달구청,2023-08-26 19:13,인계동 드림캐슬주상복합,고정형,2023-12-01,,,
2023,수원시,팔달구청,2023-08-26 19:30,인계동 드림캐슬주상복합,고정형,2023-12-01,,,
2023,수원시,팔달구청,2023-08-26 19:40,인계동 드림캐슬주상복합,고정형,2023-12-01,,,
2023,수원시,팔달구청,2023-08-26 19:52,인계동 드림캐슬주상복합,고정형,2023-12-01,,,
2023,수원시,팔달구청,2023-08-26 20:10,화서1동 수원역푸르지오자이 북문 우측,고정형,2023-12-01,,,
2023,수원시,팔달구청,2023-08-26 20:14,매산동 팅스몰 주차장 출구 옆,고정형,2023-12-01,,,
2023,수원시,팔달구청,2023-08-26 20:22,인계동 드림캐슬주상복합,고정형,2023-12-01,,,
2023,수원시,팔달구청,2023-08-26 20:45,인계동 드림캐슬주상복합,고정형,2023-12-01,,,
2023,수원시,권선구청,2023-08-26 21:16,곡반정동 196-7,국민신문고,2023-12-01,,,
2023,수원시,권선구청,2023-08-26 22:03,오목천동 527-21,국민신문고,2023-12-01,,,
2023,수원시,장안구청,2023-08-27 1:32,정자동 화서동695-1,국민신문고,2023-12-01,,,
2023,수원시,팔달구청,2023-08-27 9:02,매산동 팔달로 10번길 8,고정형,2023-12-01,,,
2023,수원시,권선구청,2023-08-27 9:02,곡반정동 궁촌육교앞,고정형,2023-12-01,,,
2023,수원시,권선구청,2023-08-27 9:02,곡반정동 궁촌육교앞,고정형,2023-12-01,,,
2023,수원시,팔달구청,2023-08-27 9:02,매산동 팅스몰 주차장 출구 옆,고정형,2023-12-01,,,
2023,수원시,팔달구청,2023-08-27 9:02,매산동 팅스몰 주차장 출구 옆,고정형,2023-12-01,,,
2023,수원시,팔달구청,2023-08-27 9:02,화서1동 수원역푸르지오자이 북문 우측,고정형,2023-12-01,,,
2023,수원시,권선구청,2023-08-27 9:03,곡반정동 하나로마트한국빌딩앞,고정형,2023-12-01,,,
2023,수원시,팔달구청,2023-08-27 9:03,화서1동 수원역푸르지오자이 북문 우측,고정형,2023-12-01,,,
2023,수원시,팔달구청,2023-08-27 9:03,매산동 팅스몰 주차장 출구 옆,고정형,2023-12-01,,,
2023,수원시,권선구청,2023-08-27 9:03,곡반정동 하나로마트한국빌딩앞,고정형,2023-12-01,,,
2023,수원시,팔달구청,2023-08-27 9:04,화서1동 푸르지오자이 북문 CU 앞 횡단보도,고정형,2023-12-01,,,
2023,수원시,팔달구청,2023-08-27 9:04,인계동 한국씨티은행,고정형,2023-12-01,,,
2023,수원시,팔달구청,2023-08-27 9:04,매산동 팅스몰 주차장 출구 옆,고정형,2023-12-01,,,
2023,수원시,팔달구청,2023-08-27 9:04,화서1동 수원역푸르지오자이 북문 우측,고정형,2023-12-01,,,
2023,수원시,팔달구청,2023-08-27 9:04,행궁동 화홍사랑채,고정형,2023-12-01,,,
2023,수원시,팔달구청,2023-08-27 9:04,화서1동 수원역푸르지오자이 북문 우측,고정형,2023-12-01,,,
2023,수원시,팔달구청,2023-08-27 9:05,인계동 경인통계청,고정형,2023-12-01,,,
2023,수원시,권선구청,2023-08-27 9:05,서둔동 가온팰리스옆1,고정형,2023-12-01,,,
2023,수원시,팔달구청,2023-08-27 9:05,인계동 경인통계청,고정형,2023-12-01,,,
2023,수원시,권선구청,2023-08-27 9:05,서둔동 가온팰리스옆2,고정형,2023-12-01,,,
2023,수원시,팔달구청,2023-08-27 9:05,인계동 드림캐슬주상복합,고정형,2023-12-01,,,
2023,수원시,권선구청,2023-08-27 9:06,곡반정동 하나로마트한국빌딩앞,고정형,2023-12-01,,,
2023,수원시,팔달구청,2023-08-27 9:09,매산동 팅스몰 주차장 출구 옆,고정형,2023-12-01,,,
2023,수원시,팔달구청,2023-08-27 9:59,팔달로1가 팔달문 버스정류장,고정형,2023-12-01,,,
2023,수원시,권선구청,2023-08-27 10:07,곡반정동 하나로마트한국빌딩앞,고정형,2023-12-01,,,
2023,수원시,팔달구청,2023-08-27 10:15,화서1동 푸르지오자이 북문 CU 앞 횡단보도,고정형,2023-12-01,,,
2023,수원시,장안구청,2023-08-27 10:20,송죽동 송죽동4118-15,국민신문고,2023-12-01,,,
2023,수원시,권선구청,2023-08-27 10:26,곡반정동 하나로마트한국빌딩앞,고정형,2023-12-01,,,
2023,수원시,권선구청,2023-08-27 10:31,구운동 구운동 명품닭갈비,고정형,2023-12-01,,,
2023,수원시,권선구청,2023-08-27 10:37,매산로1가 수인로9번길,주행형,2023-12-01,,,
2023,수원시,권선구청,2023-08-27 10:37,매산로1가 수인로9번길,주행형,2023-12-01,,,
2023,수원시,권선구청,2023-08-27 10:37,매산로1가 수인로9번길,주행형,2023-12-01,,,
2023,수원시,권선구청,2023-08-27 10:37,매산로1가 수인로9번길,주행형,2023-12-01,,,
2023,수원시,권선구청,2023-08-27 10:43,매산로1가 수인로9번길,주행형,2023-12-01,,,
2023,수원시,권선구청,2023-08-27 10:44,매산로1가 수인로9번길,주행형,2023-12-01,,,
2023,수원시,권선구청,2023-08-27 10:44,매산로1가 수인로9번길,주행형,2023-12-01,,,
2023,수원시,팔달구청,2023-08-27 11:49,경기도수원시팔달구화서동 수원시 팔달구 중부대로 20,보행,2023-12-01,,,
2023,수원시,영통구청,2023-08-27 12:27,영통동 마사회뒷길,고정형,2023-12-01,,,
2023,수원시,영통구청,2023-08-27 12:27,영통동 마사회뒷길,고정형,2023-12-01,,,
2023,수원시,팔달구청,2023-08-27 12:28,화서1동 수원역푸르지오자이 북문 우측,고정형,2023-12-01,,,
2023,수원시,권선구청,2023-08-27 12:45,곡반정동 562-2,국민신문고,2023-12-01,,,
2023,수원시,권선구청,2023-08-27 12:45,곡반정동 562-2,국민신문고,2023-12-01,,,
2023,수원시,팔달구청,2023-08-27 12:52,화서1동 수원역푸르지오자이 북문 우측,고정형,2023-12-01,,,
2023,수원시,권선구청,2023-08-27 12:54,곡반정동 562-2,국민신문고,2023-12-01,,,
2023,수원시,권선구청,2023-08-27 12:54,곡반정동 562-2,국민신문고,2023-12-01,,,
2023,수원시,영통구청,2023-08-27 12:58,하동 원천동 85-3,국민신문고,2023-12-01,,,
2023,수원시,영통구청,2023-08-27 13:08,하동 광교호반마을한양수자인,고정형,2023-12-01,,,
2023,수원시,팔달구청,2023-08-27 13:42,화서1동 수원역푸르지오자이 북문 우측,고정형,2023-12-01,,,
2023,수원시,권선구청,2023-08-27 13:53,오목천동 527-5,국민신문고,2023-12-01,,,
2023,수원시,권선구청,2023-08-27 13:54,오목천동 527-5,국민신문고,2023-12-01,,,
2023,수원시,팔달구청,2023-08-27 14:02,화서1동 수원역푸르지오자이 북문 우측,고정형,2023-12-01,,,
2023,수원시,팔달구청,2023-08-27 14:19,행궁동 팔달문 버스정류장,고정형,2023-12-01,,,
2023,수원시,권선구청,2023-08-27 14:33,곡반정동 하나로마트한국빌딩앞,고정형,2023-12-01,,,
2023,수원시,팔달구청,2023-08-27 14:33,인계동 드림캐슬주상복합,고정형,2023-12-01,,,
2023,수원시,팔달구청,2023-08-27 14:33,북수동 쌈지공원 앞,고정형,2023-12-01,,,
2023,수원시,팔달구청,2023-08-27 14:34,행궁동 화홍사랑채,고정형,2023-12-01,,,
2023,수원시,권선구청,2023-08-27 14:34,곡반정동 하나로마트한국빌딩앞,고정형,2023-12-01,,,
2023,수원시,팔달구청,2023-08-27 14:41,인계동 한국씨티은행,고정형,2023-12-01,,,
2023,수원시,권선구청,2023-08-27 14:43,평동 수원역고가밑 (애경뒷길),고정형,2023-12-01,,,
2023,수원시,팔달구청,2023-08-27 14:50,매산동 팅스몰 주차장 출구 옆,고정형,2023-12-01,,,
2023,수원시,팔달구청,2023-08-27 14:53,인계동 경인통계청,고정형,2023-12-01,,,
2023,수원시,팔달구청,2023-08-27 14:56,매산동 팅스몰 주차장 출구 옆,고정형,2023-12-01,,,
2023,수원시,장안구청,2023-08-27 14:59,상광교동 광교버스정류장종점,고정형,2023-12-01,,,
2023,수원시,권선구청,2023-08-27 14:59,서둔동 가온팰리스옆2,고정형,2023-12-01,,,
2023,수원시,권선구청,2023-08-27 15:04,오목천동 한화꿈에그린아파트 214동앞,고정형,2023-12-01,,,
2023,수원시,팔달구청,2023-08-27 15:06,매산동 팅스몰 주차장 출구 옆,고정형,2023-12-01,,,
2023,수원시,팔달구청,2023-08-27 15:15,인계동 드림캐슬주상복합,고정형,2023-12-01,,,
2023,수원시,팔달구청,2023-08-27 15:24,인계동 드림캐슬주상복합,고정형,2023-12-01,,,
2023,수원시,팔달구청,2023-08-27 15:31,매산동 팅스몰 주차장 출구 옆,고정형,2023-12-01,,,
2023,수원시,권선구청,2023-08-27 15:32,서둔동 수원역한라비발디퍼스트 앞2,고정형,2023-12-01,,,
2023,수원시,팔달구청,2023-08-27 15:44,고등동 고등동 214-8 소화전,국민신문고,2023-12-01,,,
2023,수원시,팔달구청,2023-08-27 16:04,인계동 경인통계청,고정형,2023-12-01,,,
2023,수원시,팔달구청,2023-08-27 16:18,인계동 한국씨티은행,고정형,2023-12-01,,,
2023,수원시,영통구청,2023-08-27 16:21,영통동 롯데마트 뒤,고정형,2023-12-01,37.27220279535416,127.10856729001851,
2023,수원시,영통구청,2023-08-27 16:21,경기도수원시영통구망포동 수원시 영통구 망포동 78,보행,2023-12-01,,,
2023,수원시,권선구청,2023-08-27 16:22,서둔동 가온팰리스옆2,고정형,2023-12-01,,,
2023,수원시,팔달구청,2023-08-27 16:28,인계동 드림캐슬주상복합,고정형,2023-12-01,,,
2023,수원시,팔달구청,2023-08-27 16:29,인계동 드림캐슬주상복합,고정형,2023-12-01,,,
2023,수원시,권선구청,2023-08-27 16:32,곡반정동 하나로마트한국빌딩앞,고정형,2023-12-01,,,
2023,수원시,팔달구청,2023-08-27 16:33,인계동 드림캐슬주상복합,고정형,2023-12-01,,,
2023,수원시,팔달구청,2023-08-27 16:36,화서1동 푸르지오자이 북문 CU 앞 횡단보도,고정형,2023-12-01,,,
2023,수원시,권선구청,2023-08-27 16:37,서둔동 가온팰리스옆1,고정형,2023-12-01,,,
2023,수원시,영통구청,2023-08-27 16:39,영통동 롯데마트 뒤,고정형,2023-12-01,37.27220279535416,127.10856729001851,
2023,수원시,영통구청,2023-08-27 16:44,이의동 도청예정부지,고정형,2023-12-01,,,
2023,수원시,팔달구청,2023-08-27 16:45,매산동 팅스몰 주차장 출구 옆,고정형,2023-12-01,,,
2023,수원시,권선구청,2023-08-27 16:47,곡선동 권선중앙약국 건너편,고정형,2023-12-01,,,
2023,수원시,팔달구청,2023-08-27 16:50,행궁동 화홍사랑채,고정형,2023-12-01,,,
2023,수원시,권선구청,2023-08-27 16:54,곡반정동 하나로마트한국빌딩앞,고정형,2023-12-01,,,
2023,수원시,권선구청,2023-08-27 16:54,곡반정동 하나로마트한국빌딩앞,고정형,2023-12-01,,,
2023,수원시,팔달구청,2023-08-27 17:09,인계동 경인통계청,고정형,2023-12-01,,,
2023,수원시,팔달구청,2023-08-27 17:09,인계동 경인통계청,고정형,2023-12-01,,,
2023,수원시,팔달구청,2023-08-27 17:25,인계동 경인통계청,고정형,2023-12-01,,,
2023,수원시,팔달구청,2023-08-27 17:30,북수동 쌈지공원 앞,고정형,2023-12-01,,,
2023,수원시,팔달구청,2023-08-27 17:41,고등동 고등동 178-47 횡단보도,국민신문고,2023-12-01,,,
2023,수원시,팔달구청,2023-08-27 17:47,인계동 드림캐슬주상복합,고정형,2023-12-01,,,
2023,수원시,팔달구청,2023-08-27 18:01,매산동 팅스몰 주차장 출구 옆,고정형,2023-12-01,,,
2023,수원시,팔달구청,2023-08-27 18:13,행궁동 팔달문 버스정류장,고정형,2023-12-01,,,
2023,수원시,팔달구청,2023-08-27 18:25,매산동 팔달로 10번길 8,고정형,2023-12-01,,,
2023,수원시,팔달구청,2023-08-27 18:25,매산동 팔달로 10번길 8,고정형,2023-12-01,,,
2023,수원시,팔달구청,2023-08-27 18:34,매산동 팅스몰 주차장 출구 옆,고정형,2023-12-01,,,
2023,수원시,팔달구청,2023-08-27 18:34,인계동 드림캐슬주상복합,고정형,2023-12-01,,,
2023,수원시,팔달구청,2023-08-27 18:34,인계동 드림캐슬주상복합,고정형,2023-12-01,,,
2023,수원시,팔달구청,2023-08-27 18:38,인계동 드림캐슬주상복합,고정형,2023-12-01,,,
2023,수원시,팔달구청,2023-08-27 19:05,화서1동 수원역푸르지오자이 북문 우측,고정형,2023-12-01,,,
2023,수원시,팔달구청,2023-08-27 19:06,인계동 드림캐슬주상복합,고정형,2023-12-01,,,
2023,수원시,팔달구청,2023-08-27 19:06,인계동 드림캐슬주상복합,고정형,2023-12-01,,,
2023,수원시,팔달구청,2023-08-27 19:09,매산동 팅스몰 주차장 출구 옆,고정형,2023-12-01,,,
2023,수원시,팔달구청,2023-08-27 19:15,인계동 드림캐슬주상복합,고정형,2023-12-01,,,
2023,수원시,팔달구청,2023-08-27 19:15,인계동 드림캐슬주상복합,고정형,2023-12-01,,,
2023,수원시,팔달구청,2023-08-27 19:31,매산동 팔달로 10번길 8,고정형,2023-12-01,,,
2023,수원시,팔달구청,2023-08-27 20:21,인계동 드림캐슬주상복합,고정형,2023-12-01,,,
2023,수원시,팔달구청,2023-08-27 20:21,인계동 드림캐슬주상복합,고정형,2023-12-01,,,
2023,수원시,팔달구청,2023-08-27 20:35,매산동 팅스몰 주차장 출구 옆,고정형,2023-12-01,,,
2023,수원시,팔달구청,2023-08-27 20:36,매산동 팅스몰 주차장 출구 옆,고정형,2023-12-01,,,
2023,수원시,팔달구청,2023-08-28 7:02,화서1동 수원역푸르지오자이 북문 우측,고정형,2023-12-01,,,
2023,수원시,팔달구청,2023-08-28 7:04,화서1동 푸르지오자이 북문 CU 앞 횡단보도,고정형,2023-12-01,,,
2023,수원시,팔달구청,2023-08-28 7:33,인계동 드림캐슬주상복합,고정형,2023-12-01,,,
2023,수원시,팔달구청,2023-08-28 7:33,인계동 드림캐슬주상복합,고정형,2023-12-01,,,
2023,수원시,팔달구청,2023-08-28 7:35,인계동 드림캐슬주상복합,고정형,2023-12-01,,,
2023,수원시,팔달구청,2023-08-28 7:35,매산동 팅스몰 주차장 출구 옆,고정형,2023-12-01,,,
2023,수원시,팔달구청,2023-08-28 7:37,인계동 경인통계청,고정형,2023-12-01,,,
2023,수원시,팔달구청,2023-08-28 7:40,인계동 경인통계청,고정형,2023-12-01,,,
2023,수원시,팔달구청,2023-08-28 7:40,인계동 경인통계청,고정형,2023-12-01,,,
2023,수원시,팔달구청,2023-08-28 7:52,인계동 경인통계청,고정형,2023-12-01,,,
2023,수원시,팔달구청,2023-08-28 7:54,인계동 드림캐슬주상복합,고정형,2023-12-01,,,
2023,수원시,권선구청,2023-08-28 8:00,서둔동 롯데몰 육교건너,고정형,2023-12-01,,,
2023,수원시,영통구청,2023-08-28 8:01,광교동 광교이의119안전센터,고정형,2023-12-01,,,
2023,수원시,권선구청,2023-08-28 8:03,구운동 구운초교 정문 우측 삼거리,고정형,2023-12-01,,,
2023,수원시,권선구청,2023-08-28 8:03,서둔동 가온팰리스옆2,고정형,2023-12-01,,,
2023,수원시,권선구청,2023-08-28 8:04,곡반정동 하나로마트한국빌딩앞,고정형,2023-12-01,,,
2023,수원시,권선구청,2023-08-28 8:07,세류3동 신곡초교 후문 좌측 사거리,고정형,2023-12-01,,,
2023,수원시,권선구청,2023-08-28 8:07,곡반정동 하나로마트한국빌딩앞,고정형,2023-12-01,,,
2023,수원시,권선구청,2023-08-28 8:08,세류3동 신곡초교 후문 좌측 사거리,고정형,2023-12-01,,,
2023,수원시,권선구청,2023-08-28 8:08,곡반정동 하나로마트한국빌딩앞,고정형,2023-12-01,,,
2023,수원시,권선구청,2023-08-28 8:10,서둔동 가온팰리스옆2,고정형,2023-12-01,,,
2023,수원시,팔달구청,2023-08-28 8:18,북수동 쌈지공원 앞,고정형,2023-12-01,,,
2023,수원시,권선구청,2023-08-28 8:46,서둔동 가온팰리스옆2,고정형,2023-12-01,,,
2023,수원시,권선구청,2023-08-28 9:02,세류3동 신곡초교 후문 좌측 사거리,고정형,2023-12-01,,,
2023,수원시,권선구청,2023-08-28 9:26,권선동 권선동 한라비발디앞 놀이터,고정형,2023-12-01,,,
2023,수원시,팔달구청,2023-08-28 9:35,화서1동 수원역푸르지오자이 북문 우측,고정형,2023-12-01,,,
2023,수원시,권선구청,2023-08-28 9:38,입북동 당수초교 정문 우측 사거리,고정형,2023-12-01,,,
2023,수원시,권선구청,2023-08-28 9:41,서둔동 가온팰리스옆2,고정형,2023-12-01,,,
2023,수원시,팔달구청,2023-08-28 9:44,매산동 팅스몰 주차장 출구 옆,고정형,2023-12-01,,,
2023,수원시,권선구청,2023-08-28 9:55,세류3동 신곡초교 후문 좌측 사거리,고정형,2023-12-01,,,
2023,수원시,권선구청,2023-08-28 9:55,세류3동 신곡초교 후문 좌측 사거리,고정형,2023-12-01,,,
2023,수원시,팔달구청,2023-08-28 10:00,화서1동 수원역푸르지오자이 북문 우측,고정형,2023-12-01,,,
2023,수원시,팔달구청,2023-08-28 10:02,인계동 드림캐슬주상복합,고정형,2023-12-01,,,
2023,수원시,권선구청,2023-08-28 10:10,세류3동 신곡초교 후문 좌측 사거리,고정형,2023-12-01,,,
2023,수원시,팔달구청,2023-08-28 10:23,북수동 쌈지공원 앞,고정형,2023-12-01,,,
2023,수원시,영통구청,2023-08-28 10:23,이의동 부함식당 앞,고정형,2023-12-01,,,
2023,수원시,영통구청,2023-08-28 10:23,이의동 부함식당 앞,고정형,2023-12-01,,,
2023,수원시,팔달구청,2023-08-28 10:35,인계동 인계동 경수대로565,주행형,2023-12-01,,,
2023,수원시,팔달구청,2023-08-28 10:35,인계동 인계동 경수대로565,주행형,2023-12-01,,,
2023,수원시,팔달구청,2023-08-28 10:38,화서1동 수원역푸르지오자이 북문 우측,고정형,2023-12-01,,,
2023,수원시,팔달구청,2023-08-28 11:07,남수동 남수동 정조로796번길,주행형,2023-12-01,,,
2023,수원시,팔달구청,2023-08-28 11:28,화서1동 수원역푸르지오자이 북문 우측,고정형,2023-12-01,,,
2023,수원시,영통구청,2023-08-28 11:29,원천동 광교 한화겔러리아 앞,고정형,2023-12-01,,,
2023,수원시,영통구청,2023-08-28 11:31,원천동 광교 한화겔러리아 앞,고정형,2023-12-01,,,
2023,수원시,영통구청,2023-08-28 12:03,이의동 광교가재울마을사거리,고정형,2023-12-01,,,
2023,수원시,팔달구청,2023-08-28 13:07,교동 수원향교 앞 팔달보건소 뒤,고정형,2023-12-01,,,
2023,수원시,권선구청,2023-08-28 13:40,곡선동 휴먼푸드 인근,고정형,2023-12-01,,,
2023,수원시,팔달구청,2023-08-28 14:33,북수동 쌈지공원 앞,고정형,2023-12-01,,,
2023,수원시,팔달구청,2023-08-28 14:34,인계동 드림캐슬주상복합,고정형,2023-12-01,,,
2023,수원시,권선구청,2023-08-28 14:34,서둔동 가온팰리스옆1,고정형,2023-12-01,,,
2023,수원시,팔달구청,2023-08-28 14:36,매교동 매교동 효원로93번길,주행형,2023-12-01,,,
2023,수원시,팔달구청,2023-08-28 14:41,매산동 팅스몰 주차장 출구 옆,고정형,2023-12-01,,,
2023,수원시,팔달구청,2023-08-28 14:44,남수동 남수동 정조로800번길,주행형,2023-12-01,,,
2023,수원시,팔달구청,2023-08-28 14:46,영동 영동 수원천로255,주행형,2023-12-01,,,
2023,수원시,팔달구청,2023-08-28 14:46,신풍동 제일교회부설주차장 부근,고정형,2023-12-01,,,
2023,수원시,팔달구청,2023-08-28 15:02,매산동 팅스몰 주차장 출구 옆,고정형,2023-12-01,,,
2023,수원시,영통구청,2023-08-28 15:09,원천동 광교에일린의뜰 북측,고정형,2023-12-01,,,
2023,수원시,팔달구청,2023-08-28 15:13,인계동 경인통계청,고정형,2023-12-01,,,
2023,수원시,권선구청,2023-08-28 15:34,경기도수원시권선구서둔동 수원시 권선구 서둔동 31-54,보행,2023-12-01,,,
2023,수원시,팔달구청,2023-08-28 15:43,인계동 드림캐슬주상복합,고정형,2023-12-01,,,
2023,수원시,팔달구청,2023-08-28 15:52,인계동 한국씨티은행,고정형,2023-12-01,,,
2023,수원시,팔달구청,2023-08-28 15:52,인계동 한국씨티은행,고정형,2023-12-01,,,
2023,수원시,팔달구청,2023-08-28 16:08,행궁동 팔달문 버스정류장,고정형,2023-12-01,,,
2023,수원시,팔달구청,2023-08-28 16:26,인계동 한국씨티은행,고정형,2023-12-01,,,
2023,수원시,권선구청,2023-08-28 16:33,서둔동 가온팰리스옆2,고정형,2023-12-01,,,
2023,수원시,권선구청,2023-08-28 16:41,평동 오목초교 정문 우측 삼거리,고정형,2023-12-01,,,
2023,수원시,권선구청,2023-08-28 16:41,곡반정동 하나로마트한국빌딩앞,고정형,2023-12-01,,,
2023,수원시,팔달구청,2023-08-28 17:13,인계동 한국씨티은행,고정형,2023-12-01,,,
2023,수원시,팔달구청,2023-08-28 17:35,매산동 역전농협,고정형,2023-12-01,,,
2023,수원시,팔달구청,2023-08-28 17:35,매산동 역전농협,고정형,2023-12-01,,,
2023,수원시,팔달구청,2023-08-28 17:39,화서1동 수원역푸르지오자이 북문 우측,고정형,2023-12-01,,,
2023,수원시,팔달구청,2023-08-28 17:43,인계동 한국씨티은행,고정형,2023-12-01,,,
2023,수원시,팔달구청,2023-08-28 17:50,매산동 팅스몰 주차장 출구 옆,고정형,2023-12-01,,,
2023,수원시,장안구청,2023-08-28 18:07,연무동 연무동 244-4,국민신문고,2023-12-01,,,
2023,수원시,팔달구청,2023-08-28 18:13,매산동 팅스몰 주차장 출구 옆,고정형,2023-12-01,,,
2023,수원시,팔달구청,2023-08-28 18:21,매산동 팔달로 10번길 8,고정형,2023-12-01,,,
2023,수원시,팔달구청,2023-08-28 18:35,화서1동 수원역푸르지오자이 북문 우측,고정형,2023-12-01,,,
2023,수원시,팔달구청,2023-08-28 18:47,고등동 151-22 (인도),국민신문고,2023-12-01,,,
2023,수원시,영통구청,2023-08-28 19:08,경기도수원시영통구망포동 수원시 영통구 망포동 413,보행,2023-12-01,,,
2023,수원시,영통구청,2023-08-28 19:32,영통구 영통구 1012-1,주민신고제,2023-12-01,,,
2023,수원시,팔달구청,2023-08-28 19:42,경기도수원시팔달구인계동 수원시 팔달구 인계동 154-1,보행,2023-12-01,,,
2023,수원시,팔달구청,2023-08-28 19:51,인계동 드림캐슬주상복합,고정형,2023-12-01,,,
2023,수원시,팔달구청,2023-08-28 19:56,고등동 181-11 (횡단보도),국민신문고,2023-12-01,,,
2023,수원시,팔달구청,2023-08-28 19:56,고등동 181-11 (횡단보도),국민신문고,2023-12-01,,,
2023,수원시,영통구청,2023-08-28 20:47,원천동 광교매원초등학교,고정형,2023-12-01,,,
2023,수원시,권선구청,2023-08-29 0:08,곡반정동 562-2,국민신문고,2023-12-01,,,
2023,수원시,장안구청,2023-08-29 6:09,천천동 조웑동794,국민신문고,2023-12-01,,,
2023,수원시,팔달구청,2023-08-29 7:05,화서1동 푸르지오자이 북문 CU 앞 횡단보도,고정형,2023-12-01,,,
2023,수원시,팔달구청,2023-08-29 7:33,인계동 드림캐슬주상복합,고정형,2023-12-01,,,
2023,수원시,팔달구청,2023-08-29 7:33,인계동 드림캐슬주상복합,고정형,2023-12-01,,,
2023,수원시,팔달구청,2023-08-29 7:34,매산동 팅스몰 주차장 출구 옆,고정형,2023-12-01,,,
2023,수원시,팔달구청,2023-08-29 7:53,인계동 경인통계청,고정형,2023-12-01,,,
2023,수원시,권선구청,2023-08-29 8:03,곡반정동 하나로마트한국빌딩앞,고정형,2023-12-01,,,
2023,수원시,권선구청,2023-08-29 8:03,곡반정동 궁촌육교앞,고정형,2023-12-01,,,
2023,수원시,권선구청,2023-08-29 8:03,서둔동 가온팰리스옆2,고정형,2023-12-01,,,
2023,수원시,팔달구청,2023-08-29 8:03,북수동 쌈지공원 앞,고정형,2023-12-01,,,
2023,수원시,권선구청,2023-08-29 8:03,곡반정동 궁촌육교앞,고정형,2023-12-01,,,
2023,수원시,권선구청,2023-08-29 8:04,서둔동 가온팰리스옆1,고정형,2023-12-01,,,
2023,수원시,권선구청,2023-08-29 8:05,곡반정동 하나로마트한국빌딩앞,고정형,2023-12-01,,,
2023,수원시,팔달구청,2023-08-29 8:33,매산동 팅스몰 주차장 출구 옆,고정형,2023-12-01,,,
2023,수원시,권선구청,2023-08-29 8:39,평동 오목초교 정문 우측 삼거리,고정형,2023-12-01,,,
2023,수원시,팔달구청,2023-08-29 8:48,인계동 드림캐슬주상복합,고정형,2023-12-01,,,
2023,수원시,팔달구청,2023-08-29 8:48,인계동 드림캐슬주상복합,고정형,2023-12-01,,,
2023,수원시,영통구청,2023-08-29 8:58,광교동 광교웰빙타운한양수자인,고정형,2023-12-01,,,
2023,수원시,팔달구청,2023-08-29 9:14,인계동 드림캐슬주상복합,고정형,2023-12-01,,,
2023,수원시,팔달구청,2023-08-29 9:22,매산동 덕영대로 895번길 9-8,고정형,2023-12-01,,,
2023,수원시,영통구청,2023-08-29 9:30,이의동 도청예정부지,고정형,2023-12-01,,,
2023,수원시,팔달구청,2023-08-29 9:42,매산동 역전농협,고정형,2023-12-01,,,
2023,수원시,권선구청,2023-08-29 9:48,서둔동 롯데몰9번출구앞주변,고정형,2023-12-01,,,
2023,수원시,팔달구청,2023-08-29 10:01,인계동 드림캐슬주상복합,고정형,2023-12-01,,,
2023,수원시,팔달구청,2023-08-29 10:09,인계동 드림캐슬주상복합,고정형,2023-12-01,,,
2023,수원시,권선구청,2023-08-29 10:19,서둔동 가온팰리스옆2,고정형,2023-12-01,,,
2023,수원시,장안구청,2023-08-29 10:21,경기도수원시장안구영화동 수원시 장안구 영화동 370,보행,2023-12-01,,,
2023,수원시,영통구청,2023-08-29 10:35,영통동 롯데마트 뒤,고정형,2023-12-01,37.27220279535416,127.10856729001851,
2023,수원시,권선구청,2023-08-29 10:43,입북동 당수초교 정문 우측 사거리,고정형,2023-12-01,,,
2023,수원시,팔달구청,2023-08-29 10:44,인계동 경인통계청,고정형,2023-12-01,,,
2023,수원시,팔달구청,2023-08-29 10:50,고등동 역전농협,고정형,2023-12-01,,,
2023,수원시,권선구청,2023-08-29 11:00,곡반정동 156-11,국민신문고,2023-12-01,,,
2023,수원시,영통구청,2023-08-29 11:10,광교동 광교웰빙타운한양수자인,고정형,2023-12-01,,,
2023,수원시,영통구청,2023-08-29 11:36,광교동 광교이의119안전센터,고정형,2023-12-01,,,
2023,수원시,팔달구청,2023-08-29 12:06,화서1동 푸르지오자이 북문 CU 앞 횡단보도,고정형,2023-12-01,,,
2023,수원시,팔달구청,2023-08-29 12:07,행궁동 팔달문 버스정류장,고정형,2023-12-01,,,
2023,수원시,팔달구청,2023-08-29 12:58,행궁동 팔달문 버스정류장,고정형,2023-12-01,,,
2023,수원시,팔달구청,2023-08-29 13:51,화서1동 수원역푸르지오자이 북문 우측,고정형,2023-12-01,,,
2023,수원시,팔달구청,2023-08-29 14:25,우만동 우만동 월드컵로366번길,주행형,2023-12-01,,,
2023,수원시,팔달구청,2023-08-29 14:25,우만동 우만동 월드컵로366번길,주행형,2023-12-01,,,
2023,수원시,팔달구청,2023-08-29 14:25,우만동 우만동 월드컵로366번길,주행형,2023-12-01,,,
2023,수원시,팔달구청,2023-08-29 14:25,우만동 우만동 월드컵로366번길,주행형,2023-12-01,,,
2023,수원시,팔달구청,2023-08-29 14:25,우만동 우만동 월드컵로366번길,주행형,2023-12-01,,,
2023,수원시,팔달구청,2023-08-29 14:25,우만동 우만동 월드컵로366번길,주행형,2023-12-01,,,
2023,수원시,팔달구청,2023-08-29 14:25,우만동 우만동 월드컵로266번길,보행,2023-12-01,,,
2023,수원시,권선구청,2023-08-29 14:31,호매실동 금호프라자 대각 맞은편,고정형,2023-12-01,,,
2023,수원시,팔달구청,2023-08-29 14:34,인계동 경인통계청,고정형,2023-12-01,,,
2023,수원시,팔달구청,2023-08-29 14:41,북수동 쌈지공원 앞,고정형,2023-12-01,,,
2023,수원시,권선구청,2023-08-29 15:03,세류3동 신곡초교 후문 좌측 사거리,고정형,2023-12-01,,,
2023,수원시,권선구청,2023-08-29 15:18,곡선동 휴먼푸드 인근,고정형,2023-12-01,,,
2023,수원시,권선구청,2023-08-29 15:20,세류3동 신곡초교 후문 좌측 사거리,고정형,2023-12-01,,,
2023,수원시,권선구청,2023-08-29 15:23,서둔동 서둔로256번길,주행형,2023-12-01,,,
2023,수원시,팔달구청,2023-08-29 15:24,인계동 드림캐슬주상복합,고정형,2023-12-01,,,
2023,수원시,팔달구청,2023-08-29 15:30,인계동 드림캐슬주상복합,고정형,2023-12-01,,,
2023,수원시,팔달구청,2023-08-29 15:32,화서1동 수원역푸르지오자이 북문 우측,고정형,2023-12-01,,,
2023,수원시,팔달구청,2023-08-29 15:37,화서1동 수원역푸르지오자이 북문 우측,고정형,2023-12-01,,,
2023,수원시,영통구청,2023-08-29 15:42,망포동 국민은행신영통지점(태장동),고정형,2023-12-01,,,
2023,수원시,영통구청,2023-08-29 15:42,망포동 국민은행신영통지점(태장동),고정형,2023-12-01,,,
2023,수원시,권선구청,2023-08-29 15:53,서둔동 가온팰리스옆2,고정형,2023-12-01,,,
2023,수원시,영통구청,2023-08-29 15:57,이의동 드림스퀘어Ⅱ 앞,고정형,2023-12-01,,,
2023,수원시,권선구청,2023-08-29 16:14,곡반정동 하나로마트한국빌딩앞,고정형,2023-12-01,,,
2023,수원시,권선구청,2023-08-29 16:14,곡반정동 하나로마트한국빌딩앞,고정형,2023-12-01,,,
2023,수원시,팔달구청,2023-08-29 16:31,북수동 쌈지공원 앞,고정형,2023-12-01,,,
2023,수원시,팔달구청,2023-08-29 16:37,인계동 한국씨티은행,고정형,2023-12-01,,,
2023,수원시,팔달구청,2023-08-29 16:40,인계동 드림캐슬주상복합,고정형,2023-12-01,,,
2023,수원시,팔달구청,2023-08-29 17:08,화서1동 푸르지오자이 북문 CU 앞 횡단보도,고정형,2023-12-01,,,
2023,수원시,팔달구청,2023-08-29 17:20,인계동 드림캐슬주상복합,고정형,2023-12-01,,,
2023,수원시,권선구청,2023-08-29 17:21,서둔동 가온팰리스옆2,고정형,2023-12-01,,,
2023,수원시,권선구청,2023-08-29 17:21,서둔동 가온팰리스옆2,고정형,2023-12-01,,,
2023,수원시,권선구청,2023-08-29 17:35,곡반정동 하나로마트한국빌딩앞,고정형,2023-12-01,,,
2023,수원시,영통구청,2023-08-29 17:45,망포동 힐스테이트 119동 ~방죽공원 삼거리,고정형,2023-12-01,,,
2023,수원시,권선구청,2023-08-29 17:47,금곡동 가온초교 정문 우측 사거리,고정형,2023-12-01,,,
2023,수원시,팔달구청,2023-08-29 17:50,인계동 드림캐슬주상복합,고정형,2023-12-01,,,
2023,수원시,팔달구청,2023-08-29 18:40,화서1동 수원역푸르지오자이 북문 우측,고정형,2023-12-01,,,
2023,수원시,영통구청,2023-08-29 20:10,망포동 힐스테이트 119동 ~방죽공원 삼거리,고정형,2023-12-01,,,
2023,수원시,팔달구청,2023-08-29 20:16,매산동 역전농협,고정형,2023-12-01,,,
2023,수원시,팔달구청,2023-08-29 20:39,화서1동 푸르지오자이 북문 CU 앞 횡단보도,고정형,2023-12-01,,,
2023,수원시,팔달구청,2023-08-29 20:45,인계동 드림캐슬주상복합,고정형,2023-12-01,,,
2023,수원시,팔달구청,2023-08-29 20:45,인계동 드림캐슬주상복합,고정형,2023-12-01,,,
2023,수원시,권선구청,2023-08-29 21:51,곡반정동 156-1,국민신문고,2023-12-01,,,
2023,수원시,권선구청,2023-08-29 22:56,곡반정동 562-2,국민신문고,2023-12-01,,,
2023,수원시,권선구청,2023-08-30 6:21,곡반정동 562-2,국민신문고,2023-12-01,,,
2023,수원시,팔달구청,2023-08-30 7:03,화서1동 수원역푸르지오자이 북문 우측,고정형,2023-12-01,,,
2023,수원시,팔달구청,2023-08-30 7:03,화서1동 수원역푸르지오자이 북문 우측,고정형,2023-12-01,,,
2023,수원시,팔달구청,2023-08-30 7:04,화서1동 푸르지오자이 북문 CU 앞 횡단보도,고정형,2023-12-01,,,
2023,수원시,팔달구청,2023-08-30 7:33,인계동 한국씨티은행,고정형,2023-12-01,,,
2023,수원시,팔달구청,2023-08-30 7:33,인계동 경인통계청,고정형,2023-12-01,,,
2023,수원시,팔달구청,2023-08-30 7:33,인계동 경인통계청,고정형,2023-12-01,,,
2023,수원시,팔달구청,2023-08-30 7:33,매산동 팅스몰 주차장 출구 옆,고정형,2023-12-01,,,
2023,수원시,팔달구청,2023-08-30 7:34,매산동 팅스몰 주차장 출구 옆,고정형,2023-12-01,,,
2023,수원시,팔달구청,2023-08-30 7:41,인계동 드림캐슬주상복합,고정형,2023-12-01,,,
2023,수원시,권선구청,2023-08-30 8:03,구운동 구운초교 정문 우측 삼거리,고정형,2023-12-01,,,
2023,수원시,권선구청,2023-08-30 8:04,서둔동 가온팰리스옆2,고정형,2023-12-01,,,
2023,수원시,권선구청,2023-08-30 8:04,서둔동 수원역한라비발디퍼스트 앞1,고정형,2023-12-01,,,
2023,수원시,권선구청,2023-08-30 8:05,서둔동 가온팰리스옆2,고정형,2023-12-01,,,
2023,수원시,권선구청,2023-08-30 8:05,곡반정동 하나로마트한국빌딩앞,고정형,2023-12-01,,,
2023,수원시,권선구청,2023-08-30 8:09,서둔동 가온팰리스옆2,고정형,2023-12-01,,,
2023,수원시,권선구청,2023-08-30 8:11,권선2동 곡정초교 정문 좌측 사거리,고정형,2023-12-01,,,
2023,수원시,권선구청,2023-08-30 8:11,세류3동 신곡초교 후문 좌측 사거리,고정형,2023-12-01,,,
2023,수원시,권선구청,2023-08-30 8:49,곡반정동 하나로마트한국빌딩앞,고정형,2023-12-01,,,
2023,수원시,권선구청,2023-08-30 9:20,세류3동 신곡초교 후문 좌측 사거리,고정형,2023-12-01,,,
2023,수원시,권선구청,2023-08-30 9:20,세류3동 신곡초교 후문 좌측 사거리,고정형,2023-12-01,,,
2023,수원시,권선구청,2023-08-30 9:30,서둔동 가온팰리스옆2,고정형,2023-12-01,,,
2023,수원시,권선구청,2023-08-30 9:42,서둔동 가온팰리스옆2,고정형,2023-12-01,,,
2023,수원시,영통구청,2023-08-30 9:47,이의동 드림스퀘어Ⅱ 앞,고정형,2023-12-01,,,
2023,수원시,권선구청,2023-08-30 10:16,곡선동 휴먼푸드 인근,고정형,2023-12-01,,,
2023,수원시,권선구청,2023-08-30 10:21,금곡동 금곡로222번길,주행형,2023-12-01,,,
2023,수원시,권선구청,2023-08-30 10:23,서둔동 가온팰리스옆2,고정형,2023-12-01,,,
2023,수원시,팔달구청,2023-08-30 10:26,인계동 드림캐슬주상복합,고정형,2023-12-01,,,
2023,수원시,팔달구청,2023-08-30 10:28,북수동 쌈지공원 앞,고정형,2023-12-01,,,
2023,수원시,팔달구청,2023-08-30 10:29,장안동 장안동 화서문로17번길,주행형,2023-12-01,,,
2023,수원시,팔달구청,2023-08-30 10:29,장안동 장안동 화서문로17번길,주행형,2023-12-01,,,
2023,수원시,팔달구청,2023-08-30 10:29,장안동 장안동 화서문로17번길,주행형,2023-12-01,,,
2023,수원시,팔달구청,2023-08-30 10:29,장안동 장안동 화서문로17번길,주행형,2023-12-01,,,
2023,수원시,팔달구청,2023-08-30 10:33,매산동 팅스몰 주차장 출구 옆,고정형,2023-12-01,,,
2023,수원시,권선구청,2023-08-30 10:33,서둔동 가온팰리스옆2,고정형,2023-12-01,,,
2023,수원시,권선구청,2023-08-30 10:33,서둔동 가온팰리스옆2,고정형,2023-12-01,,,
2023,수원시,팔달구청,2023-08-30 10:35,남수동 남수동 정조로796번길,주행형,2023-12-01,,,
2023,수원시,팔달구청,2023-08-30 10:35,남수동 남수동 정조로796번길,주행형,2023-12-01,,,
2023,수원시,팔달구청,2023-08-30 10:35,남수동 남수동 정조로796번길,주행형,2023-12-01,,,
2023,수원시,팔달구청,2023-08-30 10:35,남수동 남수동 정조로796번길,주행형,2023-12-01,,,
2023,수원시,팔달구청,2023-08-30 10:35,남수동 남수동 정조로796번길,주행형,2023-12-01,,,
2023,수원시,권선구청,2023-08-30 10:36,평동 고현초교 정문 좌측 삼거리,고정형,2023-12-01,,,
2023,수원시,권선구청,2023-08-30 10:55,서둔동 가온팰리스 고정형에 단속된 사항 수동 업로드,보행,2023-12-01,,,
2023,수원시,영통구청,2023-08-30 11:04,이의동 창룡대로298번길,주행형,2023-12-01,,,
2023,수원시,팔달구청,2023-08-30 12:55,매산동 역전농협,고정형,2023-12-01,,,
2023,수원시,권선구청,2023-08-30 12:58,평동 고현초교 정문 좌측 삼거리,고정형,2023-12-01,,,
2023,수원시,영통구청,2023-08-30 13:56,이의동 광교가재울마을사거리,고정형,2023-12-01,,,
2023,수원시,영통구청,2023-08-30 14:08,망포동 E-마트 에브리데이 앞,고정형,2023-12-01,37.2361017468141,127.060345496536,
2023,수원시,팔달구청,2023-08-30 14:28,매산로3가 매산로3가 효원로 6,주행형,2023-12-01,,,
2023,수원시,팔달구청,2023-08-30 14:33,북수동 쌈지공원 앞,고정형,2023-12-01,,,
2023,수원시,영통구청,2023-08-30 14:33,이의동 드림스퀘어Ⅱ 앞,고정형,2023-12-01,,,
2023,수원시,권선구청,2023-08-30 14:37,서둔동 가온팰리스옆2,고정형,2023-12-01,,,
2023,수원시,팔달구청,2023-08-30 14:41,인계동 경인통계청,고정형,2023-12-01,,,
2023,수원시,팔달구청,2023-08-30 14:46,매산동 팅스몰 주차장 출구 옆,고정형,2023-12-01,,,
2023,수원시,팔달구청,2023-08-30 14:46,매산동 팅스몰 주차장 출구 옆,고정형,2023-12-01,,,
2023,수원시,영통구청,2023-08-30 15:05,이의동 부함식당 앞,고정형,2023-12-01,,,
2023,수원시,팔달구청,2023-08-30 15:07,화서1동 수원역푸르지오자이 북문 우측,고정형,2023-12-01,,,
2023,수원시,영통구청,2023-08-30 15:16,이의동 드림스퀘어Ⅱ 앞,고정형,2023-12-01,,,
2023,수원시,팔달구청,2023-08-30 15:29,화서1동 수원역푸르지오자이 북문 우측,고정형,2023-12-01,,,
2023,수원시,팔달구청,2023-08-30 15:29,화서1동 수원역푸르지오자이 북문 우측,고정형,2023-12-01,,,
2023,수원시,팔달구청,2023-08-30 15:36,인계동 드림캐슬주상복합,고정형,2023-12-01,,,
2023,수원시,팔달구청,2023-08-30 15:46,우만동 우만동 월드컵로366번길,주행형,2023-12-01,,,
2023,수원시,영통구청,2023-08-30 15:46,이의동 드림스퀘어Ⅱ 앞,고정형,2023-12-01,,,
2023,수원시,팔달구청,2023-08-30 15:46,우만동 우만동 월드컵로366번길,주행형,2023-12-01,,,
2023,수원시,팔달구청,2023-08-30 15:46,우만동 우만동 월드컵로366번길,주행형,2023-12-01,,,
2023,수원시,팔달구청,2023-08-30 15:46,우만동 우만동 월드컵로366번길,주행형,2023-12-01,,,
2023,수원시,팔달구청,2023-08-30 15:46,우만동 우만동 월드컵로366번길,주행형,2023-12-01,,,
2023,수원시,팔달구청,2023-08-30 15:46,우만동 우만동 월드컵로366번길,주행형,2023-12-01,,,
2023,수원시,팔달구청,2023-08-30 15:46,우만동 우만동 월드컵로366번길,주행형,2023-12-01,,,
2023,수원시,팔달구청,2023-08-30 15:47,우만동 우만동 월드컵로366번길,주행형,2023-12-01,,,
2023,수원시,팔달구청,2023-08-30 16:03,매산동 팅스몰 주차장 출구 옆,고정형,2023-12-01,,,
2023,수원시,권선구청,2023-08-30 16:08,서둔동 가온팰리스옆1,고정형,2023-12-01,,,
2023,수원시,팔달구청,2023-08-30 16:18,행궁동 팔달문 버스정류장,고정형,2023-12-01,,,
2023,수원시,팔달구청,2023-08-30 16:33,화서1동 수원역푸르지오자이 북문 우측,고정형,2023-12-01,,,
2023,수원시,권선구청,2023-08-30 16:36,호매실동 금호프라자 대각 맞은편,고정형,2023-12-01,,,
2023,수원시,팔달구청,2023-08-30 16:44,행궁동 화홍사랑채,고정형,2023-12-01,,,
2023,수원시,팔달구청,2023-08-30 16:47,북수동 쌈지공원 앞,고정형,2023-12-01,,,
2023,수원시,영통구청,2023-08-30 17:04,영통구 원천동 318-15,국민신문고,2023-12-01,,,
2023,수원시,영통구청,2023-08-30 17:16,이의동 드림스퀘어Ⅱ 앞,고정형,2023-12-01,,,
2023,수원시,권선구청,2023-08-30 17:18,세류3동 신곡초교 후문 좌측 사거리,고정형,2023-12-01,,,
2023,수원시,팔달구청,2023-08-30 17:28,화서1동 수원역푸르지오자이 북문 우측,고정형,2023-12-01,,,
2023,수원시,팔달구청,2023-08-30 17:28,화서1동 푸르지오자이 북문 CU 앞 횡단보도,고정형,2023-12-01,,,
2023,수원시,권선구청,2023-08-30 17:36,오목천동 한화꿈에그린아파트 209동앞,고정형,2023-12-01,,,
2023,수원시,팔달구청,2023-08-30 18:29,화서1동 푸르지오자이 북문 CU 앞 횡단보도,고정형,2023-12-01,,,
2023,수원시,팔달구청,2023-08-30 18:58,인계동 드림캐슬주상복합,고정형,2023-12-01,,,
2023,수원시,팔달구청,2023-08-30 19:38,매산동 팅스몰 주차장 출구 옆,고정형,2023-12-01,,,
2023,수원시,영통구청,2023-08-30 19:47,영통동 롯데마트 뒤,고정형,2023-12-01,37.27220279535416,127.10856729001851,
2023,수원시,팔달구청,2023-08-30 19:48,인계동 드림캐슬주상복합,고정형,2023-12-01,,,
2023,수원시,팔달구청,2023-08-30 19:48,인계동 드림캐슬주상복합,고정형,2023-12-01,,,
2023,수원시,팔달구청,2023-08-30 19:49,인계동 드림캐슬주상복합,고정형,2023-12-01,,,
2023,수원시,영통구청,2023-08-30 19:58,망포동 힐스테이트 119동 ~방죽공원 삼거리,고정형,2023-12-01,,,
2023,수원시,영통구청,2023-08-30 19:58,망포동 힐스테이트 119동 ~방죽공원 삼거리,고정형,2023-12-01,,,
2023,수원시,영통구청,2023-08-30 19:59,이의동 광교호반베르디움 103동 앞,고정형,2023-12-01,,,
2023,수원시,영통구청,2023-08-30 19:59,이의동 광교호반베르디움 103동 앞,고정형,2023-12-01,,,
2023,수원시,팔달구청,2023-08-30 20:23,매산동 팅스몰 주차장 출구 옆,고정형,2023-12-01,,,
2023,수원시,팔달구청,2023-08-30 20:27,매산동 팔달로 10번길 8,고정형,2023-12-01,,,
2023,수원시,영통구청,2023-08-30 20:47,원천동 광교매원초등학교,고정형,2023-12-01,,,
2023,수원시,팔달구청,2023-08-30 20:56,인계동 드림캐슬주상복합,고정형,2023-12-01,,,
2023,수원시,팔달구청,2023-08-31 7:04,화서1동 푸르지오자이 북문 CU 앞 횡단보도,고정형,2023-12-01,,,
2023,수원시,영통구청,2023-08-31 7:21,이의동 드림스퀘어Ⅱ 앞,고정형,2023-12-01,,,
2023,수원시,팔달구청,2023-08-31 7:32,인계동 경인통계청,고정형,2023-12-01,,,
2023,수원시,팔달구청,2023-08-31 7:32,매산동 덕영대로 895번길 9-8,고정형,2023-12-01,,,
2023,수원시,팔달구청,2023-08-31 7:33,인계동 드림캐슬주상복합,고정형,2023-12-01,,,
2023,수원시,팔달구청,2023-08-31 7:33,인계동 드림캐슬주상복합,고정형,2023-12-01,,,
2023,수원시,권선구청,2023-08-31 8:03,곡반정동 하나로마트한국빌딩앞,고정형,2023-12-01,,,
2023,수원시,권선구청,2023-08-31 8:06,서둔동 가온팰리스옆2,고정형,2023-12-01,,,
2023,수원시,권선구청,2023-08-31 8:06,서둔동 가온팰리스옆2,고정형,2023-12-01,,,
2023,수원시,권선구청,2023-08-31 8:12,곡반정동 하나로마트한국빌딩앞,고정형,2023-12-01,,,
2023,수원시,권선구청,2023-08-31 8:19,권선2동 곡정초교 정문 좌측 사거리,고정형,2023-12-01,,,
2023,수원시,권선구청,2023-08-31 8:24,서둔동 가온팰리스옆2,고정형,2023-12-01,,,
2023,수원시,권선구청,2023-08-31 8:32,오목천동 한화꿈에그린아파트 209동앞,고정형,2023-12-01,,,
2023,수원시,팔달구청,2023-08-31 9:24,매산동 팅스몰 주차장 출구 옆,고정형,2023-12-01,,,
2023,수원시,권선구청,2023-08-31 9:24,서둔동 가온팰리스옆2,고정형,2023-12-01,,,
2023,수원시,팔달구청,2023-08-31 9:50,행궁동 팔달문 버스정류장,고정형,2023-12-01,,,
2023,수원시,영통구청,2023-08-31 10:06,영통구 원천동 318-15,국민신문고,2023-12-01,,,
2023,수원시,영통구청,2023-08-31 10:06,영통구 원천동 318-15,국민신문고,2023-12-01,,,
2023,수원시,팔달구청,2023-08-31 10:10,인계동 드림캐슬주상복합,고정형,2023-12-01,,,
2023,수원시,팔달구청,2023-08-31 10:13,인계동 경인통계청,고정형,2023-12-01,,,
2023,수원시,팔달구청,2023-08-31 10:13,인계동 경인통계청,고정형,2023-12-01,,,
2023,수원시,영통구청,2023-08-31 10:14,이의동 드림스퀘어Ⅱ 앞,고정형,2023-12-01,,,
2023,수원시,팔달구청,2023-08-31 10:20,경기도수원시팔달구매산로2가 수원시 팔달구 매산로2가 65-34,보행,2023-12-01,,,
2023,수원시,팔달구청,2023-08-31 10:21,경기도수원시팔달구매산로2가 수원시 팔달구 매산로2가 65-34,보행,2023-12-01,,,
2023,수원시,팔달구청,2023-08-31 10:21,경기도수원시팔달구매산로2가 수원시 팔달구 매산로2가 65-34,보행,2023-12-01,,,
2023,수원시,팔달구청,2023-08-31 10:22,경기도수원시팔달구매산로2가 수원시 팔달구 매산로2가 65-34,보행,2023-12-01,,,
2023,수원시,팔달구청,2023-08-31 10:48,인계동 드림캐슬주상복합,고정형,2023-12-01,,,
2023,수원시,팔달구청,2023-08-31 11:08,화서1동 푸르지오자이 북문 CU 앞 횡단보도,고정형,2023-12-01,,,
2023,수원시,팔달구청,2023-08-31 11:49,매산동 역전농협,고정형,2023-12-01,,,
2023,수원시,팔달구청,2023-08-31 11:49,매산동 역전농협,고정형,2023-12-01,,,
2023,수원시,팔달구청,2023-08-31 13:46,화서1동 수원역푸르지오자이 북문 우측,고정형,2023-12-01,,,
2023,수원시,영통구청,2023-08-31 13:54,광교동 광교더사랑교회뒷길,고정형,2023-12-01,,,
2023,수원시,팔달구청,2023-08-31 14:24,우만동 우만동 월드컵로366번길,주행형,2023-12-01,,,
2023,수원시,팔달구청,2023-08-31 14:36,인계동 드림캐슬주상복합,고정형,2023-12-01,,,
2023,수원시,팔달구청,2023-08-31 14:39,인계동 드림캐슬주상복합,고정형,2023-12-01,,,
2023,수원시,팔달구청,2023-08-31 14:39,인계동 드림캐슬주상복합,고정형,2023-12-01,,,
2023,수원시,팔달구청,2023-08-31 14:40,매산동 팅스몰 주차장 출구 옆,고정형,2023-12-01,,,
2023,수원시,팔달구청,2023-08-31 14:41,장안동 장안동 화서문로17번길,주행형,2023-12-01,,,
2023,수원시,팔달구청,2023-08-31 14:42,인계동 한국씨티은행,고정형,2023-12-01,,,
2023,수원시,팔달구청,2023-08-31 14:45,경기도수원시팔달구인계동 수원시 팔달구 인계동 155,보행,2023-12-01,,,
2023,수원시,팔달구청,2023-08-31 14:59,북수동 쌈지공원 앞,고정형,2023-12-01,,,
2023,수원시,권선구청,2023-08-31 15:18,서둔동 가온팰리스옆2,고정형,2023-12-01,,,
2023,수원시,팔달구청,2023-08-31 15:40,인계동 경인통계청,고정형,2023-12-01,,,
2023,수원시,팔달구청,2023-08-31 15:59,인계동 드림캐슬주상복합,고정형,2023-12-01,,,
2023,수원시,팔달구청,2023-08-31 16:05,인계동 한국씨티은행,고정형,2023-12-01,,,
2023,수원시,권선구청,2023-08-31 16:17,입북동 당수초교 정문 우측 사거리,고정형,2023-12-01,,,
2023,수원시,팔달구청,2023-08-31 16:22,매산동 팅스몰 주차장 출구 옆,고정형,2023-12-01,,,
2023,수원시,팔달구청,2023-08-31 16:29,인계동 드림캐슬주상복합,고정형,2023-12-01,,,
2023,수원시,팔달구청,2023-08-31 16:31,인계동 한국씨티은행,고정형,2023-12-01,,,
2023,수원시,권선구청,2023-08-31 16:34,호매실동 금호프라자 대각 맞은편,고정형,2023-12-01,,,
2023,수원시,권선구청,2023-08-31 16:37,고색동 도이치 고객주차장 출입구,고정형,2023-12-01,,,
2023,수원시,팔달구청,2023-08-31 16:38,매산동 덕영대로 895번길 9-8,고정형,2023-12-01,,,
2023,수원시,권선구청,2023-08-31 16:52,세류3동 신곡초교 후문 좌측 사거리,고정형,2023-12-01,,,
2023,수원시,권선구청,2023-08-31 16:52,세류3동 신곡초교 후문 좌측 사거리,고정형,2023-12-01,,,
2023,수원시,팔달구청,2023-08-31 16:57,매산동 팅스몰 주차장 출구 옆,고정형,2023-12-01,,,
2023,수원시,권선구청,2023-08-31 16:58,곡반정동 하나로마트한국빌딩앞,고정형,2023-12-01,,,
2023,수원시,권선구청,2023-08-31 16:58,곡반정동 하나로마트한국빌딩앞,고정형,2023-12-01,,,
2023,수원시,권선구청,2023-08-31 17:02,서둔동 가온팰리스옆2,고정형,2023-12-01,,,
2023,수원시,팔달구청,2023-08-31 17:21,인계동 한국씨티은행,고정형,2023-12-01,,,
2023,수원시,팔달구청,2023-08-31 17:32,매산동 팔달로 10번길 8,고정형,2023-12-01,,,
2023,수원시,팔달구청,2023-08-31 17:32,매산동 팔달로 10번길 8,고정형,2023-12-01,,,
2023,수원시,팔달구청,2023-08-31 18:48,인계동 드림캐슬주상복합,고정형,2023-12-01,,,
2023,수원시,팔달구청,2023-08-31 18:57,화서1동 수원역푸르지오자이 북문 우측,고정형,2023-12-01,,,
2023,수원시,영통구청,2023-08-31 18:58,망포동 E-마트 에브리데이 앞,고정형,2023-12-01,37.2361017468141,127.060345496536,
2023,수원시,팔달구청,2023-08-31 19:21,인계동 드림캐슬주상복합,고정형,2023-12-01,,,
2023,수원시,팔달구청,2023-08-31 19:25,인계동 드림캐슬주상복합,고정형,2023-12-01,,,
2023,수원시,권선구청,2023-08-31 19:53,경기도수원시권선구고색동 수원시 권선구 고색동 627-7,보행,2023-12-01,,,
2023,수원시,권선구청,2023-08-31 19:56,경기도수원시권선구고색동 수원시 권선구 고색동 630-4,보행,2023-12-01,,,
2023,수원시,권선구청,2023-08-31 19:57,경기도수원시권선구고색동 수원시 권선구 고색동 630-1,보행,2023-12-01,,,
2023,수원시,팔달구청,2023-08-31 20:11,매산동 팅스몰 주차장 출구 옆,고정형,2023-12-01,,,
2023,수원시,팔달구청,2023-08-31 20:28,매산동 역전농협,고정형,2023-12-01,,,
2023,수원시,팔달구청,2023-08-31 21:10,고등동 고등동 156-117 횡단보도,국민신문고,2023-12-01,,,
2023,수원시,팔달구청,2023-08-31 21:14,매산동 역전농협,고정형,2023-12-01,,,
2023,수원시,권선구청,2023-09-01 1:10,오목천동 527-21,국민신문고,2023-12-01,,,
2023,수원시,권선구청,2023-09-01 1:21,오목천동 519-1,국민신문고,2023-12-01,,,
2023,수원시,권선구청,2023-09-01 3:13,곡반정동 562-2,국민신문고,2023-12-01,,,
2023,수원시,권선구청,2023-09-01 3:15,곡반정동 562-2,국민신문고,2023-12-01,,,
2023,수원시,팔달구청,2023-09-01 7:04,화서1동 수원역푸르지오자이 북문 우측,고정형,2023-12-01,,,
2023,수원시,팔달구청,2023-09-01 7:08,화서1동 수원역푸르지오자이 북문 우측,고정형,2023-12-01,,,
2023,수원시,팔달구청,2023-09-01 7:24,화서1동 푸르지오자이 북문 CU 앞 횡단보도,고정형,2023-12-01,,,
2023,수원시,팔달구청,2023-09-01 7:33,인계동 경인통계청,고정형,2023-12-01,,,
2023,수원시,팔달구청,2023-09-01 7:35,매산동 팅스몰 주차장 출구 옆,고정형,2023-12-01,,,
2023,수원시,팔달구청,2023-09-01 7:38,인계동 경인통계청,고정형,2023-12-01,,,
2023,수원시,팔달구청,2023-09-01 7:42,매산동 팅스몰 주차장 출구 옆,고정형,2023-12-01,,,
2023,수원시,팔달구청,2023-09-01 7:52,인계동 경인통계청,고정형,2023-12-01,,,
2023,수원시,권선구청,2023-09-01 8:05,권선2동 곡정초교 정문 좌측 사거리,고정형,2023-12-01,,,
2023,수원시,권선구청,2023-09-01 8:05,오목천동 한화꿈에그린아파트 209동앞,고정형,2023-12-01,,,
2023,수원시,권선구청,2023-09-01 8:05,오목천동 한화꿈에그린아파트 209동앞,고정형,2023-12-01,,,
2023,수원시,권선구청,2023-09-01 8:06,서둔동 가온팰리스옆2,고정형,2023-12-01,,,
2023,수원시,권선구청,2023-09-01 8:16,권선2동 곡정초교 정문 좌측 사거리,고정형,2023-12-01,,,
2023,수원시,권선구청,2023-09-01 8:23,세류3동 신곡초교 후문 좌측 사거리,고정형,2023-12-01,,,
2023,수원시,권선구청,2023-09-01 8:27,서둔동 가온팰리스옆2,고정형,2023-12-01,,,
2023,수원시,권선구청,2023-09-01 8:28,서둔동 가온팰리스옆2,고정형,2023-12-01,,,
2023,수원시,팔달구청,2023-09-01 9:49,남수동 남수동 정조로796번길,주행형,2023-12-01,,,
2023,수원시,팔달구청,2023-09-01 9:49,남수동 남수동 정조로796,주행형,2023-12-01,,,
2023,수원시,팔달구청,2023-09-01 10:08,경기도수원시팔달구지동 수원시 팔달구 인계동 1114,보행,2023-12-01,,,
2023,수원시,팔달구청,2023-09-01 10:13,인계동 드림캐슬주상복합,고정형,2023-12-01,,,
2023,수원시,팔달구청,2023-09-01 10:22,경기도수원시팔달구지동 수원시 팔달구 중부대로206번길,보행,2023-12-01,,,
2023,수원시,팔달구청,2023-09-01 10:23,경기도수원시팔달구지동 수원시 팔달구 중부대로206번길,보행,2023-12-01,,,
2023,수원시,팔달구청,2023-09-01 10:24,인계동 드림캐슬주상복합,고정형,2023-12-01,,,
2023,수원시,팔달구청,2023-09-01 10:24,인계동 드림캐슬주상복합,고정형,2023-12-01,,,
2023,수원시,팔달구청,2023-09-01 10:24,인계동 드림캐슬주상복합,고정형,2023-12-01,,,
2023,수원시,팔달구청,2023-09-01 10:24,경기도수원시팔달구지동 수원시 팔달구 중부대로206번길,보행,2023-12-01,,,
2023,수원시,영통구청,2023-09-01 10:55,경기도수원시영통구원천동 수원시 영통구 원천동 440,보행,2023-12-01,,,
2023,수원시,영통구청,2023-09-01 11:05,망포동 힐스테이트 119동 ~방죽공원 삼거리,고정형,2023-12-01,,,
2023,수원시,영통구청,2023-09-01 11:11,망포동 힐스테이트 119동 ~방죽공원 삼거리,고정형,2023-12-01,,,
2023,수원시,영통구청,2023-09-01 11:35,이의동 광교가재울마을사거리,고정형,2023-12-01,,,
2023,수원시,영통구청,2023-09-01 12:12,망포동 E-마트 에브리데이 앞,고정형,2023-12-01,37.2361017468141,127.060345496536,
2023,수원시,영통구청,2023-09-01 12:50,광교동 광교이의119안전센터,고정형,2023-12-01,,,
2023,수원시,팔달구청,2023-09-01 14:15,팔달로2가 팔달로2가 정조로796번길,주행형,2023-12-01,,,
2023,수원시,팔달구청,2023-09-01 14:15,남수동 남수동 정조로796,주행형,2023-12-01,,,
2023,수원시,팔달구청,2023-09-01 14:15,남수동 남수동 정조로796,주행형,2023-12-01,,,
2023,수원시,팔달구청,2023-09-01 14:15,남수동 남수동 정조로796,주행형,2023-12-01,,,
2023,수원시,팔달구청,2023-09-01 14:16,영동 영동 수원천로275,주행형,2023-12-01,,,
2023,수원시,팔달구청,2023-09-01 14:16,영동 영동 수원천로275,주행형,2023-12-01,,,
2023,수원시,팔달구청,2023-09-01 14:18,지동 지동 수원천로255번길 6,주행형,2023-12-01,,,
2023,수원시,팔달구청,2023-09-01 14:21,영동 영동 수원천로 246,주행형,2023-12-01,,,
2023,수원시,팔달구청,2023-09-01 14:21,영동 영동 수원천로 246,주행형,2023-12-01,,,
2023,수원시,팔달구청,2023-09-01 14:33,인계동 드림캐슬주상복합,고정형,2023-12-01,,,
2023,수원시,팔달구청,2023-09-01 14:33,매산동 팔달로 10번길 8,고정형,2023-12-01,,,
2023,수원시,권선구청,2023-09-01 14:34,금곡동 가온초교 정문 우측 사거리,고정형,2023-12-01,,,
2023,수원시,팔달구청,2023-09-01 14:34,인계동 드림캐슬주상복합,고정형,2023-12-01,,,
2023,수원시,팔달구청,2023-09-01 14:35,북수동 북수동 수원천로 372,주행형,2023-12-01,,,
2023,수원시,팔달구청,2023-09-01 14:37,인계동 드림캐슬주상복합,고정형,2023-12-01,,,
2023,수원시,팔달구청,2023-09-01 14:52,인계동 인계동 장다리로334,주행형,2023-12-01,,,
2023,수원시,팔달구청,2023-09-01 14:52,인계동 인계동 장다리로334,주행형,2023-12-01,,,
2023,수원시,팔달구청,2023-09-01 14:52,인계동 인계동 장다리로334,주행형,2023-12-01,,,
2023,수원시,영통구청,2023-09-01 14:58,이의동 드림스퀘어Ⅱ 앞,고정형,2023-12-01,,,
2023,수원시,팔달구청,2023-09-01 15:03,남수동 남수동 수원천로281,주행형,2023-12-01,,,
2023,수원시,팔달구청,2023-09-01 15:03,남수동 남수동 정조로796번길,주행형,2023-12-01,,,
2023,수원시,팔달구청,2023-09-01 15:03,남수동 남수동 정조로796번길,주행형,2023-12-01,,,
2023,수원시,팔달구청,2023-09-01 15:04,영동 영동 수원천로275,주행형,2023-12-01,,,
2023,수원시,영통구청,2023-09-01 15:05,영통동 롯데마트 뒤,고정형,2023-12-01,37.27220279535416,127.10856729001851,
2023,수원시,팔달구청,2023-09-01 15:05,지동 지동 수원천로255번길 6,주행형,2023-12-01,,,
2023,수원시,팔달구청,2023-09-01 15:08,매산동 덕영대로 895번길 9-8,고정형,2023-12-01,,,
2023,수원시,팔달구청,2023-09-01 15:12,북수동 쌈지공원 앞,고정형,2023-12-01,,,
2023,수원시,팔달구청,2023-09-01 15:13,장안동 장안동 화서문로17번길,주행형,2023-12-01,,,
2023,수원시,팔달구청,2023-09-01 15:13,장안동 장안동 화서문로17번길,주행형,2023-12-01,,,
2023,수원시,팔달구청,2023-09-01 15:29,인계동 드림캐슬주상복합,고정형,2023-12-01,,,
2023,수원시,권선구청,2023-09-01 15:29,곡반정동 하나로마트한국빌딩앞,고정형,2023-12-01,,,
2023,수원시,영통구청,2023-09-01 15:39,영통동 롯데마트 뒤,고정형,2023-12-01,37.27220279535416,127.10856729001851,
2023,수원시,팔달구청,2023-09-01 15:44,인계동 드림캐슬주상복합,고정형,2023-12-01,,,
2023,수원시,권선구청,2023-09-01 15:56,입북동 당수초교 정문 우측 사거리,고정형,2023-12-01,,,
2023,수원시,팔달구청,2023-09-01 16:36,매산동 팅스몰 주차장 출구 옆,고정형,2023-12-01,,,
2023,수원시,팔달구청,2023-09-01 16:39,매산동 팅스몰 주차장 출구 옆,고정형,2023-12-01,,,
2023,수원시,팔달구청,2023-09-01 16:42,행궁동 화홍사랑채,고정형,2023-12-01,,,
2023,수원시,권선구청,2023-09-01 17:01,입북동 당수초교 정문 우측 사거리,고정형,2023-12-01,,,
2023,수원시,권선구청,2023-09-01 17:03,곡반정동 하나로마트한국빌딩앞,고정형,2023-12-01,,,
2023,수원시,권선구청,2023-09-01 17:03,곡반정동 하나로마트한국빌딩앞,고정형,2023-12-01,,,
2023,수원시,영통구청,2023-09-01 17:20,광교동 광교웰빙타운한양수자인,고정형,2023-12-01,,,
2023,수원시,팔달구청,2023-09-01 17:45,인계동 한국씨티은행,고정형,2023-12-01,,,
2023,수원시,팔달구청,2023-09-01 18:08,화서1동 수원역푸르지오자이 북문 우측,고정형,2023-12-01,,,
2023,수원시,팔달구청,2023-09-01 18:15,인계동 드림캐슬주상복합,고정형,2023-12-01,,,
2023,수원시,팔달구청,2023-09-01 18:20,화서1동 푸르지오자이 북문 CU 앞 횡단보도,고정형,2023-12-01,,,
2023,수원시,영통구청,2023-09-01 18:24,망포동 힐스테이트 119동 ~방죽공원 삼거리,고정형,2023-12-01,,,
2023,수원시,팔달구청,2023-09-01 18:24,화서1동 수원역푸르지오자이 북문 우측,고정형,2023-12-01,,,
2023,수원시,팔달구청,2023-09-01 18:26,매산동 팅스몰 주차장 출구 옆,고정형,2023-12-01,,,
2023,수원시,팔달구청,2023-09-01 18:26,매산동 팅스몰 주차장 출구 옆,고정형,2023-12-01,,,
2023,수원시,영통구청,2023-09-01 19:03,하동 매탄동 917,국민신문고,2023-12-01,,,
2023,수원시,영통구청,2023-09-01 19:16,영통동 마사회뒷길,고정형,2023-12-01,,,
2023,수원시,팔달구청,2023-09-01 19:27,매산동 팅스몰 주차장 출구 옆,고정형,2023-12-01,,,
2023,수원시,권선구청,2023-09-01 19:32,경기도수원시권선구고색동 수원시 권선구 고색동 627-5,보행,2023-12-01,,,
2023,수원시,팔달구청,2023-09-01 19:35,경기도수원시팔달구인계동 수원시 팔달구 인계동 154-1,보행,2023-12-01,,,
2023,수원시,팔달구청,2023-09-01 19:36,경기도수원시팔달구인계동 수원시 팔달구 인계동 154-1,보행,2023-12-01,,,
2023,수원시,팔달구청,2023-09-01 19:37,경기도수원시팔달구인계동 수원시 팔달구 인계동 154-1,보행,2023-12-01,,,
2023,수원시,팔달구청,2023-09-01 20:10,고등동 180-8 (횡단보도),국민신문고,2023-12-01,,,
2023,수원시,팔달구청,2023-09-01 20:22,매산동 팅스몰 주차장 출구 옆,고정형,2023-12-01,,,
2023,수원시,영통구청,2023-09-01 20:26,광교동 광교더사랑교회뒷길,고정형,2023-12-01,,,
2023,수원시,장안구청,2023-09-01 20:28,연무동 연무동 243-7,국민신문고,2023-12-01,,,
2023,수원시,장안구청,2023-09-01 20:28,연무동 연무동 244-6,국민신문고,2023-12-01,,,
2023,수원시,장안구청,2023-09-01 20:28,연무동 연무동 244-8,국민신문고,2023-12-01,,,
2023,수원시,장안구청,2023-09-01 20:28,연무동 연무동 244-8,국민신문고,2023-12-01,,,
2023,수원시,팔달구청,2023-09-01 21:09,인계동 드림캐슬주상복합,고정형,2023-12-01,,,
2023,수원시,권선구청,2023-09-02 9:02,서둔동 가온팰리스옆1,고정형,2023-12-01,,,
2023,수원시,팔달구청,2023-09-02 9:03,매산동 팔달로 10번길 8,고정형,2023-12-01,,,
2023,수원시,팔달구청,2023-09-02 9:03,북수동 쌈지공원 앞,고정형,2023-12-01,,,
2023,수원시,권선구청,2023-09-02 9:03,곡선동 권선중앙약국 건너편,고정형,2023-12-01,,,
2023,수원시,권선구청,2023-09-02 9:04,곡반정동 하나로마트한국빌딩앞,고정형,2023-12-01,,,
2023,수원시,팔달구청,2023-09-02 9:04,화서1동 푸르지오자이 북문 CU 앞 횡단보도,고정형,2023-12-01,,,
2023,수원시,권선구청,2023-09-02 9:04,서둔동 가온팰리스옆2,고정형,2023-12-01,,,
2023,수원시,팔달구청,2023-09-02 9:04,인계동 경인통계청,고정형,2023-12-01,,,
2023,수원시,권선구청,2023-09-02 9:04,곡반정동 하나로마트한국빌딩앞,고정형,2023-12-01,,,
2023,수원시,권선구청,2023-09-02 9:04,서둔동 가온팰리스옆2,고정형,2023-12-01,,,
2023,수원시,팔달구청,2023-09-02 9:04,매산동 팅스몰 주차장 출구 옆,고정형,2023-12-01,,,
2023,수원시,팔달구청,2023-09-02 9:04,매산동 팅스몰 주차장 출구 옆,고정형,2023-12-01,,,
2023,수원시,권선구청,2023-09-02 9:05,서둔동 가온팰리스옆2,고정형,2023-12-01,,,
2023,수원시,팔달구청,2023-09-02 9:05,인계동 경인통계청,고정형,2023-12-01,,,
2023,수원시,권선구청,2023-09-02 9:05,서둔동 가온팰리스옆2,고정형,2023-12-01,,,
2023,수원시,권선구청,2023-09-02 9:05,곡반정동 하나로마트한국빌딩앞,고정형,2023-12-01,,,
2023,수원시,권선구청,2023-09-02 9:05,곡반정동 하나로마트한국빌딩앞,고정형,2023-12-01,,,
2023,수원시,팔달구청,2023-09-02 9:10,인계동 드림캐슬주상복합,고정형,2023-12-01,,,
2023,수원시,권선구청,2023-09-02 9:23,곡반정동 궁촌육교앞,고정형,2023-12-01,,,
2023,수원시,팔달구청,2023-09-02 9:24,화서1동 수원역푸르지오자이 북문 우측,고정형,2023-12-01,,,
2023,수원시,팔달구청,2023-09-02 9:34,인계동 경인통계청,고정형,2023-12-01,,,
2023,수원시,팔달구청,2023-09-02 9:34,인계동 한국씨티은행,고정형,2023-12-01,,,
2023,수원시,팔달구청,2023-09-02 9:52,화서1동 수원역푸르지오자이 북문 우측,고정형,2023-12-01,,,
2023,수원시,권선구청,2023-09-02 10:07,서둔동 가온팰리스옆2,고정형,2023-12-01,,,
2023,수원시,권선구청,2023-09-02 10:16,서둔동 가온팰리스옆2,고정형,2023-12-01,,,
2023,수원시,팔달구청,2023-09-02 10:27,매산동 팅스몰 주차장 출구 옆,고정형,2023-12-01,,,
2023,수원시,팔달구청,2023-09-02 10:38,북수동 쌈지공원 앞,고정형,2023-12-01,,,
2023,수원시,영통구청,2023-09-02 10:44,원천동 삼성전자중문,고정형,2023-12-01,,,
2023,수원시,영통구청,2023-09-02 10:47,망포동 힐스테이트 119동 ~방죽공원 삼거리,고정형,2023-12-01,,,
2023,수원시,영통구청,2023-09-02 11:03,이의동 광교호반베르디움 103동 앞,고정형,2023-12-01,,,
2023,수원시,팔달구청,2023-09-02 11:12,경기도수원시팔달구신풍동 수원시 팔달구 우만동 우만고가밑,보행,2023-12-01,,,
2023,수원시,팔달구청,2023-09-02 11:14,경기도수원시팔달구우만동 수원시 팔달구 중부대로206번길,보행,2023-12-01,,,
2023,수원시,팔달구청,2023-09-02 11:14,경기도수원시팔달구우만동 수원시 팔달구 중부대로206번길,보행,2023-12-01,,,
2023,수원시,팔달구청,2023-09-02 11:15,경기도수원시팔달구우만동 수원시 팔달구 중부대로206번길,보행,2023-12-01,,,
2023,수원시,팔달구청,2023-09-02 11:22,화서1동 푸르지오자이 북문 CU 앞 횡단보도,고정형,2023-12-01,,,
2023,수원시,권선구청,2023-09-02 11:29,고색동 도이치 고객주차장 출입구,고정형,2023-12-01,,,
2023,수원시,팔달구청,2023-09-02 12:02,화서1동 수원역푸르지오자이 북문 우측,고정형,2023-12-01,,,
2023,수원시,영통구청,2023-09-02 12:17,영통동 롯데마트 뒤,고정형,2023-12-01,37.27220279535416,127.10856729001851,
2023,수원시,팔달구청,2023-09-02 12:34,화서1동 수원역푸르지오자이 북문 우측,고정형,2023-12-01,,,
2023,수원시,영통구청,2023-09-02 12:41,이의동 광교가재울마을사거리,고정형,2023-12-01,,,
2023,수원시,영통구청,2023-09-02 12:41,이의동 광교가재울마을사거리,고정형,2023-12-01,,,
2023,수원시,장안구청,2023-09-02 13:32,정자동 정자동88,국민신문고,2023-12-01,,,
2023,수원시,팔달구청,2023-09-02 13:45,화서1동 수원역푸르지오자이 북문 우측,고정형,2023-12-01,,,
2023,수원시,팔달구청,2023-09-02 14:33,매산동 팅스몰 주차장 출구 옆,고정형,2023-12-01,,,
2023,수원시,팔달구청,2023-09-02 14:33,매산동 팅스몰 주차장 출구 옆,고정형,2023-12-01,,,
2023,수원시,팔달구청,2023-09-02 14:35,인계동 경인통계청,고정형,2023-12-01,,,
2023,수원시,장안구청,2023-09-02 14:39,경기도수원시장안구정자동 수원시 장안구 정자동 321,보행,2023-12-01,,,
2023,수원시,권선구청,2023-09-02 14:43,서둔동 가온팰리스옆2,고정형,2023-12-01,,,
2023,수원시,권선구청,2023-09-02 14:53,고색동 도이치 고객주차장 출입구,고정형,2023-12-01,,,
2023,수원시,권선구청,2023-09-02 14:58,서둔동 수원역한라비발디퍼스트 앞1,고정형,2023-12-01,,,
2023,수원시,팔달구청,2023-09-02 15:05,매산동 팔달로 10번길 8,고정형,2023-12-01,,,
2023,수원시,권선구청,2023-09-02 15:06,평동 SK모터스 고가 옆,고정형,2023-12-01,,,
2023,수원시,팔달구청,2023-09-02 15:11,매산동 팅스몰 주차장 출구 옆,고정형,2023-12-01,,,
2023,수원시,팔달구청,2023-09-02 15:16,인계동 경인통계청,고정형,2023-12-01,,,
2023,수원시,권선구청,2023-09-02 15:16,서둔동 가온팰리스옆2,고정형,2023-12-01,,,
2023,수원시,팔달구청,2023-09-02 15:20,화서동 98-14 (버스정류소),국민신문고,2023-12-01,,,
2023,수원시,영통구청,2023-09-02 15:22,광교동 광교웰빙타운한양수자인,고정형,2023-12-01,,,
2023,수원시,팔달구청,2023-09-02 15:27,화서1동 수원역푸르지오자이 북문 우측,고정형,2023-12-01,,,
2023,수원시,팔달구청,2023-09-02 15:27,화서1동 수원역푸르지오자이 북문 우측,고정형,2023-12-01,,,
2023,수원시,팔달구청,2023-09-02 15:30,행궁동 팔달문 버스정류장,고정형,2023-12-01,,,
2023,수원시,팔달구청,2023-09-02 15:36,매산동 팔달로 10번길 8,고정형,2023-12-01,,,
2023,수원시,팔달구청,2023-09-02 15:41,인계동 드림캐슬주상복합,고정형,2023-12-01,,,
2023,수원시,권선구청,2023-09-02 15:51,서둔동 수원역한라비발디퍼스트 앞1,고정형,2023-12-01,,,
2023,수원시,팔달구청,2023-09-02 15:52,매산동 팔달로 10번길 8,고정형,2023-12-01,,,
2023,수원시,권선구청,2023-09-02 15:55,매산로1가 수인로9번길,주행형,2023-12-01,,,
2023,수원시,권선구청,2023-09-02 15:55,매산로1가 수인로9번길,주행형,2023-12-01,,,
2023,수원시,권선구청,2023-09-02 15:56,매산로1가 수인로9번길,주행형,2023-12-01,,,
2023,수원시,권선구청,2023-09-02 16:26,서둔동 수원역한라비발디퍼스트 앞1,고정형,2023-12-01,,,
2023,수원시,영통구청,2023-09-02 16:33,우만동 광교로42번길,주행형,2023-12-01,,,
2023,수원시,팔달구청,2023-09-02 16:34,인계동 경인통계청,고정형,2023-12-01,,,
2023,수원시,팔달구청,2023-09-02 16:35,화서1동 수원역푸르지오자이 북문 우측,고정형,2023-12-01,,,
2023,수원시,팔달구청,2023-09-02 16:37,경기도수원시팔달구남창동 수원시 팔달구 화서동 115-1,보행,2023-12-01,,,
2023,수원시,팔달구청,2023-09-02 16:39,북수동 쌈지공원 앞,고정형,2023-12-01,,,
2023,수원시,영통구청,2023-09-02 16:43,우만동 광교로42번길,주행형,2023-12-01,,,
2023,수원시,권선구청,2023-09-02 16:45,서둔동 수원역한라비발디퍼스트 앞1,고정형,2023-12-01,,,
2023,수원시,영통구청,2023-09-02 16:46,D_Name 광교로,주행형,2023-12-01,,,
2023,수원시,영통구청,2023-09-02 16:46,D_Name 광교로,주행형,2023-12-01,,,
2023,수원시,영통구청,2023-09-02 16:46,D_Name 광교로,주행형,2023-12-01,,,
2023,수원시,영통구청,2023-09-02 16:55,망포동 힐스테이트 119동 ~방죽공원 삼거리,고정형,2023-12-01,,,
2023,수원시,팔달구청,2023-09-02 17:03,매산동 팅스몰 주차장 출구 옆,고정형,2023-12-01,,,
2023,수원시,팔달구청,2023-09-02 17:05,교동 174-7 (소화전),국민신문고,2023-12-01,,,
2023,수원시,팔달구청,2023-09-02 17:21,인계동 한국씨티은행,고정형,2023-12-01,,,
2023,수원시,팔달구청,2023-09-02 17:23,인계동 경인통계청,고정형,2023-12-01,,,
2023,수원시,영통구청,2023-09-02 17:24,영통동 롯데마트 뒤,고정형,2023-12-01,37.27220279535416,127.10856729001851,
2023,수원시,권선구청,2023-09-02 17:27,서둔동 수원역한라비발디퍼스트 앞1,고정형,2023-12-01,,,
2023,수원시,팔달구청,2023-09-02 17:35,인계동 드림캐슬주상복합,고정형,2023-12-01,,,
2023,수원시,팔달구청,2023-09-02 17:36,인계동 드림캐슬주상복합,고정형,2023-12-01,,,
2023,수원시,팔달구청,2023-09-02 17:51,인계동 드림캐슬주상복합,고정형,2023-12-01,,,
2023,수원시,팔달구청,2023-09-02 17:58,인계동 드림캐슬주상복합,고정형,2023-12-01,,,
2023,수원시,팔달구청,2023-09-02 18:30,매산동 팅스몰 주차장 출구 옆,고정형,2023-12-01,,,
2023,수원시,팔달구청,2023-09-02 18:48,화서1동 푸르지오자이 북문 CU 앞 횡단보도,고정형,2023-12-01,,,
2023,수원시,팔달구청,2023-09-02 19:09,매산동 역전농협,고정형,2023-12-01,,,
2023,수원시,팔달구청,2023-09-02 19:22,매산동 팅스몰 주차장 출구 옆,고정형,2023-12-01,,,
2023,수원시,팔달구청,2023-09-02 19:46,매산동 팅스몰 주차장 출구 옆,고정형,2023-12-01,,,
2023,수원시,팔달구청,2023-09-02 19:58,인계동 드림캐슬주상복합,고정형,2023-12-01,,,
2023,수원시,팔달구청,2023-09-02 19:58,인계동 드림캐슬주상복합,고정형,2023-12-01,,,
2023,수원시,팔달구청,2023-09-02 20:20,인계동 드림캐슬주상복합,고정형,2023-12-01,,,
2023,수원시,팔달구청,2023-09-02 20:22,매산동 팔달로 10번길 8,고정형,2023-12-01,,,
2023,수원시,팔달구청,2023-09-02 20:24,인계동 드림캐슬주상복합,고정형,2023-12-01,,,
2023,수원시,팔달구청,2023-09-02 20:47,인계동 드림캐슬주상복합,고정형,2023-12-01,,,
2023,수원시,팔달구청,2023-09-03 9:01,매산동 역전농협,고정형,2023-12-01,,,
2023,수원시,권선구청,2023-09-03 9:02,서둔동 가온팰리스옆2,고정형,2023-12-01,,,
2023,수원시,팔달구청,2023-09-03 9:03,화서1동 푸르지오자이 북문 CU 앞 횡단보도,고정형,2023-12-01,,,
2023,수원시,팔달구청,2023-09-03 9:03,화서1동 수원역푸르지오자이 북문 우측,고정형,2023-12-01,,,
2023,수원시,팔달구청,2023-09-03 9:03,화서1동 수원역푸르지오자이 북문 우측,고정형,2023-12-01,,,
2023,수원시,팔달구청,2023-09-03 9:03,인계동 드림캐슬주상복합,고정형,2023-12-01,,,
2023,수원시,팔달구청,2023-09-03 9:03,인계동 경인통계청,고정형,2023-12-01,,,
2023,수원시,권선구청,2023-09-03 9:04,곡반정동 하나로마트한국빌딩앞,고정형,2023-12-01,,,
2023,수원시,팔달구청,2023-09-03 9:05,인계동 경인통계청,고정형,2023-12-01,,,
2023,수원시,팔달구청,2023-09-03 9:05,인계동 경인통계청,고정형,2023-12-01,,,
2023,수원시,팔달구청,2023-09-03 9:05,매산동 팅스몰 주차장 출구 옆,고정형,2023-12-01,,,
2023,수원시,권선구청,2023-09-03 9:05,곡반정동 하나로마트한국빌딩앞,고정형,2023-12-01,,,
2023,수원시,팔달구청,2023-09-03 9:07,매산동 팅스몰 주차장 출구 옆,고정형,2023-12-01,,,
2023,수원시,권선구청,2023-09-03 9:10,서둔동 가온팰리스옆1,고정형,2023-12-01,,,
2023,수원시,영통구청,2023-09-03 9:12,이의동 광교가재울마을사거리,고정형,2023-12-01,,,
2023,수원시,팔달구청,2023-09-03 9:54,행궁동 팔달문 버스정류장,고정형,2023-12-01,,,
2023,수원시,권선구청,2023-09-03 10:00,세류동 1154-22,국민신문고,2023-12-01,,,
2023,수원시,권선구청,2023-09-03 10:07,곡반정동 하나로마트한국빌딩앞,고정형,2023-12-01,,,
2023,수원시,영통구청,2023-09-03 10:16,이의동 드림스퀘어Ⅱ 앞,고정형,2023-12-01,,,
2023,수원시,권선구청,2023-09-03 10:30,평동 수원역고가밑 (애경뒷길),고정형,2023-12-01,,,
2023,수원시,권선구청,2023-09-03 10:34,호매실동 금호프라자 대각 맞은편,고정형,2023-12-01,,,
2023,수원시,팔달구청,2023-09-03 11:04,화서1동 수원역푸르지오자이 북문 우측,고정형,2023-12-01,,,
2023,수원시,팔달구청,2023-09-03 11:10,화서1동 수원역푸르지오자이 북문 우측,고정형,2023-12-01,,,
2023,수원시,장안구청,2023-09-03 11:22,경기도수원시장안구영화동 수원시 장안구 영화동 380,보행,2023-12-01,,,
2023,수원시,권선구청,2023-09-03 11:25,권선동 NC터미널점 버스정류장 앞,고정형,2023-12-01,,,
2023,수원시,팔달구청,2023-09-03 12:16,행궁동 팔달문 버스정류장,고정형,2023-12-01,,,
2023,수원시,팔달구청,2023-09-03 12:24,화서1동 푸르지오자이 북문 CU 앞 횡단보도,고정형,2023-12-01,,,
2023,수원시,팔달구청,2023-09-03 13:22,화서1동 수원역푸르지오자이 북문 우측,고정형,2023-12-01,,,
2023,수원시,팔달구청,2023-09-03 14:32,북수동 쌈지공원 앞,고정형,2023-12-01,,,
2023,수원시,팔달구청,2023-09-03 14:32,북수동 쌈지공원 앞,고정형,2023-12-01,,,
2023,수원시,팔달구청,2023-09-03 14:33,매산동 팅스몰 주차장 출구 옆,고정형,2023-12-01,,,
2023,수원시,팔달구청,2023-09-03 14:33,매산동 팅스몰 주차장 출구 옆,고정형,2023-12-01,,,
2023,수원시,팔달구청,2023-09-03 14:33,인계동 경인통계청,고정형,2023-12-01,,,
2023,수원시,팔달구청,2023-09-03 14:33,매산동 팔달로 10번길 8,고정형,2023-12-01,,,
2023,수원시,권선구청,2023-09-03 14:33,서둔동 수원역한라비발디퍼스트 앞2,고정형,2023-12-01,,,
2023,수원시,권선구청,2023-09-03 14:34,서둔동 수원역한라비발디퍼스트 앞1,고정형,2023-12-01,,,
2023,수원시,팔달구청,2023-09-03 14:34,인계동 경인통계청,고정형,2023-12-01,,,
2023,수원시,팔달구청,2023-09-03 14:38,매산동 팅스몰 주차장 출구 옆,고정형,2023-12-01,,,
2023,수원시,권선구청,2023-09-03 14:40,서둔동 가온팰리스옆1,고정형,2023-12-01,,,
2023,수원시,팔달구청,2023-09-03 14:42,매산동 팅스몰 주차장 출구 옆,고정형,2023-12-01,,,
2023,수원시,권선구청,2023-09-03 14:42,곡반정동 하나로마트한국빌딩앞,고정형,2023-12-01,,,
2023,수원시,권선구청,2023-09-03 14:43,서둔동 수원역한라비발디퍼스트 앞1,고정형,2023-12-01,,,
2023,수원시,팔달구청,2023-09-03 14:45,화서1동 수원역푸르지오자이 북문 우측,고정형,2023-12-01,,,
2023,수원시,권선구청,2023-09-03 14:52,서둔동 수원역한라비발디퍼스트 앞2,고정형,2023-12-01,,,
2023,수원시,권선구청,2023-09-03 14:52,서둔동 수원역한라비발디퍼스트 앞2,고정형,2023-12-01,,,
2023,수원시,권선구청,2023-09-03 14:57,서둔동 수원역한라비발디퍼스트 앞1,고정형,2023-12-01,,,
2023,수원시,팔달구청,2023-09-03 14:57,인계동 경인통계청,고정형,2023-12-01,,,
2023,수원시,권선구청,2023-09-03 15:02,서둔동 수원역한라비발디퍼스트 앞1,고정형,2023-12-01,,,
2023,수원시,권선구청,2023-09-03 15:02,서둔동 수원역한라비발디퍼스트 앞1,고정형,2023-12-01,,,
2023,수원시,권선구청,2023-09-03 15:10,서둔동 수원역한라비발디퍼스트 앞1,고정형,2023-12-01,,,
2023,수원시,팔달구청,2023-09-03 15:15,인계동 드림캐슬주상복합,고정형,2023-12-01,,,
2023,수원시,팔달구청,2023-09-03 15:15,인계동 경인통계청,고정형,2023-12-01,,,
2023,수원시,팔달구청,2023-09-03 15:17,인계동 경인통계청,고정형,2023-12-01,,,
2023,수원시,팔달구청,2023-09-03 15:17,팔달로2가 팔달로2가 정조로796번길,주행형,2023-12-01,,,
2023,수원시,팔달구청,2023-09-03 15:17,팔달로2가 팔달로2가 정조로796번길,주행형,2023-12-01,,,
2023,수원시,팔달구청,2023-09-03 15:17,남수동 남수동 정조로796번길,주행형,2023-12-01,,,
2023,수원시,팔달구청,2023-09-03 15:18,영동 영동 수원천로275,주행형,2023-12-01,,,
2023,수원시,팔달구청,2023-09-03 15:18,영동 영동 수원천로275,주행형,2023-12-01,,,
2023,수원시,권선구청,2023-09-03 15:19,서둔동 수원역한라비발디퍼스트 앞2,고정형,2023-12-01,,,
2023,수원시,권선구청,2023-09-03 15:24,서둔동 수원역한라비발디퍼스트 앞2,고정형,2023-12-01,,,
2023,수원시,팔달구청,2023-09-03 15:27,매산동 팅스몰 주차장 출구 옆,고정형,2023-12-01,,,
2023,수원시,권선구청,2023-09-03 15:34,금곡동 일신건영아파트 앞 놀이터,고정형,2023-12-01,,,
2023,수원시,권선구청,2023-09-03 15:39,서둔동 가온팰리스옆2,고정형,2023-12-01,,,
2023,수원시,팔달구청,2023-09-03 15:40,매산동 팅스몰 주차장 출구 옆,고정형,2023-12-01,,,
2023,수원시,권선구청,2023-09-03 15:48,서둔동 수원역한라비발디퍼스트 앞1,고정형,2023-12-01,,,
2023,수원시,권선구청,2023-09-03 15:48,서둔동 수원역한라비발디퍼스트 앞1,고정형,2023-12-01,,,
2023,수원시,팔달구청,2023-09-03 15:52,행궁동 화홍사랑채,고정형,2023-12-01,,,
2023,수원시,팔달구청,2023-09-03 15:57,매산동 팅스몰 주차장 출구 옆,고정형,2023-12-01,,,
2023,수원시,팔달구청,2023-09-03 15:59,인계동 드림캐슬주상복합,고정형,2023-12-01,,,
2023,수원시,팔달구청,2023-09-03 16:05,매산동 팅스몰 주차장 출구 옆,고정형,2023-12-01,,,
2023,수원시,영통구청,2023-09-03 16:07,영통동 매영로365번길,주행형,2023-12-01,,,
2023,수원시,영통구청,2023-09-03 16:07,영통동 매영로365번길,주행형,2023-12-01,,,
2023,수원시,영통구청,2023-09-03 16:07,영통동 매영로365번길,주행형,2023-12-01,,,
2023,수원시,영통구청,2023-09-03 16:07,영통동 매영로365번길,주행형,2023-12-01,,,
2023,수원시,영통구청,2023-09-03 16:07,영통동 매영로365번길,주행형,2023-12-01,,,
2023,수원시,영통구청,2023-09-03 16:07,영통동 매영로365번길,주행형,2023-12-01,,,
2023,수원시,영통구청,2023-09-03 16:07,영통동 매영로365번길,주행형,2023-12-01,,,
2023,수원시,팔달구청,2023-09-03 16:07,인계동 한국씨티은행,고정형,2023-12-01,,,
2023,수원시,영통구청,2023-09-03 16:11,영통동 매영로365번길,주행형,2023-12-01,,,
2023,수원시,영통구청,2023-09-03 16:11,영통동 매영로365번길,주행형,2023-12-01,,,
2023,수원시,영통구청,2023-09-03 16:11,영통동 매영로365번길,주행형,2023-12-01,,,
2023,수원시,영통구청,2023-09-03 16:11,영통동 매영로365번길,주행형,2023-12-01,,,
2023,수원시,영통구청,2023-09-03 16:11,영통동 매영로365번길,주행형,2023-12-01,,,
2023,수원시,영통구청,2023-09-03 16:11,영통동 매영로365번길,주행형,2023-12-01,,,
2023,수원시,영통구청,2023-09-03 16:11,영통동 매영로365번길,주행형,2023-12-01,,,
2023,수원시,영통구청,2023-09-03 16:11,영통동 매영로365번길,주행형,2023-12-01,,,
2023,수원시,영통구청,2023-09-03 16:11,영통동 매영로365번길,주행형,2023-12-01,,,
2023,수원시,팔달구청,2023-09-03 16:12,경기도수원시팔달구인계동 수원시 팔달구 인계동 155,보행,2023-12-01,,,
2023,수원시,팔달구청,2023-09-03 16:13,경기도수원시팔달구인계동 수원시 팔달구 인계동 155,보행,2023-12-01,,,
2023,수원시,팔달구청,2023-09-03 16:13,경기도수원시팔달구인계동 수원시 팔달구 인계동 155,보행,2023-12-01,,,
2023,수원시,팔달구청,2023-09-03 16:14,경기도수원시팔달구인계동 수원시 팔달구 인계동 155,보행,2023-12-01,,,
2023,수원시,팔달구청,2023-09-03 16:29,매산동 팔달로 10번길 8,고정형,2023-12-01,,,
2023,수원시,권선구청,2023-09-03 16:32,서둔동 수원역한라비발디퍼스트 앞2,고정형,2023-12-01,,,
2023,수원시,팔달구청,2023-09-03 16:39,화서1동 수원역푸르지오자이 북문 우측,고정형,2023-12-01,,,
2023,수원시,팔달구청,2023-09-03 16:39,행궁동 화홍사랑채,고정형,2023-12-01,,,
2023,수원시,권선구청,2023-09-03 16:40,서둔동 수원역한라비발디퍼스트 앞1,고정형,2023-12-01,,,
2023,수원시,영통구청,2023-09-03 16:41,광교동 광교웰빙타운한양수자인,고정형,2023-12-01,,,
2023,수원시,권선구청,2023-09-03 16:45,서둔동 롯데몰9번출구앞주변,고정형,2023-12-01,,,
2023,수원시,권선구청,2023-09-03 16:45,서둔동 롯데몰9번출구앞주변,고정형,2023-12-01,,,
2023,수원시,팔달구청,2023-09-03 16:47,화서1동 수원역푸르지오자이 북문 우측,고정형,2023-12-01,,,
2023,수원시,권선구청,2023-09-03 17:00,서둔동 수원역한라비발디퍼스트 앞2,고정형,2023-12-01,,,
2023,수원시,팔달구청,2023-09-03 17:01,인계동 경인통계청,고정형,2023-12-01,,,
2023,수원시,팔달구청,2023-09-03 17:01,인계동 경인통계청,고정형,2023-12-01,,,
2023,수원시,권선구청,2023-09-03 17:25,곡반정동 하나로마트한국빌딩앞,고정형,2023-12-01,,,
2023,수원시,권선구청,2023-09-03 17:31,서둔동 수원역한라비발디퍼스트 앞2,고정형,2023-12-01,,,
2023,수원시,권선구청,2023-09-03 17:36,서둔동 수원역한라비발디퍼스트 앞2,고정형,2023-12-01,,,
2023,수원시,팔달구청,2023-09-03 17:43,인계동 한국씨티은행,고정형,2023-12-01,,,
2023,수원시,팔달구청,2023-09-03 18:38,인계동 드림캐슬주상복합,고정형,2023-12-01,,,
2023,수원시,팔달구청,2023-09-03 19:01,화서1동 푸르지오자이 북문 CU 앞 횡단보도,고정형,2023-12-01,,,
2023,수원시,팔달구청,2023-09-03 19:03,화서1동 수원역푸르지오자이 북문 우측,고정형,2023-12-01,,,
2023,수원시,팔달구청,2023-09-03 19:06,매산동 팅스몰 주차장 출구 옆,고정형,2023-12-01,,,
2023,수원시,권선구청,2023-09-03 19:38,곡반정동 562-2,국민신문고,2023-12-01,,,
2023,수원시,팔달구청,2023-09-03 19:55,인계동 드림캐슬주상복합,고정형,2023-12-01,,,
2023,수원시,팔달구청,2023-09-03 20:14,인계동 드림캐슬주상복합,고정형,2023-12-01,,,
2023,수원시,팔달구청,2023-09-03 20:14,인계동 드림캐슬주상복합,고정형,2023-12-01,,,
2023,수원시,팔달구청,2023-09-03 20:29,매산동 팅스몰 주차장 출구 옆,고정형,2023-12-01,,,
2023,수원시,팔달구청,2023-09-03 20:35,인계동 고정형CCTV:Naan 삼거리,보행,2023-12-01,,,
2023,수원시,팔달구청,2023-09-03 20:36,매산동 역전농협,고정형,2023-12-01,,,
2023,수원시,권선구청,2023-09-03 21:40,곡반정동 105-11,국민신문고,2023-12-01,,,
2023,수원시,권선구청,2023-09-03 23:49,곡반정동 191-4,국민신문고,2023-12-01,,,
2023,수원시,권선구청,2023-09-04 5:40,곡반정동 562-2 소화전,국민신문고,2023-12-01,,,
2023,수원시,팔달구청,2023-09-04 7:03,화서1동 푸르지오자이 북문 CU 앞 횡단보도,고정형,2023-12-01,,,
2023,수원시,팔달구청,2023-09-04 7:32,인계동 드림캐슬주상복합,고정형,2023-12-01,,,
2023,수원시,팔달구청,2023-09-04 7:32,인계동 드림캐슬주상복합,고정형,2023-12-01,,,
2023,수원시,팔달구청,2023-09-04 7:32,매산동 팅스몰 주차장 출구 옆,고정형,2023-12-01,,,
2023,수원시,팔달구청,2023-09-04 7:34,인계동 드림캐슬주상복합,고정형,2023-12-01,,,
2023,수원시,팔달구청,2023-09-04 7:35,인계동 경인통계청,고정형,2023-12-01,,,
2023,수원시,팔달구청,2023-09-04 7:35,인계동 경인통계청,고정형,2023-12-01,,,
2023,수원시,팔달구청,2023-09-04 7:52,화서1동 푸르지오자이 북문 CU 앞 횡단보도,고정형,2023-12-01,,,
2023,수원시,권선구청,2023-09-04 8:03,곡반정동 궁촌육교앞,고정형,2023-12-01,,,
2023,수원시,권선구청,2023-09-04 8:05,곡반정동 하나로마트한국빌딩앞,고정형,2023-12-01,,,
2023,수원시,권선구청,2023-09-04 8:07,세류3동 신곡초교 후문 좌측 사거리,고정형,2023-12-01,,,
2023,수원시,권선구청,2023-09-04 8:09,서둔동 가온팰리스옆2,고정형,2023-12-01,,,
2023,수원시,권선구청,2023-09-04 8:09,서둔동 가온팰리스옆2,고정형,2023-12-01,,,
2023,수원시,영통구청,2023-09-04 8:14,광교동 광교더사랑교회뒷길,고정형,2023-12-01,,,
2023,수원시,권선구청,2023-09-04 8:15,권선2동 곡정초교 정문 좌측 사거리,고정형,2023-12-01,,,
2023,수원시,팔달구청,2023-09-04 8:19,북수동 쌈지공원 앞,고정형,2023-12-01,,,
2023,수원시,권선구청,2023-09-04 8:21,서둔동 가온팰리스옆2,고정형,2023-12-01,,,
2023,수원시,권선구청,2023-09-04 9:40,세류3동 신곡초교 후문 좌측 사거리,고정형,2023-12-01,,,
2023,수원시,권선구청,2023-09-04 9:49,곡반정동 1337-9 인도,국민신문고,2023-12-01,,,
2023,수원시,권선구청,2023-09-04 9:51,서둔동 가온팰리스옆2,고정형,2023-12-01,,,
2023,수원시,팔달구청,2023-09-04 10:15,남수동 남수동 정조로796번길,주행형,2023-12-01,,,
2023,수원시,팔달구청,2023-09-04 10:16,영동 영동 수원천로275,주행형,2023-12-01,,,
2023,수원시,팔달구청,2023-09-04 10:16,영동 영동 수원천로275,주행형,2023-12-01,,,
2023,수원시,팔달구청,2023-09-04 10:16,영동 영동 수원천로275,주행형,2023-12-01,,,
2023,수원시,팔달구청,2023-09-04 10:16,팔달로2가 팔달로2가 정조로796번길,주행형,2023-12-01,,,
2023,수원시,팔달구청,2023-09-04 10:16,남수동 남수동 수원천로281,주행형,2023-12-01,,,
2023,수원시,팔달구청,2023-09-04 10:17,지동 지동 수원천로255번길 6,주행형,2023-12-01,,,
2023,수원시,팔달구청,2023-09-04 10:17,지동 지동 수원천로255번길 6,주행형,2023-12-01,,,
2023,수원시,팔달구청,2023-09-04 10:17,지동 지동 수원천로255번길 6,주행형,2023-12-01,,,
