집계년도,시군명,관리기관명,단속일시정보,단속장소,단속방법,데이터기준일자,위도,경도,행정동
2023,수원시,팔달구청,2023-03-22 10:27,인계동 드림캐슬주상복합,고정형,2023-12-01,,,
2023,수원시,영통구청,2023-03-22 10:30,망포동 영통로27번길,주행형,2023-12-01,,,
2023,수원시,영통구청,2023-03-22 10:30,망포동 영통로27번길,주행형,2023-12-01,,,
2023,수원시,영통구청,2023-03-22 10:30,망포동 영통로27번길,주행형,2023-12-01,,,
2023,수원시,영통구청,2023-03-22 10:30,망포동 영통로27번길,주행형,2023-12-01,,,
2023,수원시,팔달구청,2023-03-22 10:41,장안동 장안동 화서문로17번길,주행형,2023-12-01,,,
2023,수원시,팔달구청,2023-03-22 10:41,장안동 장안동 화서문로17번길,주행형,2023-12-01,,,
2023,수원시,팔달구청,2023-03-22 10:41,장안동 장안동 화서문로17번길,주행형,2023-12-01,,,
2023,수원시,영통구청,2023-03-22 10:56,망포동 힐스테이트 119동 ~방죽공원 삼거리,고정형,2023-12-01,,,
2023,수원시,팔달구청,2023-03-22 12:21,행궁동 팔달문 버스정류장,고정형,2023-12-01,,,
2023,수원시,권선구청,2023-03-22 12:32,금곡동 가온초교 정문 우측 사거리,고정형,2023-12-01,,,
2023,수원시,영통구청,2023-03-22 13:16,이의동 광교가재울마을사거리,고정형,2023-12-01,,,
2023,수원시,영통구청,2023-03-22 13:41,광교동 광교웰빙타운한양수자인,고정형,2023-12-01,,,
2023,수원시,팔달구청,2023-03-22 14:17,장안동 장안동 화서문로17번길,주행형,2023-12-01,,,
2023,수원시,팔달구청,2023-03-22 14:17,장안동 장안동 화서문로17번길,주행형,2023-12-01,,,
2023,수원시,팔달구청,2023-03-22 14:17,장안동 장안동 화서문로17번길,주행형,2023-12-01,,,
2023,수원시,팔달구청,2023-03-22 14:17,장안동 장안동 화서문로17번길,주행형,2023-12-01,,,
2023,수원시,팔달구청,2023-03-22 14:23,영동 영동 팔달문로275,주행형,2023-12-01,,,
2023,수원시,팔달구청,2023-03-22 14:23,영동 영동 수원천로275,주행형,2023-12-01,,,
2023,수원시,팔달구청,2023-03-22 14:33,중동 수원교회,고정형,2023-12-01,,,
2023,수원시,팔달구청,2023-03-22 14:35,매산동 팅스몰 주차장 출구 옆,고정형,2023-12-01,,,
2023,수원시,권선구청,2023-03-22 14:36,평동 고현초교 정문 좌측 삼거리,고정형,2023-12-01,,,
2023,수원시,영통구청,2023-03-22 14:50,망포동 E-마트 에브리데이 앞,고정형,2023-12-01,37.2361017468141,127.060345496536,
2023,수원시,권선구청,2023-03-22 14:55,세류3동 신곡초교 후문 좌측 사거리,고정형,2023-12-01,,,
2023,수원시,권선구청,2023-03-22 15:02,금곡동 수원문산고속도로,주행형,2023-12-01,,,
2023,수원시,팔달구청,2023-03-22 15:06,인계동 한국씨티은행,고정형,2023-12-01,,,
2023,수원시,권선구청,2023-03-22 15:09,호매실동 금호프라자 대각 맞은편,고정형,2023-12-01,,,
2023,수원시,팔달구청,2023-03-22 15:11,화서1동 수원역푸르지오자이 북문 우측,고정형,2023-12-01,,,
2023,수원시,팔달구청,2023-03-22 15:14,매산동 팅스몰 주차장 출구 옆,고정형,2023-12-01,,,
2023,수원시,팔달구청,2023-03-22 15:15,인계동 경인통계청,고정형,2023-12-01,,,
2023,수원시,팔달구청,2023-03-22 15:23,경기도수원시팔달구매교동 수원시 팔달구 고화로39번길 13,보행,2023-12-01,,,
2023,수원시,팔달구청,2023-03-22 15:33,매산동 팅스몰 주차장 출구 옆,고정형,2023-12-01,,,
2023,수원시,팔달구청,2023-03-22 15:41,인계동 드림캐슬주상복합,고정형,2023-12-01,,,
2023,수원시,영통구청,2023-03-22 15:43,이의동 광교가재울마을사거리,고정형,2023-12-01,,,
2023,수원시,영통구청,2023-03-22 15:47,광교동 광교이의119안전센터,고정형,2023-12-01,,,
2023,수원시,영통구청,2023-03-22 15:47,광교동 광교이의119안전센터,고정형,2023-12-01,,,
2023,수원시,팔달구청,2023-03-22 16:44,인계동 경인통계청,고정형,2023-12-01,,,
2023,수원시,팔달구청,2023-03-22 16:45,인계동 드림캐슬주상복합,고정형,2023-12-01,,,
2023,수원시,권선구청,2023-03-22 16:47,권선동 권선동 한라비발디앞 놀이터,고정형,2023-12-01,,,
2023,수원시,영통구청,2023-03-22 16:47,광교동 광교이의119안전센터,고정형,2023-12-01,,,
2023,수원시,팔달구청,2023-03-22 17:06,인계동 한국씨티은행,고정형,2023-12-01,,,
2023,수원시,팔달구청,2023-03-22 17:10,매산동 팅스몰 주차장 출구 옆,고정형,2023-12-01,,,
2023,수원시,팔달구청,2023-03-22 17:18,인계동 드림캐슬주상복합,고정형,2023-12-01,,,
2023,수원시,팔달구청,2023-03-22 17:24,화서1동 푸르지오자이 북문 CU 앞 횡단보도,고정형,2023-12-01,,,
2023,수원시,영통구청,2023-03-22 17:28,이의동 드림스퀘어Ⅱ 앞,고정형,2023-12-01,,,
2023,수원시,팔달구청,2023-03-22 17:29,매산동 팅스몰 주차장 출구 옆,고정형,2023-12-01,,,
2023,수원시,팔달구청,2023-03-22 17:29,매산동 팅스몰 주차장 출구 옆,고정형,2023-12-01,,,
2023,수원시,팔달구청,2023-03-22 17:32,인계동 드림캐슬주상복합,고정형,2023-12-01,,,
2023,수원시,팔달구청,2023-03-22 17:32,인계동 드림캐슬주상복합,고정형,2023-12-01,,,
2023,수원시,팔달구청,2023-03-22 17:47,인계동 경인통계청,고정형,2023-12-01,,,
2023,수원시,팔달구청,2023-03-22 18:43,화서1동 수원역푸르지오자이 북문 우측,고정형,2023-12-01,,,
2023,수원시,영통구청,2023-03-22 18:51,원천동 광교매원초등학교,고정형,2023-12-01,,,
2023,수원시,팔달구청,2023-03-22 19:05,인계동 드림캐슬주상복합,고정형,2023-12-01,,,
2023,수원시,팔달구청,2023-03-22 19:21,매산동 팅스몰 주차장 출구 옆,고정형,2023-12-01,,,
2023,수원시,영통구청,2023-03-22 19:24,영통구 원천동 산59-10,국민신문고,2023-12-01,,,
2023,수원시,권선구청,2023-03-22 20:07,곡반정동 562-2,국민신문고,2023-12-01,,,
2023,수원시,팔달구청,2023-03-22 20:14,매산동 팅스몰 주차장 출구 옆,고정형,2023-12-01,,,
2023,수원시,팔달구청,2023-03-22 20:26,인계동 드림캐슬주상복합,고정형,2023-12-01,,,
2023,수원시,팔달구청,2023-03-22 20:26,인계동 드림캐슬주상복합,고정형,2023-12-01,,,
2023,수원시,팔달구청,2023-03-22 20:26,인계동 드림캐슬주상복합,고정형,2023-12-01,,,
2023,수원시,팔달구청,2023-03-22 20:28,매교동 매교동 287-110 횡단보도,국민신문고,2023-12-01,,,
2023,수원시,팔달구청,2023-03-22 20:31,인계동 드림캐슬주상복합,고정형,2023-12-01,,,
2023,수원시,팔달구청,2023-03-22 20:45,인계동 드림캐슬주상복합,고정형,2023-12-01,,,
2023,수원시,권선구청,2023-03-23 1:03,오목천동 527-5,국민신문고,2023-12-01,,,
2023,수원시,팔달구청,2023-03-23 7:33,매산동 팅스몰 주차장 출구 옆,고정형,2023-12-01,,,
2023,수원시,팔달구청,2023-03-23 7:34,인계동 경인통계청,고정형,2023-12-01,,,
2023,수원시,팔달구청,2023-03-23 7:35,인계동 드림캐슬주상복합,고정형,2023-12-01,,,
2023,수원시,팔달구청,2023-03-23 7:35,인계동 경인통계청,고정형,2023-12-01,,,
2023,수원시,팔달구청,2023-03-23 7:37,매산동 팅스몰 주차장 출구 옆,고정형,2023-12-01,,,
2023,수원시,권선구청,2023-03-23 8:02,곡반정동 하나로마트한국빌딩앞,고정형,2023-12-01,,,
2023,수원시,권선구청,2023-03-23 8:02,서둔동 가온팰리스옆1,고정형,2023-12-01,,,
2023,수원시,권선구청,2023-03-23 8:05,권선2동 곡정초교 정문 좌측 사거리,고정형,2023-12-01,,,
2023,수원시,권선구청,2023-03-23 8:05,곡반정동 하나로마트한국빌딩앞,고정형,2023-12-01,,,
2023,수원시,권선구청,2023-03-23 8:17,곡반정동 하나로마트한국빌딩앞,고정형,2023-12-01,,,
2023,수원시,영통구청,2023-03-23 8:18,이의동 드림스퀘어Ⅱ 앞,고정형,2023-12-01,,,
2023,수원시,영통구청,2023-03-23 8:27,경기도수원시영통구원천동 수원시 영통구 원천동 547,보행,2023-12-01,,,
2023,수원시,권선구청,2023-03-23 8:33,곡반정동 하나로마트한국빌딩앞,고정형,2023-12-01,,,
2023,수원시,권선구청,2023-03-23 8:35,서둔동 수원역한라비발디퍼스트 앞1,고정형,2023-12-01,,,
2023,수원시,팔달구청,2023-03-23 8:38,인계동 드림캐슬주상복합,고정형,2023-12-01,,,
2023,수원시,팔달구청,2023-03-23 8:38,경기도수원시팔달구인계동 수원시 팔달구 인계동 940-8,보행,2023-12-01,,,
2023,수원시,권선구청,2023-03-23 8:45,곡선동 휴먼푸드 인근,고정형,2023-12-01,,,
2023,수원시,권선구청,2023-03-23 8:58,세류3동 신곡초교 후문 좌측 사거리,고정형,2023-12-01,,,
2023,수원시,권선구청,2023-03-23 9:07,권선2동 곡정초교 정문 좌측 사거리,고정형,2023-12-01,,,
2023,수원시,권선구청,2023-03-23 9:08,곡선동 휴먼푸드 인근,고정형,2023-12-01,,,
2023,수원시,권선구청,2023-03-23 9:36,서둔동 수원역한라비발디퍼스트 앞1,고정형,2023-12-01,,,
2023,수원시,팔달구청,2023-03-23 9:50,고등동 수원초등학교 정문 좌측 사거리,고정형,2023-12-01,,,
2023,수원시,권선구청,2023-03-23 10:03,곡선동 휴먼푸드 인근,고정형,2023-12-01,,,
2023,수원시,권선구청,2023-03-23 10:05,서둔동 가온팰리스옆2,고정형,2023-12-01,,,
2023,수원시,권선구청,2023-03-23 10:05,서둔동 가온팰리스옆2,고정형,2023-12-01,,,
2023,수원시,영통구청,2023-03-23 10:10,망포동 망포동 80-15,주행형,2023-12-01,,,
2023,수원시,영통구청,2023-03-23 10:10,망포동 망포동 80-15,주행형,2023-12-01,,,
2023,수원시,영통구청,2023-03-23 10:10,망포동 망포동 40-234,주행형,2023-12-01,,,
2023,수원시,영통구청,2023-03-23 10:10,망포동 망포동 123-19,주행형,2023-12-01,,,
2023,수원시,영통구청,2023-03-23 10:10,망포동 망포동 123-19,주행형,2023-12-01,,,
2023,수원시,영통구청,2023-03-23 10:10,망포동 망포동 123-19,주행형,2023-12-01,,,
2023,수원시,영통구청,2023-03-23 10:10,반정동 반정동 621-82,주행형,2023-12-01,,,
2023,수원시,팔달구청,2023-03-23 10:12,행궁동 팔달문 버스정류장,고정형,2023-12-01,,,
2023,수원시,권선구청,2023-03-23 10:13,곡선동 휴먼푸드 인근,고정형,2023-12-01,,,
2023,수원시,팔달구청,2023-03-23 10:25,지동 지동 팔달문로32번길,주행형,2023-12-01,,,
2023,수원시,팔달구청,2023-03-23 10:25,지동 지동 팔달문로32번길,주행형,2023-12-01,,,
2023,수원시,팔달구청,2023-03-23 10:36,장안동 장안동 화서문로17번길,주행형,2023-12-01,,,
2023,수원시,팔달구청,2023-03-23 10:56,북수동 북수동 창룡대로41번길,주행형,2023-12-01,,,
2023,수원시,팔달구청,2023-03-23 10:56,북수동 북수동 창룡대로41번길,주행형,2023-12-01,,,
2023,수원시,팔달구청,2023-03-23 11:02,북수동 북수동 수원천로 372,주행형,2023-12-01,,,
2023,수원시,팔달구청,2023-03-23 11:02,북수동 북수동 수원천로 372,주행형,2023-12-01,,,
2023,수원시,팔달구청,2023-03-23 11:02,북수동 북수동 수원천로 372,주행형,2023-12-01,,,
2023,수원시,영통구청,2023-03-23 12:13,광교동 광교 덴티움지식산업센터 앞 사거리,고정형,2023-12-01,,,
2023,수원시,권선구청,2023-03-23 12:30,입북동 당수초교 정문 우측 사거리,고정형,2023-12-01,,,
2023,수원시,권선구청,2023-03-23 12:37,평동 오현초교 정문 우측 사거리,고정형,2023-12-01,,,
2023,수원시,팔달구청,2023-03-23 12:57,화서1동 푸르지오자이 북문 CU 앞 횡단보도,고정형,2023-12-01,,,
2023,수원시,권선구청,2023-03-23 13:38,곡선동 휴먼푸드 인근,고정형,2023-12-01,,,
2023,수원시,권선구청,2023-03-23 13:38,곡선동 휴먼푸드 인근,고정형,2023-12-01,,,
2023,수원시,권선구청,2023-03-23 14:07,곡선동 휴먼푸드 인근,고정형,2023-12-01,,,
2023,수원시,권선구청,2023-03-23 14:07,곡선동 휴먼푸드 인근,고정형,2023-12-01,,,
2023,수원시,팔달구청,2023-03-23 14:30,경기도수원시팔달구화서동 수원시 팔달구 정조로715번길 18,보행,2023-12-01,,,
2023,수원시,권선구청,2023-03-23 14:32,서둔동 수원역한라비발디퍼스트 앞1,고정형,2023-12-01,,,
2023,수원시,권선구청,2023-03-23 14:34,서둔동 가온팰리스옆2,고정형,2023-12-01,,,
2023,수원시,팔달구청,2023-03-23 14:44,인계동 경인통계청,고정형,2023-12-01,,,
2023,수원시,영통구청,2023-03-23 14:46,이의동 드림스퀘어Ⅱ 앞,고정형,2023-12-01,,,
2023,수원시,권선구청,2023-03-23 14:59,금곡동 가온초교 정문 우측 사거리,고정형,2023-12-01,,,
2023,수원시,권선구청,2023-03-23 15:01,평동 고현초교 정문 좌측 삼거리,고정형,2023-12-01,,,
2023,수원시,팔달구청,2023-03-23 15:03,인계동 경인통계청,고정형,2023-12-01,,,
2023,수원시,영통구청,2023-03-23 15:10,영통동 롯데마트 뒤,고정형,2023-12-01,37.27220279535416,127.10856729001851,
2023,수원시,팔달구청,2023-03-23 15:12,매산동 팅스몰 주차장 출구 옆,고정형,2023-12-01,,,
2023,수원시,영통구청,2023-03-23 15:35,영통동 마사회뒷길,고정형,2023-12-01,,,
2023,수원시,팔달구청,2023-03-23 15:35,경기도수원시팔달구고등동 수원시 팔달구 매산로1가 21-1,보행,2023-12-01,,,
2023,수원시,팔달구청,2023-03-23 15:35,경기도수원시팔달구고등동 수원시 팔달구 매산로1가 21-1,보행,2023-12-01,,,
2023,수원시,팔달구청,2023-03-23 15:35,경기도수원시팔달구고등동 수원시 팔달구 매산로1가 21-1,보행,2023-12-01,,,
2023,수원시,팔달구청,2023-03-23 15:36,경기도수원시팔달구고등동 수원시 팔달구 매산로1가 21-1,보행,2023-12-01,,,
2023,수원시,영통구청,2023-03-23 16:03,원천동 삼성전자중문,고정형,2023-12-01,,,
2023,수원시,팔달구청,2023-03-23 16:43,행궁동 화홍사랑채,고정형,2023-12-01,,,
2023,수원시,팔달구청,2023-03-23 16:46,인계동 경인통계청,고정형,2023-12-01,,,
2023,수원시,팔달구청,2023-03-23 16:56,인계동 경인통계청,고정형,2023-12-01,,,
2023,수원시,팔달구청,2023-03-23 17:08,인계동 한국씨티은행,고정형,2023-12-01,,,
2023,수원시,영통구청,2023-03-23 17:22,광교동 광교더사랑교회뒷길,고정형,2023-12-01,,,
2023,수원시,팔달구청,2023-03-23 17:38,인계동 경인통계청,고정형,2023-12-01,,,
2023,수원시,팔달구청,2023-03-23 17:38,인계동 경인통계청,고정형,2023-12-01,,,
2023,수원시,팔달구청,2023-03-23 17:53,매산동 팅스몰 주차장 출구 옆,고정형,2023-12-01,,,
2023,수원시,팔달구청,2023-03-23 17:57,고등동 수원초등학교 정문 좌측 사거리,고정형,2023-12-01,,,
2023,수원시,팔달구청,2023-03-23 18:07,인계동 드림캐슬주상복합,고정형,2023-12-01,,,
2023,수원시,팔달구청,2023-03-23 18:07,인계동 드림캐슬주상복합,고정형,2023-12-01,,,
2023,수원시,영통구청,2023-03-23 18:21,원천동 삼성전자중문,고정형,2023-12-01,,,
2023,수원시,팔달구청,2023-03-23 19:50,매산동 팅스몰 주차장 출구 옆,고정형,2023-12-01,,,
2023,수원시,팔달구청,2023-03-23 19:54,매산동 팅스몰 주차장 출구 옆,고정형,2023-12-01,,,
2023,수원시,팔달구청,2023-03-23 20:17,매산동 팅스몰 주차장 출구 옆,고정형,2023-12-01,,,
2023,수원시,팔달구청,2023-03-23 20:34,인계동 드림캐슬주상복합,고정형,2023-12-01,,,
2023,수원시,영통구청,2023-03-23 20:36,원천동 광교매원초등학교,고정형,2023-12-01,,,
2023,수원시,영통구청,2023-03-23 20:36,원천동 광교매원초등학교,고정형,2023-12-01,,,
2023,수원시,영통구청,2023-03-24 7:09,망포동 힐스테이트 119동 ~방죽공원 삼거리,고정형,2023-12-01,,,
2023,수원시,팔달구청,2023-03-24 7:35,인계동 드림캐슬주상복합,고정형,2023-12-01,,,
2023,수원시,팔달구청,2023-03-24 7:46,인계동 경인통계청,고정형,2023-12-01,,,
2023,수원시,팔달구청,2023-03-24 7:48,인계동 경인통계청,고정형,2023-12-01,,,
2023,수원시,영통구청,2023-03-24 8:00,영통동 마사회뒷길,고정형,2023-12-01,,,
2023,수원시,권선구청,2023-03-24 8:02,서둔동 가온팰리스옆2,고정형,2023-12-01,,,
2023,수원시,권선구청,2023-03-24 8:02,곡반정동 하나로마트한국빌딩앞,고정형,2023-12-01,,,
2023,수원시,권선구청,2023-03-24 8:05,세류3동 신곡초교 후문 좌측 사거리,고정형,2023-12-01,,,
2023,수원시,권선구청,2023-03-24 8:06,서둔동 가온팰리스옆1,고정형,2023-12-01,,,
2023,수원시,권선구청,2023-03-24 8:06,서둔동 가온팰리스옆1,고정형,2023-12-01,,,
2023,수원시,권선구청,2023-03-24 8:06,세류3동 신곡초교 후문 좌측 사거리,고정형,2023-12-01,,,
2023,수원시,권선구청,2023-03-24 8:07,세류3동 신곡초교 후문 좌측 사거리,고정형,2023-12-01,,,
2023,수원시,권선구청,2023-03-24 8:18,권선2동 곡정초교 정문 좌측 사거리,고정형,2023-12-01,,,
2023,수원시,팔달구청,2023-03-24 8:27,인계동 드림캐슬주상복합,고정형,2023-12-01,,,
2023,수원시,영통구청,2023-03-24 8:30,광교동 광교 덴티움지식산업센터 앞 사거리,고정형,2023-12-01,,,
2023,수원시,권선구청,2023-03-24 8:41,곡반정동 하나로마트한국빌딩앞,고정형,2023-12-01,,,
2023,수원시,팔달구청,2023-03-24 8:47,인계동 드림캐슬주상복합,고정형,2023-12-01,,,
2023,수원시,권선구청,2023-03-24 8:53,세류3동 신곡초교 후문 좌측 사거리,고정형,2023-12-01,,,
2023,수원시,권선구청,2023-03-24 9:17,서둔동 가온팰리스옆2,고정형,2023-12-01,,,
2023,수원시,권선구청,2023-03-24 9:19,서둔동 가온팰리스옆1,고정형,2023-12-01,,,
2023,수원시,권선구청,2023-03-24 9:19,서둔동 가온팰리스옆1,고정형,2023-12-01,,,
2023,수원시,권선구청,2023-03-24 9:21,곡반정동 하나로마트한국빌딩앞,고정형,2023-12-01,,,
2023,수원시,권선구청,2023-03-24 9:38,평동 수원역고가밑 정류장,고정형,2023-12-01,,,
2023,수원시,영통구청,2023-03-24 9:45,영통동 롯데마트 뒤,고정형,2023-12-01,37.27220279535416,127.10856729001851,
2023,수원시,권선구청,2023-03-24 10:02,평동 고현초교 정문 좌측 삼거리,고정형,2023-12-01,,,
2023,수원시,팔달구청,2023-03-24 10:07,인계동 드림캐슬주상복합,고정형,2023-12-01,,,
2023,수원시,팔달구청,2023-03-24 10:30,매산동 팅스몰 주차장 출구 옆,고정형,2023-12-01,,,
2023,수원시,권선구청,2023-03-24 10:31,평동 수원역고가밑 정류장,고정형,2023-12-01,,,
2023,수원시,팔달구청,2023-03-24 10:38,신풍동 신풍동 화서문로 30,주행형,2023-12-01,,,
2023,수원시,팔달구청,2023-03-24 10:39,장안동 장안동 화서문로17번길,주행형,2023-12-01,,,
2023,수원시,팔달구청,2023-03-24 10:40,장안동 장안동 화서문로17번길,주행형,2023-12-01,,,
2023,수원시,권선구청,2023-03-24 10:46,곡선동 휴먼푸드 인근,고정형,2023-12-01,,,
2023,수원시,팔달구청,2023-03-24 11:41,행궁동 팔달문 버스정류장,고정형,2023-12-01,,,
2023,수원시,팔달구청,2023-03-24 11:42,고등동 수원초등학교 정문 좌측 사거리,고정형,2023-12-01,,,
2023,수원시,팔달구청,2023-03-24 11:55,매산동 역전농협,고정형,2023-12-01,,,
2023,수원시,권선구청,2023-03-24 13:04,권선동 NC터미널점 버스정류장 앞,고정형,2023-12-01,,,
2023,수원시,권선구청,2023-03-24 13:26,평동 오현초교 정문 우측 사거리,고정형,2023-12-01,,,
2023,수원시,영통구청,2023-03-24 14:01,영통동 롯데마트 뒤,고정형,2023-12-01,37.27220279535416,127.10856729001851,
2023,수원시,팔달구청,2023-03-24 14:02,교동 수원향교 앞 팔달보건소 뒤,고정형,2023-12-01,,,
2023,수원시,팔달구청,2023-03-24 14:16,남수동 남수동 정조로800번길,주행형,2023-12-01,,,
2023,수원시,팔달구청,2023-03-24 14:18,남수동 남수동 정조로800번길,주행형,2023-12-01,,,
2023,수원시,팔달구청,2023-03-24 14:18,남수동 남수동 정조로800번길,주행형,2023-12-01,,,
2023,수원시,팔달구청,2023-03-24 14:19,영동 영동 팔달문로275,주행형,2023-12-01,,,
2023,수원시,팔달구청,2023-03-24 14:19,영동 영동 수원천로275,주행형,2023-12-01,,,
2023,수원시,팔달구청,2023-03-24 14:19,영동 영동 수원천로275,주행형,2023-12-01,,,
2023,수원시,팔달구청,2023-03-24 14:27,구천동 구천동 수원천로232-2,주행형,2023-12-01,,,
2023,수원시,팔달구청,2023-03-24 14:27,구천동 구천동 수원천로232-2,주행형,2023-12-01,,,
2023,수원시,권선구청,2023-03-24 14:34,평동 고현초교 정문 좌측 삼거리,고정형,2023-12-01,,,
2023,수원시,권선구청,2023-03-24 14:34,곡반정동 하나로마트한국빌딩앞,고정형,2023-12-01,,,
2023,수원시,권선구청,2023-03-24 14:36,평동 오현초교 정문 우측 사거리,고정형,2023-12-01,,,
2023,수원시,팔달구청,2023-03-24 14:36,인계동 경인통계청,고정형,2023-12-01,,,
2023,수원시,권선구청,2023-03-24 14:36,서둔동 가온팰리스옆2,고정형,2023-12-01,,,
2023,수원시,팔달구청,2023-03-24 14:39,인계동 한국씨티은행,고정형,2023-12-01,,,
2023,수원시,팔달구청,2023-03-24 14:41,신풍동 미술관로터리,고정형,2023-12-01,,,
2023,수원시,영통구청,2023-03-24 14:48,이의동 드림스퀘어Ⅱ 앞,고정형,2023-12-01,,,
2023,수원시,권선구청,2023-03-24 14:50,곡반정동 하나로마트한국빌딩앞,고정형,2023-12-01,,,
2023,수원시,팔달구청,2023-03-24 14:56,인계동 경인통계청,고정형,2023-12-01,,,
2023,수원시,권선구청,2023-03-24 15:02,서둔동 가온팰리스옆1,고정형,2023-12-01,,,
2023,수원시,권선구청,2023-03-24 15:03,서둔동 가온팰리스옆2,고정형,2023-12-01,,,
2023,수원시,권선구청,2023-03-24 15:16,서둔동 가온팰리스옆1,고정형,2023-12-01,,,
2023,수원시,영통구청,2023-03-24 15:31,망포동 E-마트 에브리데이 앞,고정형,2023-12-01,37.2361017468141,127.060345496536,
2023,수원시,권선구청,2023-03-24 15:44,고색동 도이치 고객주차장 출입구,고정형,2023-12-01,,,
2023,수원시,권선구청,2023-03-24 16:04,평동 SK모터스 고가 옆,고정형,2023-12-01,,,
2023,수원시,권선구청,2023-03-24 16:11,세류3동 신곡초교 후문 좌측 사거리,고정형,2023-12-01,,,
2023,수원시,팔달구청,2023-03-24 16:27,매산동 팅스몰 주차장 출구 옆,고정형,2023-12-01,,,
2023,수원시,팔달구청,2023-03-24 16:29,매교동 매교동 287-110 소화전,국민신문고,2023-12-01,,,
2023,수원시,권선구청,2023-03-24 16:32,곡선동 휴먼푸드 인근,고정형,2023-12-01,,,
2023,수원시,팔달구청,2023-03-24 16:40,매교동 매교동 287-486 횡단보도,국민신문고,2023-12-01,,,
2023,수원시,팔달구청,2023-03-24 17:00,화서1동 푸르지오자이 북문 CU 앞 횡단보도,고정형,2023-12-01,,,
2023,수원시,권선구청,2023-03-24 17:26,평동 수원역고가밑 (애경뒷길),고정형,2023-12-01,,,
2023,수원시,권선구청,2023-03-24 17:31,평동 오목초교 정문 우측 삼거리,고정형,2023-12-01,,,
2023,수원시,권선구청,2023-03-24 17:37,서둔동 가온팰리스옆2,고정형,2023-12-01,,,
2023,수원시,팔달구청,2023-03-24 18:38,인계동 드림캐슬주상복합,고정형,2023-12-01,,,
2023,수원시,팔달구청,2023-03-24 18:44,인계동 드림캐슬주상복합,고정형,2023-12-01,,,
2023,수원시,장안구청,2023-03-24 19:21,송죽동 조원동 639-39,국민신문고,2023-12-01,,,
2023,수원시,팔달구청,2023-03-24 19:30,매산동 팅스몰 주차장 출구 옆,고정형,2023-12-01,,,
2023,수원시,팔달구청,2023-03-24 19:31,매산동 팅스몰 주차장 출구 옆,고정형,2023-12-01,,,
2023,수원시,영통구청,2023-03-24 19:53,광교동 광교이의119안전센터,고정형,2023-12-01,,,
2023,수원시,팔달구청,2023-03-24 19:58,매향동 수원시 팔달구 인계동 1100,보행,2023-12-01,,,
2023,수원시,팔달구청,2023-03-24 20:04,매산동 팅스몰 주차장 출구 옆,고정형,2023-12-01,,,
2023,수원시,팔달구청,2023-03-24 20:36,인계동 드림캐슬주상복합,고정형,2023-12-01,,,
2023,수원시,팔달구청,2023-03-24 20:45,매산동 역전농협,고정형,2023-12-01,,,
2023,수원시,팔달구청,2023-03-24 20:45,매산동 역전농협,고정형,2023-12-01,,,
2023,수원시,권선구청,2023-03-24 20:46,곡반정동 562-2,국민신문고,2023-12-01,,,
2023,수원시,권선구청,2023-03-24 20:46,곡반정동 562-2,국민신문고,2023-12-01,,,
2023,수원시,권선구청,2023-03-24 20:46,곡반정동 562-2,국민신문고,2023-12-01,,,
2023,수원시,권선구청,2023-03-24 21:09,곡반정동 562-2,국민신문고,2023-12-01,,,
2023,수원시,팔달구청,2023-03-24 21:10,인계동 드림캐슬주상복합,고정형,2023-12-01,,,
2023,수원시,팔달구청,2023-03-24 21:10,인계동 드림캐슬주상복합,고정형,2023-12-01,,,
2023,수원시,팔달구청,2023-03-24 21:16,매산동 역전농협,고정형,2023-12-01,,,
2023,수원시,권선구청,2023-03-25 9:02,곡선동 휴먼푸드 인근,고정형,2023-12-01,,,
2023,수원시,팔달구청,2023-03-25 9:02,인계동 한국씨티은행,고정형,2023-12-01,,,
2023,수원시,권선구청,2023-03-25 9:03,곡반정동 궁촌육교앞,고정형,2023-12-01,,,
2023,수원시,권선구청,2023-03-25 9:03,곡반정동 하나로마트한국빌딩앞,고정형,2023-12-01,,,
2023,수원시,권선구청,2023-03-25 9:03,서둔동 가온팰리스옆2,고정형,2023-12-01,,,
2023,수원시,팔달구청,2023-03-25 9:03,인계동 드림캐슬주상복합,고정형,2023-12-01,,,
2023,수원시,팔달구청,2023-03-25 9:03,인계동 드림캐슬주상복합,고정형,2023-12-01,,,
2023,수원시,팔달구청,2023-03-25 9:04,매산동 팅스몰 주차장 출구 옆,고정형,2023-12-01,,,
2023,수원시,권선구청,2023-03-25 9:04,서둔동 가온팰리스옆1,고정형,2023-12-01,,,
2023,수원시,권선구청,2023-03-25 9:04,서둔동 가온팰리스옆2,고정형,2023-12-01,,,
2023,수원시,권선구청,2023-03-25 9:05,고색동 도이치 고객주차장 출입구,고정형,2023-12-01,,,
2023,수원시,팔달구청,2023-03-25 9:05,인계동 드림캐슬주상복합,고정형,2023-12-01,,,
2023,수원시,팔달구청,2023-03-25 9:05,매산동 팅스몰 주차장 출구 옆,고정형,2023-12-01,,,
2023,수원시,팔달구청,2023-03-25 9:06,인계동 드림캐슬주상복합,고정형,2023-12-01,,,
2023,수원시,권선구청,2023-03-25 9:06,평동 수원역고가밑 정류장,고정형,2023-12-01,,,
2023,수원시,팔달구청,2023-03-25 9:07,인계동 경인통계청,고정형,2023-12-01,,,
2023,수원시,권선구청,2023-03-25 9:08,서둔동 가온팰리스옆2,고정형,2023-12-01,,,
2023,수원시,권선구청,2023-03-25 9:19,서둔동 수원역한라비발디퍼스트 앞1,고정형,2023-12-01,,,
2023,수원시,권선구청,2023-03-25 9:21,고색동 도이치 고객주차장 출입구,고정형,2023-12-01,,,
2023,수원시,권선구청,2023-03-25 9:26,세류동 1155-9,국민신문고,2023-12-01,37.2444640640304,127.017184160138,
2023,수원시,팔달구청,2023-03-25 9:33,인계동 드림캐슬주상복합,고정형,2023-12-01,,,
2023,수원시,권선구청,2023-03-25 9:41,고색동 도이치 고객주차장 출입구,고정형,2023-12-01,,,
2023,수원시,권선구청,2023-03-25 9:42,곡반정동 하나로마트한국빌딩앞,고정형,2023-12-01,,,
2023,수원시,권선구청,2023-03-25 9:43,서둔동 가온팰리스옆2,고정형,2023-12-01,,,
2023,수원시,권선구청,2023-03-25 9:43,서둔동 가온팰리스옆2,고정형,2023-12-01,,,
2023,수원시,팔달구청,2023-03-25 9:55,인계동 드림캐슬주상복합,고정형,2023-12-01,,,
2023,수원시,팔달구청,2023-03-25 9:56,인계동 경인통계청,고정형,2023-12-01,,,
2023,수원시,영통구청,2023-03-25 10:03,원천동 광교매원초등학교,고정형,2023-12-01,,,
2023,수원시,팔달구청,2023-03-25 10:04,인계동 경인통계청,고정형,2023-12-01,,,
2023,수원시,권선구청,2023-03-25 10:06,서둔동 롯데몰 육교건너,고정형,2023-12-01,,,
2023,수원시,권선구청,2023-03-25 10:22,권선동 권선동 한라비발디앞 놀이터,고정형,2023-12-01,,,
2023,수원시,팔달구청,2023-03-25 10:35,매산동 팅스몰 주차장 출구 옆,고정형,2023-12-01,,,
2023,수원시,팔달구청,2023-03-25 10:40,매산동 역전농협,고정형,2023-12-01,,,
2023,수원시,권선구청,2023-03-25 10:42,곡선동 휴먼푸드 인근,고정형,2023-12-01,,,
2023,수원시,영통구청,2023-03-25 10:44,광교동 광교이의119안전센터,고정형,2023-12-01,,,
2023,수원시,영통구청,2023-03-25 11:01,망포동 힐스테이트 119동 ~방죽공원 삼거리,고정형,2023-12-01,,,
2023,수원시,영통구청,2023-03-25 11:01,망포동 힐스테이트 119동 ~방죽공원 삼거리,고정형,2023-12-01,,,
2023,수원시,팔달구청,2023-03-25 11:35,화서1동 수원역푸르지오자이 북문 우측,고정형,2023-12-01,,,
2023,수원시,팔달구청,2023-03-25 12:25,화서1동 수원역푸르지오자이 북문 우측,고정형,2023-12-01,,,
2023,수원시,장안구청,2023-03-25 12:28,상광교동 광교버스정류장종점,고정형,2023-12-01,,,
2023,수원시,권선구청,2023-03-25 12:58,곡선동 휴먼푸드 인근,고정형,2023-12-01,,,
2023,수원시,영통구청,2023-03-25 13:23,망포동 힐스테이트 119동 ~방죽공원 삼거리,고정형,2023-12-01,,,
2023,수원시,팔달구청,2023-03-25 13:26,화서1동 수원역푸르지오자이 북문 우측,고정형,2023-12-01,,,
2023,수원시,팔달구청,2023-03-25 14:01,행궁동 팔달문 버스정류장,고정형,2023-12-01,,,
2023,수원시,권선구청,2023-03-25 14:09,곡선동 휴먼푸드 인근,고정형,2023-12-01,,,
2023,수원시,영통구청,2023-03-25 14:19,망포동 힐스테이트 119동 ~방죽공원 삼거리,고정형,2023-12-01,,,
2023,수원시,권선구청,2023-03-25 14:31,고색동 도이치 고객주차장 출입구,고정형,2023-12-01,,,
2023,수원시,권선구청,2023-03-25 14:33,서둔동 가온팰리스옆2,고정형,2023-12-01,,,
2023,수원시,팔달구청,2023-03-25 14:33,매산동 덕영대로 895번길 9-8,고정형,2023-12-01,,,
2023,수원시,권선구청,2023-03-25 14:35,서둔동 가온팰리스옆1,고정형,2023-12-01,,,
2023,수원시,팔달구청,2023-03-25 14:35,인계동 드림캐슬주상복합,고정형,2023-12-01,,,
2023,수원시,권선구청,2023-03-25 14:36,곡반정동 궁촌육교앞,고정형,2023-12-01,,,
2023,수원시,팔달구청,2023-03-25 14:36,매산동 팅스몰 주차장 출구 옆,고정형,2023-12-01,,,
2023,수원시,팔달구청,2023-03-25 14:46,인계동 경인통계청,고정형,2023-12-01,,,
2023,수원시,팔달구청,2023-03-25 14:52,인계동 수원시 팔달구 매산로1가 12-1,보행,2023-12-01,,,
2023,수원시,권선구청,2023-03-25 14:53,서둔동 수원역한라비발디퍼스트 앞2,고정형,2023-12-01,,,
2023,수원시,팔달구청,2023-03-25 14:58,매산동 팅스몰 주차장 출구 옆,고정형,2023-12-01,,,
2023,수원시,팔달구청,2023-03-25 15:00,인계동 드림캐슬주상복합,고정형,2023-12-01,,,
2023,수원시,팔달구청,2023-03-25 15:04,매산동 팅스몰 주차장 출구 옆,고정형,2023-12-01,,,
2023,수원시,팔달구청,2023-03-25 15:17,인계동 경인통계청,고정형,2023-12-01,,,
2023,수원시,팔달구청,2023-03-25 15:18,화서1동 수원역푸르지오자이 북문 우측,고정형,2023-12-01,,,
2023,수원시,팔달구청,2023-03-25 15:18,화서1동 수원역푸르지오자이 북문 우측,고정형,2023-12-01,,,
2023,수원시,팔달구청,2023-03-25 15:21,화서1동 수원역푸르지오자이 북문 우측,고정형,2023-12-01,,,
2023,수원시,팔달구청,2023-03-25 15:30,화서1동 수원역푸르지오자이 북문 우측,고정형,2023-12-01,,,
2023,수원시,팔달구청,2023-03-25 15:30,화서1동 수원역푸르지오자이 북문 우측,고정형,2023-12-01,,,
2023,수원시,팔달구청,2023-03-25 15:37,화서1동 수원역푸르지오자이 북문 우측,고정형,2023-12-01,,,
2023,수원시,권선구청,2023-03-25 15:38,곡반정동 하나로마트한국빌딩앞,고정형,2023-12-01,,,
2023,수원시,권선구청,2023-03-25 15:41,서둔동 가온팰리스옆1,고정형,2023-12-01,,,
2023,수원시,팔달구청,2023-03-25 15:44,인계동 경인통계청,고정형,2023-12-01,,,
2023,수원시,팔달구청,2023-03-25 15:53,인계동 드림캐슬주상복합,고정형,2023-12-01,,,
2023,수원시,권선구청,2023-03-25 16:01,곡선동 권선중앙약국 건너편,고정형,2023-12-01,,,
2023,수원시,권선구청,2023-03-25 16:05,곡반정동 하나로마트한국빌딩앞,고정형,2023-12-01,,,
2023,수원시,팔달구청,2023-03-25 16:11,인계동 경인통계청,고정형,2023-12-01,,,
2023,수원시,팔달구청,2023-03-25 16:17,인계동 경인통계청,고정형,2023-12-01,,,
2023,수원시,팔달구청,2023-03-25 16:20,인계동 드림캐슬주상복합,고정형,2023-12-01,,,
2023,수원시,팔달구청,2023-03-25 16:26,매산동 덕영대로 895번길 9-8,고정형,2023-12-01,,,
2023,수원시,팔달구청,2023-03-25 16:32,화서1동 수원역푸르지오자이 북문 우측,고정형,2023-12-01,,,
2023,수원시,팔달구청,2023-03-25 16:33,인계동 한국씨티은행,고정형,2023-12-01,,,
2023,수원시,권선구청,2023-03-25 16:34,평동 수원역고가밑 (애경뒷길),고정형,2023-12-01,,,
2023,수원시,권선구청,2023-03-25 16:34,평동 수원역고가밑 (애경뒷길),고정형,2023-12-01,,,
2023,수원시,팔달구청,2023-03-25 16:38,매산동 팅스몰 주차장 출구 옆,고정형,2023-12-01,,,
2023,수원시,팔달구청,2023-03-25 16:43,신풍동 미술관로터리,고정형,2023-12-01,,,
2023,수원시,권선구청,2023-03-25 17:10,곡반정동 궁촌육교앞,고정형,2023-12-01,,,
2023,수원시,팔달구청,2023-03-25 17:19,신풍동 미술관로터리,고정형,2023-12-01,,,
2023,수원시,팔달구청,2023-03-25 17:26,인계동 드림캐슬주상복합,고정형,2023-12-01,,,
2023,수원시,권선구청,2023-03-25 17:35,곡반정동 궁촌육교앞,고정형,2023-12-01,,,
2023,수원시,권선구청,2023-03-25 17:45,권선동 NC터미널점 버스정류장 앞,고정형,2023-12-01,,,
2023,수원시,권선구청,2023-03-25 17:45,권선동 NC터미널점 버스정류장 앞,고정형,2023-12-01,,,
2023,수원시,팔달구청,2023-03-25 17:49,신풍동 미술관로터리,고정형,2023-12-01,,,
2023,수원시,팔달구청,2023-03-25 17:50,인계동 드림캐슬주상복합,고정형,2023-12-01,,,
2023,수원시,팔달구청,2023-03-25 17:52,매산동 팅스몰 주차장 출구 옆,고정형,2023-12-01,,,
2023,수원시,팔달구청,2023-03-25 17:55,인계동 드림캐슬주상복합,고정형,2023-12-01,,,
2023,수원시,팔달구청,2023-03-25 18:10,매산동 팅스몰 주차장 출구 옆,고정형,2023-12-01,,,
2023,수원시,팔달구청,2023-03-25 18:37,매교동 매교동 114-89 횡단보도,국민신문고,2023-12-01,,,
2023,수원시,팔달구청,2023-03-25 18:46,화서1동 수원역푸르지오자이 북문 우측,고정형,2023-12-01,,,
2023,수원시,팔달구청,2023-03-25 18:46,화서1동 수원역푸르지오자이 북문 우측,고정형,2023-12-01,,,
2023,수원시,팔달구청,2023-03-25 18:51,인계동 드림캐슬주상복합,고정형,2023-12-01,,,
2023,수원시,팔달구청,2023-03-25 19:01,매산동 팅스몰 주차장 출구 옆,고정형,2023-12-01,,,
2023,수원시,권선구청,2023-03-25 19:05,서둔동 501-29,국민신문고,2023-12-01,,,
2023,수원시,팔달구청,2023-03-25 19:06,매산동 팅스몰 주차장 출구 옆,고정형,2023-12-01,,,
2023,수원시,팔달구청,2023-03-25 19:13,인계동 드림캐슬주상복합,고정형,2023-12-01,,,
2023,수원시,팔달구청,2023-03-25 19:18,매산동 팅스몰 주차장 출구 옆,고정형,2023-12-01,,,
2023,수원시,팔달구청,2023-03-25 19:18,매산동 팅스몰 주차장 출구 옆,고정형,2023-12-01,,,
2023,수원시,팔달구청,2023-03-25 19:18,인계동 드림캐슬주상복합,고정형,2023-12-01,,,
2023,수원시,팔달구청,2023-03-25 19:28,인계동 드림캐슬주상복합,고정형,2023-12-01,,,
2023,수원시,팔달구청,2023-03-25 19:34,매산동 팅스몰 주차장 출구 옆,고정형,2023-12-01,,,
2023,수원시,팔달구청,2023-03-25 19:37,매산동 팅스몰 주차장 출구 옆,고정형,2023-12-01,,,
2023,수원시,팔달구청,2023-03-25 19:39,매산동 팅스몰 주차장 출구 옆,고정형,2023-12-01,,,
2023,수원시,팔달구청,2023-03-25 19:45,화서1동 수원역푸르지오자이 북문 우측,고정형,2023-12-01,,,
2023,수원시,팔달구청,2023-03-25 20:12,매산동 팅스몰 주차장 출구 옆,고정형,2023-12-01,,,
2023,수원시,팔달구청,2023-03-25 20:13,인계동 드림캐슬주상복합,고정형,2023-12-01,,,
2023,수원시,팔달구청,2023-03-25 20:40,인계동 드림캐슬주상복합,고정형,2023-12-01,,,
2023,수원시,권선구청,2023-03-26 2:10,오목천동 527-1,국민신문고,2023-12-01,,,
2023,수원시,권선구청,2023-03-26 9:01,평동 수원역고가밑 정류장,고정형,2023-12-01,,,
2023,수원시,팔달구청,2023-03-26 9:02,화서1동 수원역푸르지오자이 북문 우측,고정형,2023-12-01,,,
2023,수원시,권선구청,2023-03-26 9:03,곡반정동 궁촌육교앞,고정형,2023-12-01,,,
2023,수원시,권선구청,2023-03-26 9:03,곡선동 휴먼푸드 인근,고정형,2023-12-01,,,
2023,수원시,권선구청,2023-03-26 9:04,서둔동 가온팰리스옆2,고정형,2023-12-01,,,
2023,수원시,팔달구청,2023-03-26 9:04,화서1동 수원역푸르지오자이 북문 우측,고정형,2023-12-01,,,
2023,수원시,팔달구청,2023-03-26 9:04,매산동 팅스몰 주차장 출구 옆,고정형,2023-12-01,,,
2023,수원시,권선구청,2023-03-26 9:04,곡반정동 하나로마트한국빌딩앞,고정형,2023-12-01,,,
2023,수원시,팔달구청,2023-03-26 9:04,인계동 한국씨티은행,고정형,2023-12-01,,,
2023,수원시,팔달구청,2023-03-26 9:05,매산동 팅스몰 주차장 출구 옆,고정형,2023-12-01,,,
2023,수원시,권선구청,2023-03-26 9:06,곡반정동 하나로마트한국빌딩앞,고정형,2023-12-01,,,
2023,수원시,팔달구청,2023-03-26 9:06,매산동 팅스몰 주차장 출구 옆,고정형,2023-12-01,,,
2023,수원시,팔달구청,2023-03-26 9:07,인계동 드림캐슬주상복합,고정형,2023-12-01,,,
2023,수원시,권선구청,2023-03-26 9:10,서둔동 가온팰리스옆1,고정형,2023-12-01,,,
2023,수원시,팔달구청,2023-03-26 9:11,매산동 팅스몰 주차장 출구 옆,고정형,2023-12-01,,,
2023,수원시,팔달구청,2023-03-26 9:18,화서1동 수원역푸르지오자이 북문 우측,고정형,2023-12-01,,,
2023,수원시,팔달구청,2023-03-26 9:20,매산동 팅스몰 주차장 출구 옆,고정형,2023-12-01,,,
2023,수원시,권선구청,2023-03-26 9:43,권선동 NC터미널점 버스정류장 앞,고정형,2023-12-01,,,
2023,수원시,팔달구청,2023-03-26 9:47,인계동 한국씨티은행,고정형,2023-12-01,,,
2023,수원시,팔달구청,2023-03-26 10:02,매산동 팅스몰 주차장 출구 옆,고정형,2023-12-01,,,
2023,수원시,팔달구청,2023-03-26 10:19,매산동 팅스몰 주차장 출구 옆,고정형,2023-12-01,,,
2023,수원시,권선구청,2023-03-26 10:29,오목천동 527-5,국민신문고,2023-12-01,,,
2023,수원시,팔달구청,2023-03-26 10:38,화서1동 수원역푸르지오자이 북문 우측,고정형,2023-12-01,,,
2023,수원시,팔달구청,2023-03-26 11:20,매산동 역전농협,고정형,2023-12-01,,,
2023,수원시,팔달구청,2023-03-26 11:36,행궁동 팔달문 버스정류장,고정형,2023-12-01,,,
2023,수원시,팔달구청,2023-03-26 11:43,화서1동 수원역푸르지오자이 북문 우측,고정형,2023-12-01,,,
2023,수원시,팔달구청,2023-03-26 11:43,화서1동 수원역푸르지오자이 북문 우측,고정형,2023-12-01,,,
2023,수원시,팔달구청,2023-03-26 12:15,화서1동 수원역푸르지오자이 북문 우측,고정형,2023-12-01,,,
2023,수원시,팔달구청,2023-03-26 12:25,매산동 역전농협,고정형,2023-12-01,,,
2023,수원시,팔달구청,2023-03-26 12:30,화서1동 푸르지오자이 북문 CU 앞 횡단보도,고정형,2023-12-01,,,
2023,수원시,권선구청,2023-03-26 12:38,고색동 도이치 고객주차장 출입구,고정형,2023-12-01,,,
2023,수원시,권선구청,2023-03-26 12:48,고색동 도이치 고객주차장 출입구,고정형,2023-12-01,,,
2023,수원시,권선구청,2023-03-26 12:49,고색동 도이치 고객주차장 출입구,고정형,2023-12-01,,,
2023,수원시,팔달구청,2023-03-26 12:53,화서1동 수원역푸르지오자이 북문 우측,고정형,2023-12-01,,,
2023,수원시,팔달구청,2023-03-26 12:58,화서1동 수원역푸르지오자이 북문 우측,고정형,2023-12-01,,,
2023,수원시,팔달구청,2023-03-26 13:06,화서1동 수원역푸르지오자이 북문 우측,고정형,2023-12-01,,,
2023,수원시,영통구청,2023-03-26 13:24,광교동 광교이의119안전센터,고정형,2023-12-01,,,
2023,수원시,영통구청,2023-03-26 13:29,원천동 광교매원초등학교,고정형,2023-12-01,,,
2023,수원시,팔달구청,2023-03-26 13:59,화서1동 수원역푸르지오자이 북문 우측,고정형,2023-12-01,,,
2023,수원시,팔달구청,2023-03-26 14:18,화서1동 수원역푸르지오자이 북문 우측,고정형,2023-12-01,,,
2023,수원시,장안구청,2023-03-26 14:31,송죽동 조원동 809,국민신문고,2023-12-01,,,
2023,수원시,팔달구청,2023-03-26 14:33,행궁동 화홍사랑채,고정형,2023-12-01,,,
2023,수원시,팔달구청,2023-03-26 14:34,인계동 드림캐슬주상복합,고정형,2023-12-01,,,
2023,수원시,영통구청,2023-03-26 14:34,이의동 부함식당 앞,고정형,2023-12-01,,,
2023,수원시,팔달구청,2023-03-26 14:34,매산동 팅스몰 주차장 출구 옆,고정형,2023-12-01,,,
2023,수원시,팔달구청,2023-03-26 14:35,인계동 경인통계청,고정형,2023-12-01,,,
2023,수원시,팔달구청,2023-03-26 14:36,인계동 경인통계청,고정형,2023-12-01,,,
2023,수원시,팔달구청,2023-03-26 14:36,매산동 팅스몰 주차장 출구 옆,고정형,2023-12-01,,,
2023,수원시,팔달구청,2023-03-26 14:36,매산동 팅스몰 주차장 출구 옆,고정형,2023-12-01,,,
2023,수원시,팔달구청,2023-03-26 14:36,매산동 팅스몰 주차장 출구 옆,고정형,2023-12-01,,,
2023,수원시,권선구청,2023-03-26 14:36,서둔동 가온팰리스옆1,고정형,2023-12-01,,,
2023,수원시,영통구청,2023-03-26 14:37,영통동 롯데마트 뒤,고정형,2023-12-01,37.27220279535416,127.10856729001851,
2023,수원시,팔달구청,2023-03-26 14:39,매산동 팅스몰 주차장 출구 옆,고정형,2023-12-01,,,
2023,수원시,팔달구청,2023-03-26 14:40,인계동 한국씨티은행,고정형,2023-12-01,,,
2023,수원시,팔달구청,2023-03-26 14:41,매산동 팅스몰 주차장 출구 옆,고정형,2023-12-01,,,
2023,수원시,팔달구청,2023-03-26 14:42,신풍동 미술관로터리,고정형,2023-12-01,,,
2023,수원시,팔달구청,2023-03-26 14:43,인계동 경인통계청,고정형,2023-12-01,,,
2023,수원시,팔달구청,2023-03-26 14:46,화서1동 수원역푸르지오자이 북문 우측,고정형,2023-12-01,,,
2023,수원시,팔달구청,2023-03-26 14:46,화서1동 수원역푸르지오자이 북문 우측,고정형,2023-12-01,,,
2023,수원시,권선구청,2023-03-26 14:47,곡반정동 하나로마트한국빌딩앞,고정형,2023-12-01,,,
2023,수원시,장안구청,2023-03-26 14:55,정자동 조원동 826,국민신문고,2023-12-01,,,
2023,수원시,권선구청,2023-03-26 14:58,호매실동 금호프라자 대각 맞은편,고정형,2023-12-01,,,
2023,수원시,팔달구청,2023-03-26 15:04,인계동 경인통계청,고정형,2023-12-01,,,
2023,수원시,팔달구청,2023-03-26 15:05,인계동 드림캐슬주상복합,고정형,2023-12-01,,,
2023,수원시,팔달구청,2023-03-26 15:09,인계동 경인통계청,고정형,2023-12-01,,,
2023,수원시,팔달구청,2023-03-26 15:13,화서1동 수원역푸르지오자이 북문 우측,고정형,2023-12-01,,,
2023,수원시,영통구청,2023-03-26 15:18,광교동 광교이의119안전센터,고정형,2023-12-01,,,
2023,수원시,영통구청,2023-03-26 15:26,광교동 광교웰빙타운한양수자인,고정형,2023-12-01,,,
2023,수원시,팔달구청,2023-03-26 15:33,매교동 매교동 114-89 횡단보도,국민신문고,2023-12-01,,,
2023,수원시,팔달구청,2023-03-26 15:33,매교동 매교동 114-89 횡단보도,국민신문고,2023-12-01,,,
2023,수원시,팔달구청,2023-03-26 15:33,매교동 매교동 114-89 횡단보도,국민신문고,2023-12-01,,,
2023,수원시,팔달구청,2023-03-26 15:37,매산동 팅스몰 주차장 출구 옆,고정형,2023-12-01,,,
2023,수원시,권선구청,2023-03-26 15:39,서둔동 가온팰리스옆1,고정형,2023-12-01,,,
2023,수원시,영통구청,2023-03-26 15:40,광교동 광교웰빙타운한양수자인,고정형,2023-12-01,,,
2023,수원시,팔달구청,2023-03-26 15:44,인계동 경인통계청,고정형,2023-12-01,,,
2023,수원시,팔달구청,2023-03-26 15:44,인계동 경인통계청,고정형,2023-12-01,,,
2023,수원시,팔달구청,2023-03-26 15:45,인계동 경인통계청,고정형,2023-12-01,,,
2023,수원시,팔달구청,2023-03-26 15:45,매산동 팅스몰 주차장 출구 옆,고정형,2023-12-01,,,
2023,수원시,팔달구청,2023-03-26 15:46,매산동 팅스몰 주차장 출구 옆,고정형,2023-12-01,,,
2023,수원시,팔달구청,2023-03-26 15:48,매향동 매향동 창룡대로 34,주행형,2023-12-01,,,
2023,수원시,팔달구청,2023-03-26 15:48,매향동 매향동 창룡대로 30,주행형,2023-12-01,,,
2023,수원시,팔달구청,2023-03-26 15:48,매향동 매향동 창룡대로 30,주행형,2023-12-01,,,
2023,수원시,권선구청,2023-03-26 15:56,권선동 NC터미널점 버스정류장 앞,고정형,2023-12-01,,,
2023,수원시,권선구청,2023-03-26 15:56,서둔동 가온팰리스옆2,고정형,2023-12-01,,,
2023,수원시,팔달구청,2023-03-26 16:03,매교동 매교동 88-18 소화전,국민신문고,2023-12-01,,,
2023,수원시,팔달구청,2023-03-26 16:06,인계동 경인통계청,고정형,2023-12-01,,,
2023,수원시,팔달구청,2023-03-26 16:10,화서1동 수원역푸르지오자이 북문 우측,고정형,2023-12-01,,,
2023,수원시,팔달구청,2023-03-26 16:13,인계동 경인통계청,고정형,2023-12-01,,,
2023,수원시,팔달구청,2023-03-26 16:14,매산동 팅스몰 주차장 출구 옆,고정형,2023-12-01,,,
2023,수원시,권선구청,2023-03-26 16:17,세류동 1154-22,국민신문고,2023-12-01,,,
2023,수원시,팔달구청,2023-03-26 16:19,인계동 경인통계청,고정형,2023-12-01,,,
2023,수원시,장안구청,2023-03-26 16:31,경기도수원시장안구영화동 수원시 장안구 영화동 161,보행,2023-12-01,,,
2023,수원시,권선구청,2023-03-26 16:37,곡선동 휴먼푸드 인근,고정형,2023-12-01,,,
2023,수원시,팔달구청,2023-03-26 16:37,인계동 한국씨티은행,고정형,2023-12-01,,,
2023,수원시,권선구청,2023-03-26 16:37,서둔동 가온팰리스옆1,고정형,2023-12-01,,,
2023,수원시,권선구청,2023-03-26 16:40,세류동 1154-22,국민신문고,2023-12-01,,,
2023,수원시,팔달구청,2023-03-26 16:42,행궁동 화홍사랑채,고정형,2023-12-01,,,
2023,수원시,권선구청,2023-03-26 16:45,오목천동 한화꿈에그린아파트 214동앞,고정형,2023-12-01,,,
2023,수원시,권선구청,2023-03-26 16:46,오목천동 한화꿈에그린아파트 209동앞,고정형,2023-12-01,,,
2023,수원시,영통구청,2023-03-26 16:50,하동 192.01,주행형,2023-12-01,,,
2023,수원시,영통구청,2023-03-26 16:50,하동 192.17,주행형,2023-12-01,,,
2023,수원시,영통구청,2023-03-26 16:51,하동 190.63,주행형,2023-12-01,,,
2023,수원시,권선구청,2023-03-26 16:53,서둔동 가온팰리스옆2,고정형,2023-12-01,,,
2023,수원시,팔달구청,2023-03-26 16:54,인계동 한국씨티은행,고정형,2023-12-01,,,
2023,수원시,팔달구청,2023-03-26 16:56,인계동 경인통계청,고정형,2023-12-01,,,
2023,수원시,팔달구청,2023-03-26 17:01,매산동 팅스몰 주차장 출구 옆,고정형,2023-12-01,,,
2023,수원시,팔달구청,2023-03-26 17:02,인계동 드림캐슬주상복합,고정형,2023-12-01,,,
2023,수원시,팔달구청,2023-03-26 17:02,화서1동 수원역푸르지오자이 북문 우측,고정형,2023-12-01,,,
2023,수원시,팔달구청,2023-03-26 17:03,인계동 경인통계청,고정형,2023-12-01,,,
2023,수원시,권선구청,2023-03-26 17:06,곡반정동 하나로마트한국빌딩앞,고정형,2023-12-01,,,
2023,수원시,팔달구청,2023-03-26 17:16,화서1동 수원역푸르지오자이 북문 우측,고정형,2023-12-01,,,
2023,수원시,권선구청,2023-03-26 17:18,서둔동 가온팰리스옆2,고정형,2023-12-01,,,
2023,수원시,팔달구청,2023-03-26 17:39,매산동 팅스몰 주차장 출구 옆,고정형,2023-12-01,,,
2023,수원시,팔달구청,2023-03-26 17:57,인계동 드림캐슬주상복합,고정형,2023-12-01,,,
2023,수원시,팔달구청,2023-03-26 18:19,화서1동 수원역푸르지오자이 북문 우측,고정형,2023-12-01,,,
2023,수원시,팔달구청,2023-03-26 18:22,인계동 드림캐슬주상복합,고정형,2023-12-01,,,
2023,수원시,팔달구청,2023-03-26 18:34,화서1동 수원역푸르지오자이 북문 우측,고정형,2023-12-01,,,
2023,수원시,팔달구청,2023-03-26 19:11,매산동 팅스몰 주차장 출구 옆,고정형,2023-12-01,,,
2023,수원시,장안구청,2023-03-26 19:36,정자동 정자동 29-2,국민신문고,2023-12-01,,,
2023,수원시,권선구청,2023-03-27 1:12,곡반정동 562-2,국민신문고,2023-12-01,,,
2023,수원시,권선구청,2023-03-27 1:12,곡반정동 562-2,국민신문고,2023-12-01,,,
2023,수원시,권선구청,2023-03-27 6:01,곡반정동 562-2,국민신문고,2023-12-01,,,
2023,수원시,권선구청,2023-03-27 6:44,서둔동 1097,주민신고제,2023-12-01,,,
2023,수원시,팔달구청,2023-03-27 7:32,매산동 팅스몰 주차장 출구 옆,고정형,2023-12-01,,,
2023,수원시,팔달구청,2023-03-27 7:33,인계동 경인통계청,고정형,2023-12-01,,,
2023,수원시,팔달구청,2023-03-27 7:38,인계동 경인통계청,고정형,2023-12-01,,,
2023,수원시,영통구청,2023-03-27 7:49,이의동 드림스퀘어Ⅱ 앞,고정형,2023-12-01,,,
2023,수원시,팔달구청,2023-03-27 7:55,인계동 드림캐슬주상복합,고정형,2023-12-01,,,
2023,수원시,권선구청,2023-03-27 8:02,서둔동 가온팰리스옆1,고정형,2023-12-01,,,
2023,수원시,권선구청,2023-03-27 8:03,권선2동 곡정초교 정문 좌측 사거리,고정형,2023-12-01,,,
2023,수원시,권선구청,2023-03-27 8:06,서둔동 가온팰리스옆2,고정형,2023-12-01,,,
2023,수원시,권선구청,2023-03-27 8:07,세류3동 신곡초교 후문 좌측 사거리,고정형,2023-12-01,,,
2023,수원시,권선구청,2023-03-27 8:08,곡반정동 하나로마트한국빌딩앞,고정형,2023-12-01,,,
2023,수원시,권선구청,2023-03-27 8:16,곡선동 휴먼푸드 인근,고정형,2023-12-01,,,
2023,수원시,권선구청,2023-03-27 8:18,곡선동 휴먼푸드 인근,고정형,2023-12-01,,,
2023,수원시,권선구청,2023-03-27 8:31,서둔동 가온팰리스옆2,고정형,2023-12-01,,,
2023,수원시,권선구청,2023-03-27 8:37,곡반정동 하나로마트한국빌딩앞,고정형,2023-12-01,,,
2023,수원시,권선구청,2023-03-27 8:42,서둔동 수원역한라비발디퍼스트 앞1,고정형,2023-12-01,,,
2023,수원시,권선구청,2023-03-27 8:54,곡선동 휴먼푸드 인근,고정형,2023-12-01,,,
2023,수원시,권선구청,2023-03-27 9:10,세류3동 신곡초교 후문 좌측 사거리,고정형,2023-12-01,,,
2023,수원시,권선구청,2023-03-27 9:14,고색동 도이치 고객주차장 출입구,고정형,2023-12-01,,,
2023,수원시,권선구청,2023-03-27 9:16,서둔동 수원역한라비발디퍼스트 앞1,고정형,2023-12-01,,,
2023,수원시,팔달구청,2023-03-27 9:52,매산동 팅스몰 주차장 출구 옆,고정형,2023-12-01,,,
2023,수원시,팔달구청,2023-03-27 10:28,인계동 드림캐슬주상복합,고정형,2023-12-01,,,
2023,수원시,팔달구청,2023-03-27 10:37,인계동 경인통계청,고정형,2023-12-01,,,
2023,수원시,장안구청,2023-03-27 10:40,조원동 조원동 431-2,국민신문고,2023-12-01,,,
2023,수원시,팔달구청,2023-03-27 10:44,인계동 드림캐슬주상복합,고정형,2023-12-01,,,
2023,수원시,영통구청,2023-03-27 11:04,영통동 롯데마트 뒤,고정형,2023-12-01,37.27220279535416,127.10856729001851,
2023,수원시,권선구청,2023-03-27 12:07,금곡동 가온초교 정문 우측 사거리,고정형,2023-12-01,,,
2023,수원시,권선구청,2023-03-27 12:48,고색동 도이치 고객주차장 출입구,고정형,2023-12-01,,,
2023,수원시,권선구청,2023-03-27 12:59,고색동 도이치 고객주차장 출입구,고정형,2023-12-01,,,
2023,수원시,영통구청,2023-03-27 13:25,망포동 힐스테이트 119동 ~방죽공원 삼거리,고정형,2023-12-01,,,
2023,수원시,팔달구청,2023-03-27 14:12,장안동 장안동 화서문로17번길,주행형,2023-12-01,,,
2023,수원시,권선구청,2023-03-27 14:19,금곡동 가온초교 정문 우측 사거리,고정형,2023-12-01,,,
2023,수원시,영통구청,2023-03-27 14:20,반월동 봉영로,주행형,2023-12-01,,,
2023,수원시,팔달구청,2023-03-27 14:26,영동 영동 팔달문로9,주행형,2023-12-01,,,
2023,수원시,팔달구청,2023-03-27 14:26,영동 영동 수원천로275,주행형,2023-12-01,,,
2023,수원시,팔달구청,2023-03-27 14:26,영동 영동 수원천로275,주행형,2023-12-01,,,
2023,수원시,권선구청,2023-03-27 14:33,서둔동 가온팰리스옆2,고정형,2023-12-01,,,
2023,수원시,팔달구청,2023-03-27 14:34,인계동 한국씨티은행,고정형,2023-12-01,,,
2023,수원시,권선구청,2023-03-27 14:34,서둔동 수원역한라비발디퍼스트 앞1,고정형,2023-12-01,,,
2023,수원시,팔달구청,2023-03-27 14:35,인계동 경인통계청,고정형,2023-12-01,,,
2023,수원시,권선구청,2023-03-27 14:42,입북동 당수초교 정문 우측 사거리,고정형,2023-12-01,,,
2023,수원시,팔달구청,2023-03-27 14:52,인계동 경인통계청,고정형,2023-12-01,,,
2023,수원시,팔달구청,2023-03-27 14:54,신풍동 미술관로터리,고정형,2023-12-01,,,
2023,수원시,장안구청,2023-03-27 15:07,상광교동 광교버스정류장종점,고정형,2023-12-01,,,
2023,수원시,영통구청,2023-03-27 15:10,광교동 광교이의119안전센터,고정형,2023-12-01,,,
2023,수원시,권선구청,2023-03-27 15:27,고색동 도이치 고객주차장 출입구,고정형,2023-12-01,,,
2023,수원시,권선구청,2023-03-27 15:27,고색동 도이치 고객주차장 출입구,고정형,2023-12-01,,,
2023,수원시,팔달구청,2023-03-27 15:28,인계동 드림캐슬주상복합,고정형,2023-12-01,,,
2023,수원시,팔달구청,2023-03-27 15:28,인계동 드림캐슬주상복합,고정형,2023-12-01,,,
2023,수원시,팔달구청,2023-03-27 15:39,인계동 드림캐슬주상복합,고정형,2023-12-01,,,
2023,수원시,팔달구청,2023-03-27 15:40,-1 수원시 팔달구 북수동 414,보행,2023-12-01,,,
2023,수원시,권선구청,2023-03-27 15:47,권선동 NC터미널점 버스정류장 앞,고정형,2023-12-01,,,
2023,수원시,권선구청,2023-03-27 15:47,권선동 NC터미널점 버스정류장 앞,고정형,2023-12-01,,,
2023,수원시,영통구청,2023-03-27 15:50,영통동 보보스스포츠센터앞,고정형,2023-12-01,,,
2023,수원시,영통구청,2023-03-27 15:50,영통동 보보스스포츠센터앞,고정형,2023-12-01,,,
2023,수원시,팔달구청,2023-03-27 15:56,인계동 경인통계청,고정형,2023-12-01,,,
2023,수원시,권선구청,2023-03-27 16:06,서둔동 가온팰리스옆2,고정형,2023-12-01,,,
2023,수원시,권선구청,2023-03-27 16:31,서둔동 가온팰리스옆2,고정형,2023-12-01,,,
2023,수원시,팔달구청,2023-03-27 16:39,인계동 한국씨티은행,고정형,2023-12-01,,,
2023,수원시,팔달구청,2023-03-27 16:47,인계동 드림캐슬주상복합,고정형,2023-12-01,,,
2023,수원시,영통구청,2023-03-27 16:50,이의동 광교가재울마을사거리,고정형,2023-12-01,,,
2023,수원시,권선구청,2023-03-27 16:55,권선2동 곡정초교 정문 좌측 사거리,고정형,2023-12-01,,,
2023,수원시,영통구청,2023-03-27 17:00,이의동 광교가재울마을사거리,고정형,2023-12-01,,,
2023,수원시,장안구청,2023-03-27 17:11,정자3동 정자동 오일뱅크,고정형,2023-12-01,,,
2023,수원시,팔달구청,2023-03-27 17:14,인계동 한국씨티은행,고정형,2023-12-01,,,
2023,수원시,팔달구청,2023-03-27 17:18,인계동 드림캐슬주상복합,고정형,2023-12-01,,,
2023,수원시,권선구청,2023-03-27 17:36,평동 수원역고가밑 정류장,고정형,2023-12-01,,,
2023,수원시,영통구청,2023-03-27 17:37,영통동 롯데마트 뒤,고정형,2023-12-01,37.27220279535416,127.10856729001851,
2023,수원시,팔달구청,2023-03-27 17:52,인계동 드림캐슬주상복합,고정형,2023-12-01,,,
2023,수원시,영통구청,2023-03-27 18:22,경기도수원시영통구매탄동 수원시 영통구 인계로 189번길 46종합상가,보행,2023-12-01,,,
2023,수원시,팔달구청,2023-03-27 18:31,매산동 팅스몰 주차장 출구 옆,고정형,2023-12-01,,,
2023,수원시,팔달구청,2023-03-27 19:18,매산동 역전농협,고정형,2023-12-01,,,
2023,수원시,장안구청,2023-03-27 19:23,상광교동 광교버스정류장종점,고정형,2023-12-01,,,
2023,수원시,영통구청,2023-03-27 20:01,광교동 광교 덴티움지식산업센터 앞 사거리,고정형,2023-12-01,,,
2023,수원시,팔달구청,2023-03-27 20:14,인계동 드림캐슬주상복합,고정형,2023-12-01,,,
2023,수원시,영통구청,2023-03-27 20:18,영통동 롯데마트 뒤,고정형,2023-12-01,37.27220279535416,127.10856729001851,
2023,수원시,영통구청,2023-03-27 20:18,영통동 롯데마트 뒤,고정형,2023-12-01,37.27220279535416,127.10856729001851,
2023,수원시,팔달구청,2023-03-27 20:30,인계동 드림캐슬주상복합,고정형,2023-12-01,,,
2023,수원시,팔달구청,2023-03-27 20:31,매산동 팅스몰 주차장 출구 옆,고정형,2023-12-01,,,
2023,수원시,권선구청,2023-03-27 20:36,오목천동 527-5,국민신문고,2023-12-01,,,
2023,수원시,권선구청,2023-03-27 20:46,탑동 22수1163,국민신문고,2023-12-01,,,
2023,수원시,팔달구청,2023-03-27 21:48,매산동 역전농협,고정형,2023-12-01,,,
2023,수원시,권선구청,2023-03-28 6:00,곡반정동 562-2,국민신문고,2023-12-01,,,
2023,수원시,영통구청,2023-03-28 7:03,이의동 도청예정부지,고정형,2023-12-01,,,
2023,수원시,팔달구청,2023-03-28 7:33,인계동 경인통계청,고정형,2023-12-01,,,
2023,수원시,팔달구청,2023-03-28 7:33,매산동 팅스몰 주차장 출구 옆,고정형,2023-12-01,,,
2023,수원시,팔달구청,2023-03-28 7:34,인계동 한국씨티은행,고정형,2023-12-01,,,
2023,수원시,장안구청,2023-03-28 7:55,조원동 조원동 431-2,국민신문고,2023-12-01,,,
2023,수원시,팔달구청,2023-03-28 7:58,인계동 경인통계청,고정형,2023-12-01,,,
2023,수원시,팔달구청,2023-03-28 8:01,인계동 드림캐슬주상복합,고정형,2023-12-01,,,
2023,수원시,권선구청,2023-03-28 8:02,서둔동 가온팰리스옆2,고정형,2023-12-01,,,
2023,수원시,권선구청,2023-03-28 8:03,서둔동 가온팰리스옆1,고정형,2023-12-01,,,
2023,수원시,권선구청,2023-03-28 8:03,서둔동 수원역한라비발디퍼스트 앞1,고정형,2023-12-01,,,
2023,수원시,권선구청,2023-03-28 8:03,곡반정동 하나로마트한국빌딩앞,고정형,2023-12-01,,,
2023,수원시,권선구청,2023-03-28 8:04,금곡동 가온초교 정문 우측 사거리,고정형,2023-12-01,,,
2023,수원시,권선구청,2023-03-28 8:04,서둔동 수원역한라비발디퍼스트 앞1,고정형,2023-12-01,,,
2023,수원시,권선구청,2023-03-28 8:04,곡반정동 하나로마트한국빌딩앞,고정형,2023-12-01,,,
2023,수원시,권선구청,2023-03-28 8:04,곡반정동 하나로마트한국빌딩앞,고정형,2023-12-01,,,
2023,수원시,권선구청,2023-03-28 8:05,서둔동 수원역한라비발디퍼스트 앞1,고정형,2023-12-01,,,
2023,수원시,권선구청,2023-03-28 8:16,곡반정동 하나로마트한국빌딩앞,고정형,2023-12-01,,,
2023,수원시,영통구청,2023-03-28 8:25,원천동 광교 한화겔러리아 앞,고정형,2023-12-01,,,
2023,수원시,팔달구청,2023-03-28 8:26,인계동 드림캐슬주상복합,고정형,2023-12-01,,,
2023,수원시,권선구청,2023-03-28 8:35,곡선동 휴먼푸드 인근,고정형,2023-12-01,,,
2023,수원시,권선구청,2023-03-28 8:41,서둔동 수원역한라비발디퍼스트 앞1,고정형,2023-12-01,,,
2023,수원시,권선구청,2023-03-28 8:49,세류3동 신곡초교 후문 좌측 사거리,고정형,2023-12-01,,,
2023,수원시,팔달구청,2023-03-28 8:57,화서1동 수원역푸르지오자이 북문 우측,고정형,2023-12-01,,,
2023,수원시,영통구청,2023-03-28 9:05,광교동 광교이의119안전센터,고정형,2023-12-01,,,
2023,수원시,권선구청,2023-03-28 9:12,평동 수원역고가밑 (애경뒷길),고정형,2023-12-01,,,
2023,수원시,팔달구청,2023-03-28 9:13,인계동 드림캐슬주상복합,고정형,2023-12-01,,,
2023,수원시,권선구청,2023-03-28 9:15,곡선동 휴먼푸드 인근,고정형,2023-12-01,,,
2023,수원시,영통구청,2023-03-28 9:18,영통동 마사회뒷길,고정형,2023-12-01,,,
2023,수원시,팔달구청,2023-03-28 10:01,인계동 드림캐슬주상복합,고정형,2023-12-01,,,
2023,수원시,권선구청,2023-03-28 10:14,세류3동 신곡초교 후문 좌측 사거리,고정형,2023-12-01,,,
2023,수원시,영통구청,2023-03-28 10:36,광교동 광교이의119안전센터,고정형,2023-12-01,,,
2023,수원시,팔달구청,2023-03-28 10:39,매산로3가 매산로3가 고화로 19,주행형,2023-12-01,,,
2023,수원시,권선구청,2023-03-28 11:22,입북동 당수초교 정문 우측 사거리,고정형,2023-12-01,,,
2023,수원시,권선구청,2023-03-28 14:01,입북동 당수초교 정문 우측 사거리,고정형,2023-12-01,,,
2023,수원시,팔달구청,2023-03-28 14:15,팔달로2가 팔달로2가 정조로796번길,주행형,2023-12-01,,,
2023,수원시,팔달구청,2023-03-28 14:15,남수동 남수동 수원천로275,주행형,2023-12-01,,,
2023,수원시,권선구청,2023-03-28 14:22,금곡동 가온초교 정문 우측 사거리,고정형,2023-12-01,,,
2023,수원시,팔달구청,2023-03-28 14:34,인계동 경인통계청,고정형,2023-12-01,,,
2023,수원시,영통구청,2023-03-28 14:35,이의동 드림스퀘어Ⅱ 앞,고정형,2023-12-01,,,
2023,수원시,팔달구청,2023-03-28 14:36,매산동 팅스몰 주차장 출구 옆,고정형,2023-12-01,,,
2023,수원시,팔달구청,2023-03-28 14:36,매산동 팅스몰 주차장 출구 옆,고정형,2023-12-01,,,
2023,수원시,팔달구청,2023-03-28 14:42,매향동 매향동 창룡대로 66,주행형,2023-12-01,,,
2023,수원시,팔달구청,2023-03-28 14:42,매향동 매향동 창룡대로 66,주행형,2023-12-01,,,
2023,수원시,권선구청,2023-03-28 15:01,고색동 도이치 고객주차장 출입구,고정형,2023-12-01,,,
2023,수원시,팔달구청,2023-03-28 15:07,장안동 장안동 화서문로17번길 4,주행형,2023-12-01,,,
2023,수원시,팔달구청,2023-03-28 15:08,장안동 장안동 화서문로17번길,주행형,2023-12-01,,,
2023,수원시,영통구청,2023-03-28 15:26,광교동 광교더사랑교회뒷길,고정형,2023-12-01,,,
2023,수원시,권선구청,2023-03-28 15:27,서둔동 수원역한라비발디퍼스트 앞2,고정형,2023-12-01,,,
2023,수원시,영통구청,2023-03-28 15:47,이의동 드림스퀘어Ⅱ 앞,고정형,2023-12-01,,,
2023,수원시,팔달구청,2023-03-28 15:47,매산로2가 매산로2가 매산로61,주행형,2023-12-01,,,
2023,수원시,팔달구청,2023-03-28 15:47,매산로3가 매산로3가 향교로61,주행형,2023-12-01,,,
2023,수원시,팔달구청,2023-03-28 15:47,매산로2가 매산로2가 향교로56,주행형,2023-12-01,,,
2023,수원시,권선구청,2023-03-28 15:58,서둔동 가온팰리스옆1,고정형,2023-12-01,,,
2023,수원시,권선구청,2023-03-28 16:02,세류3동 신곡초교 후문 좌측 사거리,고정형,2023-12-01,,,
2023,수원시,영통구청,2023-03-28 16:09,망포동 E-마트 에브리데이 앞,고정형,2023-12-01,37.2361017468141,127.060345496536,
2023,수원시,권선구청,2023-03-28 16:29,세류3동 신곡초교 후문 좌측 사거리,고정형,2023-12-01,,,
2023,수원시,권선구청,2023-03-28 16:33,평동 오현초교 정문 우측 사거리,고정형,2023-12-01,,,
2023,수원시,권선구청,2023-03-28 16:33,오목천동 527-5,국민신문고,2023-12-01,,,
2023,수원시,권선구청,2023-03-28 16:34,호매실동 금호프라자 대각 맞은편,고정형,2023-12-01,,,
2023,수원시,권선구청,2023-03-28 16:45,곡선동 휴먼푸드 인근,고정형,2023-12-01,,,
2023,수원시,권선구청,2023-03-28 16:46,금곡동 가온초교 정문 우측 사거리,고정형,2023-12-01,,,
2023,수원시,권선구청,2023-03-28 16:54,세류3동 신곡초교 후문 좌측 사거리,고정형,2023-12-01,,,
2023,수원시,권선구청,2023-03-28 16:55,평동 수원역고가밑 (애경뒷길),고정형,2023-12-01,,,
2023,수원시,영통구청,2023-03-28 17:04,영통동 롯데마트 뒤,고정형,2023-12-01,37.27220279535416,127.10856729001851,
2023,수원시,영통구청,2023-03-28 17:04,영통동 롯데마트 뒤,고정형,2023-12-01,37.27220279535416,127.10856729001851,
2023,수원시,팔달구청,2023-03-28 17:05,인계동 경인통계청,고정형,2023-12-01,,,
2023,수원시,팔달구청,2023-03-28 17:11,인계동 드림캐슬주상복합,고정형,2023-12-01,,,
2023,수원시,권선구청,2023-03-28 17:16,곡반정동 하나로마트한국빌딩앞,고정형,2023-12-01,,,
2023,수원시,팔달구청,2023-03-28 17:18,인계동 드림캐슬주상복합,고정형,2023-12-01,,,
2023,수원시,권선구청,2023-03-28 17:24,서둔동 수원역한라비발디퍼스트 앞2,고정형,2023-12-01,,,
2023,수원시,팔달구청,2023-03-28 17:57,매산동 팅스몰 주차장 출구 옆,고정형,2023-12-01,,,
2023,수원시,팔달구청,2023-03-28 18:34,화서1동 수원역푸르지오자이 북문 우측,고정형,2023-12-01,,,
2023,수원시,영통구청,2023-03-28 18:43,영통동 롯데마트 뒤,고정형,2023-12-01,37.27220279535416,127.10856729001851,
2023,수원시,권선구청,2023-03-28 19:15,오목천동 527-5,국민신문고,2023-12-01,,,
2023,수원시,권선구청,2023-03-28 19:15,오목천동 527-5,국민신문고,2023-12-01,,,
2023,수원시,팔달구청,2023-03-28 19:51,매교동 매교동 287-37 횡단보도,국민신문고,2023-12-01,,,
2023,수원시,팔달구청,2023-03-28 19:54,인계동 드림캐슬주상복합,고정형,2023-12-01,,,
2023,수원시,팔달구청,2023-03-28 20:02,매산동 팅스몰 주차장 출구 옆,고정형,2023-12-01,,,
2023,수원시,팔달구청,2023-03-28 20:22,매산동 팅스몰 주차장 출구 옆,고정형,2023-12-01,,,
2023,수원시,팔달구청,2023-03-28 21:11,인계동 드림캐슬주상복합,고정형,2023-12-01,,,
2023,수원시,권선구청,2023-03-28 21:19,곡반정동 562-2,국민신문고,2023-12-01,,,
2023,수원시,권선구청,2023-03-28 21:19,곡반정동 562-2,국민신문고,2023-12-01,,,
2023,수원시,권선구청,2023-03-28 21:19,곡반정동 562-2,국민신문고,2023-12-01,,,
2023,수원시,팔달구청,2023-03-29 6:59,매교동 매교동 287-480 교차로모퉁이,국민신문고,2023-12-01,,,
2023,수원시,팔달구청,2023-03-29 7:03,화서1동 수원역푸르지오자이 북문 우측,고정형,2023-12-01,,,
2023,수원시,영통구청,2023-03-29 7:05,이의동 광교가재울마을사거리,고정형,2023-12-01,,,
2023,수원시,팔달구청,2023-03-29 7:05,화서1동 수원역푸르지오자이 북문 우측,고정형,2023-12-01,,,
2023,수원시,팔달구청,2023-03-29 7:32,인계동 드림캐슬주상복합,고정형,2023-12-01,,,
2023,수원시,팔달구청,2023-03-29 7:32,인계동 경인통계청,고정형,2023-12-01,,,
2023,수원시,팔달구청,2023-03-29 7:32,매산동 팅스몰 주차장 출구 옆,고정형,2023-12-01,,,
2023,수원시,팔달구청,2023-03-29 7:33,매산동 팅스몰 주차장 출구 옆,고정형,2023-12-01,,,
2023,수원시,팔달구청,2023-03-29 7:39,인계동 경인통계청,고정형,2023-12-01,,,
2023,수원시,영통구청,2023-03-29 7:45,영통동 롯데마트 뒤,고정형,2023-12-01,37.27220279535416,127.10856729001851,
2023,수원시,팔달구청,2023-03-29 8:02,매산동 팅스몰 주차장 출구 옆,고정형,2023-12-01,,,
2023,수원시,권선구청,2023-03-29 8:03,곡반정동 하나로마트한국빌딩앞,고정형,2023-12-01,,,
2023,수원시,권선구청,2023-03-29 8:04,곡반정동 하나로마트한국빌딩앞,고정형,2023-12-01,,,
2023,수원시,권선구청,2023-03-29 8:04,곡반정동 하나로마트한국빌딩앞,고정형,2023-12-01,,,
2023,수원시,권선구청,2023-03-29 8:05,서둔동 수원역한라비발디퍼스트 앞1,고정형,2023-12-01,,,
2023,수원시,권선구청,2023-03-29 8:06,곡반정동 하나로마트한국빌딩앞,고정형,2023-12-01,,,
2023,수원시,권선구청,2023-03-29 8:09,서둔동 가온팰리스옆1,고정형,2023-12-01,,,
2023,수원시,권선구청,2023-03-29 8:14,세류3동 신곡초교 후문 좌측 사거리,고정형,2023-12-01,,,
2023,수원시,권선구청,2023-03-29 8:18,서둔동 가온팰리스옆2,고정형,2023-12-01,,,
2023,수원시,권선구청,2023-03-29 8:27,권선동 24누5976,국민신문고,2023-12-01,,,
2023,수원시,권선구청,2023-03-29 8:34,세류3동 신곡초교 후문 좌측 사거리,고정형,2023-12-01,,,
2023,수원시,권선구청,2023-03-29 8:45,세류3동 신곡초교 후문 좌측 사거리,고정형,2023-12-01,,,
2023,수원시,권선구청,2023-03-29 9:10,서둔동 수원역한라비발디퍼스트 앞1,고정형,2023-12-01,,,
2023,수원시,권선구청,2023-03-29 9:21,곡반정동 1191,국민신문고,2023-12-01,,,
2023,수원시,권선구청,2023-03-29 9:31,곡선동 휴먼푸드 인근,고정형,2023-12-01,,,
2023,수원시,팔달구청,2023-03-29 9:36,인계동 드림캐슬주상복합,고정형,2023-12-01,,,
2023,수원시,팔달구청,2023-03-29 9:49,화서1동 수원역푸르지오자이 북문 우측,고정형,2023-12-01,,,
2023,수원시,팔달구청,2023-03-29 9:49,화서1동 수원역푸르지오자이 북문 우측,고정형,2023-12-01,,,
2023,수원시,팔달구청,2023-03-29 10:09,인계동 드림캐슬주상복합,고정형,2023-12-01,,,
2023,수원시,팔달구청,2023-03-29 10:38,경기도수원시팔달구화서동 수원시 팔달구 매산로 28번길 9,보행,2023-12-01,,,
2023,수원시,팔달구청,2023-03-29 10:39,경기도수원시팔달구화서동 수원시 팔달구 매산로 28번길 9,보행,2023-12-01,,,
2023,수원시,팔달구청,2023-03-29 10:39,경기도수원시팔달구화서동 수원시 팔달구 매산로 28번길 9,보행,2023-12-01,,,
2023,수원시,팔달구청,2023-03-29 10:40,경기도수원시팔달구화서동 수원시 팔달구 매산로 28번길 9,보행,2023-12-01,,,
2023,수원시,팔달구청,2023-03-29 10:40,경기도수원시팔달구화서동 수원시 팔달구 매산로 28번길 9,보행,2023-12-01,,,
2023,수원시,팔달구청,2023-03-29 10:48,-1 수원시 팔달구 화서동 668,보행,2023-12-01,,,
2023,수원시,영통구청,2023-03-29 11:16,이의동 광교가재울마을사거리,고정형,2023-12-01,,,
2023,수원시,영통구청,2023-03-29 11:22,이의동 광교가재울마을사거리,고정형,2023-12-01,,,
2023,수원시,권선구청,2023-03-29 12:23,권선동 NC터미널점 버스정류장 앞,고정형,2023-12-01,,,
2023,수원시,권선구청,2023-03-29 12:53,평동 SK모터스 고가 옆,고정형,2023-12-01,,,
2023,수원시,권선구청,2023-03-29 12:56,고색동 도이치 고객주차장 출입구,고정형,2023-12-01,,,
2023,수원시,팔달구청,2023-03-29 12:56,화서1동 수원역푸르지오자이 북문 우측,고정형,2023-12-01,,,
2023,수원시,팔달구청,2023-03-29 12:56,화서1동 수원역푸르지오자이 북문 우측,고정형,2023-12-01,,,
2023,수원시,권선구청,2023-03-29 12:56,고색동 도이치 고객주차장 출입구,고정형,2023-12-01,,,
2023,수원시,권선구청,2023-03-29 13:13,권선2동 곡정초교 정문 좌측 사거리,고정형,2023-12-01,,,
2023,수원시,권선구청,2023-03-29 13:28,권선동 NC터미널점 버스정류장 앞,고정형,2023-12-01,,,
2023,수원시,권선구청,2023-03-29 13:47,권선동 NC터미널점 버스정류장 앞,고정형,2023-12-01,,,
2023,수원시,팔달구청,2023-03-29 14:23,남수동 남수동 정조로796번길,주행형,2023-12-01,,,
2023,수원시,팔달구청,2023-03-29 14:36,인계동 드림캐슬주상복합,고정형,2023-12-01,,,
2023,수원시,팔달구청,2023-03-29 14:36,행궁동 화홍사랑채,고정형,2023-12-01,,,
2023,수원시,팔달구청,2023-03-29 14:38,인계동 경인통계청,고정형,2023-12-01,,,
2023,수원시,팔달구청,2023-03-29 14:42,인계동 드림캐슬주상복합,고정형,2023-12-01,,,
2023,수원시,팔달구청,2023-03-29 14:44,행궁동 화홍사랑채,고정형,2023-12-01,,,
2023,수원시,영통구청,2023-03-29 14:45,이의동 드림스퀘어Ⅱ 앞,고정형,2023-12-01,,,
2023,수원시,팔달구청,2023-03-29 14:46,매향동 매향동 창룡대로 68-2,주행형,2023-12-01,,,
2023,수원시,팔달구청,2023-03-29 14:46,매향동 매향동 창룡대로 54,주행형,2023-12-01,,,
2023,수원시,권선구청,2023-03-29 14:47,세류3동 신곡초교 후문 좌측 사거리,고정형,2023-12-01,,,
2023,수원시,팔달구청,2023-03-29 14:47,매향동 매향동 창룡대로 86,주행형,2023-12-01,,,
2023,수원시,팔달구청,2023-03-29 14:47,매향동 매향동 창룡대로 86,주행형,2023-12-01,,,
2023,수원시,영통구청,2023-03-29 15:07,원천동 삼성전자중문,고정형,2023-12-01,,,
2023,수원시,팔달구청,2023-03-29 15:08,인계동 경인통계청,고정형,2023-12-01,,,
2023,수원시,권선구청,2023-03-29 15:14,권선동 NC터미널점 버스정류장 앞,고정형,2023-12-01,,,
2023,수원시,팔달구청,2023-03-29 15:19,신풍동 신풍동 화서문로17번길 4,주행형,2023-12-01,,,
2023,수원시,팔달구청,2023-03-29 15:20,장안동 장안동 화서문로17번길,주행형,2023-12-01,,,
2023,수원시,팔달구청,2023-03-29 15:20,장안동 장안동 화서문로17번길,주행형,2023-12-01,,,
2023,수원시,팔달구청,2023-03-29 15:32,인계동 경인통계청,고정형,2023-12-01,,,
2023,수원시,권선구청,2023-03-29 15:44,평동 오현초교 정문 우측 사거리,고정형,2023-12-01,,,
2023,수원시,권선구청,2023-03-29 16:03,세류3동 신곡초교 후문 좌측 사거리,고정형,2023-12-01,,,
2023,수원시,팔달구청,2023-03-29 16:05,매산동 팅스몰 주차장 출구 옆,고정형,2023-12-01,,,
2023,수원시,권선구청,2023-03-29 16:39,서둔동 가온팰리스옆2,고정형,2023-12-01,,,
2023,수원시,권선구청,2023-03-29 16:41,서둔동 수원역한라비발디퍼스트 앞1,고정형,2023-12-01,,,
2023,수원시,권선구청,2023-03-29 16:41,서둔동 수원역한라비발디퍼스트 앞1,고정형,2023-12-01,,,
2023,수원시,팔달구청,2023-03-29 16:41,인계동 경인통계청,고정형,2023-12-01,,,
2023,수원시,권선구청,2023-03-29 16:47,입북동 당수초교 정문 우측 사거리,고정형,2023-12-01,,,
2023,수원시,권선구청,2023-03-29 17:19,서둔동 가온팰리스옆2,고정형,2023-12-01,,,
2023,수원시,권선구청,2023-03-29 17:20,세류3동 신곡초교 후문 좌측 사거리,고정형,2023-12-01,,,
2023,수원시,권선구청,2023-03-29 17:27,평동 수원역고가밑 정류장,고정형,2023-12-01,,,
2023,수원시,권선구청,2023-03-29 17:28,입북동 당수초교 정문 우측 사거리,고정형,2023-12-01,,,
2023,수원시,권선구청,2023-03-29 17:39,서둔동 수원역한라비발디퍼스트 앞1,고정형,2023-12-01,,,
2023,수원시,영통구청,2023-03-29 17:40,광교동 광교이의119안전센터,고정형,2023-12-01,,,
2023,수원시,권선구청,2023-03-29 19:32,대황교동 17-399,국민신문고,2023-12-01,,,
2023,수원시,팔달구청,2023-03-29 20:12,매산동 팅스몰 주차장 출구 옆,고정형,2023-12-01,,,
2023,수원시,권선구청,2023-03-29 20:12,장지동 895,국민신문고,2023-12-01,,,
2023,수원시,영통구청,2023-03-29 20:22,원천동 광교매원초등학교,고정형,2023-12-01,,,
2023,수원시,영통구청,2023-03-29 20:41,원천동 광교매원초등학교,고정형,2023-12-01,,,
2023,수원시,권선구청,2023-03-29 20:50,고색동 528-12,국민신문고,2023-12-01,,,
2023,수원시,권선구청,2023-03-29 20:56,고색동 561,국민신문고,2023-12-01,,,
2023,수원시,권선구청,2023-03-30 5:57,곡반정동 562-2,국민신문고,2023-12-01,,,
2023,수원시,권선구청,2023-03-30 7:45,곡반정동 105-9,국민신문고,2023-12-01,,,
2023,수원시,권선구청,2023-03-30 7:45,곡반정동 105-9,국민신문고,2023-12-01,,,
2023,수원시,영통구청,2023-03-30 7:50,광교동 광교이의119안전센터,고정형,2023-12-01,,,
2023,수원시,권선구청,2023-03-30 8:02,곡반정동 하나로마트한국빌딩앞,고정형,2023-12-01,,,
2023,수원시,권선구청,2023-03-30 8:03,서둔동 가온팰리스옆1,고정형,2023-12-01,,,
2023,수원시,권선구청,2023-03-30 8:03,곡반정동 하나로마트한국빌딩앞,고정형,2023-12-01,,,
2023,수원시,권선구청,2023-03-30 8:03,곡반정동 하나로마트한국빌딩앞,고정형,2023-12-01,,,
2023,수원시,권선구청,2023-03-30 8:05,서둔동 수원역한라비발디퍼스트 앞1,고정형,2023-12-01,,,
2023,수원시,권선구청,2023-03-30 8:05,평동 오현초교 정문 우측 사거리,고정형,2023-12-01,,,
2023,수원시,권선구청,2023-03-30 8:06,곡선동 휴먼푸드 인근,고정형,2023-12-01,,,
2023,수원시,권선구청,2023-03-30 8:06,서둔동 수원역한라비발디퍼스트 앞1,고정형,2023-12-01,,,
2023,수원시,영통구청,2023-03-30 8:07,망포동 힐스테이트 119동 ~방죽공원 삼거리,고정형,2023-12-01,,,
2023,수원시,권선구청,2023-03-30 8:08,세류3동 신곡초교 후문 좌측 사거리,고정형,2023-12-01,,,
2023,수원시,권선구청,2023-03-30 8:13,입북동 당수초교 정문 우측 사거리,고정형,2023-12-01,,,
2023,수원시,권선구청,2023-03-30 8:15,곡반정동 하나로마트한국빌딩앞,고정형,2023-12-01,,,
2023,수원시,권선구청,2023-03-30 8:29,서둔동 가온팰리스옆2,고정형,2023-12-01,,,
2023,수원시,권선구청,2023-03-30 8:30,곡선동 휴먼푸드 인근,고정형,2023-12-01,,,
2023,수원시,영통구청,2023-03-30 8:34,광교동 광교이의119안전센터,고정형,2023-12-01,,,
2023,수원시,권선구청,2023-03-30 8:55,세류3동 신곡초교 후문 좌측 사거리,고정형,2023-12-01,,,
2023,수원시,팔달구청,2023-03-30 9:25,인계동 경인통계청,고정형,2023-12-01,,,
2023,수원시,권선구청,2023-03-30 9:32,평동 SK모터스 고가 옆,고정형,2023-12-01,,,
2023,수원시,팔달구청,2023-03-30 10:05,화서1동 수원역푸르지오자이 북문 우측,고정형,2023-12-01,,,
2023,수원시,권선구청,2023-03-30 10:06,서둔동 가온팰리스옆1,고정형,2023-12-01,,,
2023,수원시,팔달구청,2023-03-30 10:07,인계동 드림캐슬주상복합,고정형,2023-12-01,,,
2023,수원시,권선구청,2023-03-30 10:09,금곡동 일신건영아파트 앞 놀이터,고정형,2023-12-01,,,
2023,수원시,권선구청,2023-03-30 10:15,세류3동 신곡초교 후문 좌측 사거리,고정형,2023-12-01,,,
2023,수원시,팔달구청,2023-03-30 10:19,경기도수원시팔달구매교동 수원시 팔달구 매교동 120-6,보행,2023-12-01,,,
2023,수원시,팔달구청,2023-03-30 10:27,경기도수원시팔달구매산로3가 수원시 팔달구 고화로 11,보행,2023-12-01,,,
2023,수원시,팔달구청,2023-03-30 10:27,경기도수원시팔달구매산로3가 수원시 팔달구 고화로 11,보행,2023-12-01,,,
2023,수원시,영통구청,2023-03-30 10:31,망포동 힐스테이트 119동 ~방죽공원 삼거리,고정형,2023-12-01,,,
2023,수원시,영통구청,2023-03-30 11:06,원천동 삼성전자중문,고정형,2023-12-01,,,
2023,수원시,영통구청,2023-03-30 11:07,영통동 롯데마트 뒤,고정형,2023-12-01,37.27220279535416,127.10856729001851,
2023,수원시,권선구청,2023-03-30 11:52,곡선동 휴먼푸드 인근,고정형,2023-12-01,,,
2023,수원시,팔달구청,2023-03-30 12:17,매산동 역전농협,고정형,2023-12-01,,,
2023,수원시,영통구청,2023-03-30 12:27,광교동 광교이의119안전센터,고정형,2023-12-01,,,
2023,수원시,팔달구청,2023-03-30 12:55,화서1동 수원역푸르지오자이 북문 우측,고정형,2023-12-01,,,
2023,수원시,영통구청,2023-03-30 13:43,망포동 E-마트 에브리데이 앞,고정형,2023-12-01,37.2361017468141,127.060345496536,
2023,수원시,영통구청,2023-03-30 13:44,망포동 E-마트 에브리데이 앞,고정형,2023-12-01,37.2361017468141,127.060345496536,
2023,수원시,권선구청,2023-03-30 13:54,곡선동 휴먼푸드 인근,고정형,2023-12-01,,,
2023,수원시,팔달구청,2023-03-30 14:16,남수동 남수동 정조로796번길,주행형,2023-12-01,,,
2023,수원시,팔달구청,2023-03-30 14:16,화서1동 수원역푸르지오자이 북문 우측,고정형,2023-12-01,,,
2023,수원시,팔달구청,2023-03-30 14:16,화서1동 수원역푸르지오자이 북문 우측,고정형,2023-12-01,,,
2023,수원시,팔달구청,2023-03-30 14:17,영동 영동 수원천로275,주행형,2023-12-01,,,
2023,수원시,영통구청,2023-03-30 14:18,망포동 E-마트 에브리데이 앞,고정형,2023-12-01,37.2361017468141,127.060345496536,
2023,수원시,권선구청,2023-03-30 14:19,입북동 당수초교 정문 우측 사거리,고정형,2023-12-01,,,
2023,수원시,권선구청,2023-03-30 14:19,입북동 당수초교 정문 우측 사거리,고정형,2023-12-01,,,
2023,수원시,권선구청,2023-03-30 14:34,서둔동 가온팰리스옆2,고정형,2023-12-01,,,
2023,수원시,팔달구청,2023-03-30 14:42,장안동 장안동 화서문로17번길,주행형,2023-12-01,,,
2023,수원시,권선구청,2023-03-30 14:42,세류3동 신곡초교 후문 좌측 사거리,고정형,2023-12-01,,,
2023,수원시,영통구청,2023-03-30 14:42,원천동 삼성전자중문,고정형,2023-12-01,,,
2023,수원시,팔달구청,2023-03-30 14:42,인계동 경인통계청,고정형,2023-12-01,,,
2023,수원시,팔달구청,2023-03-30 14:43,장안동 장안동 화서문로17번길,주행형,2023-12-01,,,
2023,수원시,팔달구청,2023-03-30 14:43,장안동 장안동 화서문로17번길,주행형,2023-12-01,,,
2023,수원시,팔달구청,2023-03-30 14:43,장안동 장안동 화서문로17번길,주행형,2023-12-01,,,
2023,수원시,권선구청,2023-03-30 14:44,곡반정동 하나로마트한국빌딩앞,고정형,2023-12-01,,,
2023,수원시,팔달구청,2023-03-30 14:48,장안동 장안동 화서문로51번길,주행형,2023-12-01,,,
2023,수원시,영통구청,2023-03-30 14:51,경기도수원시영통구망포동 수원시 영통구 망포동 380,보행,2023-12-01,,,
2023,수원시,영통구청,2023-03-30 14:51,경기도수원시영통구망포동 수원시 영통구 망포동 380,보행,2023-12-01,,,
2023,수원시,영통구청,2023-03-30 14:52,경기도수원시영통구망포동 수원시 영통구 망포동 380,보행,2023-12-01,,,
2023,수원시,영통구청,2023-03-30 14:54,경기도수원시영통구망포동 수원시 영통구 망포동 383,보행,2023-12-01,,,
2023,수원시,영통구청,2023-03-30 14:55,이의동 드림스퀘어Ⅱ 앞,고정형,2023-12-01,,,
2023,수원시,영통구청,2023-03-30 14:55,이의동 드림스퀘어Ⅱ 앞,고정형,2023-12-01,,,
2023,수원시,영통구청,2023-03-30 14:55,경기도수원시영통구망포동 수원시 영통구 망포동 380,보행,2023-12-01,,,
2023,수원시,영통구청,2023-03-30 14:55,경기도수원시영통구망포동 수원시 영통구 망포동 380,보행,2023-12-01,,,
2023,수원시,권선구청,2023-03-30 15:08,평동 오목초교 정문 우측 삼거리,고정형,2023-12-01,,,
2023,수원시,팔달구청,2023-03-30 15:08,매산동 팅스몰 주차장 출구 옆,고정형,2023-12-01,,,
2023,수원시,팔달구청,2023-03-30 15:13,인계동 드림캐슬주상복합,고정형,2023-12-01,,,
2023,수원시,영통구청,2023-03-30 15:20,하동 광교호반마을한양수자인,고정형,2023-12-01,,,
2023,수원시,영통구청,2023-03-30 15:22,이의동 드림스퀘어Ⅱ 앞,고정형,2023-12-01,,,
2023,수원시,권선구청,2023-03-30 15:26,권선동 NC터미널점 버스정류장 앞,고정형,2023-12-01,,,
2023,수원시,권선구청,2023-03-30 15:55,서둔동 수원역한라비발디퍼스트 앞1,고정형,2023-12-01,,,
2023,수원시,팔달구청,2023-03-30 16:02,인계동 드림캐슬주상복합,고정형,2023-12-01,,,
2023,수원시,팔달구청,2023-03-30 16:04,인계동 경인통계청,고정형,2023-12-01,,,
2023,수원시,팔달구청,2023-03-30 16:04,인계동 경인통계청,고정형,2023-12-01,,,
2023,수원시,팔달구청,2023-03-30 16:05,화서1동 수원역푸르지오자이 북문 우측,고정형,2023-12-01,,,
2023,수원시,팔달구청,2023-03-30 16:05,화서1동 수원역푸르지오자이 북문 우측,고정형,2023-12-01,,,
2023,수원시,팔달구청,2023-03-30 16:06,매산동 팅스몰 주차장 출구 옆,고정형,2023-12-01,,,
2023,수원시,권선구청,2023-03-30 16:33,권선2동 곡정초교 정문 좌측 사거리,고정형,2023-12-01,,,
2023,수원시,권선구청,2023-03-30 16:38,평동 수원역고가밑 (애경뒷길),고정형,2023-12-01,,,
2023,수원시,권선구청,2023-03-30 16:57,곡선동 휴먼푸드 인근,고정형,2023-12-01,,,
2023,수원시,팔달구청,2023-03-30 17:02,화서1동 푸르지오자이 북문 CU 앞 횡단보도,고정형,2023-12-01,,,
2023,수원시,팔달구청,2023-03-30 17:02,화서1동 푸르지오자이 북문 CU 앞 횡단보도,고정형,2023-12-01,,,
2023,수원시,권선구청,2023-03-30 17:24,권선2동 곡정초교 정문 좌측 사거리,고정형,2023-12-01,,,
2023,수원시,권선구청,2023-03-30 17:26,오목천동 527-12,국민신문고,2023-12-01,,,
2023,수원시,팔달구청,2023-03-30 17:34,인계동 드림캐슬주상복합,고정형,2023-12-01,,,
2023,수원시,팔달구청,2023-03-30 17:55,매산동 팅스몰 주차장 출구 옆,고정형,2023-12-01,,,
2023,수원시,팔달구청,2023-03-30 18:42,매산동 덕영대로 895번길 9-8,고정형,2023-12-01,,,
2023,수원시,팔달구청,2023-03-30 18:48,화서1동 수원역푸르지오자이 북문 우측,고정형,2023-12-01,,,
2023,수원시,팔달구청,2023-03-30 19:11,매산동 팅스몰 주차장 출구 옆,고정형,2023-12-01,,,
2023,수원시,팔달구청,2023-03-30 19:12,화서1동 수원역푸르지오자이 북문 우측,고정형,2023-12-01,,,
2023,수원시,팔달구청,2023-03-30 19:23,매산동 덕영대로 895번길 9-8,고정형,2023-12-01,,,
2023,수원시,영통구청,2023-03-30 19:25,경기도수원시영통구망포동 수원시 영통구 망포동 416,보행,2023-12-01,,,
2023,수원시,영통구청,2023-03-30 19:25,경기도수원시영통구망포동 수원시 영통구 망포동 416,보행,2023-12-01,,,
2023,수원시,팔달구청,2023-03-30 19:30,인계동 드림캐슬주상복합,고정형,2023-12-01,,,
2023,수원시,팔달구청,2023-03-30 19:30,인계동 드림캐슬주상복합,고정형,2023-12-01,,,
2023,수원시,팔달구청,2023-03-30 19:41,인계동 드림캐슬주상복합,고정형,2023-12-01,,,
2023,수원시,팔달구청,2023-03-30 20:04,매산동 팅스몰 주차장 출구 옆,고정형,2023-12-01,,,
2023,수원시,팔달구청,2023-03-30 20:14,매교동 매교동 91-19 횡단보도,국민신문고,2023-12-01,,,
2023,수원시,팔달구청,2023-03-30 20:20,매산동 팅스몰 주차장 출구 옆,고정형,2023-12-01,,,
2023,수원시,팔달구청,2023-03-30 20:37,매산동 팅스몰 주차장 출구 옆,고정형,2023-12-01,,,
2023,수원시,영통구청,2023-03-31 7:04,이의동 광교가재울마을사거리,고정형,2023-12-01,,,
2023,수원시,영통구청,2023-03-31 7:05,이의동 광교가재울마을사거리,고정형,2023-12-01,,,
2023,수원시,팔달구청,2023-03-31 7:33,매산동 덕영대로 895번길 9-8,고정형,2023-12-01,,,
2023,수원시,영통구청,2023-03-31 7:49,망포동 힐스테이트 119동 ~방죽공원 삼거리,고정형,2023-12-01,,,
2023,수원시,팔달구청,2023-03-31 8:02,매산동 덕영대로 895번길 9-8,고정형,2023-12-01,,,
2023,수원시,팔달구청,2023-03-31 8:14,매산동 역전농협,고정형,2023-12-01,,,
2023,수원시,영통구청,2023-03-31 8:20,망포동 힐스테이트 119동 ~방죽공원 삼거리,고정형,2023-12-01,,,
2023,수원시,팔달구청,2023-03-31 8:55,매산동 덕영대로 895번길 9-8,고정형,2023-12-01,,,
2023,수원시,팔달구청,2023-03-31 9:43,인계동 드림캐슬주상복합,고정형,2023-12-01,,,
2023,수원시,영통구청,2023-03-31 10:08,이의동 드림스퀘어Ⅱ 앞,고정형,2023-12-01,,,
2023,수원시,영통구청,2023-03-31 10:28,광교동 광교이의119안전센터,고정형,2023-12-01,,,
2023,수원시,영통구청,2023-03-31 11:03,망포동 망포동 80-15,주행형,2023-12-01,,,
2023,수원시,영통구청,2023-03-31 11:03,망포동 망포동 81-3,주행형,2023-12-01,,,
2023,수원시,영통구청,2023-03-31 11:03,망포동 망포동 40-234,주행형,2023-12-01,,,
2023,수원시,영통구청,2023-03-31 11:03,망포동 망포동 123-19,주행형,2023-12-01,,,
2023,수원시,영통구청,2023-03-31 11:03,망포동 망포동 123-19,주행형,2023-12-01,,,
2023,수원시,영통구청,2023-03-31 11:03,망포동 망포동 123-19,주행형,2023-12-01,,,
2023,수원시,영통구청,2023-03-31 11:03,망포동 망포동 123-19,주행형,2023-12-01,,,
2023,수원시,영통구청,2023-03-31 11:03,망포동 망포동 123-19,주행형,2023-12-01,,,
2023,수원시,영통구청,2023-03-31 11:03,망포동 망포동 123-19,주행형,2023-12-01,,,
2023,수원시,영통구청,2023-03-31 11:03,망포동 망포동 123-19,주행형,2023-12-01,,,
2023,수원시,영통구청,2023-03-31 11:03,망포동 망포동 123-19,주행형,2023-12-01,,,
2023,수원시,영통구청,2023-03-31 11:04,망포동 망포동 80-15,주행형,2023-12-01,,,
2023,수원시,영통구청,2023-03-31 12:06,영통동 롯데마트 뒤,고정형,2023-12-01,37.27220279535416,127.10856729001851,
2023,수원시,영통구청,2023-03-31 12:22,이의동 광교가재울마을사거리,고정형,2023-12-01,,,
2023,수원시,영통구청,2023-03-31 13:43,광교동 광교웰빙타운한양수자인,고정형,2023-12-01,,,
2023,수원시,팔달구청,2023-03-31 14:08,고등동 고등동 180-2 횡단보도,국민신문고,2023-12-01,,,
2023,수원시,팔달구청,2023-03-31 14:36,인계동 한국씨티은행,고정형,2023-12-01,,,
2023,수원시,영통구청,2023-03-31 14:37,이의동 드림스퀘어Ⅱ 앞,고정형,2023-12-01,,,
2023,수원시,팔달구청,2023-03-31 15:13,매산동 팅스몰 주차장 출구 옆,고정형,2023-12-01,,,
2023,수원시,팔달구청,2023-03-31 15:13,매산동 팅스몰 주차장 출구 옆,고정형,2023-12-01,,,
2023,수원시,영통구청,2023-03-31 15:50,이의동 드림스퀘어Ⅱ 앞,고정형,2023-12-01,,,
2023,수원시,팔달구청,2023-03-31 16:04,매산동 팅스몰 주차장 출구 옆,고정형,2023-12-01,,,
2023,수원시,권선구청,2023-03-31 16:10,입북동 서울83바6061,국민신문고,2023-12-01,,,
2023,수원시,팔달구청,2023-03-31 16:26,인계동 한국씨티은행,고정형,2023-12-01,,,
2023,수원시,팔달구청,2023-03-31 16:42,인계동 드림캐슬주상복합,고정형,2023-12-01,,,
2023,수원시,영통구청,2023-03-31 16:46,광교동 광교웰빙타운한양수자인,고정형,2023-12-01,,,
2023,수원시,팔달구청,2023-03-31 17:04,인계동 드림캐슬주상복합,고정형,2023-12-01,,,
2023,수원시,팔달구청,2023-03-31 17:27,인계동 경인통계청,고정형,2023-12-01,,,
2023,수원시,팔달구청,2023-03-31 17:42,인계동 드림캐슬주상복합,고정형,2023-12-01,,,
2023,수원시,영통구청,2023-03-31 19:39,경기도수원시영통구원천동 수원시 영통구 원천동 29,보행,2023-12-01,,,
2023,수원시,영통구청,2023-03-31 19:40,경기도수원시영통구원천동 수원시 영통구 원천동 29,보행,2023-12-01,,,
2023,수원시,영통구청,2023-03-31 19:47,원천동 광교매원초등학교,고정형,2023-12-01,,,
2023,수원시,팔달구청,2023-03-31 20:02,매산동 팅스몰 주차장 출구 옆,고정형,2023-12-01,,,
2023,수원시,팔달구청,2023-03-31 20:13,인계동 드림캐슬주상복합,고정형,2023-12-01,,,
2023,수원시,영통구청,2023-03-31 20:32,이의동 광교호반베르디움 103동 앞,고정형,2023-12-01,,,
2023,수원시,팔달구청,2023-03-31 20:45,인계동 드림캐슬주상복합,고정형,2023-12-01,,,
2023,수원시,영통구청,2023-03-31 20:48,원천동 광교매원초등학교,고정형,2023-12-01,,,
2023,수원시,팔달구청,2023-03-31 21:02,인계동 드림캐슬주상복합,고정형,2023-12-01,,,
2023,수원시,팔달구청,2023-03-31 21:02,인계동 드림캐슬주상복합,고정형,2023-12-01,,,
2023,수원시,팔달구청,2023-03-31 21:39,매산동 역전농협,고정형,2023-12-01,,,
2023,수원시,영통구청,2023-03-31 22:13,영통구 영통동 1081,국민신문고,2023-12-01,37.2517407363656,127.075855155717,
2023,수원시,권선구청,2023-03-31 22:50,곡반정동 562-2,국민신문고,2023-12-01,,,
2023,수원시,권선구청,2023-03-31 22:50,곡반정동 562-2,국민신문고,2023-12-01,,,
2023,수원시,권선구청,2023-04-01 8:19,오목천동 527-5,국민신문고,2023-12-01,,,
2023,수원시,권선구청,2023-04-01 8:24,오목천동 527-5,국민신문고,2023-12-01,,,
2023,수원시,팔달구청,2023-04-01 9:02,매산동 팅스몰 주차장 출구 옆,고정형,2023-12-01,,,
2023,수원시,팔달구청,2023-04-01 9:02,매산동 팅스몰 주차장 출구 옆,고정형,2023-12-01,,,
2023,수원시,권선구청,2023-04-01 9:02,서둔동 가온팰리스옆1,고정형,2023-12-01,,,
2023,수원시,권선구청,2023-04-01 9:03,곡반정동 하나로마트한국빌딩앞,고정형,2023-12-01,,,
2023,수원시,권선구청,2023-04-01 9:03,곡반정동 하나로마트한국빌딩앞,고정형,2023-12-01,,,
2023,수원시,영통구청,2023-04-01 9:03,이의동 부함식당 앞,고정형,2023-12-01,,,
2023,수원시,권선구청,2023-04-01 9:03,곡선동 휴먼푸드 인근,고정형,2023-12-01,,,
2023,수원시,팔달구청,2023-04-01 9:04,인계동 드림캐슬주상복합,고정형,2023-12-01,,,
2023,수원시,팔달구청,2023-04-01 9:06,매산동 팅스몰 주차장 출구 옆,고정형,2023-12-01,,,
2023,수원시,팔달구청,2023-04-01 9:14,인계동 드림캐슬주상복합,고정형,2023-12-01,,,
2023,수원시,권선구청,2023-04-01 9:15,곡반정동 하나로마트한국빌딩앞,고정형,2023-12-01,,,
2023,수원시,팔달구청,2023-04-01 9:27,인계동 드림캐슬주상복합,고정형,2023-12-01,,,
2023,수원시,권선구청,2023-04-01 9:28,서둔동 가온팰리스옆2,고정형,2023-12-01,,,
2023,수원시,팔달구청,2023-04-01 9:30,인계동 한국씨티은행,고정형,2023-12-01,,,
2023,수원시,영통구청,2023-04-01 9:31,광교동 광교이의119안전센터,고정형,2023-12-01,,,
2023,수원시,영통구청,2023-04-01 9:33,원천동 광교에일린의뜰 북측,고정형,2023-12-01,,,
2023,수원시,권선구청,2023-04-01 9:45,서둔동 가온팰리스옆2,고정형,2023-12-01,,,
2023,수원시,영통구청,2023-04-01 9:45,이의동 드림스퀘어Ⅱ 앞,고정형,2023-12-01,,,
2023,수원시,권선구청,2023-04-01 9:58,서둔동 가온팰리스옆1,고정형,2023-12-01,,,
2023,수원시,팔달구청,2023-04-01 9:59,인계동 경인통계청,고정형,2023-12-01,,,
2023,수원시,팔달구청,2023-04-01 10:05,화서1동 수원역푸르지오자이 북문 우측,고정형,2023-12-01,,,
2023,수원시,영통구청,2023-04-01 10:19,-1 영통동 1079,국민신문고,2023-12-01,,,
2023,수원시,영통구청,2023-04-01 10:19,-1 영통동 1079,국민신문고,2023-12-01,,,
2023,수원시,권선구청,2023-04-01 10:23,곡반정동 하나로마트한국빌딩앞,고정형,2023-12-01,,,
2023,수원시,영통구청,2023-04-01 11:00,영통동 롯데마트 뒤,고정형,2023-12-01,37.27220279535416,127.10856729001851,
2023,수원시,영통구청,2023-04-01 11:28,망포동 힐스테이트 119동 ~방죽공원 삼거리,고정형,2023-12-01,,,
2023,수원시,영통구청,2023-04-01 11:34,망포동 힐스테이트 119동 ~방죽공원 삼거리,고정형,2023-12-01,,,
2023,수원시,권선구청,2023-04-01 11:56,곡선동 휴먼푸드 인근,고정형,2023-12-01,,,
2023,수원시,권선구청,2023-04-01 12:14,구운동 1029-4,국민신문고,2023-12-01,,,
2023,수원시,영통구청,2023-04-01 12:52,영통동 롯데마트 뒤,고정형,2023-12-01,37.27220279535416,127.10856729001851,
2023,수원시,권선구청,2023-04-01 13:02,경기도수원시권선구고색동 수원시 권선구 고색동 14-36,보행,2023-12-01,,,
2023,수원시,권선구청,2023-04-01 13:03,경기도수원시권선구고색동 수원시 권선구 고색동 14-36,보행,2023-12-01,,,
2023,수원시,장안구청,2023-04-01 13:23,상광교동 광교버스정류장종점,고정형,2023-12-01,,,
2023,수원시,권선구청,2023-04-01 13:36,오목천동 527-5,국민신문고,2023-12-01,,,
2023,수원시,팔달구청,2023-04-01 13:37,매산동 역전농협,고정형,2023-12-01,,,
2023,수원시,영통구청,2023-04-01 13:44,광교동 광교 덴티움지식산업센터 앞 사거리,고정형,2023-12-01,,,
2023,수원시,팔달구청,2023-04-01 13:53,고등동 고등동 156-117 횡단보도,국민신문고,2023-12-01,,,
2023,수원시,권선구청,2023-04-01 14:08,고색동 도이치 고객주차장 출입구,고정형,2023-12-01,,,
2023,수원시,권선구청,2023-04-01 14:32,곡반정동 하나로마트한국빌딩앞,고정형,2023-12-01,,,
2023,수원시,권선구청,2023-04-01 14:32,곡반정동 하나로마트한국빌딩앞,고정형,2023-12-01,,,
2023,수원시,권선구청,2023-04-01 14:33,서둔동 가온팰리스옆2,고정형,2023-12-01,,,
2023,수원시,영통구청,2023-04-01 14:33,영통동 보보스스포츠센터앞,고정형,2023-12-01,,,
2023,수원시,팔달구청,2023-04-01 14:33,인계동 드림캐슬주상복합,고정형,2023-12-01,,,
2023,수원시,권선구청,2023-04-01 14:35,서둔동 수원역한라비발디퍼스트 앞1,고정형,2023-12-01,,,
2023,수원시,팔달구청,2023-04-01 14:36,매산동 팅스몰 주차장 출구 옆,고정형,2023-12-01,,,
2023,수원시,권선구청,2023-04-01 14:40,서둔동 가온팰리스옆2,고정형,2023-12-01,,,
2023,수원시,팔달구청,2023-04-01 14:41,매산동 팅스몰 주차장 출구 옆,고정형,2023-12-01,,,
2023,수원시,권선구청,2023-04-01 14:42,서둔동 수원역한라비발디퍼스트 앞1,고정형,2023-12-01,,,
2023,수원시,팔달구청,2023-04-01 14:42,인계동 드림캐슬주상복합,고정형,2023-12-01,,,
2023,수원시,팔달구청,2023-04-01 14:43,인계동 한국씨티은행,고정형,2023-12-01,,,
2023,수원시,영통구청,2023-04-01 14:49,영통동 보보스스포츠센터앞,고정형,2023-12-01,,,
2023,수원시,팔달구청,2023-04-01 14:51,행궁동 화홍사랑채,고정형,2023-12-01,,,
2023,수원시,권선구청,2023-04-01 14:52,서둔동 수원역한라비발디퍼스트 앞1,고정형,2023-12-01,,,
2023,수원시,권선구청,2023-04-01 14:54,평동 수원역고가밑 (애경뒷길),고정형,2023-12-01,,,
2023,수원시,팔달구청,2023-04-01 14:56,화서1동 수원역푸르지오자이 북문 우측,고정형,2023-12-01,,,
2023,수원시,팔달구청,2023-04-01 14:57,인계동 경인통계청,고정형,2023-12-01,,,
2023,수원시,권선구청,2023-04-01 15:06,서둔동 수원역한라비발디퍼스트 앞1,고정형,2023-12-01,,,
2023,수원시,권선구청,2023-04-01 15:07,호매실동 금호프라자 대각 맞은편,고정형,2023-12-01,,,
2023,수원시,권선구청,2023-04-01 15:09,서둔동 수원역한라비발디퍼스트 앞1,고정형,2023-12-01,,,
2023,수원시,권선구청,2023-04-01 15:09,서둔동 수원역한라비발디퍼스트 앞1,고정형,2023-12-01,,,
2023,수원시,팔달구청,2023-04-01 15:10,인계동 드림캐슬주상복합,고정형,2023-12-01,,,
2023,수원시,권선구청,2023-04-01 15:15,서둔동 가온팰리스옆1,고정형,2023-12-01,,,
2023,수원시,팔달구청,2023-04-01 15:16,화서1동 푸르지오자이 북문 CU 앞 횡단보도,고정형,2023-12-01,,,
2023,수원시,영통구청,2023-04-01 15:18,이의동 드림스퀘어Ⅱ 앞,고정형,2023-12-01,,,
2023,수원시,팔달구청,2023-04-01 15:21,경기도수원시팔달구화서동 수원시 팔달구 화서동 71-!!,보행,2023-12-01,,,
2023,수원시,팔달구청,2023-04-01 15:21,경기도수원시팔달구화서동 수원시 팔달구 화서동 71-!!,보행,2023-12-01,,,
2023,수원시,팔달구청,2023-04-01 15:22,인계동 한국씨티은행,고정형,2023-12-01,,,
2023,수원시,권선구청,2023-04-01 15:23,서둔동 225-31,국민신문고,2023-12-01,,,
2023,수원시,권선구청,2023-04-01 15:24,서둔동 가온팰리스옆2,고정형,2023-12-01,,,
2023,수원시,팔달구청,2023-04-01 15:27,인계동 드림캐슬주상복합,고정형,2023-12-01,,,
2023,수원시,권선구청,2023-04-01 15:31,평동 SK모터스 고가 옆,고정형,2023-12-01,,,
2023,수원시,팔달구청,2023-04-01 15:39,매산동 팅스몰 주차장 출구 옆,고정형,2023-12-01,,,
2023,수원시,팔달구청,2023-04-01 15:41,행궁동 화홍사랑채,고정형,2023-12-01,,,
2023,수원시,권선구청,2023-04-01 15:46,오목천동 527-5,국민신문고,2023-12-01,,,
2023,수원시,팔달구청,2023-04-01 15:52,인계동 경인통계청,고정형,2023-12-01,,,
2023,수원시,권선구청,2023-04-01 15:59,서둔동 수원역한라비발디퍼스트 앞1,고정형,2023-12-01,,,
2023,수원시,팔달구청,2023-04-01 16:04,인계동 경인통계청,고정형,2023-12-01,,,
2023,수원시,권선구청,2023-04-01 16:07,서둔동 수원역한라비발디퍼스트 앞1,고정형,2023-12-01,,,
2023,수원시,권선구청,2023-04-01 16:17,서둔동 수원역한라비발디퍼스트 앞2,고정형,2023-12-01,,,
2023,수원시,팔달구청,2023-04-01 16:23,인계동 경인통계청,고정형,2023-12-01,,,
2023,수원시,권선구청,2023-04-01 16:38,서둔동 수원역한라비발디퍼스트 앞1,고정형,2023-12-01,,,
2023,수원시,영통구청,2023-04-01 16:38,영통동 롯데마트 뒤,고정형,2023-12-01,37.27220279535416,127.10856729001851,
2023,수원시,팔달구청,2023-04-01 16:44,인계동 경인통계청,고정형,2023-12-01,,,
2023,수원시,권선구청,2023-04-01 16:49,곡반정동 하나로마트한국빌딩앞,고정형,2023-12-01,,,
2023,수원시,팔달구청,2023-04-01 17:17,매산동 팅스몰 주차장 출구 옆,고정형,2023-12-01,,,
2023,수원시,영통구청,2023-04-01 17:20,이의동 드림스퀘어Ⅱ 앞,고정형,2023-12-01,,,
2023,수원시,권선구청,2023-04-01 17:20,오목천동 한화꿈에그린아파트 209동앞,고정형,2023-12-01,,,
2023,수원시,팔달구청,2023-04-01 17:23,행궁동 화홍사랑채,고정형,2023-12-01,,,
2023,수원시,권선구청,2023-04-01 17:23,호매실동 금호프라자 대각 맞은편,고정형,2023-12-01,,,
2023,수원시,팔달구청,2023-04-01 17:24,매산동 팅스몰 주차장 출구 옆,고정형,2023-12-01,,,
2023,수원시,팔달구청,2023-04-01 17:28,인계동 경인통계청,고정형,2023-12-01,,,
2023,수원시,팔달구청,2023-04-01 17:30,매산동 팅스몰 주차장 출구 옆,고정형,2023-12-01,,,
2023,수원시,팔달구청,2023-04-01 17:30,인계동 한국씨티은행,고정형,2023-12-01,,,
2023,수원시,팔달구청,2023-04-01 17:36,매산동 팅스몰 주차장 출구 옆,고정형,2023-12-01,,,
2023,수원시,팔달구청,2023-04-01 17:36,매산동 역전농협,고정형,2023-12-01,,,
2023,수원시,팔달구청,2023-04-01 17:48,인계동 한국씨티은행,고정형,2023-12-01,,,
2023,수원시,팔달구청,2023-04-01 17:57,화서1동 푸르지오자이 북문 CU 앞 횡단보도,고정형,2023-12-01,,,
2023,수원시,팔달구청,2023-04-01 18:15,인계동 드림캐슬주상복합,고정형,2023-12-01,,,
2023,수원시,권선구청,2023-04-01 18:31,오목천동 527-5,국민신문고,2023-12-01,,,
2023,수원시,팔달구청,2023-04-01 18:50,인계동 드림캐슬주상복합,고정형,2023-12-01,,,
2023,수원시,팔달구청,2023-04-01 19:13,매산동 팅스몰 주차장 출구 옆,고정형,2023-12-01,,,
2023,수원시,팔달구청,2023-04-01 19:18,화서1동 수원역푸르지오자이 북문 우측,고정형,2023-12-01,,,
2023,수원시,팔달구청,2023-04-01 19:18,인계동 드림캐슬주상복합,고정형,2023-12-01,,,
2023,수원시,팔달구청,2023-04-01 19:35,화서1동 수원역푸르지오자이 북문 우측,고정형,2023-12-01,,,
2023,수원시,팔달구청,2023-04-01 19:47,화서1동 수원역푸르지오자이 북문 우측,고정형,2023-12-01,,,
2023,수원시,팔달구청,2023-04-01 19:50,화서1동 수원역푸르지오자이 북문 우측,고정형,2023-12-01,,,
2023,수원시,팔달구청,2023-04-01 20:11,매산동 팅스몰 주차장 출구 옆,고정형,2023-12-01,,,
2023,수원시,팔달구청,2023-04-01 20:11,매산동 팅스몰 주차장 출구 옆,고정형,2023-12-01,,,
2023,수원시,팔달구청,2023-04-01 20:11,매산동 팅스몰 주차장 출구 옆,고정형,2023-12-01,,,
2023,수원시,팔달구청,2023-04-01 20:21,매산동 팅스몰 주차장 출구 옆,고정형,2023-12-01,,,
2023,수원시,팔달구청,2023-04-01 20:28,인계동 드림캐슬주상복합,고정형,2023-12-01,,,
2023,수원시,팔달구청,2023-04-01 20:31,매산동 팅스몰 주차장 출구 옆,고정형,2023-12-01,,,
2023,수원시,팔달구청,2023-04-01 21:06,매교동 매교동 287-24 횡단보도,국민신문고,2023-12-01,,,
2023,수원시,팔달구청,2023-04-01 21:07,매교동 매교동 114-89 횡단보도,국민신문고,2023-12-01,,,
2023,수원시,팔달구청,2023-04-01 21:09,매교동 매교동 114-89 횡단보도,국민신문고,2023-12-01,,,
2023,수원시,팔달구청,2023-04-01 21:42,매교동 매교동 88-18 소화전,국민신문고,2023-12-01,,,
2023,수원시,팔달구청,2023-04-01 21:45,매교동 매교동 287-110 횡단보도,국민신문고,2023-12-01,,,
2023,수원시,권선구청,2023-04-02 9:02,곡선동 휴먼푸드 인근,고정형,2023-12-01,,,
2023,수원시,팔달구청,2023-04-02 9:02,인계동 드림캐슬주상복합,고정형,2023-12-01,,,
2023,수원시,권선구청,2023-04-02 9:03,곡반정동 하나로마트한국빌딩앞,고정형,2023-12-01,,,
2023,수원시,팔달구청,2023-04-02 9:04,매산동 팅스몰 주차장 출구 옆,고정형,2023-12-01,,,
2023,수원시,권선구청,2023-04-02 9:04,곡반정동 하나로마트한국빌딩앞,고정형,2023-12-01,,,
2023,수원시,권선구청,2023-04-02 9:04,곡반정동 하나로마트한국빌딩앞,고정형,2023-12-01,,,
2023,수원시,권선구청,2023-04-02 9:04,곡반정동 하나로마트한국빌딩앞,고정형,2023-12-01,,,
2023,수원시,권선구청,2023-04-02 9:04,서둔동 가온팰리스옆2,고정형,2023-12-01,,,
2023,수원시,권선구청,2023-04-02 9:04,곡반정동 하나로마트한국빌딩앞,고정형,2023-12-01,,,
2023,수원시,팔달구청,2023-04-02 9:05,매산동 팅스몰 주차장 출구 옆,고정형,2023-12-01,,,
2023,수원시,권선구청,2023-04-02 9:05,서둔동 가온팰리스옆2,고정형,2023-12-01,,,
2023,수원시,팔달구청,2023-04-02 9:06,매산동 팅스몰 주차장 출구 옆,고정형,2023-12-01,,,
2023,수원시,권선구청,2023-04-02 9:07,곡반정동 하나로마트한국빌딩앞,고정형,2023-12-01,,,
2023,수원시,팔달구청,2023-04-02 9:08,인계동 한국씨티은행,고정형,2023-12-01,,,
2023,수원시,팔달구청,2023-04-02 9:10,매산동 팅스몰 주차장 출구 옆,고정형,2023-12-01,,,
2023,수원시,권선구청,2023-04-02 9:11,서둔동 가온팰리스옆1,고정형,2023-12-01,,,
2023,수원시,영통구청,2023-04-02 9:19,광교동 광교이의119안전센터,고정형,2023-12-01,,,
2023,수원시,권선구청,2023-04-02 9:44,서둔동 롯데몰 육교건너,고정형,2023-12-01,,,
2023,수원시,팔달구청,2023-04-02 9:45,인계동 경인통계청,고정형,2023-12-01,,,
2023,수원시,팔달구청,2023-04-02 10:15,인계동 경인통계청,고정형,2023-12-01,,,
2023,수원시,팔달구청,2023-04-02 10:23,매산동 팅스몰 주차장 출구 옆,고정형,2023-12-01,,,
2023,수원시,영통구청,2023-04-02 10:39,광교동 광교 덴티움지식산업센터 앞 사거리,고정형,2023-12-01,,,
2023,수원시,영통구청,2023-04-02 10:39,광교동 광교 덴티움지식산업센터 앞 사거리,고정형,2023-12-01,,,
2023,수원시,장안구청,2023-04-02 11:06,경기도수원시장안구영화동 수원시 장안구 영화동 382,보행,2023-12-01,,,
2023,수원시,영통구청,2023-04-02 11:10,하동 광교호반마을한양수자인,고정형,2023-12-01,,,
2023,수원시,팔달구청,2023-04-02 11:11,우만동 수원시 팔달구 우만동 우만고가밑,보행,2023-12-01,,,
2023,수원시,팔달구청,2023-04-02 11:20,화서1동 수원역푸르지오자이 북문 우측,고정형,2023-12-01,,,
2023,수원시,팔달구청,2023-04-02 11:21,경기도수원시팔달구인계동 수원시 팔달구 우만동 514-3,보행,2023-12-01,,,
2023,수원시,팔달구청,2023-04-02 11:21,경기도수원시팔달구인계동 수원시 팔달구 우만동 514-3,보행,2023-12-01,,,
2023,수원시,팔달구청,2023-04-02 11:45,매향동 매향동 창룡대로 38,주행형,2023-12-01,,,
2023,수원시,팔달구청,2023-04-02 12:05,교동 수원향교 앞 팔달보건소 뒤,고정형,2023-12-01,,,
2023,수원시,팔달구청,2023-04-02 12:22,화서1동 푸르지오자이 북문 CU 앞 횡단보도,고정형,2023-12-01,,,
2023,수원시,팔달구청,2023-04-02 12:28,화서1동 수원역푸르지오자이 북문 우측,고정형,2023-12-01,,,
2023,수원시,영통구청,2023-04-02 12:39,영통동 롯데마트 뒤,고정형,2023-12-01,37.27220279535416,127.10856729001851,
2023,수원시,팔달구청,2023-04-02 12:44,화서1동 푸르지오자이 북문 CU 앞 횡단보도,고정형,2023-12-01,,,
2023,수원시,팔달구청,2023-04-02 12:49,행궁동 팔달문 버스정류장,고정형,2023-12-01,,,
2023,수원시,팔달구청,2023-04-02 13:40,화서1동 수원역푸르지오자이 북문 우측,고정형,2023-12-01,,,
2023,수원시,팔달구청,2023-04-02 13:43,화서1동 수원역푸르지오자이 북문 우측,고정형,2023-12-01,,,
2023,수원시,팔달구청,2023-04-02 14:32,경기도수원시팔달구남수동 수원시 팔달구 매향교,보행,2023-12-01,,,
2023,수원시,팔달구청,2023-04-02 14:33,인계동 경인통계청,고정형,2023-12-01,,,
2023,수원시,권선구청,2023-04-02 14:33,곡반정동 하나로마트한국빌딩앞,고정형,2023-12-01,,,
2023,수원시,팔달구청,2023-04-02 14:33,경기도수원시팔달구남수동 수원시 팔달구 매향교,보행,2023-12-01,,,
2023,수원시,팔달구청,2023-04-02 14:33,경기도수원시팔달구남수동 수원시 팔달구 매향교,보행,2023-12-01,,,
2023,수원시,영통구청,2023-04-02 14:34,이의동 드림스퀘어Ⅱ 앞,고정형,2023-12-01,,,
2023,수원시,영통구청,2023-04-02 14:34,이의동 드림스퀘어Ⅱ 앞,고정형,2023-12-01,,,
2023,수원시,권선구청,2023-04-02 14:34,서둔동 수원역한라비발디퍼스트 앞1,고정형,2023-12-01,,,
2023,수원시,권선구청,2023-04-02 14:34,서둔동 가온팰리스옆2,고정형,2023-12-01,,,
2023,수원시,권선구청,2023-04-02 14:35,서둔동 수원역한라비발디퍼스트 앞1,고정형,2023-12-01,,,
2023,수원시,팔달구청,2023-04-02 14:35,-1 KCC파크타운 정문 옆,고정형,2023-12-01,,,
2023,수원시,팔달구청,2023-04-02 14:36,매산동 팅스몰 주차장 출구 옆,고정형,2023-12-01,,,
2023,수원시,팔달구청,2023-04-02 14:36,인계동 경인통계청,고정형,2023-12-01,,,
2023,수원시,팔달구청,2023-04-02 14:49,인계동 드림캐슬주상복합,고정형,2023-12-01,,,
2023,수원시,권선구청,2023-04-02 14:55,서둔동 수원역한라비발디퍼스트 앞2,고정형,2023-12-01,,,
2023,수원시,팔달구청,2023-04-02 14:57,매산동 팅스몰 주차장 출구 옆,고정형,2023-12-01,,,
2023,수원시,영통구청,2023-04-02 15:00,광교동 광교웰빙타운한양수자인,고정형,2023-12-01,,,
2023,수원시,권선구청,2023-04-02 15:06,서둔동 수원역한라비발디퍼스트 앞2,고정형,2023-12-01,,,
2023,수원시,팔달구청,2023-04-02 15:06,행궁동 화홍사랑채,고정형,2023-12-01,,,
2023,수원시,권선구청,2023-04-02 15:06,서둔동 수원역한라비발디퍼스트 앞2,고정형,2023-12-01,,,
2023,수원시,권선구청,2023-04-02 15:06,서둔동 수원역한라비발디퍼스트 앞2,고정형,2023-12-01,,,
2023,수원시,권선구청,2023-04-02 15:13,서둔동 가온팰리스옆1,고정형,2023-12-01,,,
2023,수원시,영통구청,2023-04-02 15:16,광교동 광교웰빙타운한양수자인,고정형,2023-12-01,,,
2023,수원시,권선구청,2023-04-02 15:20,서둔동 수원역한라비발디퍼스트 앞1,고정형,2023-12-01,,,
2023,수원시,팔달구청,2023-04-02 15:21,행궁동 화홍사랑채,고정형,2023-12-01,,,
2023,수원시,팔달구청,2023-04-02 15:27,매산동 팅스몰 주차장 출구 옆,고정형,2023-12-01,,,
2023,수원시,팔달구청,2023-04-02 15:27,매산동 덕영대로 895번길 9-8,고정형,2023-12-01,,,
2023,수원시,팔달구청,2023-04-02 15:36,인계동 경인통계청,고정형,2023-12-01,,,
2023,수원시,영통구청,2023-04-02 15:37,영통동 보보스스포츠센터앞,고정형,2023-12-01,,,
2023,수원시,팔달구청,2023-04-02 15:38,경기도수원시팔달구교동 수원시 팔달구 행궁로 84번길,보행,2023-12-01,,,
2023,수원시,팔달구청,2023-04-02 15:42,교동 수원향교 앞 팔달보건소 뒤,고정형,2023-12-01,,,
2023,수원시,권선구청,2023-04-02 15:44,서둔동 수원역한라비발디퍼스트 앞1,고정형,2023-12-01,,,
2023,수원시,영통구청,2023-04-02 15:56,망포동 E-마트 에브리데이 앞,고정형,2023-12-01,37.2361017468141,127.060345496536,
2023,수원시,권선구청,2023-04-02 15:59,서둔동 가온팰리스옆2,고정형,2023-12-01,,,
2023,수원시,권선구청,2023-04-02 16:03,서둔동 수원역한라비발디퍼스트 앞1,고정형,2023-12-01,,,
2023,수원시,권선구청,2023-04-02 16:07,서둔동 수원역한라비발디퍼스트 앞2,고정형,2023-12-01,,,
2023,수원시,권선구청,2023-04-02 16:07,서둔동 수원역한라비발디퍼스트 앞1,고정형,2023-12-01,,,
2023,수원시,팔달구청,2023-04-02 16:16,행궁동 화홍사랑채,고정형,2023-12-01,,,
2023,수원시,권선구청,2023-04-02 16:16,서둔동 수원역한라비발디퍼스트 앞1,고정형,2023-12-01,,,
2023,수원시,팔달구청,2023-04-02 16:18,인계동 경인통계청,고정형,2023-12-01,,,
2023,수원시,팔달구청,2023-04-02 16:23,매산동 팅스몰 주차장 출구 옆,고정형,2023-12-01,,,
2023,수원시,팔달구청,2023-04-02 16:32,인계동 한국씨티은행,고정형,2023-12-01,,,
2023,수원시,권선구청,2023-04-02 16:32,서둔동 수원역한라비발디퍼스트 앞1,고정형,2023-12-01,,,
2023,수원시,권선구청,2023-04-02 16:41,서둔동 가온팰리스옆2,고정형,2023-12-01,,,
2023,수원시,권선구청,2023-04-02 16:41,서둔동 가온팰리스옆2,고정형,2023-12-01,,,
2023,수원시,팔달구청,2023-04-02 16:41,교동 수원향교 앞 팔달보건소 뒤,고정형,2023-12-01,,,
2023,수원시,팔달구청,2023-04-02 16:44,매산동 팅스몰 주차장 출구 옆,고정형,2023-12-01,,,
2023,수원시,권선구청,2023-04-02 16:49,서둔동 수원역한라비발디퍼스트 앞2,고정형,2023-12-01,,,
2023,수원시,권선구청,2023-04-02 16:49,곡반정동 하나로마트한국빌딩앞,고정형,2023-12-01,,,
2023,수원시,팔달구청,2023-04-02 16:52,인계동 한국씨티은행,고정형,2023-12-01,,,
2023,수원시,팔달구청,2023-04-02 16:55,교동 수원향교 앞 팔달보건소 뒤,고정형,2023-12-01,,,
2023,수원시,팔달구청,2023-04-02 17:19,행궁동 화홍사랑채,고정형,2023-12-01,,,
2023,수원시,팔달구청,2023-04-02 17:21,인계동 경인통계청,고정형,2023-12-01,,,
2023,수원시,권선구청,2023-04-02 17:36,서둔동 수원역한라비발디퍼스트 앞2,고정형,2023-12-01,,,
2023,수원시,팔달구청,2023-04-02 17:41,매산동 팅스몰 주차장 출구 옆,고정형,2023-12-01,,,
2023,수원시,팔달구청,2023-04-02 17:42,매산동 팅스몰 주차장 출구 옆,고정형,2023-12-01,,,
2023,수원시,팔달구청,2023-04-02 17:54,인계동 드림캐슬주상복합,고정형,2023-12-01,,,
2023,수원시,팔달구청,2023-04-02 17:54,인계동 드림캐슬주상복합,고정형,2023-12-01,,,
2023,수원시,팔달구청,2023-04-02 18:11,매산동 팅스몰 주차장 출구 옆,고정형,2023-12-01,,,
2023,수원시,팔달구청,2023-04-02 18:28,매산동 팅스몰 주차장 출구 옆,고정형,2023-12-01,,,
2023,수원시,팔달구청,2023-04-02 18:47,인계동 드림캐슬주상복합,고정형,2023-12-01,,,
2023,수원시,팔달구청,2023-04-02 19:24,매교동 매교동 114-89 횡단보도,국민신문고,2023-12-01,,,
2023,수원시,팔달구청,2023-04-02 19:24,매교동 매교동 114-89 횡단보도,국민신문고,2023-12-01,,,
2023,수원시,팔달구청,2023-04-02 19:41,화서1동 수원역푸르지오자이 북문 우측,고정형,2023-12-01,,,
2023,수원시,팔달구청,2023-04-02 19:41,화서1동 수원역푸르지오자이 북문 우측,고정형,2023-12-01,,,
2023,수원시,팔달구청,2023-04-02 19:44,매산동 덕영대로 895번길 9-8,고정형,2023-12-01,,,
2023,수원시,팔달구청,2023-04-02 19:47,매산동 팅스몰 주차장 출구 옆,고정형,2023-12-01,,,
2023,수원시,팔달구청,2023-04-02 20:02,매산동 역전농협,고정형,2023-12-01,,,
2023,수원시,팔달구청,2023-04-02 20:05,매산동 팅스몰 주차장 출구 옆,고정형,2023-12-01,,,
2023,수원시,팔달구청,2023-04-02 20:17,매산동 팅스몰 주차장 출구 옆,고정형,2023-12-01,,,
2023,수원시,팔달구청,2023-04-02 20:48,인계동 드림캐슬주상복합,고정형,2023-12-01,,,
2023,수원시,장안구청,2023-04-03 6:08,조원동 조원동 552-24,국민신문고,2023-12-01,,,
2023,수원시,팔달구청,2023-04-03 7:02,화서1동 수원역푸르지오자이 북문 우측,고정형,2023-12-01,,,
2023,수원시,팔달구청,2023-04-03 7:02,화서1동 수원역푸르지오자이 북문 우측,고정형,2023-12-01,,,
2023,수원시,팔달구청,2023-04-03 7:32,매산동 역전농협,고정형,2023-12-01,,,
2023,수원시,팔달구청,2023-04-03 7:39,인계동 경인통계청,고정형,2023-12-01,,,
2023,수원시,권선구청,2023-04-03 8:02,곡반정동 궁촌육교앞,고정형,2023-12-01,,,
2023,수원시,권선구청,2023-04-03 8:03,곡선동 휴먼푸드 인근,고정형,2023-12-01,,,
2023,수원시,권선구청,2023-04-03 8:04,곡반정동 하나로마트한국빌딩앞,고정형,2023-12-01,,,
2023,수원시,권선구청,2023-04-03 8:04,곡반정동 하나로마트한국빌딩앞,고정형,2023-12-01,,,
2023,수원시,팔달구청,2023-04-03 8:05,인계동 드림캐슬주상복합,고정형,2023-12-01,,,
2023,수원시,권선구청,2023-04-03 8:06,서둔동 가온팰리스옆2,고정형,2023-12-01,,,
2023,수원시,권선구청,2023-04-03 8:07,곡반정동 하나로마트한국빌딩앞,고정형,2023-12-01,,,
2023,수원시,권선구청,2023-04-03 8:07,서둔동 가온팰리스옆1,고정형,2023-12-01,,,
2023,수원시,권선구청,2023-04-03 8:15,권선2동 곡정초교 정문 좌측 사거리,고정형,2023-12-01,,,
2023,수원시,권선구청,2023-04-03 8:15,권선2동 곡정초교 정문 좌측 사거리,고정형,2023-12-01,,,
2023,수원시,권선구청,2023-04-03 8:15,권선2동 곡정초교 정문 좌측 사거리,고정형,2023-12-01,,,
2023,수원시,팔달구청,2023-04-03 8:16,인계동 경인통계청,고정형,2023-12-01,,,
2023,수원시,권선구청,2023-04-03 8:16,권선2동 곡정초교 정문 좌측 사거리,고정형,2023-12-01,,,
2023,수원시,영통구청,2023-04-03 8:21,광교동 광교더사랑교회뒷길,고정형,2023-12-01,,,
2023,수원시,권선구청,2023-04-03 8:21,평동 고현초교 정문 좌측 삼거리,고정형,2023-12-01,,,
2023,수원시,권선구청,2023-04-03 8:25,세류3동 신곡초교 후문 좌측 사거리,고정형,2023-12-01,,,
2023,수원시,권선구청,2023-04-03 8:51,곡선동 휴먼푸드 인근,고정형,2023-12-01,,,
2023,수원시,영통구청,2023-04-03 9:47,광교동 광교이의119안전센터,고정형,2023-12-01,,,
2023,수원시,영통구청,2023-04-03 10:07,영통동 롯데마트 뒤,고정형,2023-12-01,37.27220279535416,127.10856729001851,
2023,수원시,영통구청,2023-04-03 10:14,망포동 영통로27번길,주행형,2023-12-01,,,
2023,수원시,영통구청,2023-04-03 10:14,망포동 영통로27번길,주행형,2023-12-01,,,
2023,수원시,영통구청,2023-04-03 10:14,망포동 영통로27번길,주행형,2023-12-01,,,
2023,수원시,영통구청,2023-04-03 10:14,반월동 영통로27번길,주행형,2023-12-01,,,
2023,수원시,영통구청,2023-04-03 10:16,경기도수원시영통구원천동 수원시 영통구 원천동 28,보행,2023-12-01,,,
2023,수원시,팔달구청,2023-04-03 10:21,장안동 장안동 화서문로17번길 4,주행형,2023-12-01,,,
2023,수원시,팔달구청,2023-04-03 10:26,팔달로2가 팔달로2가 정조로796번길,주행형,2023-12-01,,,
2023,수원시,팔달구청,2023-04-03 10:26,팔달로2가 팔달로2가 정조로796번길,주행형,2023-12-01,,,
2023,수원시,팔달구청,2023-04-03 10:26,남수동 남수동 정조로796번길,주행형,2023-12-01,,,
2023,수원시,팔달구청,2023-04-03 10:27,영동 영동 팔달문로9,주행형,2023-12-01,,,
2023,수원시,팔달구청,2023-04-03 10:33,인계동 드림캐슬주상복합,고정형,2023-12-01,,,
2023,수원시,팔달구청,2023-04-03 10:34,매산동 팅스몰 주차장 출구 옆,고정형,2023-12-01,,,
2023,수원시,장안구청,2023-04-03 12:52,상광교동 광교버스정류장종점,고정형,2023-12-01,,,
2023,수원시,영통구청,2023-04-03 12:56,광교동 광교이의119안전센터,고정형,2023-12-01,,,
2023,수원시,권선구청,2023-04-03 13:21,입북동 당수초교 정문 우측 사거리,고정형,2023-12-01,,,
2023,수원시,장안구청,2023-04-03 13:21,상광교동 광교버스정류장종점,고정형,2023-12-01,,,
2023,수원시,팔달구청,2023-04-03 13:44,매산동 역전농협,고정형,2023-12-01,,,
2023,수원시,팔달구청,2023-04-03 13:44,매산동 역전농협,고정형,2023-12-01,,,
2023,수원시,영통구청,2023-04-03 13:55,광교동 광교 덴티움지식산업센터 앞 사거리,고정형,2023-12-01,,,
2023,수원시,팔달구청,2023-04-03 13:55,고등동 고등동 221-11 횡단보도,국민신문고,2023-12-01,,,
2023,수원시,팔달구청,2023-04-03 14:19,남수동 남수동 정조로796번길,주행형,2023-12-01,,,
2023,수원시,팔달구청,2023-04-03 14:20,영동 영동 수원천로275,주행형,2023-12-01,,,
2023,수원시,팔달구청,2023-04-03 14:23,장안동 장안동 화서문로17번길,주행형,2023-12-01,,,
2023,수원시,팔달구청,2023-04-03 14:23,장안동 장안동 화서문로17번길,주행형,2023-12-01,,,
2023,수원시,팔달구청,2023-04-03 14:23,장안동 장안동 화서문로17번길,주행형,2023-12-01,,,
2023,수원시,팔달구청,2023-04-03 14:23,장안동 장안동 화서문로17번길,주행형,2023-12-01,,,
2023,수원시,팔달구청,2023-04-03 14:24,장안동 장안동 화서문로17번길,주행형,2023-12-01,,,
2023,수원시,팔달구청,2023-04-03 14:27,북수동 북수동 정조로 857,주행형,2023-12-01,,,
2023,수원시,팔달구청,2023-04-03 14:34,매산동 팅스몰 주차장 출구 옆,고정형,2023-12-01,,,
2023,수원시,팔달구청,2023-04-03 14:34,인계동 드림캐슬주상복합,고정형,2023-12-01,,,
2023,수원시,영통구청,2023-04-03 14:34,이의동 드림스퀘어Ⅱ 앞,고정형,2023-12-01,,,
2023,수원시,권선구청,2023-04-03 14:36,서둔동 수원역한라비발디퍼스트 앞1,고정형,2023-12-01,,,
2023,수원시,팔달구청,2023-04-03 14:38,인계동 드림캐슬주상복합,고정형,2023-12-01,,,
2023,수원시,팔달구청,2023-04-03 14:41,인계동 한국씨티은행,고정형,2023-12-01,,,
2023,수원시,권선구청,2023-04-03 14:45,평동 수원역고가밑 (애경뒷길),고정형,2023-12-01,,,
2023,수원시,권선구청,2023-04-03 14:47,서둔동 수원역한라비발디퍼스트 앞1,고정형,2023-12-01,,,
2023,수원시,권선구청,2023-04-03 14:56,서둔동 가온팰리스옆2,고정형,2023-12-01,,,
2023,수원시,장안구청,2023-04-03 15:07,천천동 화산로163번길,주행형,2023-12-01,,,
2023,수원시,장안구청,2023-04-03 15:07,천천동 화산로163번길,주행형,2023-12-01,,,
2023,수원시,장안구청,2023-04-03 15:07,천천동 화산로163번길,주행형,2023-12-01,,,
2023,수원시,장안구청,2023-04-03 15:07,천천동 화산로163번길,주행형,2023-12-01,,,
2023,수원시,권선구청,2023-04-03 15:29,곡선동 휴먼푸드 인근,고정형,2023-12-01,,,
2023,수원시,팔달구청,2023-04-03 15:35,인계동 한국씨티은행,고정형,2023-12-01,,,
2023,수원시,영통구청,2023-04-03 15:38,영통동 보보스스포츠센터앞,고정형,2023-12-01,,,
2023,수원시,팔달구청,2023-04-03 15:43,인계동 드림캐슬주상복합,고정형,2023-12-01,,,
2023,수원시,권선구청,2023-04-03 15:45,서둔동 가온팰리스옆2,고정형,2023-12-01,,,
2023,수원시,영통구청,2023-04-03 15:51,광교동 광교이의119안전센터,고정형,2023-12-01,,,
2023,수원시,권선구청,2023-04-03 15:53,평동 오목초교 정문 우측 삼거리,고정형,2023-12-01,,,
2023,수원시,영통구청,2023-04-03 15:58,영통동 롯데마트 뒤,고정형,2023-12-01,37.27220279535416,127.10856729001851,
2023,수원시,팔달구청,2023-04-03 16:31,인계동 드림캐슬주상복합,고정형,2023-12-01,,,
2023,수원시,영통구청,2023-04-03 16:44,이의동 드림스퀘어Ⅱ 앞,고정형,2023-12-01,,,
2023,수원시,팔달구청,2023-04-03 17:00,인계동 경인통계청,고정형,2023-12-01,,,
2023,수원시,권선구청,2023-04-03 17:10,서둔동 가온팰리스옆1,고정형,2023-12-01,,,
2023,수원시,권선구청,2023-04-03 17:12,평동 수원역고가밑 정류장,고정형,2023-12-01,,,
2023,수원시,팔달구청,2023-04-03 17:46,인계동 드림캐슬주상복합,고정형,2023-12-01,,,
2023,수원시,팔달구청,2023-04-03 17:57,인계동 드림캐슬주상복합,고정형,2023-12-01,,,
2023,수원시,영통구청,2023-04-03 18:02,영통동 롯데마트 뒤,고정형,2023-12-01,37.27220279535416,127.10856729001851,
2023,수원시,영통구청,2023-04-03 18:06,영통동 롯데마트 뒤,고정형,2023-12-01,37.27220279535416,127.10856729001851,
2023,수원시,팔달구청,2023-04-03 18:29,고등동 고등동 156-117 횡단보도,국민신문고,2023-12-01,,,
2023,수원시,팔달구청,2023-04-03 18:29,고등동 고등동 156-117 횡단보도,국민신문고,2023-12-01,,,
2023,수원시,팔달구청,2023-04-03 18:36,매산동 팅스몰 주차장 출구 옆,고정형,2023-12-01,,,
2023,수원시,팔달구청,2023-04-03 19:31,매산동 팅스몰 주차장 출구 옆,고정형,2023-12-01,,,
2023,수원시,팔달구청,2023-04-03 19:31,매산동 팅스몰 주차장 출구 옆,고정형,2023-12-01,,,
2023,수원시,팔달구청,2023-04-03 19:51,매산동 팅스몰 주차장 출구 옆,고정형,2023-12-01,,,
2023,수원시,영통구청,2023-04-03 20:38,원천동 광교매원초등학교,고정형,2023-12-01,,,
2023,수원시,영통구청,2023-04-03 20:40,하동 광교호반마을한양수자인,고정형,2023-12-01,,,
2023,수원시,팔달구청,2023-04-03 20:59,인계동 드림캐슬주상복합,고정형,2023-12-01,,,
2023,수원시,팔달구청,2023-04-03 21:28,인계동 드림캐슬주상복합,고정형,2023-12-01,,,
2023,수원시,권선구청,2023-04-04 6:03,곡반정동 562-2,국민신문고,2023-12-01,,,
2023,수원시,영통구청,2023-04-04 7:03,광교동 광교 덴티움지식산업센터 앞 사거리,고정형,2023-12-01,,,
2023,수원시,영통구청,2023-04-04 7:18,망포동 E-마트 에브리데이 앞,고정형,2023-12-01,37.2361017468141,127.060345496536,
2023,수원시,팔달구청,2023-04-04 7:34,인계동 드림캐슬주상복합,고정형,2023-12-01,,,
2023,수원시,팔달구청,2023-04-04 7:37,인계동 드림캐슬주상복합,고정형,2023-12-01,,,
2023,수원시,권선구청,2023-04-04 8:03,곡반정동 궁촌육교앞,고정형,2023-12-01,,,
2023,수원시,권선구청,2023-04-04 8:03,서둔동 수원역한라비발디퍼스트 앞1,고정형,2023-12-01,,,
2023,수원시,권선구청,2023-04-04 8:04,서둔동 가온팰리스옆1,고정형,2023-12-01,,,
2023,수원시,권선구청,2023-04-04 8:07,곡반정동 궁촌육교앞,고정형,2023-12-01,,,
2023,수원시,권선구청,2023-04-04 8:09,곡반정동 하나로마트한국빌딩앞,고정형,2023-12-01,,,
2023,수원시,권선구청,2023-04-04 8:10,서둔동 가온팰리스옆2,고정형,2023-12-01,,,
2023,수원시,권선구청,2023-04-04 8:25,서둔동 수원역한라비발디퍼스트 앞1,고정형,2023-12-01,,,
2023,수원시,권선구청,2023-04-04 8:31,구운동 1069,국민신문고,2023-12-01,,,
2023,수원시,권선구청,2023-04-04 8:31,구운동 1069,국민신문고,2023-12-01,,,
2023,수원시,팔달구청,2023-04-04 8:37,화서1동 화서초등학교 둘레길 중간지점,고정형,2023-12-01,,,
2023,수원시,팔달구청,2023-04-04 8:41,인계동 드림캐슬주상복합,고정형,2023-12-01,,,
2023,수원시,권선구청,2023-04-04 8:49,세류3동 신곡초교 후문 좌측 사거리,고정형,2023-12-01,,,
2023,수원시,권선구청,2023-04-04 8:51,곡선동 휴먼푸드 인근,고정형,2023-12-01,,,
2023,수원시,권선구청,2023-04-04 9:01,곡선동 휴먼푸드 인근,고정형,2023-12-01,,,
2023,수원시,권선구청,2023-04-04 9:02,서둔동 가온팰리스옆2,고정형,2023-12-01,,,
2023,수원시,영통구청,2023-04-04 9:07,영통동 마사회뒷길,고정형,2023-12-01,,,
2023,수원시,팔달구청,2023-04-04 9:15,인계동 드림캐슬주상복합,고정형,2023-12-01,,,
2023,수원시,권선구청,2023-04-04 9:31,곡선동 휴먼푸드 인근,고정형,2023-12-01,,,
2023,수원시,팔달구청,2023-04-04 9:44,인계동 드림캐슬주상복합,고정형,2023-12-01,,,
2023,수원시,권선구청,2023-04-04 9:44,서둔동 가온팰리스옆2,고정형,2023-12-01,,,
2023,수원시,권선구청,2023-04-04 9:44,서둔동 가온팰리스옆2,고정형,2023-12-01,,,
2023,수원시,팔달구청,2023-04-04 9:45,인계동 드림캐슬주상복합,고정형,2023-12-01,,,
2023,수원시,권선구청,2023-04-04 10:08,입북동 당수초교 정문 우측 사거리,고정형,2023-12-01,,,
2023,수원시,영통구청,2023-04-04 10:13,경기도수원시영통구매탄동 수원시 영통구 매탄동 404,보행,2023-12-01,,,
2023,수원시,영통구청,2023-04-04 10:14,경기도수원시영통구매탄동 수원시 영통구 매탄동 404,보행,2023-12-01,,,
2023,수원시,영통구청,2023-04-04 10:14,경기도수원시영통구매탄동 수원시 영통구 매탄동 404,보행,2023-12-01,,,
2023,수원시,영통구청,2023-04-04 10:14,경기도수원시영통구매탄동 수원시 영통구 매탄동 404,보행,2023-12-01,,,
2023,수원시,팔달구청,2023-04-04 10:15,팔달로2가 팔달로2가 정조로796번길,주행형,2023-12-01,,,
2023,수원시,영통구청,2023-04-04 10:15,경기도수원시영통구매탄동 수원시 영통구 매탄동 404,보행,2023-12-01,,,
2023,수원시,영통구청,2023-04-04 10:15,경기도수원시영통구매탄동 수원시 영통구 매탄동 404,보행,2023-12-01,,,
2023,수원시,팔달구청,2023-04-04 10:16,영동 영동 수원천로275,주행형,2023-12-01,,,
2023,수원시,팔달구청,2023-04-04 10:16,영동 영동 수원천로275,주행형,2023-12-01,,,
2023,수원시,영통구청,2023-04-04 10:16,경기도수원시영통구매탄동 수원시 영통구 매탄동 404,보행,2023-12-01,,,
2023,수원시,영통구청,2023-04-04 10:16,경기도수원시영통구매탄동 수원시 영통구 매탄동 404,보행,2023-12-01,,,
2023,수원시,팔달구청,2023-04-04 10:17,신풍동 신풍동 화서문로 48,주행형,2023-12-01,,,
2023,수원시,팔달구청,2023-04-04 10:17,신풍동 신풍동 화서문로 52,주행형,2023-12-01,,,
2023,수원시,팔달구청,2023-04-04 10:17,신풍동 신풍동 화서문로 52,주행형,2023-12-01,,,
2023,수원시,영통구청,2023-04-04 10:17,경기도수원시영통구매탄동 수원시 영통구 매탄동 404,보행,2023-12-01,,,
2023,수원시,영통구청,2023-04-04 10:17,경기도수원시영통구매탄동 수원시 영통구 매탄동 404,보행,2023-12-01,,,
2023,수원시,영통구청,2023-04-04 10:17,경기도수원시영통구매탄동 수원시 영통구 매탄동 404,보행,2023-12-01,,,
2023,수원시,권선구청,2023-04-04 10:18,서둔동 수원역한라비발디퍼스트 앞1,고정형,2023-12-01,,,
2023,수원시,영통구청,2023-04-04 10:18,경기도수원시영통구매탄동 수원시 영통구 매탄동 404,보행,2023-12-01,,,
2023,수원시,영통구청,2023-04-04 10:18,경기도수원시영통구매탄동 수원시 영통구 매탄동 404,보행,2023-12-01,,,
2023,수원시,권선구청,2023-04-04 10:19,평동 SK모터스 고가 옆,고정형,2023-12-01,,,
2023,수원시,영통구청,2023-04-04 10:19,경기도수원시영통구매탄동 수원시 영통구 매탄동 404,보행,2023-12-01,,,
2023,수원시,영통구청,2023-04-04 10:21,망포동 힐스테이트 119동 ~방죽공원 삼거리,고정형,2023-12-01,,,
2023,수원시,영통구청,2023-04-04 10:30,이의동 드림스퀘어Ⅱ 앞,고정형,2023-12-01,,,
2023,수원시,팔달구청,2023-04-04 10:38,매산동 팅스몰 주차장 출구 옆,고정형,2023-12-01,,,
2023,수원시,팔달구청,2023-04-04 10:47,팔달로3가 수원시 팔달구 팔달문로9,보행,2023-12-01,,,
2023,수원시,팔달구청,2023-04-04 10:49,인계동 경인통계청,고정형,2023-12-01,,,
2023,수원시,팔달구청,2023-04-04 10:55,팔달로3가 수원시 팔달구 경수대로466번길 33,보행,2023-12-01,,,
2023,수원시,영통구청,2023-04-04 11:16,광교동 광교이의119안전센터,고정형,2023-12-01,,,
2023,수원시,권선구청,2023-04-04 11:49,곡선동 휴먼푸드 인근,고정형,2023-12-01,,,
2023,수원시,영통구청,2023-04-04 11:50,광교동 광교이의119안전센터,고정형,2023-12-01,,,
2023,수원시,장안구청,2023-04-04 12:08,상광교동 광교버스정류장종점,고정형,2023-12-01,,,
2023,수원시,영통구청,2023-04-04 12:13,광교동 광교이의119안전센터,고정형,2023-12-01,,,
2023,수원시,권선구청,2023-04-04 12:43,곡반정동 562-2,국민신문고,2023-12-01,,,
2023,수원시,영통구청,2023-04-04 12:53,광교동 광교이의119안전센터,고정형,2023-12-01,,,
2023,수원시,영통구청,2023-04-04 13:42,광교동 광교웰빙타운한양수자인,고정형,2023-12-01,,,
2023,수원시,영통구청,2023-04-04 14:09,원천동 삼성전자중문,고정형,2023-12-01,,,
2023,수원시,권선구청,2023-04-04 14:11,입북동 당수초교 정문 우측 사거리,고정형,2023-12-01,,,
2023,수원시,권선구청,2023-04-04 14:12,금곡동 가온초교 정문 우측 사거리,고정형,2023-12-01,,,
2023,수원시,팔달구청,2023-04-04 14:18,장안동 장안동 화서문로17번길,주행형,2023-12-01,,,
2023,수원시,팔달구청,2023-04-04 14:18,장안동 장안동 화서문로17번길,주행형,2023-12-01,,,
2023,수원시,팔달구청,2023-04-04 14:18,장안동 장안동 화서문로17번길,주행형,2023-12-01,,,
2023,수원시,팔달구청,2023-04-04 14:18,장안동 장안동 화서문로17번길,주행형,2023-12-01,,,
2023,수원시,팔달구청,2023-04-04 14:18,장안동 장안동 화서문로17번길,주행형,2023-12-01,,,
2023,수원시,팔달구청,2023-04-04 14:19,장안동 장안동 화서문로17번길,주행형,2023-12-01,,,
2023,수원시,권선구청,2023-04-04 14:27,평동 오목초교 정문 우측 삼거리,고정형,2023-12-01,,,
2023,수원시,팔달구청,2023-04-04 14:35,매산동 팅스몰 주차장 출구 옆,고정형,2023-12-01,,,
2023,수원시,팔달구청,2023-04-04 14:37,행궁동 화홍사랑채,고정형,2023-12-01,,,
2023,수원시,팔달구청,2023-04-04 14:41,인계동 드림캐슬주상복합,고정형,2023-12-01,,,
2023,수원시,장안구청,2023-04-04 14:58,상광교동 광교버스정류장종점,고정형,2023-12-01,,,
2023,수원시,권선구청,2023-04-04 15:01,세류3동 신곡초교 후문 좌측 사거리,고정형,2023-12-01,,,
2023,수원시,팔달구청,2023-04-04 15:02,인계동 드림캐슬주상복합,고정형,2023-12-01,,,
2023,수원시,영통구청,2023-04-04 15:09,하동 광교호반마을한양수자인,고정형,2023-12-01,,,
2023,수원시,영통구청,2023-04-04 15:10,광교동 광교 덴티움지식산업센터 앞 사거리,고정형,2023-12-01,,,
2023,수원시,팔달구청,2023-04-04 15:14,인계동 드림캐슬주상복합,고정형,2023-12-01,,,
2023,수원시,영통구청,2023-04-04 15:27,이의동 도청예정부지,고정형,2023-12-01,,,
2023,수원시,권선구청,2023-04-04 15:30,서둔동 가온팰리스옆2,고정형,2023-12-01,,,
2023,수원시,영통구청,2023-04-04 15:53,광교동 광교이의119안전센터,고정형,2023-12-01,,,
2023,수원시,팔달구청,2023-04-04 16:02,인계동 드림캐슬주상복합,고정형,2023-12-01,,,
2023,수원시,권선구청,2023-04-04 16:13,평동 수원역고가밑 (애경뒷길),고정형,2023-12-01,,,
2023,수원시,영통구청,2023-04-04 16:21,광교동 광교더사랑교회뒷길,고정형,2023-12-01,,,
2023,수원시,권선구청,2023-04-04 16:24,세류3동 신곡초교 후문 좌측 사거리,고정형,2023-12-01,,,
2023,수원시,팔달구청,2023-04-04 16:43,매산동 팅스몰 주차장 출구 옆,고정형,2023-12-01,,,
2023,수원시,팔달구청,2023-04-04 16:53,인계동 역전농협,고정형,2023-12-01,,,
2023,수원시,권선구청,2023-04-04 17:00,곡선동 휴먼푸드 인근,고정형,2023-12-01,,,
2023,수원시,팔달구청,2023-04-04 17:02,매산동 팅스몰 주차장 출구 옆,고정형,2023-12-01,,,
2023,수원시,권선구청,2023-04-04 17:10,평동 오목초교 정문 우측 삼거리,고정형,2023-12-01,,,
2023,수원시,권선구청,2023-04-04 17:19,세류3동 신곡초교 후문 좌측 사거리,고정형,2023-12-01,,,
2023,수원시,팔달구청,2023-04-04 17:24,매산동 팅스몰 주차장 출구 옆,고정형,2023-12-01,,,
2023,수원시,팔달구청,2023-04-04 17:30,매산동 팅스몰 주차장 출구 옆,고정형,2023-12-01,,,
2023,수원시,권선구청,2023-04-04 17:32,곡반정동 하나로마트한국빌딩앞,고정형,2023-12-01,,,
2023,수원시,팔달구청,2023-04-04 17:34,화서1동 화서초등학교 둘레길 중간지점,고정형,2023-12-01,,,
2023,수원시,권선구청,2023-04-04 17:36,오목천동 한화꿈에그린아파트 209동앞,고정형,2023-12-01,,,
2023,수원시,팔달구청,2023-04-04 17:45,인계동 경인통계청,고정형,2023-12-01,,,
2023,수원시,팔달구청,2023-04-04 18:08,인계동 드림캐슬주상복합,고정형,2023-12-01,,,
2023,수원시,팔달구청,2023-04-04 18:15,인계동 드림캐슬주상복합,고정형,2023-12-01,,,
2023,수원시,팔달구청,2023-04-04 18:17,매산동 팅스몰 주차장 출구 옆,고정형,2023-12-01,,,
2023,수원시,팔달구청,2023-04-04 18:52,인계동 드림캐슬주상복합,고정형,2023-12-01,,,
2023,수원시,팔달구청,2023-04-04 19:02,매산동 팅스몰 주차장 출구 옆,고정형,2023-12-01,,,
2023,수원시,팔달구청,2023-04-04 19:06,매교동 매교동 118-23 소화전,국민신문고,2023-12-01,,,
2023,수원시,팔달구청,2023-04-04 19:07,매교동 매교동 118-23 소화전,국민신문고,2023-12-01,,,
2023,수원시,팔달구청,2023-04-04 19:44,매산동 팅스몰 주차장 출구 옆,고정형,2023-12-01,,,
2023,수원시,팔달구청,2023-04-04 19:44,매산동 팅스몰 주차장 출구 옆,고정형,2023-12-01,,,
2023,수원시,팔달구청,2023-04-04 19:53,매산동 팅스몰 주차장 출구 옆,고정형,2023-12-01,,,
2023,수원시,팔달구청,2023-04-04 19:53,매산동 팅스몰 주차장 출구 옆,고정형,2023-12-01,,,
2023,수원시,팔달구청,2023-04-04 19:58,화서1동 수원역푸르지오자이 북문 우측,고정형,2023-12-01,,,
2023,수원시,팔달구청,2023-04-04 20:08,경기도수원시팔달구인계동 수원시 팔달구 인계동 파밀리예 후문,보행,2023-12-01,,,
2023,수원시,팔달구청,2023-04-04 20:30,인계동 드림캐슬주상복합,고정형,2023-12-01,,,
2023,수원시,팔달구청,2023-04-04 20:32,경기도수원시팔달구화서동 수원시 팔달구 화서동 1동 동사무소 앞,보행,2023-12-01,,,
2023,수원시,권선구청,2023-04-04 22:46,세류동 946,국민신문고,2023-12-01,,,
2023,수원시,권선구청,2023-04-05 6:40,곡반정동 43두8558,국민신문고,2023-12-01,,,
2023,수원시,영통구청,2023-04-05 7:04,이의동 광교가재울마을사거리,고정형,2023-12-01,,,
2023,수원시,팔달구청,2023-04-05 7:30,매산동 역전농협,고정형,2023-12-01,,,
2023,수원시,팔달구청,2023-04-05 7:30,매산동 역전농협,고정형,2023-12-01,,,
2023,수원시,팔달구청,2023-04-05 7:35,인계동 경인통계청,고정형,2023-12-01,,,
2023,수원시,권선구청,2023-04-05 8:01,평동 수원역고가밑 정류장,고정형,2023-12-01,,,
2023,수원시,권선구청,2023-04-05 8:02,곡반정동 하나로마트한국빌딩앞,고정형,2023-12-01,,,
2023,수원시,권선구청,2023-04-05 8:03,서둔동 가온팰리스옆1,고정형,2023-12-01,,,
2023,수원시,권선구청,2023-04-05 8:04,서둔동 수원역한라비발디퍼스트 앞1,고정형,2023-12-01,,,
2023,수원시,권선구청,2023-04-05 8:07,권선2동 곡정초교 정문 좌측 사거리,고정형,2023-12-01,,,
2023,수원시,권선구청,2023-04-05 8:09,곡반정동 하나로마트한국빌딩앞,고정형,2023-12-01,,,
2023,수원시,권선구청,2023-04-05 8:09,곡반정동 하나로마트한국빌딩앞,고정형,2023-12-01,,,
2023,수원시,권선구청,2023-04-05 8:32,서둔동 가온팰리스옆2,고정형,2023-12-01,,,
2023,수원시,팔달구청,2023-04-05 8:33,화서1동 화서초등학교 둘레길 중간지점,고정형,2023-12-01,,,
2023,수원시,권선구청,2023-04-05 8:43,권선2동 곡정초교 정문 좌측 사거리,고정형,2023-12-01,,,
2023,수원시,권선구청,2023-04-05 8:59,평동 오목초교 정문 우측 삼거리,고정형,2023-12-01,,,
2023,수원시,권선구청,2023-04-05 9:05,서둔동 가온팰리스옆2,고정형,2023-12-01,,,
2023,수원시,권선구청,2023-04-05 9:05,서둔동 가온팰리스옆2,고정형,2023-12-01,,,
2023,수원시,영통구청,2023-04-05 9:18,이의동 드림스퀘어Ⅱ 앞,고정형,2023-12-01,,,
2023,수원시,권선구청,2023-04-05 9:33,서둔동 가온팰리스옆2,고정형,2023-12-01,,,
2023,수원시,권선구청,2023-04-05 9:41,서둔동 가온팰리스옆2,고정형,2023-12-01,,,
2023,수원시,권선구청,2023-04-05 9:50,서둔동 수원역한라비발디퍼스트 앞2,고정형,2023-12-01,,,
2023,수원시,권선구청,2023-04-05 10:03,세류3동 신곡초교 후문 좌측 사거리,고정형,2023-12-01,,,
2023,수원시,팔달구청,2023-04-05 10:13,인계동 경인통계청,고정형,2023-12-01,,,
2023,수원시,팔달구청,2023-04-05 10:16,영동 영동 팔달문로9,주행형,2023-12-01,,,
2023,수원시,팔달구청,2023-04-05 10:27,교동 수원향교 앞 팔달보건소 뒤,고정형,2023-12-01,,,
2023,수원시,팔달구청,2023-04-05 10:30,매향동 매향동 창룡대로 56,주행형,2023-12-01,,,
2023,수원시,팔달구청,2023-04-05 10:31,매향동 매향동 창룡대로 56,주행형,2023-12-01,,,
2023,수원시,팔달구청,2023-04-05 10:37,팔달로2가 팔달로2가 수원천로283,주행형,2023-12-01,,,
2023,수원시,팔달구청,2023-04-05 10:37,팔달로2가 팔달로2가 수원천로283,주행형,2023-12-01,,,
2023,수원시,영통구청,2023-04-05 10:39,원천동 광교 한화겔러리아 앞,고정형,2023-12-01,,,
2023,수원시,영통구청,2023-04-05 10:42,광교동 광교더사랑교회뒷길,고정형,2023-12-01,,,
2023,수원시,팔달구청,2023-04-05 10:48,장안동 장안동 화서문로17번길,주행형,2023-12-01,,,
2023,수원시,팔달구청,2023-04-05 10:48,장안동 장안동 화서문로17번길,주행형,2023-12-01,,,
2023,수원시,영통구청,2023-04-05 11:40,이의동 광교가재울마을사거리,고정형,2023-12-01,,,
2023,수원시,영통구청,2023-04-05 11:47,영통동 마사회뒷길,고정형,2023-12-01,,,
2023,수원시,권선구청,2023-04-05 12:38,곡선동 휴먼푸드 인근,고정형,2023-12-01,,,
2023,수원시,영통구청,2023-04-05 13:06,원천동 광교 한화겔러리아 앞,고정형,2023-12-01,,,
2023,수원시,영통구청,2023-04-05 14:14,광교동 광교이의119안전센터,고정형,2023-12-01,,,
2023,수원시,권선구청,2023-04-05 14:16,금곡동 가온초교 정문 우측 사거리,고정형,2023-12-01,,,
2023,수원시,팔달구청,2023-04-05 14:19,우만동 우만동 팔달문로 127-1,주행형,2023-12-01,,,
2023,수원시,팔달구청,2023-04-05 14:20,장안동 장안동 화서문로17번길,주행형,2023-12-01,,,
2023,수원시,팔달구청,2023-04-05 14:20,장안동 장안동 화서문로17번길,주행형,2023-12-01,,,
2023,수원시,권선구청,2023-04-05 14:26,입북동 당수초교 정문 우측 사거리,고정형,2023-12-01,,,
2023,수원시,팔달구청,2023-04-05 14:27,팔달로2가 팔달로2가 정조로796번길,주행형,2023-12-01,,,
2023,수원시,권선구청,2023-04-05 14:27,세류동 65라0905,국민신문고,2023-12-01,,,
2023,수원시,팔달구청,2023-04-05 14:29,화서1동 화서초등학교 둘레길 중간지점,고정형,2023-12-01,,,
2023,수원시,팔달구청,2023-04-05 14:32,인계동 경인통계청,고정형,2023-12-01,,,
2023,수원시,팔달구청,2023-04-05 14:33,인계동 한국씨티은행,고정형,2023-12-01,,,
2023,수원시,팔달구청,2023-04-05 14:33,인계동 드림캐슬주상복합,고정형,2023-12-01,,,
2023,수원시,팔달구청,2023-04-05 14:34,인계동 드림캐슬주상복합,고정형,2023-12-01,,,
2023,수원시,팔달구청,2023-04-05 14:36,매산동 팅스몰 주차장 출구 옆,고정형,2023-12-01,,,
2023,수원시,팔달구청,2023-04-05 14:36,매산동 팅스몰 주차장 출구 옆,고정형,2023-12-01,,,
2023,수원시,권선구청,2023-04-05 14:36,서둔동 수원역한라비발디퍼스트 앞1,고정형,2023-12-01,,,
2023,수원시,권선구청,2023-04-05 14:36,당수동 당수초교 정문 우측 사거리,보행,2023-12-01,,,
2023,수원시,권선구청,2023-04-05 14:41,권선2동 곡정초교 정문 좌측 사거리,고정형,2023-12-01,,,
2023,수원시,권선구청,2023-04-05 14:43,서둔동 가온팰리스옆1,고정형,2023-12-01,,,
2023,수원시,권선구청,2023-04-05 15:05,서둔동 롯데몰9번출구앞주변,고정형,2023-12-01,,,
2023,수원시,권선구청,2023-04-05 15:07,곡선동 휴먼푸드 인근,고정형,2023-12-01,,,
2023,수원시,팔달구청,2023-04-05 15:07,인계동 경인통계청,고정형,2023-12-01,,,
2023,수원시,영통구청,2023-04-05 15:22,이의동 광교가재울마을사거리,고정형,2023-12-01,,,
2023,수원시,영통구청,2023-04-05 15:22,이의동 광교가재울마을사거리,고정형,2023-12-01,,,
2023,수원시,팔달구청,2023-04-05 15:22,고등동 고등동 갓매산로 85,주행형,2023-12-01,,,
2023,수원시,팔달구청,2023-04-05 15:22,고등동 고등동 갓매산로 85,주행형,2023-12-01,,,
2023,수원시,팔달구청,2023-04-05 15:22,고등동 고등동 갓매산로 85,주행형,2023-12-01,,,
2023,수원시,팔달구청,2023-04-05 15:22,고등동 고등동 갓매산로 85,주행형,2023-12-01,,,
2023,수원시,팔달구청,2023-04-05 15:22,고등동 고등동 갓매산로 85,주행형,2023-12-01,,,
2023,수원시,영통구청,2023-04-05 15:25,영통동 롯데마트 뒤,고정형,2023-12-01,37.27220279535416,127.10856729001851,
2023,수원시,권선구청,2023-04-05 15:26,평동 오목초교 정문 우측 삼거리,고정형,2023-12-01,,,
2023,수원시,팔달구청,2023-04-05 15:31,매산동 팅스몰 주차장 출구 옆,고정형,2023-12-01,,,
2023,수원시,팔달구청,2023-04-05 15:32,인계동 드림캐슬주상복합,고정형,2023-12-01,,,
2023,수원시,팔달구청,2023-04-05 15:56,인계동 드림캐슬주상복합,고정형,2023-12-01,,,
2023,수원시,팔달구청,2023-04-05 16:01,매산동 팅스몰 주차장 출구 옆,고정형,2023-12-01,,,
2023,수원시,팔달구청,2023-04-05 16:02,인계동 드림캐슬주상복합,고정형,2023-12-01,,,
2023,수원시,팔달구청,2023-04-05 16:02,인계동 드림캐슬주상복합,고정형,2023-12-01,,,
2023,수원시,팔달구청,2023-04-05 16:08,매산동 팅스몰 주차장 출구 옆,고정형,2023-12-01,,,
2023,수원시,팔달구청,2023-04-05 16:08,매교동 매교동 91-19 소화전,국민신문고,2023-12-01,,,
2023,수원시,권선구청,2023-04-05 16:19,평동 고현초교 정문 좌측 삼거리,고정형,2023-12-01,,,
2023,수원시,팔달구청,2023-04-05 16:26,매산동 팅스몰 주차장 출구 옆,고정형,2023-12-01,,,
2023,수원시,팔달구청,2023-04-05 16:45,북수동 쌈지공원 앞,고정형,2023-12-01,,,
2023,수원시,권선구청,2023-04-05 17:25,평동 수원역고가밑 정류장,고정형,2023-12-01,,,
2023,수원시,팔달구청,2023-04-05 17:34,매산동 팅스몰 주차장 출구 옆,고정형,2023-12-01,,,
2023,수원시,영통구청,2023-04-05 17:44,망포동 E-마트 에브리데이 앞,고정형,2023-12-01,37.2361017468141,127.060345496536,
2023,수원시,영통구청,2023-04-05 18:05,영통동 롯데마트 뒤,고정형,2023-12-01,37.27220279535416,127.10856729001851,
2023,수원시,팔달구청,2023-04-05 18:07,매산동 팅스몰 주차장 출구 옆,고정형,2023-12-01,,,
2023,수원시,팔달구청,2023-04-05 18:09,인계동 드림캐슬주상복합,고정형,2023-12-01,,,
2023,수원시,팔달구청,2023-04-05 18:16,인계동 드림캐슬주상복합,고정형,2023-12-01,,,
2023,수원시,영통구청,2023-04-05 18:16,원천동 삼성전자중문,고정형,2023-12-01,,,
2023,수원시,팔달구청,2023-04-05 18:48,매산동 팅스몰 주차장 출구 옆,고정형,2023-12-01,,,
2023,수원시,팔달구청,2023-04-05 18:54,매산동 팅스몰 주차장 출구 옆,고정형,2023-12-01,,,
2023,수원시,팔달구청,2023-04-05 19:05,인계동 드림캐슬주상복합,고정형,2023-12-01,,,
2023,수원시,팔달구청,2023-04-05 19:05,인계동 드림캐슬주상복합,고정형,2023-12-01,,,
2023,수원시,팔달구청,2023-04-05 19:29,매산동 팅스몰 주차장 출구 옆,고정형,2023-12-01,,,
2023,수원시,팔달구청,2023-04-05 20:02,매산동 팅스몰 주차장 출구 옆,고정형,2023-12-01,,,
2023,수원시,권선구청,2023-04-05 20:31,권선동 548,국민신문고,2023-12-01,,,
2023,수원시,팔달구청,2023-04-05 20:34,인계동 드림캐슬주상복합,고정형,2023-12-01,,,
2023,수원시,팔달구청,2023-04-05 21:18,인계동 드림캐슬주상복합,고정형,2023-12-01,,,
2023,수원시,권선구청,2023-04-06 6:03,곡반정동 562-2,국민신문고,2023-12-01,,,
2023,수원시,권선구청,2023-04-06 6:03,곡반정동 562-2,국민신문고,2023-12-01,,,
2023,수원시,장안구청,2023-04-06 6:08,조원동 조원동 550-4,국민신문고,2023-12-01,,,
2023,수원시,팔달구청,2023-04-06 7:03,화서1동 수원역푸르지오자이 북문 우측,고정형,2023-12-01,,,
2023,수원시,팔달구청,2023-04-06 7:32,매산동 팅스몰 주차장 출구 옆,고정형,2023-12-01,,,
2023,수원시,팔달구청,2023-04-06 7:32,매산동 팅스몰 주차장 출구 옆,고정형,2023-12-01,,,
2023,수원시,팔달구청,2023-04-06 7:32,인계동 경인통계청,고정형,2023-12-01,,,
2023,수원시,팔달구청,2023-04-06 7:33,매산동 팅스몰 주차장 출구 옆,고정형,2023-12-01,,,
2023,수원시,팔달구청,2023-04-06 7:50,행궁동 팔달문 버스정류장,고정형,2023-12-01,,,
2023,수원시,팔달구청,2023-04-06 7:54,인계동 드림캐슬주상복합,고정형,2023-12-01,,,
2023,수원시,권선구청,2023-04-06 8:02,곡반정동 하나로마트한국빌딩앞,고정형,2023-12-01,,,
2023,수원시,권선구청,2023-04-06 8:02,서둔동 가온팰리스옆2,고정형,2023-12-01,,,
2023,수원시,권선구청,2023-04-06 8:02,곡반정동 하나로마트한국빌딩앞,고정형,2023-12-01,,,
2023,수원시,권선구청,2023-04-06 8:03,서둔동 가온팰리스옆2,고정형,2023-12-01,,,
2023,수원시,권선구청,2023-04-06 8:04,서둔동 수원역한라비발디퍼스트 앞1,고정형,2023-12-01,,,
2023,수원시,권선구청,2023-04-06 8:04,서둔동 수원역한라비발디퍼스트 앞1,고정형,2023-12-01,,,
2023,수원시,권선구청,2023-04-06 8:06,서둔동 가온팰리스옆2,고정형,2023-12-01,,,
2023,수원시,권선구청,2023-04-06 8:09,권선2동 곡정초교 정문 좌측 사거리,고정형,2023-12-01,,,
2023,수원시,권선구청,2023-04-06 8:15,권선2동 곡정초교 정문 좌측 사거리,고정형,2023-12-01,,,
2023,수원시,권선구청,2023-04-06 8:16,서둔동 가온팰리스옆1,고정형,2023-12-01,,,
2023,수원시,팔달구청,2023-04-06 8:32,화서1동 화서초등학교 둘레길 중간지점,고정형,2023-12-01,,,
2023,수원시,팔달구청,2023-04-06 8:33,고등동 고등동 221-11 인도,국민신문고,2023-12-01,,,
2023,수원시,팔달구청,2023-04-06 8:47,팔달구 수원시 권선구 권선동 1122,보행,2023-12-01,,,
2023,수원시,권선구청,2023-04-06 9:04,서둔동 수원역한라비발디퍼스트 앞1,고정형,2023-12-01,,,
2023,수원시,권선구청,2023-04-06 9:23,서둔동 수원역한라비발디퍼스트 앞1,고정형,2023-12-01,,,
2023,수원시,권선구청,2023-04-06 10:01,곡반정동 하나로마트한국빌딩앞,고정형,2023-12-01,,,
2023,수원시,영통구청,2023-04-06 10:09,경기도수원시영통구매탄동 수원시 영통구 매탄동 404,보행,2023-12-01,,,
2023,수원시,영통구청,2023-04-06 10:10,경기도수원시영통구매탄동 수원시 영통구 매탄동 404,보행,2023-12-01,,,
2023,수원시,영통구청,2023-04-06 10:10,경기도수원시영통구매탄동 수원시 영통구 매탄동 404,보행,2023-12-01,,,
2023,수원시,영통구청,2023-04-06 10:11,경기도수원시영통구매탄동 수원시 영통구 매탄동 404,보행,2023-12-01,,,
2023,수원시,장안구청,2023-04-06 10:15,경기도수원시장안구조원동 수원시 장안구 조원동 456,보행,2023-12-01,,,
2023,수원시,영통구청,2023-04-06 10:20,이의동 창룡대로298번길,주행형,2023-12-01,,,
2023,수원시,영통구청,2023-04-06 10:20,이의동 창룡대로298번길,주행형,2023-12-01,,,
2023,수원시,팔달구청,2023-04-06 10:24,매산동 팅스몰 주차장 출구 옆,고정형,2023-12-01,,,
2023,수원시,팔달구청,2023-04-06 10:32,인계동 드림캐슬주상복합,고정형,2023-12-01,,,
2023,수원시,팔달구청,2023-04-06 10:37,매산동 팅스몰 주차장 출구 옆,고정형,2023-12-01,,,
2023,수원시,권선구청,2023-04-06 11:06,곡선동 휴먼푸드 인근,고정형,2023-12-01,,,
2023,수원시,영통구청,2023-04-06 11:30,영통동 마사회뒷길,고정형,2023-12-01,,,
2023,수원시,팔달구청,2023-04-06 11:36,매산동 역전농협,고정형,2023-12-01,,,
2023,수원시,영통구청,2023-04-06 11:38,원천동 광교 한화겔러리아 앞,고정형,2023-12-01,,,
2023,수원시,영통구청,2023-04-06 11:46,광교동 광교더사랑교회뒷길,고정형,2023-12-01,,,
2023,수원시,영통구청,2023-04-06 11:57,영통동 롯데마트 뒤,고정형,2023-12-01,37.27220279535416,127.10856729001851,
2023,수원시,영통구청,2023-04-06 11:57,영통동 롯데마트 뒤,고정형,2023-12-01,37.27220279535416,127.10856729001851,
2023,수원시,영통구청,2023-04-06 12:22,이의동 광교가재울마을사거리,고정형,2023-12-01,,,
2023,수원시,권선구청,2023-04-06 13:50,곡선동 휴먼푸드 인근,고정형,2023-12-01,,,
2023,수원시,권선구청,2023-04-06 14:35,평동 고현초교 정문 좌측 삼거리,고정형,2023-12-01,,,
2023,수원시,팔달구청,2023-04-06 14:35,매산동 팅스몰 주차장 출구 옆,고정형,2023-12-01,,,
2023,수원시,영통구청,2023-04-06 14:55,이의동 드림스퀘어Ⅱ 앞,고정형,2023-12-01,,,
2023,수원시,권선구청,2023-04-06 14:57,평동 고현초교 정문 좌측 삼거리,고정형,2023-12-01,,,
2023,수원시,권선구청,2023-04-06 15:01,금곡동 가온초교 정문 우측 사거리,고정형,2023-12-01,,,
2023,수원시,권선구청,2023-04-06 15:10,평동 오현초교 정문 우측 사거리,고정형,2023-12-01,,,
2023,수원시,권선구청,2023-04-06 15:10,평동 오현초교 정문 우측 사거리,고정형,2023-12-01,,,
2023,수원시,팔달구청,2023-04-06 15:16,인계동 드림캐슬주상복합,고정형,2023-12-01,,,
2023,수원시,팔달구청,2023-04-06 15:27,매산동 팅스몰 주차장 출구 옆,고정형,2023-12-01,,,
2023,수원시,팔달구청,2023-04-06 15:28,인계동 한국씨티은행,고정형,2023-12-01,,,
2023,수원시,팔달구청,2023-04-06 15:47,인계동 경인통계청,고정형,2023-12-01,,,
2023,수원시,팔달구청,2023-04-06 15:52,인계동 경인통계청,고정형,2023-12-01,,,
2023,수원시,권선구청,2023-04-06 16:26,평동 오현초교 정문 우측 사거리,고정형,2023-12-01,,,
2023,수원시,권선구청,2023-04-06 16:26,평동 오현초교 정문 우측 사거리,고정형,2023-12-01,,,
2023,수원시,팔달구청,2023-04-06 16:30,인계동 경인통계청,고정형,2023-12-01,,,
2023,수원시,권선구청,2023-04-06 16:31,세류3동 신곡초교 후문 좌측 사거리,고정형,2023-12-01,,,
2023,수원시,팔달구청,2023-04-06 16:34,인계동 경인통계청,고정형,2023-12-01,,,
2023,수원시,권선구청,2023-04-06 16:35,서둔동 가온팰리스옆2,고정형,2023-12-01,,,
2023,수원시,권선구청,2023-04-06 16:56,곡반정동 하나로마트한국빌딩앞,고정형,2023-12-01,,,
2023,수원시,영통구청,2023-04-06 17:01,영통동 보보스스포츠센터앞,고정형,2023-12-01,,,
2023,수원시,권선구청,2023-04-06 17:35,평동 수원역고가밑 정류장,고정형,2023-12-01,,,
2023,수원시,팔달구청,2023-04-06 18:32,인계동 드림캐슬주상복합,고정형,2023-12-01,,,
2023,수원시,팔달구청,2023-04-06 18:32,인계동 드림캐슬주상복합,고정형,2023-12-01,,,
2023,수원시,영통구청,2023-04-06 19:11,망포동 E-마트 에브리데이 앞,고정형,2023-12-01,37.2361017468141,127.060345496536,
2023,수원시,팔달구청,2023-04-06 21:10,인계동 드림캐슬주상복합,고정형,2023-12-01,,,
2023,수원시,팔달구청,2023-04-06 21:36,인계동 드림캐슬주상복합,고정형,2023-12-01,,,
2023,수원시,팔달구청,2023-04-06 22:20,매교동 매교동 287-110 횡단보도,국민신문고,2023-12-01,,,
2023,수원시,팔달구청,2023-04-07 7:34,매산동 팅스몰 주차장 출구 옆,고정형,2023-12-01,,,
2023,수원시,팔달구청,2023-04-07 7:34,매산동 팅스몰 주차장 출구 옆,고정형,2023-12-01,,,
2023,수원시,팔달구청,2023-04-07 7:40,매산동 역전농협,고정형,2023-12-01,,,
2023,수원시,권선구청,2023-04-07 8:02,곡반정동 하나로마트한국빌딩앞,고정형,2023-12-01,,,
2023,수원시,권선구청,2023-04-07 8:05,서둔동 가온팰리스옆2,고정형,2023-12-01,,,
2023,수원시,권선구청,2023-04-07 8:05,서둔동 가온팰리스옆2,고정형,2023-12-01,,,
2023,수원시,권선구청,2023-04-07 8:09,권선2동 곡정초교 정문 좌측 사거리,고정형,2023-12-01,,,
2023,수원시,권선구청,2023-04-07 8:10,서둔동 가온팰리스옆1,고정형,2023-12-01,,,
2023,수원시,권선구청,2023-04-07 8:14,평동 오목초교 정문 우측 삼거리,고정형,2023-12-01,,,
2023,수원시,권선구청,2023-04-07 8:46,고색동 도이치 고객주차장 출입구,고정형,2023-12-01,,,
2023,수원시,권선구청,2023-04-07 8:52,곡반정동 하나로마트한국빌딩앞,고정형,2023-12-01,,,
2023,수원시,영통구청,2023-04-07 9:01,광교동 광교더사랑교회뒷길,고정형,2023-12-01,,,
2023,수원시,팔달구청,2023-04-07 9:03,인계동 드림캐슬주상복합,고정형,2023-12-01,,,
2023,수원시,팔달구청,2023-04-07 9:03,인계동 드림캐슬주상복합,고정형,2023-12-01,,,
2023,수원시,권선구청,2023-04-07 9:22,금곡동 금곡로222번길,주행형,2023-12-01,,,
2023,수원시,권선구청,2023-04-07 9:38,평동 수원역고가밑 정류장,고정형,2023-12-01,,,
2023,수원시,영통구청,2023-04-07 9:50,영통동 보보스스포츠센터앞,고정형,2023-12-01,,,
2023,수원시,영통구청,2023-04-07 9:50,영통동 보보스스포츠센터앞,고정형,2023-12-01,,,
2023,수원시,영통구청,2023-04-07 9:51,영통동 보보스스포츠센터앞,고정형,2023-12-01,,,
2023,수원시,팔달구청,2023-04-07 10:17,인계동 드림캐슬주상복합,고정형,2023-12-01,,,
2023,수원시,권선구청,2023-04-07 10:22,입북동 당수초교 정문 우측 사거리,고정형,2023-12-01,,,
2023,수원시,팔달구청,2023-04-07 10:34,인계동 경인통계청,고정형,2023-12-01,,,
2023,수원시,팔달구청,2023-04-07 10:43,인계동 드림캐슬주상복합,고정형,2023-12-01,,,
2023,수원시,영통구청,2023-04-07 11:04,원천동 삼성전자중문,고정형,2023-12-01,,,
2023,수원시,영통구청,2023-04-07 11:28,광교동 광교이의119안전센터,고정형,2023-12-01,,,
2023,수원시,권선구청,2023-04-07 11:42,입북동 당수초교 정문 우측 사거리,고정형,2023-12-01,,,
2023,수원시,권선구청,2023-04-07 11:52,평동 오목초교 정문 우측 삼거리,고정형,2023-12-01,,,
2023,수원시,영통구청,2023-04-07 12:01,광교동 광교 덴티움지식산업센터 앞 사거리,고정형,2023-12-01,,,
2023,수원시,팔달구청,2023-04-07 12:15,교동 수원향교 앞 팔달보건소 뒤,고정형,2023-12-01,,,
2023,수원시,권선구청,2023-04-07 12:20,곡선동 휴먼푸드 인근,고정형,2023-12-01,,,
2023,수원시,권선구청,2023-04-07 13:05,고색동 도이치 고객주차장 출입구,고정형,2023-12-01,,,
2023,수원시,팔달구청,2023-04-07 13:23,화서1동 푸르지오자이 북문 CU 앞 횡단보도,고정형,2023-12-01,,,
2023,수원시,영통구청,2023-04-07 13:39,광교동 광교웰빙타운한양수자인,고정형,2023-12-01,,,
2023,수원시,영통구청,2023-04-07 13:50,광교동 광교이의119안전센터,고정형,2023-12-01,,,
2023,수원시,팔달구청,2023-04-07 14:21,화서1동 수원역푸르지오자이 북문 우측,고정형,2023-12-01,,,
2023,수원시,팔달구청,2023-04-07 14:24,장안동 장안동 화서문로17번길,주행형,2023-12-01,,,
2023,수원시,팔달구청,2023-04-07 14:24,장안동 장안동 화서문로17번길,주행형,2023-12-01,,,
2023,수원시,팔달구청,2023-04-07 14:24,장안동 장안동 화서문로17번길,주행형,2023-12-01,,,
2023,수원시,팔달구청,2023-04-07 14:24,남수동 남수동 창룡대로 86,주행형,2023-12-01,,,
2023,수원시,팔달구청,2023-04-07 14:24,남수동 남수동 창룡대로 86,주행형,2023-12-01,,,
2023,수원시,팔달구청,2023-04-07 14:27,화서1동 수원역푸르지오자이 북문 우측,고정형,2023-12-01,,,
2023,수원시,팔달구청,2023-04-07 14:33,인계동 드림캐슬주상복합,고정형,2023-12-01,,,
2023,수원시,권선구청,2023-04-07 14:34,서둔동 수원역한라비발디퍼스트 앞1,고정형,2023-12-01,,,
2023,수원시,권선구청,2023-04-07 14:36,서둔동 가온팰리스옆2,고정형,2023-12-01,,,
2023,수원시,권선구청,2023-04-07 14:36,서둔동 가온팰리스옆1,고정형,2023-12-01,,,
2023,수원시,권선구청,2023-04-07 14:40,호매실동 금호프라자 대각 맞은편,고정형,2023-12-01,,,
2023,수원시,영통구청,2023-04-07 14:44,영통동 롯데마트 뒤,고정형,2023-12-01,37.27220279535416,127.10856729001851,
2023,수원시,팔달구청,2023-04-07 14:46,매산로3가 매산로3가 매산로52번길,주행형,2023-12-01,,,
2023,수원시,팔달구청,2023-04-07 14:47,매산로3가 매산로3가 매산로52번길,주행형,2023-12-01,,,
2023,수원시,영통구청,2023-04-07 14:52,원천동 삼성전자중문,고정형,2023-12-01,,,
2023,수원시,권선구청,2023-04-07 15:02,곡선동 휴먼푸드 인근,고정형,2023-12-01,,,
2023,수원시,팔달구청,2023-04-07 15:07,행궁동 팔달문 버스정류장,고정형,2023-12-01,,,
2023,수원시,팔달구청,2023-04-07 15:08,인계동 경인통계청,고정형,2023-12-01,,,
2023,수원시,권선구청,2023-04-07 15:13,곡선동 휴먼푸드 인근,고정형,2023-12-01,,,
2023,수원시,권선구청,2023-04-07 15:13,곡선동 휴먼푸드 인근,고정형,2023-12-01,,,
2023,수원시,팔달구청,2023-04-07 15:37,경기도수원시팔달구인계동 수원시 팔달구 경수대로514-1,보행,2023-12-01,,,
2023,수원시,팔달구청,2023-04-07 15:43,인계동 드림캐슬주상복합,고정형,2023-12-01,,,
2023,수원시,팔달구청,2023-04-07 15:46,인계동 드림캐슬주상복합,고정형,2023-12-01,,,
2023,수원시,권선구청,2023-04-07 15:53,서둔동 가온팰리스옆2,고정형,2023-12-01,,,
2023,수원시,팔달구청,2023-04-07 15:54,인계동 드림캐슬주상복합,고정형,2023-12-01,,,
2023,수원시,영통구청,2023-04-07 15:55,이의동 드림스퀘어Ⅱ 앞,고정형,2023-12-01,,,
2023,수원시,권선구청,2023-04-07 16:24,서둔동 롯데몰 육교건너,고정형,2023-12-01,,,
2023,수원시,권선구청,2023-04-07 16:44,곡반정동 하나로마트한국빌딩앞,고정형,2023-12-01,,,
2023,수원시,권선구청,2023-04-07 16:49,서둔동 롯데몰9번출구앞주변,고정형,2023-12-01,,,
2023,수원시,팔달구청,2023-04-07 16:49,인계동 드림캐슬주상복합,고정형,2023-12-01,,,
2023,수원시,팔달구청,2023-04-07 16:57,매산동 팅스몰 주차장 출구 옆,고정형,2023-12-01,,,
2023,수원시,권선구청,2023-04-07 16:59,평동 수원역고가밑 정류장,고정형,2023-12-01,,,
2023,수원시,권선구청,2023-04-07 17:02,세류3동 신곡초교 후문 좌측 사거리,고정형,2023-12-01,,,
2023,수원시,권선구청,2023-04-07 17:20,호매실동 금호프라자 대각 맞은편,고정형,2023-12-01,,,
2023,수원시,팔달구청,2023-04-07 17:30,행궁동 팔달문 버스정류장,고정형,2023-12-01,,,
2023,수원시,팔달구청,2023-04-07 17:31,인계동 경인통계청,고정형,2023-12-01,,,
2023,수원시,팔달구청,2023-04-07 17:32,화서1동 수원역푸르지오자이 북문 우측,고정형,2023-12-01,,,
2023,수원시,팔달구청,2023-04-07 17:42,화서1동 화서초등학교 둘레길 중간지점,고정형,2023-12-01,,,
2023,수원시,팔달구청,2023-04-07 17:44,매산동 팅스몰 주차장 출구 옆,고정형,2023-12-01,,,
2023,수원시,팔달구청,2023-04-07 19:11,인계동 드림캐슬주상복합,고정형,2023-12-01,,,
2023,수원시,팔달구청,2023-04-07 19:38,매산동 팅스몰 주차장 출구 옆,고정형,2023-12-01,,,
2023,수원시,팔달구청,2023-04-07 19:46,매산동 덕영대로 895번길 9-8,고정형,2023-12-01,,,
2023,수원시,영통구청,2023-04-07 20:02,영통동 롯데마트 뒤,고정형,2023-12-01,37.27220279535416,127.10856729001851,
2023,수원시,팔달구청,2023-04-07 20:52,고등동 고등동 180-170 교차로모퉁이,국민신문고,2023-12-01,,,
2023,수원시,팔달구청,2023-04-07 20:55,고등동 고등동 180-78 횡단보도,국민신문고,2023-12-01,,,
2023,수원시,팔달구청,2023-04-07 21:37,인계동 드림캐슬주상복합,고정형,2023-12-01,,,
2023,수원시,권선구청,2023-04-08 9:01,평동 수원역고가밑 정류장,고정형,2023-12-01,,,
2023,수원시,권선구청,2023-04-08 9:02,서둔동 가온팰리스옆1,고정형,2023-12-01,,,
2023,수원시,권선구청,2023-04-08 9:02,곡반정동 하나로마트한국빌딩앞,고정형,2023-12-01,,,
2023,수원시,권선구청,2023-04-08 9:03,곡반정동 하나로마트한국빌딩앞,고정형,2023-12-01,,,
2023,수원시,팔달구청,2023-04-08 9:03,화서1동 푸르지오자이 북문 CU 앞 횡단보도,고정형,2023-12-01,,,
2023,수원시,권선구청,2023-04-08 9:03,곡반정동 하나로마트한국빌딩앞,고정형,2023-12-01,,,
2023,수원시,팔달구청,2023-04-08 9:03,인계동 드림캐슬주상복합,고정형,2023-12-01,,,
2023,수원시,권선구청,2023-04-08 9:03,곡반정동 하나로마트한국빌딩앞,고정형,2023-12-01,,,
2023,수원시,팔달구청,2023-04-08 9:03,매산동 팅스몰 주차장 출구 옆,고정형,2023-12-01,,,
2023,수원시,권선구청,2023-04-08 9:05,서둔동 가온팰리스옆2,고정형,2023-12-01,,,
2023,수원시,팔달구청,2023-04-08 9:05,인계동 드림캐슬주상복합,고정형,2023-12-01,,,
2023,수원시,영통구청,2023-04-08 9:07,이의동 광교가재울마을사거리,고정형,2023-12-01,,,
2023,수원시,권선구청,2023-04-08 9:08,곡반정동 하나로마트한국빌딩앞,고정형,2023-12-01,,,
2023,수원시,영통구청,2023-04-08 9:08,이의동 드림스퀘어Ⅱ 앞,고정형,2023-12-01,,,
2023,수원시,영통구청,2023-04-08 9:08,이의동 드림스퀘어Ⅱ 앞,고정형,2023-12-01,,,
2023,수원시,권선구청,2023-04-08 9:12,서둔동 가온팰리스옆2,고정형,2023-12-01,,,
2023,수원시,권선구청,2023-04-08 9:12,곡반정동 궁촌육교앞,고정형,2023-12-01,,,
2023,수원시,권선구청,2023-04-08 9:13,서둔동 가온팰리스옆2,고정형,2023-12-01,,,
2023,수원시,팔달구청,2023-04-08 9:15,매산동 팅스몰 주차장 출구 옆,고정형,2023-12-01,,,
2023,수원시,팔달구청,2023-04-08 9:15,매산동 팅스몰 주차장 출구 옆,고정형,2023-12-01,,,
2023,수원시,권선구청,2023-04-08 9:15,서둔동 수원역한라비발디퍼스트 앞1,고정형,2023-12-01,,,
2023,수원시,팔달구청,2023-04-08 9:29,매산동 팅스몰 주차장 출구 옆,고정형,2023-12-01,,,
2023,수원시,권선구청,2023-04-08 9:30,서둔동 수원역한라비발디퍼스트 앞1,고정형,2023-12-01,,,
2023,수원시,권선구청,2023-04-08 9:34,권선동 NC터미널점 버스정류장 앞,고정형,2023-12-01,,,
2023,수원시,권선구청,2023-04-08 9:34,권선동 NC터미널점 버스정류장 앞,고정형,2023-12-01,,,
2023,수원시,팔달구청,2023-04-08 9:50,인계동 경인통계청,고정형,2023-12-01,,,
2023,수원시,영통구청,2023-04-08 9:57,광교동 광교더사랑교회뒷길,고정형,2023-12-01,,,
2023,수원시,권선구청,2023-04-08 10:01,곡반정동 하나로마트한국빌딩앞,고정형,2023-12-01,,,
2023,수원시,장안구청,2023-04-08 10:17,율전동 영화동 302,국민신문고,2023-12-01,,,
2023,수원시,팔달구청,2023-04-08 10:27,매산동 팅스몰 주차장 출구 옆,고정형,2023-12-01,,,
2023,수원시,권선구청,2023-04-08 10:33,곡반정동 하나로마트한국빌딩앞,고정형,2023-12-01,,,
2023,수원시,권선구청,2023-04-08 10:33,곡반정동 하나로마트한국빌딩앞,고정형,2023-12-01,,,
2023,수원시,영통구청,2023-04-08 10:35,이의동 드림스퀘어Ⅱ 앞,고정형,2023-12-01,,,
2023,수원시,권선구청,2023-04-08 10:36,서둔동 가온팰리스옆1,고정형,2023-12-01,,,
2023,수원시,권선구청,2023-04-08 10:48,곡선동 휴먼푸드 인근,고정형,2023-12-01,,,
2023,수원시,영통구청,2023-04-08 11:40,영통동 롯데마트 뒤,고정형,2023-12-01,37.27220279535416,127.10856729001851,
2023,수원시,영통구청,2023-04-08 12:01,하동 광교호반마을한양수자인,고정형,2023-12-01,,,
2023,수원시,권선구청,2023-04-08 12:46,곡선동 휴먼푸드 인근,고정형,2023-12-01,,,
2023,수원시,장안구청,2023-04-08 12:46,상광교동 광교버스정류장종점,고정형,2023-12-01,,,
2023,수원시,팔달구청,2023-04-08 13:11,교동 수원향교 앞 팔달보건소 뒤,고정형,2023-12-01,,,
2023,수원시,영통구청,2023-04-08 13:12,영통동 마사회뒷길,고정형,2023-12-01,,,
2023,수원시,영통구청,2023-04-08 13:24,이의동 광교가재울마을사거리,고정형,2023-12-01,,,
2023,수원시,영통구청,2023-04-08 13:38,원천동 삼성전자중문,고정형,2023-12-01,,,
2023,수원시,권선구청,2023-04-08 14:02,고색동 도이치 고객주차장 출입구,고정형,2023-12-01,,,
2023,수원시,영통구청,2023-04-08 14:03,하동 광교호반마을한양수자인,고정형,2023-12-01,,,
2023,수원시,영통구청,2023-04-08 14:19,원천동 삼성전자중문,고정형,2023-12-01,,,
2023,수원시,팔달구청,2023-04-08 14:20,매산로3가 매산로3가 효원로 6,주행형,2023-12-01,,,
2023,수원시,팔달구청,2023-04-08 14:20,매산로3가 매산로3가 효원로 6,주행형,2023-12-01,,,
2023,수원시,팔달구청,2023-04-08 14:20,매산로3가 매산로3가 효원로 6,주행형,2023-12-01,,,
2023,수원시,팔달구청,2023-04-08 14:20,매산로3가 매산로3가 효원로 6,주행형,2023-12-01,,,
2023,수원시,권선구청,2023-04-08 14:31,서둔동 롯데몰 육교건너,고정형,2023-12-01,,,
2023,수원시,권선구청,2023-04-08 14:33,곡반정동 하나로마트한국빌딩앞,고정형,2023-12-01,,,
2023,수원시,팔달구청,2023-04-08 14:33,매산동 덕영대로 895번길 9-8,고정형,2023-12-01,,,
2023,수원시,팔달구청,2023-04-08 14:34,인계동 경인통계청,고정형,2023-12-01,,,
2023,수원시,팔달구청,2023-04-08 14:34,매산동 팅스몰 주차장 출구 옆,고정형,2023-12-01,,,
2023,수원시,권선구청,2023-04-08 14:34,곡반정동 하나로마트한국빌딩앞,고정형,2023-12-01,,,
2023,수원시,팔달구청,2023-04-08 14:36,매산동 팅스몰 주차장 출구 옆,고정형,2023-12-01,,,
2023,수원시,팔달구청,2023-04-08 14:39,인계동 경인통계청,고정형,2023-12-01,,,
2023,수원시,팔달구청,2023-04-08 14:39,인계동 경인통계청,고정형,2023-12-01,,,
2023,수원시,권선구청,2023-04-08 14:40,서둔동 가온팰리스옆2,고정형,2023-12-01,,,
2023,수원시,팔달구청,2023-04-08 14:41,인계동 경인통계청,고정형,2023-12-01,,,
2023,수원시,팔달구청,2023-04-08 14:44,인계동 경인통계청,고정형,2023-12-01,,,
2023,수원시,권선구청,2023-04-08 14:45,서둔동 롯데몰9번출구앞주변,고정형,2023-12-01,,,
2023,수원시,권선구청,2023-04-08 14:45,서둔동 롯데몰9번출구앞주변,고정형,2023-12-01,,,
2023,수원시,팔달구청,2023-04-08 14:45,인계동 경인통계청,고정형,2023-12-01,,,
2023,수원시,팔달구청,2023-04-08 14:56,인계동 경인통계청,고정형,2023-12-01,,,
2023,수원시,권선구청,2023-04-08 14:59,서둔동 롯데마트 하역장입구,고정형,2023-12-01,,,
2023,수원시,팔달구청,2023-04-08 15:00,인계동 경인통계청,고정형,2023-12-01,,,
2023,수원시,팔달구청,2023-04-08 15:03,인계동 경인통계청,고정형,2023-12-01,,,
2023,수원시,팔달구청,2023-04-08 15:04,인계동 경인통계청,고정형,2023-12-01,,,
2023,수원시,권선구청,2023-04-08 15:10,고색동 도이치 고객주차장 출입구,고정형,2023-12-01,,,
2023,수원시,권선구청,2023-04-08 15:11,서둔동 가온팰리스옆2,고정형,2023-12-01,,,
2023,수원시,권선구청,2023-04-08 15:16,서둔동 가온팰리스옆2,고정형,2023-12-01,,,
2023,수원시,팔달구청,2023-04-08 15:17,매산동 역전농협,고정형,2023-12-01,,,
2023,수원시,팔달구청,2023-04-08 15:17,북수동 북수동 수원천로 372,주행형,2023-12-01,,,
2023,수원시,팔달구청,2023-04-08 15:19,북수동 화홍사랑채,고정형,2023-12-01,,,
2023,수원시,팔달구청,2023-04-08 15:20,북수동 북수동 창룡대로41번길,주행형,2023-12-01,,,
2023,수원시,팔달구청,2023-04-08 15:20,북수동 북수동 창룡대로41번길,주행형,2023-12-01,,,
2023,수원시,권선구청,2023-04-08 15:22,곡선동 휴먼푸드 인근,고정형,2023-12-01,,,
2023,수원시,권선구청,2023-04-08 15:26,고색동 도이치 고객주차장 출입구,고정형,2023-12-01,,,
2023,수원시,권선구청,2023-04-08 15:33,서둔동 수원역한라비발디퍼스트 앞2,고정형,2023-12-01,,,
2023,수원시,권선구청,2023-04-08 15:34,곡반정동 하나로마트한국빌딩앞,고정형,2023-12-01,,,
2023,수원시,권선구청,2023-04-08 15:38,호매실동 금호프라자 대각 맞은편,고정형,2023-12-01,,,
2023,수원시,권선구청,2023-04-08 15:38,호매실동 금호프라자 대각 맞은편,고정형,2023-12-01,,,
2023,수원시,팔달구청,2023-04-08 15:42,인계동 경인통계청,고정형,2023-12-01,,,
2023,수원시,권선구청,2023-04-08 15:43,권선동 NC터미널점 버스정류장 앞,고정형,2023-12-01,,,
2023,수원시,팔달구청,2023-04-08 15:45,매향동 매향동 창룡대로 30,주행형,2023-12-01,,,
2023,수원시,팔달구청,2023-04-08 15:48,인계동 경인통계청,고정형,2023-12-01,,,
2023,수원시,영통구청,2023-04-08 15:52,광교동 광교웰빙타운한양수자인,고정형,2023-12-01,,,
2023,수원시,팔달구청,2023-04-08 15:59,인계동 경인통계청,고정형,2023-12-01,,,
2023,수원시,팔달구청,2023-04-08 16:00,화서1동 수원역푸르지오자이 북문 우측,고정형,2023-12-01,,,
2023,수원시,팔달구청,2023-04-08 16:06,매산동 팅스몰 주차장 출구 옆,고정형,2023-12-01,,,
2023,수원시,팔달구청,2023-04-08 16:12,북수동 북수동 수원천로 372,주행형,2023-12-01,,,
2023,수원시,팔달구청,2023-04-08 16:12,북수동 북수동 수원천로 372,주행형,2023-12-01,,,
2023,수원시,권선구청,2023-04-08 16:14,고색동 도이치 고객주차장 출입구,고정형,2023-12-01,,,
2023,수원시,권선구청,2023-04-08 16:16,오목천동 한화꿈에그린아파트 209동앞,고정형,2023-12-01,,,
2023,수원시,영통구청,2023-04-08 16:19,이의동 광교가재울마을사거리,고정형,2023-12-01,,,
2023,수원시,팔달구청,2023-04-08 16:27,인계동 경인통계청,고정형,2023-12-01,,,
2023,수원시,권선구청,2023-04-08 16:35,서둔동 가온팰리스옆2,고정형,2023-12-01,,,
2023,수원시,팔달구청,2023-04-08 16:40,인계동 경인통계청,고정형,2023-12-01,,,
2023,수원시,팔달구청,2023-04-08 16:40,인계동 경인통계청,고정형,2023-12-01,,,
2023,수원시,팔달구청,2023-04-08 16:42,화서1동 수원역푸르지오자이 북문 우측,고정형,2023-12-01,,,
2023,수원시,영통구청,2023-04-08 16:46,영통동 마사회뒷길,고정형,2023-12-01,,,
2023,수원시,팔달구청,2023-04-08 16:54,행궁동 화홍사랑채,고정형,2023-12-01,,,
2023,수원시,팔달구청,2023-04-08 16:58,인계동 경인통계청,고정형,2023-12-01,,,
2023,수원시,팔달구청,2023-04-08 17:10,매산동 팅스몰 주차장 출구 옆,고정형,2023-12-01,,,
2023,수원시,권선구청,2023-04-08 17:16,오목천동 한화꿈에그린아파트 209동앞,고정형,2023-12-01,,,
2023,수원시,팔달구청,2023-04-08 17:32,행궁동 화홍사랑채,고정형,2023-12-01,,,
2023,수원시,팔달구청,2023-04-08 17:32,인계동 경인통계청,고정형,2023-12-01,,,
2023,수원시,권선구청,2023-04-08 17:37,곡반정동 하나로마트한국빌딩앞,고정형,2023-12-01,,,
2023,수원시,팔달구청,2023-04-08 17:38,화서1동 수원역푸르지오자이 북문 우측,고정형,2023-12-01,,,
2023,수원시,팔달구청,2023-04-08 17:46,매산동 팅스몰 주차장 출구 옆,고정형,2023-12-01,,,
2023,수원시,팔달구청,2023-04-08 17:48,화서1동 푸르지오자이 북문 CU 앞 횡단보도,고정형,2023-12-01,,,
2023,수원시,팔달구청,2023-04-08 18:14,매산동 팅스몰 주차장 출구 옆,고정형,2023-12-01,,,
2023,수원시,팔달구청,2023-04-08 18:21,매산동 팅스몰 주차장 출구 옆,고정형,2023-12-01,,,
2023,수원시,팔달구청,2023-04-08 18:28,매산동 팅스몰 주차장 출구 옆,고정형,2023-12-01,,,
2023,수원시,팔달구청,2023-04-08 18:34,인계동 드림캐슬주상복합,고정형,2023-12-01,,,
2023,수원시,팔달구청,2023-04-08 18:43,매산동 팅스몰 주차장 출구 옆,고정형,2023-12-01,,,
2023,수원시,팔달구청,2023-04-08 18:54,화서1동 수원역푸르지오자이 북문 우측,고정형,2023-12-01,,,
2023,수원시,팔달구청,2023-04-08 19:06,매산동 팅스몰 주차장 출구 옆,고정형,2023-12-01,,,
2023,수원시,팔달구청,2023-04-08 19:20,매산동 역전농협,고정형,2023-12-01,,,
2023,수원시,팔달구청,2023-04-08 19:39,인계동 드림캐슬주상복합,고정형,2023-12-01,,,
2023,수원시,팔달구청,2023-04-08 19:41,화서1동 수원역푸르지오자이 북문 우측,고정형,2023-12-01,,,
2023,수원시,팔달구청,2023-04-08 19:48,매산동 팅스몰 주차장 출구 옆,고정형,2023-12-01,,,
2023,수원시,팔달구청,2023-04-08 20:05,매교동 매교동 287-66 교차로모퉁이,국민신문고,2023-12-01,,,
2023,수원시,팔달구청,2023-04-08 20:14,인계동 드림캐슬주상복합,고정형,2023-12-01,,,
2023,수원시,팔달구청,2023-04-08 20:22,매산동 팅스몰 주차장 출구 옆,고정형,2023-12-01,,,
2023,수원시,팔달구청,2023-04-08 20:36,화서1동 수원역푸르지오자이 북문 우측,고정형,2023-12-01,,,
2023,수원시,팔달구청,2023-04-09 8:55,행궁동 팔달문 버스정류장,고정형,2023-12-01,,,
2023,수원시,권선구청,2023-04-09 9:01,평동 수원역고가밑 정류장,고정형,2023-12-01,,,
2023,수원시,권선구청,2023-04-09 9:02,곡반정동 하나로마트한국빌딩앞,고정형,2023-12-01,,,
2023,수원시,권선구청,2023-04-09 9:03,서둔동 가온팰리스옆1,고정형,2023-12-01,,,
2023,수원시,권선구청,2023-04-09 9:03,서둔동 가온팰리스옆1,고정형,2023-12-01,,,
2023,수원시,권선구청,2023-04-09 9:03,곡반정동 하나로마트한국빌딩앞,고정형,2023-12-01,,,
2023,수원시,권선구청,2023-04-09 9:03,곡반정동 하나로마트한국빌딩앞,고정형,2023-12-01,,,
2023,수원시,권선구청,2023-04-09 9:03,곡반정동 하나로마트한국빌딩앞,고정형,2023-12-01,,,
2023,수원시,영통구청,2023-04-09 9:03,광교동 광교더사랑교회뒷길,고정형,2023-12-01,,,
2023,수원시,팔달구청,2023-04-09 9:04,매산동 팅스몰 주차장 출구 옆,고정형,2023-12-01,,,
2023,수원시,권선구청,2023-04-09 9:05,서둔동 가온팰리스옆2,고정형,2023-12-01,,,
2023,수원시,팔달구청,2023-04-09 9:05,매산동 팅스몰 주차장 출구 옆,고정형,2023-12-01,,,
2023,수원시,권선구청,2023-04-09 9:05,서둔동 가온팰리스옆2,고정형,2023-12-01,,,
2023,수원시,권선구청,2023-04-09 9:05,서둔동 가온팰리스옆2,고정형,2023-12-01,,,
2023,수원시,팔달구청,2023-04-09 9:06,화서1동 수원역푸르지오자이 북문 우측,고정형,2023-12-01,,,
2023,수원시,팔달구청,2023-04-09 9:06,화서1동 수원역푸르지오자이 북문 우측,고정형,2023-12-01,,,
2023,수원시,팔달구청,2023-04-09 9:08,인계동 드림캐슬주상복합,고정형,2023-12-01,,,
2023,수원시,권선구청,2023-04-09 9:13,곡반정동 궁촌육교앞,고정형,2023-12-01,,,
2023,수원시,권선구청,2023-04-09 9:13,곡반정동 궁촌육교앞,고정형,2023-12-01,,,
2023,수원시,권선구청,2023-04-09 9:13,서둔동 가온팰리스옆1,고정형,2023-12-01,,,
2023,수원시,팔달구청,2023-04-09 9:15,인계동 한국씨티은행,고정형,2023-12-01,,,
2023,수원시,권선구청,2023-04-09 9:17,서둔동 수원역한라비발디퍼스트 앞1,고정형,2023-12-01,,,
2023,수원시,팔달구청,2023-04-09 9:25,매산동 역전농협,고정형,2023-12-01,,,
2023,수원시,팔달구청,2023-04-09 9:25,매산동 역전농협,고정형,2023-12-01,,,
2023,수원시,팔달구청,2023-04-09 9:27,화서1동 수원역푸르지오자이 북문 우측,고정형,2023-12-01,,,
2023,수원시,팔달구청,2023-04-09 9:32,인계동 경인통계청,고정형,2023-12-01,,,
2023,수원시,영통구청,2023-04-09 10:00,광교동 광교 덴티움지식산업센터 앞 사거리,고정형,2023-12-01,,,
2023,수원시,영통구청,2023-04-09 10:00,광교동 광교 덴티움지식산업센터 앞 사거리,고정형,2023-12-01,,,
2023,수원시,팔달구청,2023-04-09 10:00,매산동 팅스몰 주차장 출구 옆,고정형,2023-12-01,,,
2023,수원시,권선구청,2023-04-09 10:09,오목천동 한화꿈에그린아파트 209동앞,고정형,2023-12-01,,,
2023,수원시,영통구청,2023-04-09 10:26,원천동 광교매원초등학교,고정형,2023-12-01,,,
2023,수원시,권선구청,2023-04-09 10:38,곡반정동 하나로마트한국빌딩앞,고정형,2023-12-01,,,
2023,수원시,팔달구청,2023-04-09 10:40,인계동 드림캐슬주상복합,고정형,2023-12-01,,,
2023,수원시,영통구청,2023-04-09 10:50,망포동 E-마트 에브리데이 앞,고정형,2023-12-01,37.2361017468141,127.060345496536,
2023,수원시,영통구청,2023-04-09 10:51,망포동 E-마트 에브리데이 앞,고정형,2023-12-01,37.2361017468141,127.060345496536,
2023,수원시,팔달구청,2023-04-09 10:59,경기도수원시팔달구인계동 수원시 팔달구 동수원사거리 고가 밑,보행,2023-12-01,,,
2023,수원시,팔달구청,2023-04-09 11:01,경기도수원시팔달구인계동 수원시 팔달구 동수원사거리 고가 밑,보행,2023-12-01,,,
2023,수원시,팔달구청,2023-04-09 11:02,화서1동 푸르지오자이 북문 CU 앞 횡단보도,고정형,2023-12-01,,,
2023,수원시,영통구청,2023-04-09 11:18,광교동 광교 덴티움지식산업센터 앞 사거리,고정형,2023-12-01,,,
2023,수원시,팔달구청,2023-04-09 12:35,화서1동 수원역푸르지오자이 북문 우측,고정형,2023-12-01,,,
2023,수원시,권선구청,2023-04-09 12:39,곡선동 휴먼푸드 인근,고정형,2023-12-01,,,
2023,수원시,팔달구청,2023-04-09 13:28,행궁동 팔달문 버스정류장,고정형,2023-12-01,,,
2023,수원시,팔달구청,2023-04-09 13:40,행궁동 팔달문 버스정류장,고정형,2023-12-01,,,
2023,수원시,팔달구청,2023-04-09 13:54,화서1동 수원역푸르지오자이 북문 우측,고정형,2023-12-01,,,
2023,수원시,팔달구청,2023-04-09 14:09,화서1동 수원역푸르지오자이 북문 우측,고정형,2023-12-01,,,
2023,수원시,팔달구청,2023-04-09 14:09,화서1동 수원역푸르지오자이 북문 우측,고정형,2023-12-01,,,
2023,수원시,권선구청,2023-04-09 14:31,경기도수원시권선구서둔동 수원시 권선구 서둔동 31-54,보행,2023-12-01,,,
2023,수원시,팔달구청,2023-04-09 14:33,매산동 팅스몰 주차장 출구 옆,고정형,2023-12-01,,,
2023,수원시,팔달구청,2023-04-09 14:33,매산동 팅스몰 주차장 출구 옆,고정형,2023-12-01,,,
2023,수원시,권선구청,2023-04-09 14:33,곡반정동 하나로마트한국빌딩앞,고정형,2023-12-01,,,
2023,수원시,권선구청,2023-04-09 14:34,서둔동 가온팰리스옆2,고정형,2023-12-01,,,
2023,수원시,팔달구청,2023-04-09 14:34,매산동 팅스몰 주차장 출구 옆,고정형,2023-12-01,,,
2023,수원시,권선구청,2023-04-09 14:34,서둔동 가온팰리스옆2,고정형,2023-12-01,,,
2023,수원시,팔달구청,2023-04-09 14:36,행궁동 화홍사랑채,고정형,2023-12-01,,,
2023,수원시,팔달구청,2023-04-09 14:37,인계동 한국씨티은행,고정형,2023-12-01,,,
2023,수원시,팔달구청,2023-04-09 14:38,화서1동 푸르지오자이 북문 CU 앞 횡단보도,고정형,2023-12-01,,,
2023,수원시,팔달구청,2023-04-09 14:42,인계동 경인통계청,고정형,2023-12-01,,,
2023,수원시,영통구청,2023-04-09 14:51,원천동 광교에일린의뜰 북측,고정형,2023-12-01,,,
2023,수원시,팔달구청,2023-04-09 14:53,매산동 팅스몰 주차장 출구 옆,고정형,2023-12-01,,,
2023,수원시,영통구청,2023-04-09 14:57,이의동 드림스퀘어Ⅱ 앞,고정형,2023-12-01,,,
2023,수원시,영통구청,2023-04-09 14:59,영통동 보보스스포츠센터앞,고정형,2023-12-01,,,
2023,수원시,권선구청,2023-04-09 15:03,곡반정동 하나로마트한국빌딩앞,고정형,2023-12-01,,,
2023,수원시,팔달구청,2023-04-09 15:07,행궁동 화홍사랑채,고정형,2023-12-01,,,
2023,수원시,팔달구청,2023-04-09 15:17,인계동 경인통계청,고정형,2023-12-01,,,
2023,수원시,팔달구청,2023-04-09 15:21,경기도수원시팔달구중동 수원시 팔달구 구천동 13-2,보행,2023-12-01,,,
2023,수원시,팔달구청,2023-04-09 15:29,인계동 한국씨티은행,고정형,2023-12-01,,,
2023,수원시,권선구청,2023-04-09 15:38,서둔동 수원역한라비발디퍼스트 앞2,고정형,2023-12-01,,,
2023,수원시,팔달구청,2023-04-09 15:38,매산동 팅스몰 주차장 출구 옆,고정형,2023-12-01,,,
2023,수원시,팔달구청,2023-04-09 15:45,인계동 경인통계청,고정형,2023-12-01,,,
2023,수원시,팔달구청,2023-04-09 15:52,매향동 매향동 창룡대로 38,주행형,2023-12-01,,,
2023,수원시,팔달구청,2023-04-09 15:52,매향동 매향동 창룡대로 38,주행형,2023-12-01,,,
2023,수원시,권선구청,2023-04-09 16:13,서둔동 수원역한라비발디퍼스트 앞2,고정형,2023-12-01,,,
2023,수원시,영통구청,2023-04-09 16:14,영통동 롯데마트 뒤,고정형,2023-12-01,37.27220279535416,127.10856729001851,
2023,수원시,팔달구청,2023-04-09 16:18,행궁동 화홍사랑채,고정형,2023-12-01,,,
2023,수원시,팔달구청,2023-04-09 16:19,인계동 한국씨티은행,고정형,2023-12-01,,,
2023,수원시,팔달구청,2023-04-09 16:37,경기도수원시팔달구인계동 수원시 팔달구 인계동 906-2,보행,2023-12-01,,,
2023,수원시,팔달구청,2023-04-09 16:38,행궁동 화홍사랑채,고정형,2023-12-01,,,
2023,수원시,팔달구청,2023-04-09 16:38,행궁동 화홍사랑채,고정형,2023-12-01,,,
2023,수원시,팔달구청,2023-04-09 16:39,행궁동 화홍사랑채,고정형,2023-12-01,,,
2023,수원시,권선구청,2023-04-09 16:39,오목천동 527-5,국민신문고,2023-12-01,,,
2023,수원시,권선구청,2023-04-09 16:44,서둔동 수원역한라비발디퍼스트 앞2,고정형,2023-12-01,,,
2023,수원시,권선구청,2023-04-09 17:07,서둔동 가온팰리스옆2,고정형,2023-12-01,,,
2023,수원시,영통구청,2023-04-09 17:12,이의동 드림스퀘어Ⅱ 앞,고정형,2023-12-01,,,
2023,수원시,팔달구청,2023-04-09 17:16,매산동 팅스몰 주차장 출구 옆,고정형,2023-12-01,,,
2023,수원시,팔달구청,2023-04-09 17:17,매산동 팅스몰 주차장 출구 옆,고정형,2023-12-01,,,
2023,수원시,장안구청,2023-04-09 17:19,조원동 조원동 431-2,국민신문고,2023-12-01,,,
2023,수원시,팔달구청,2023-04-09 17:25,행궁동 화홍사랑채,고정형,2023-12-01,,,
2023,수원시,팔달구청,2023-04-09 17:27,인계동 경인통계청,고정형,2023-12-01,,,
2023,수원시,팔달구청,2023-04-09 17:36,화서1동 수원역푸르지오자이 북문 우측,고정형,2023-12-01,,,
2023,수원시,팔달구청,2023-04-09 17:48,매산동 팅스몰 주차장 출구 옆,고정형,2023-12-01,,,
2023,수원시,팔달구청,2023-04-09 18:05,매산동 팅스몰 주차장 출구 옆,고정형,2023-12-01,,,
2023,수원시,팔달구청,2023-04-09 18:29,화서1동 수원역푸르지오자이 북문 우측,고정형,2023-12-01,,,
2023,수원시,팔달구청,2023-04-09 18:39,화서1동 수원역푸르지오자이 북문 우측,고정형,2023-12-01,,,
2023,수원시,팔달구청,2023-04-09 18:51,인계동 드림캐슬주상복합,고정형,2023-12-01,,,
2023,수원시,팔달구청,2023-04-09 18:52,화서1동 푸르지오자이 북문 CU 앞 횡단보도,고정형,2023-12-01,,,
2023,수원시,팔달구청,2023-04-09 19:09,화서1동 수원역푸르지오자이 북문 우측,고정형,2023-12-01,,,
2023,수원시,팔달구청,2023-04-09 19:11,매산동 팅스몰 주차장 출구 옆,고정형,2023-12-01,,,
2023,수원시,팔달구청,2023-04-09 19:18,매산동 팅스몰 주차장 출구 옆,고정형,2023-12-01,,,
2023,수원시,팔달구청,2023-04-09 19:18,매산동 역전농협,고정형,2023-12-01,,,
2023,수원시,팔달구청,2023-04-09 19:18,매산동 역전농협,고정형,2023-12-01,,,
2023,수원시,팔달구청,2023-04-09 19:22,인계동 드림캐슬주상복합,고정형,2023-12-01,,,
2023,수원시,팔달구청,2023-04-09 19:22,인계동 드림캐슬주상복합,고정형,2023-12-01,,,
2023,수원시,팔달구청,2023-04-09 20:05,매산동 팅스몰 주차장 출구 옆,고정형,2023-12-01,,,
2023,수원시,팔달구청,2023-04-09 20:13,매산동 팅스몰 주차장 출구 옆,고정형,2023-12-01,,,
2023,수원시,팔달구청,2023-04-09 20:19,인계동 드림캐슬주상복합,고정형,2023-12-01,,,
2023,수원시,팔달구청,2023-04-09 20:19,인계동 드림캐슬주상복합,고정형,2023-12-01,,,
2023,수원시,권선구청,2023-04-10 6:01,곡반정동 562-2,국민신문고,2023-12-01,,,
2023,수원시,팔달구청,2023-04-10 7:02,화서1동 수원역푸르지오자이 북문 우측,고정형,2023-12-01,,,
2023,수원시,팔달구청,2023-04-10 7:02,화서1동 수원역푸르지오자이 북문 우측,고정형,2023-12-01,,,
2023,수원시,권선구청,2023-04-10 8:02,서둔동 가온팰리스옆2,고정형,2023-12-01,,,
2023,수원시,권선구청,2023-04-10 8:02,오목천동 한화꿈에그린아파트 214동앞,고정형,2023-12-01,,,
2023,수원시,권선구청,2023-04-10 8:03,곡반정동 하나로마트한국빌딩앞,고정형,2023-12-01,,,
2023,수원시,권선구청,2023-04-10 8:05,오목천동 한화꿈에그린아파트 209동앞,고정형,2023-12-01,,,
2023,수원시,권선구청,2023-04-10 8:05,오목천동 한화꿈에그린아파트 209동앞,고정형,2023-12-01,,,
2023,수원시,권선구청,2023-04-10 8:21,권선동 곡정초교 정문 좌측 사거리,고정형,2023-12-01,,,
2023,수원시,팔달구청,2023-04-10 8:25,인계동 경인통계청,고정형,2023-12-01,,,
2023,수원시,권선구청,2023-04-10 8:28,곡반정동 하나로마트한국빌딩앞,고정형,2023-12-01,,,
2023,수원시,권선구청,2023-04-10 8:33,서둔동 수원역한라비발디퍼스트 앞1,고정형,2023-12-01,,,
2023,수원시,팔달구청,2023-04-10 9:13,행궁동 팔달문 버스정류장,고정형,2023-12-01,,,
2023,수원시,팔달구청,2023-04-10 9:15,인계동 드림캐슬주상복합,고정형,2023-12-01,,,
2023,수원시,권선구청,2023-04-10 9:18,서둔동 가온팰리스옆2,고정형,2023-12-01,,,
2023,수원시,권선구청,2023-04-10 9:19,오목천동 한화꿈에그린아파트 209동앞,고정형,2023-12-01,,,
2023,수원시,팔달구청,2023-04-10 9:24,인계동 드림캐슬주상복합,고정형,2023-12-01,,,
2023,수원시,팔달구청,2023-04-10 9:36,인계동 드림캐슬주상복합,고정형,2023-12-01,,,
2023,수원시,팔달구청,2023-04-10 9:42,인계동 드림캐슬주상복합,고정형,2023-12-01,,,
2023,수원시,권선구청,2023-04-10 9:43,평동 고현초교 정문 좌측 삼거리,고정형,2023-12-01,,,
2023,수원시,팔달구청,2023-04-10 9:57,인계동 드림캐슬주상복합,고정형,2023-12-01,,,
2023,수원시,팔달구청,2023-04-10 9:57,인계동 드림캐슬주상복합,고정형,2023-12-01,,,
2023,수원시,권선구청,2023-04-10 10:11,서둔동 가온팰리스옆2,고정형,2023-12-01,,,
2023,수원시,권선구청,2023-04-10 10:14,곡반정동 궁촌육교앞,고정형,2023-12-01,,,
2023,수원시,영통구청,2023-04-10 10:29,하동 19.99,주행형,2023-12-01,,,
2023,수원시,영통구청,2023-04-10 10:29,하동 19.24,주행형,2023-12-01,,,
2023,수원시,영통구청,2023-04-10 10:29,하동 17.52,주행형,2023-12-01,,,
2023,수원시,영통구청,2023-04-10 10:29,하동 10.82,주행형,2023-12-01,,,
2023,수원시,영통구청,2023-04-10 10:30,하동 25.2,주행형,2023-12-01,,,
2023,수원시,영통구청,2023-04-10 10:30,하동 21.6,주행형,2023-12-01,,,
2023,수원시,영통구청,2023-04-10 11:08,원천동 삼성전자중문,고정형,2023-12-01,,,
2023,수원시,영통구청,2023-04-10 11:10,광교동 광교이의119안전센터,고정형,2023-12-01,,,
2023,수원시,영통구청,2023-04-10 11:10,광교동 광교이의119안전센터,고정형,2023-12-01,,,
2023,수원시,영통구청,2023-04-10 11:22,이의동 도청예정부지,고정형,2023-12-01,,,
2023,수원시,권선구청,2023-04-10 11:22,곡반정동 562-2,국민신문고,2023-12-01,,,
2023,수원시,영통구청,2023-04-10 11:24,이의동 광교가재울마을사거리,고정형,2023-12-01,,,
2023,수원시,영통구청,2023-04-10 11:35,광교동 광교이의119안전센터,고정형,2023-12-01,,,
2023,수원시,영통구청,2023-04-10 12:25,망포동 힐스테이트 119동 ~방죽공원 삼거리,고정형,2023-12-01,,,
2023,수원시,권선구청,2023-04-10 12:46,곡선동 휴먼푸드 인근,고정형,2023-12-01,,,
2023,수원시,팔달구청,2023-04-10 14:16,남수동 남수동 정조로796번길,주행형,2023-12-01,,,
2023,수원시,팔달구청,2023-04-10 14:17,영동 영동 팔달문로9,주행형,2023-12-01,,,
2023,수원시,팔달구청,2023-04-10 14:32,인계동 드림캐슬주상복합,고정형,2023-12-01,,,
2023,수원시,팔달구청,2023-04-10 14:35,인계동 드림캐슬주상복합,고정형,2023-12-01,,,
2023,수원시,권선구청,2023-04-10 14:36,평동 고현초교 정문 좌측 삼거리,고정형,2023-12-01,,,
2023,수원시,팔달구청,2023-04-10 14:36,매산동 팅스몰 주차장 출구 옆,고정형,2023-12-01,,,
2023,수원시,권선구청,2023-04-10 14:36,서둔동 가온팰리스옆2,고정형,2023-12-01,,,
2023,수원시,팔달구청,2023-04-10 14:36,인계동 드림캐슬주상복합,고정형,2023-12-01,,,
2023,수원시,권선구청,2023-04-10 14:38,금곡동 가온초교 정문 우측 사거리,고정형,2023-12-01,,,
2023,수원시,권선구청,2023-04-10 14:50,권선동 NC터미널점 버스정류장 앞,고정형,2023-12-01,,,
2023,수원시,팔달구청,2023-04-10 15:00,매산동 덕영대로 895번길 9-8,고정형,2023-12-01,,,
2023,수원시,권선구청,2023-04-10 15:02,금곡동 금곡로222번길,주행형,2023-12-01,,,
2023,수원시,팔달구청,2023-04-10 15:05,북수동 북수동 수원천로 372,주행형,2023-12-01,,,
2023,수원시,팔달구청,2023-04-10 15:13,화서1동 수원역푸르지오자이 북문 우측,고정형,2023-12-01,,,
2023,수원시,영통구청,2023-04-10 15:23,이의동 드림스퀘어Ⅱ 앞,고정형,2023-12-01,,,
2023,수원시,권선구청,2023-04-10 15:27,서둔동 가온팰리스옆2,고정형,2023-12-01,,,
2023,수원시,팔달구청,2023-04-10 15:49,매산동 팅스몰 주차장 출구 옆,고정형,2023-12-01,,,
2023,수원시,팔달구청,2023-04-10 15:49,매산동 팅스몰 주차장 출구 옆,고정형,2023-12-01,,,
2023,수원시,팔달구청,2023-04-10 16:04,인계동 드림캐슬주상복합,고정형,2023-12-01,,,
2023,수원시,팔달구청,2023-04-10 16:10,인계동 드림캐슬주상복합,고정형,2023-12-01,,,
2023,수원시,팔달구청,2023-04-10 16:24,인계동 드림캐슬주상복합,고정형,2023-12-01,,,
2023,수원시,팔달구청,2023-04-10 16:25,화서1동 푸르지오자이 북문 CU 앞 횡단보도,고정형,2023-12-01,,,
2023,수원시,팔달구청,2023-04-10 16:25,화서1동 푸르지오자이 북문 CU 앞 횡단보도,고정형,2023-12-01,,,
2023,수원시,팔달구청,2023-04-10 16:32,인계동 드림캐슬주상복합,고정형,2023-12-01,,,
2023,수원시,팔달구청,2023-04-10 16:36,매산동 팅스몰 주차장 출구 옆,고정형,2023-12-01,,,
2023,수원시,팔달구청,2023-04-10 16:36,-1 팅스몰 주차장 출구 옆,고정형,2023-12-01,,,
2023,수원시,영통구청,2023-04-10 16:44,이의동 광교가재울마을사거리,고정형,2023-12-01,,,
2023,수원시,영통구청,2023-04-10 16:48,망포동 힐스테이트 119동 ~방죽공원 삼거리,고정형,2023-12-01,,,
2023,수원시,권선구청,2023-04-10 16:48,서둔동 가온팰리스옆2,고정형,2023-12-01,,,
2023,수원시,영통구청,2023-04-10 16:54,이의동 드림스퀘어Ⅱ 앞,고정형,2023-12-01,,,
2023,수원시,팔달구청,2023-04-10 16:57,매산동 팅스몰 주차장 출구 옆,고정형,2023-12-01,,,
2023,수원시,팔달구청,2023-04-10 17:06,인계동 경인통계청,고정형,2023-12-01,,,
2023,수원시,권선구청,2023-04-10 17:23,서둔동 가온팰리스옆1,고정형,2023-12-01,,,
2023,수원시,권선구청,2023-04-10 17:31,서둔동 가온팰리스옆2,고정형,2023-12-01,,,
2023,수원시,팔달구청,2023-04-10 17:44,인계동 드림캐슬주상복합,고정형,2023-12-01,,,
2023,수원시,팔달구청,2023-04-10 17:55,인계동 드림캐슬주상복합,고정형,2023-12-01,,,
2023,수원시,팔달구청,2023-04-10 17:57,매산동 팅스몰 주차장 출구 옆,고정형,2023-12-01,,,
2023,수원시,팔달구청,2023-04-10 17:57,매산동 팅스몰 주차장 출구 옆,고정형,2023-12-01,,,
2023,수원시,영통구청,2023-04-10 18:02,망포동 힐스테이트 119동 ~방죽공원 삼거리,고정형,2023-12-01,,,
2023,수원시,영통구청,2023-04-10 18:02,망포동 힐스테이트 119동 ~방죽공원 삼거리,고정형,2023-12-01,,,
2023,수원시,팔달구청,2023-04-10 18:17,인계동 드림캐슬주상복합,고정형,2023-12-01,,,
2023,수원시,팔달구청,2023-04-10 18:22,교동 수원향교 앞 팔달보건소 뒤,고정형,2023-12-01,,,
2023,수원시,팔달구청,2023-04-10 18:31,화서1동 수원역푸르지오자이 북문 우측,고정형,2023-12-01,,,
2023,수원시,팔달구청,2023-04-10 19:35,매산동 팅스몰 주차장 출구 옆,고정형,2023-12-01,,,
2023,수원시,팔달구청,2023-04-10 19:50,화서1동 수원역푸르지오자이 북문 우측,고정형,2023-12-01,,,
2023,수원시,권선구청,2023-04-10 20:01,경기도수원시권선구호매실동 수원시 권선구 호매실동 1027-2,보행,2023-12-01,,,
2023,수원시,권선구청,2023-04-10 20:03,경기도수원시권선구호매실동 수원시 권선구 호매실동 1027-2,보행,2023-12-01,,,
2023,수원시,팔달구청,2023-04-10 20:20,매산동 팅스몰 주차장 출구 옆,고정형,2023-12-01,,,
2023,수원시,팔달구청,2023-04-10 20:21,화서1동 수원역푸르지오자이 북문 우측,고정형,2023-12-01,,,
2023,수원시,팔달구청,2023-04-10 20:24,인계동 드림캐슬주상복합,고정형,2023-12-01,,,
2023,수원시,팔달구청,2023-04-10 20:57,매산동 역전농협,고정형,2023-12-01,,,
2023,수원시,팔달구청,2023-04-10 21:15,인계동 드림캐슬주상복합,고정형,2023-12-01,,,
2023,수원시,팔달구청,2023-04-10 21:36,매산동 역전농협,고정형,2023-12-01,,,
2023,수원시,권선구청,2023-04-11 6:03,곡반정동 562-2,국민신문고,2023-12-01,,,
2023,수원시,권선구청,2023-04-11 6:25,고색동 581,국민신문고,2023-12-01,,,
2023,수원시,팔달구청,2023-04-11 7:03,화서1동 수원역푸르지오자이 북문 우측,고정형,2023-12-01,,,
2023,수원시,팔달구청,2023-04-11 7:03,화서1동 수원역푸르지오자이 북문 우측,고정형,2023-12-01,,,
2023,수원시,팔달구청,2023-04-11 7:32,인계동 드림캐슬주상복합,고정형,2023-12-01,,,
2023,수원시,팔달구청,2023-04-11 7:35,매산동 팅스몰 주차장 출구 옆,고정형,2023-12-01,,,
2023,수원시,권선구청,2023-04-11 8:03,곡반정동 하나로마트한국빌딩앞,고정형,2023-12-01,,,
2023,수원시,권선구청,2023-04-11 8:03,곡반정동 하나로마트한국빌딩앞,고정형,2023-12-01,,,
2023,수원시,권선구청,2023-04-11 8:04,권선2동 곡정초교 정문 좌측 사거리,고정형,2023-12-01,,,
2023,수원시,권선구청,2023-04-11 8:17,세류3동 신곡초교 후문 좌측 사거리,고정형,2023-12-01,,,
2023,수원시,팔달구청,2023-04-11 8:30,인계동 드림캐슬주상복합,고정형,2023-12-01,,,
2023,수원시,팔달구청,2023-04-11 8:32,화서1동 화서초등학교 둘레길 중간지점,고정형,2023-12-01,,,
2023,수원시,권선구청,2023-04-11 8:36,곡선동 휴먼푸드 인근,고정형,2023-12-01,,,
2023,수원시,영통구청,2023-04-11 9:34,영통동 영통신가네음식점(영통1동)앞,고정형,2023-12-01,37.2485115187134,127.077884466177,
2023,수원시,영통구청,2023-04-11 9:38,광교동 광교이의119안전센터,고정형,2023-12-01,,,
2023,수원시,팔달구청,2023-04-11 9:39,인계동 드림캐슬주상복합,고정형,2023-12-01,,,
2023,수원시,팔달구청,2023-04-11 9:54,인계동 드림캐슬주상복합,고정형,2023-12-01,,,
2023,수원시,권선구청,2023-04-11 10:04,곡반정동 하나로마트한국빌딩앞,고정형,2023-12-01,,,
2023,수원시,팔달구청,2023-04-11 10:16,팔달로2가 팔달로2가 정조로796번길,주행형,2023-12-01,,,
2023,수원시,팔달구청,2023-04-11 10:20,매산동 팅스몰 주차장 출구 옆,고정형,2023-12-01,,,
2023,수원시,팔달구청,2023-04-11 10:32,인계동 경인통계청,고정형,2023-12-01,,,
2023,수원시,팔달구청,2023-04-11 11:03,경기도수원시팔달구고등동 수원시 팔달구 화양로50번길 30,보행,2023-12-01,,,
2023,수원시,영통구청,2023-04-11 11:07,원천동 광교 한화겔러리아 앞,고정형,2023-12-01,,,
2023,수원시,권선구청,2023-04-11 11:59,입북동 당수초교 정문 우측 사거리,고정형,2023-12-01,,,
2023,수원시,영통구청,2023-04-11 12:13,영통동 마사회뒷길,고정형,2023-12-01,,,
2023,수원시,권선구청,2023-04-11 12:40,권선동 31어0357,국민신문고,2023-12-01,,,
2023,수원시,영통구청,2023-04-11 14:26,하동 광교호반마을한양수자인,고정형,2023-12-01,,,
2023,수원시,팔달구청,2023-04-11 14:26,영동 영동 수원천로 246,주행형,2023-12-01,,,
2023,수원시,팔달구청,2023-04-11 14:32,경기도수원시장안구정자동 수원시 팔달구 수성로157번길 1,보행,2023-12-01,,,
2023,수원시,권선구청,2023-04-11 14:33,곡반정동 하나로마트한국빌딩앞,고정형,2023-12-01,,,
2023,수원시,권선구청,2023-04-11 14:33,곡반정동 하나로마트한국빌딩앞,고정형,2023-12-01,,,
2023,수원시,팔달구청,2023-04-11 14:33,매산동 팅스몰 주차장 출구 옆,고정형,2023-12-01,,,
2023,수원시,팔달구청,2023-04-11 14:33,경기도수원시장안구정자동 수원시 팔달구 수성로157번길 1,보행,2023-12-01,,,
2023,수원시,팔달구청,2023-04-11 14:34,경기도수원시장안구정자동 수원시 팔달구 수성로157번길 1,보행,2023-12-01,,,
2023,수원시,팔달구청,2023-04-11 14:35,인계동 드림캐슬주상복합,고정형,2023-12-01,,,
2023,수원시,권선구청,2023-04-11 14:36,서둔동 가온팰리스옆2,고정형,2023-12-01,,,
2023,수원시,권선구청,2023-04-11 14:36,세류3동 신곡초교 후문 좌측 사거리,고정형,2023-12-01,,,
2023,수원시,영통구청,2023-04-11 14:42,망포동 E-마트 에브리데이 앞,고정형,2023-12-01,37.2361017468141,127.060345496536,
2023,수원시,팔달구청,2023-04-11 14:42,인계동 한국씨티은행,고정형,2023-12-01,,,
2023,수원시,팔달구청,2023-04-11 14:43,인계동 드림캐슬주상복합,고정형,2023-12-01,,,
2023,수원시,팔달구청,2023-04-11 14:43,인계동 드림캐슬주상복합,고정형,2023-12-01,,,
2023,수원시,권선구청,2023-04-11 14:51,경기도수원시권선구호매실동 수원시 권선구 호매실동 1041-7,보행,2023-12-01,,,
2023,수원시,권선구청,2023-04-11 14:52,경기도수원시권선구호매실동 수원시 권선구 호매실동 1041-7,보행,2023-12-01,,,
2023,수원시,권선구청,2023-04-11 14:54,평동 고현초교 정문 좌측 삼거리,고정형,2023-12-01,,,
2023,수원시,팔달구청,2023-04-11 15:01,남수동 남수동 창룡대로 59,주행형,2023-12-01,,,
2023,수원시,팔달구청,2023-04-11 15:01,남수동 남수동 창룡대로 59,주행형,2023-12-01,,,
2023,수원시,팔달구청,2023-04-11 15:01,매향동 매향동 창룡대로 48,주행형,2023-12-01,,,
2023,수원시,팔달구청,2023-04-11 15:02,매향동 매향동 창룡대로 86,주행형,2023-12-01,,,
2023,수원시,팔달구청,2023-04-11 15:17,장안동 장안동 화서문로17번길,주행형,2023-12-01,,,
2023,수원시,권선구청,2023-04-11 15:20,서둔동 수원역한라비발디퍼스트 앞1,고정형,2023-12-01,,,
2023,수원시,팔달구청,2023-04-11 15:23,신풍동 신풍동 화서문로 33,주행형,2023-12-01,,,
2023,수원시,팔달구청,2023-04-11 15:23,신풍동 신풍동 화서문로 33,주행형,2023-12-01,,,
2023,수원시,팔달구청,2023-04-11 15:25,교동 수원향교 앞 팔달보건소 뒤,고정형,2023-12-01,,,
2023,수원시,팔달구청,2023-04-11 15:25,교동 수원향교 앞 팔달보건소 뒤,고정형,2023-12-01,,,
2023,수원시,권선구청,2023-04-11 15:50,곡반정동 하나로마트한국빌딩앞,고정형,2023-12-01,,,
2023,수원시,권선구청,2023-04-11 16:13,평동 고현초교 정문 좌측 삼거리,고정형,2023-12-01,,,
2023,수원시,권선구청,2023-04-11 16:21,입북동 율전로37번길,주행형,2023-12-01,,,
2023,수원시,권선구청,2023-04-11 16:21,입북동 율전로37번길,주행형,2023-12-01,,,
2023,수원시,권선구청,2023-04-11 16:21,입북동 율전로37번길,주행형,2023-12-01,,,
2023,수원시,권선구청,2023-04-11 16:23,입북동 율전로37번길,주행형,2023-12-01,,,
2023,수원시,권선구청,2023-04-11 16:23,입북동 율전로37번길,주행형,2023-12-01,,,
2023,수원시,권선구청,2023-04-11 16:23,입북동 율전로37번길,주행형,2023-12-01,,,
2023,수원시,영통구청,2023-04-11 16:43,망포동 E-마트 에브리데이 앞,고정형,2023-12-01,37.2361017468141,127.060345496536,
2023,수원시,권선구청,2023-04-11 16:50,서둔동 가온팰리스옆2,고정형,2023-12-01,,,
2023,수원시,팔달구청,2023-04-11 16:54,인계동 경인통계청,고정형,2023-12-01,,,
2023,수원시,영통구청,2023-04-11 17:01,광교동 광교 덴티움지식산업센터 앞 사거리,고정형,2023-12-01,,,
2023,수원시,권선구청,2023-04-11 17:14,서둔동 가온팰리스옆1,고정형,2023-12-01,,,
2023,수원시,권선구청,2023-04-11 17:35,세류3동 신곡초교 후문 좌측 사거리,고정형,2023-12-01,,,
2023,수원시,팔달구청,2023-04-11 17:38,매산동 팅스몰 주차장 출구 옆,고정형,2023-12-01,,,
2023,수원시,권선구청,2023-04-11 18:07,곡반정동 373우2842,국민신문고,2023-12-01,,,
2023,수원시,권선구청,2023-04-11 18:10,권선동 68나3349,국민신문고,2023-12-01,,,
2023,수원시,권선구청,2023-04-11 18:28,권선동 150하1039,국민신문고,2023-12-01,,,
2023,수원시,영통구청,2023-04-11 18:57,원천동 광교매원초등학교,고정형,2023-12-01,,,
2023,수원시,팔달구청,2023-04-11 19:08,인계동 드림캐슬주상복합,고정형,2023-12-01,,,
2023,수원시,영통구청,2023-04-11 19:22,경기도수원시영통구원천동 수원시 영통구 원천동 90,보행,2023-12-01,,,
2023,수원시,팔달구청,2023-04-11 19:31,매산동 팅스몰 주차장 출구 옆,고정형,2023-12-01,,,
2023,수원시,영통구청,2023-04-11 19:44,이의동 광교가재울마을사거리,고정형,2023-12-01,,,
2023,수원시,팔달구청,2023-04-11 19:45,매산동 팅스몰 주차장 출구 옆,고정형,2023-12-01,,,
2023,수원시,권선구청,2023-04-11 19:50,탑동 92모7811,국민신문고,2023-12-01,,,
2023,수원시,팔달구청,2023-04-11 19:58,매산동 팅스몰 주차장 출구 옆,고정형,2023-12-01,,,
2023,수원시,팔달구청,2023-04-11 19:58,매산동 팅스몰 주차장 출구 옆,고정형,2023-12-01,,,
2023,수원시,팔달구청,2023-04-11 20:26,매산동 팅스몰 주차장 출구 옆,고정형,2023-12-01,,,
2023,수원시,팔달구청,2023-04-11 20:35,매산동 역전농협,고정형,2023-12-01,,,
2023,수원시,영통구청,2023-04-11 20:35,이의동 광교가재울마을사거리,고정형,2023-12-01,,,
2023,수원시,팔달구청,2023-04-11 20:35,-1 역전농협,고정형,2023-12-01,,,
2023,수원시,팔달구청,2023-04-11 20:40,인계동 드림캐슬주상복합,고정형,2023-12-01,,,
2023,수원시,팔달구청,2023-04-11 20:40,매교동 매교동 287-480 횡단보도,국민신문고,2023-12-01,,,
2023,수원시,권선구청,2023-04-11 21:28,곡반정동 84고3941,국민신문고,2023-12-01,,,
2023,수원시,권선구청,2023-04-11 21:28,곡반정동 84고3941,국민신문고,2023-12-01,,,
2023,수원시,팔달구청,2023-04-11 23:47,매교동 매교동 77-107 횡단보도,국민신문고,2023-12-01,,,
2023,수원시,팔달구청,2023-04-11 23:48,매교동 매교동 287-52 횡단보도,국민신문고,2023-12-01,,,
2023,수원시,권선구청,2023-04-12 6:03,곡반정동 562-2,국민신문고,2023-12-01,,,
2023,수원시,권선구청,2023-04-12 6:03,곡반정동 562-2,국민신문고,2023-12-01,,,
2023,수원시,팔달구청,2023-04-12 7:03,화서1동 수원역푸르지오자이 북문 우측,고정형,2023-12-01,,,
2023,수원시,팔달구청,2023-04-12 7:03,화서1동 수원역푸르지오자이 북문 우측,고정형,2023-12-01,,,
2023,수원시,영통구청,2023-04-12 7:16,광교동 광교 덴티움지식산업센터 앞 사거리,고정형,2023-12-01,,,
2023,수원시,팔달구청,2023-04-12 7:34,인계동 경인통계청,고정형,2023-12-01,,,
2023,수원시,영통구청,2023-04-12 7:35,망포동 E-마트 에브리데이 앞,고정형,2023-12-01,37.2361017468141,127.060345496536,
2023,수원시,권선구청,2023-04-12 8:03,곡반정동 하나로마트한국빌딩앞,고정형,2023-12-01,,,
2023,수원시,권선구청,2023-04-12 8:03,곡반정동 하나로마트한국빌딩앞,고정형,2023-12-01,,,
2023,수원시,권선구청,2023-04-12 8:05,서둔동 수원역한라비발디퍼스트 앞1,고정형,2023-12-01,,,
2023,수원시,권선구청,2023-04-12 8:08,서둔동 수원역한라비발디퍼스트 앞1,고정형,2023-12-01,,,
2023,수원시,권선구청,2023-04-12 8:27,곡반정동 하나로마트한국빌딩앞,고정형,2023-12-01,,,
2023,수원시,팔달구청,2023-04-12 9:03,인계동 경인통계청,고정형,2023-12-01,,,
2023,수원시,팔달구청,2023-04-12 9:29,인계동 드림캐슬주상복합,고정형,2023-12-01,,,
2023,수원시,권선구청,2023-04-12 9:31,고색동 도이치 고객주차장 출입구,고정형,2023-12-01,,,
2023,수원시,팔달구청,2023-04-12 9:50,화서1동 수원역푸르지오자이 북문 우측,고정형,2023-12-01,,,
2023,수원시,팔달구청,2023-04-12 9:53,인계동 드림캐슬주상복합,고정형,2023-12-01,,,
2023,수원시,권선구청,2023-04-12 10:03,호매실동 금호프라자 대각 맞은편,고정형,2023-12-01,,,
2023,수원시,팔달구청,2023-04-12 10:06,매산동 팅스몰 주차장 출구 옆,고정형,2023-12-01,,,
2023,수원시,팔달구청,2023-04-12 10:18,인계동 한국씨티은행,고정형,2023-12-01,,,
2023,수원시,영통구청,2023-04-12 10:25,광교동 광교더사랑교회뒷길,고정형,2023-12-01,,,
2023,수원시,장안구청,2023-04-12 10:44,경기도수원시장안구조원동 수원시 장안구 조원동 519,보행,2023-12-01,,,
2023,수원시,영통구청,2023-04-12 11:11,광교동 광교 덴티움지식산업센터 앞 사거리,고정형,2023-12-01,,,
2023,수원시,영통구청,2023-04-12 13:09,영통동 롯데마트 뒤,고정형,2023-12-01,37.27220279535416,127.10856729001851,
2023,수원시,팔달구청,2023-04-12 13:28,고등동 고등동 161-11 횡단보도,국민신문고,2023-12-01,,,
2023,수원시,팔달구청,2023-04-12 13:52,화서1동 수원역푸르지오자이 북문 우측,고정형,2023-12-01,,,
2023,수원시,팔달구청,2023-04-12 14:17,팔달로2가 팔달로2가 팔달문로275,주행형,2023-12-01,,,
2023,수원시,영통구청,2023-04-12 14:34,광교동 광교 덴티움지식산업센터 앞 사거리,고정형,2023-12-01,,,
2023,수원시,팔달구청,2023-04-12 14:34,경기도수원시팔달구우만동 수원시 팔달구 우만동 144-4,보행,2023-12-01,,,
2023,수원시,영통구청,2023-04-12 14:34,경기도수원시영통구영통동 수원시 영통구 영통동 991,보행,2023-12-01,,,
2023,수원시,영통구청,2023-04-12 14:34,경기도수원시영통구영통동 수원시 영통구 영통동 991,보행,2023-12-01,,,
2023,수원시,팔달구청,2023-04-12 14:35,인계동 경인통계청,고정형,2023-12-01,,,
2023,수원시,권선구청,2023-04-12 14:36,평동 고현초교 정문 좌측 삼거리,고정형,2023-12-01,,,
2023,수원시,팔달구청,2023-04-12 14:38,화서1동 수원역푸르지오자이 북문 우측,고정형,2023-12-01,,,
2023,수원시,권선구청,2023-04-12 14:59,곡선동 휴먼푸드 인근,고정형,2023-12-01,,,
2023,수원시,팔달구청,2023-04-12 15:04,장안동 장안동 화서문로17번길,주행형,2023-12-01,,,
2023,수원시,팔달구청,2023-04-12 15:04,장안동 장안동 화서문로17번길,주행형,2023-12-01,,,
2023,수원시,영통구청,2023-04-12 15:27,망포동 국민은행신영통지점(태장동),고정형,2023-12-01,,,
2023,수원시,권선구청,2023-04-12 15:27,서둔동 가온팰리스옆2,고정형,2023-12-01,,,
2023,수원시,영통구청,2023-04-12 15:34,광교동 광교더사랑교회뒷길,고정형,2023-12-01,,,
2023,수원시,권선구청,2023-04-12 16:05,서둔동 수원역한라비발디퍼스트 앞1,고정형,2023-12-01,,,
2023,수원시,영통구청,2023-04-12 16:06,이의동 드림스퀘어Ⅱ 앞,고정형,2023-12-01,,,
2023,수원시,팔달구청,2023-04-12 16:17,인계동 드림캐슬주상복합,고정형,2023-12-01,,,
2023,수원시,영통구청,2023-04-12 16:21,이의동 드림스퀘어Ⅱ 앞,고정형,2023-12-01,,,
2023,수원시,권선구청,2023-04-12 16:36,호매실동 금호프라자 대각 맞은편,고정형,2023-12-01,,,
2023,수원시,팔달구청,2023-04-12 16:55,매산동 덕영대로 895번길 9-8,고정형,2023-12-01,,,
2023,수원시,팔달구청,2023-04-12 17:00,인계동 드림캐슬주상복합,고정형,2023-12-01,,,
2023,수원시,팔달구청,2023-04-12 17:32,인계동 드림캐슬주상복합,고정형,2023-12-01,,,
2023,수원시,권선구청,2023-04-12 17:33,권선동 890-54,국민신문고,2023-12-01,,,
2023,수원시,팔달구청,2023-04-12 17:54,화서1동 수원역푸르지오자이 북문 우측,고정형,2023-12-01,,,
2023,수원시,팔달구청,2023-04-12 17:54,화서1동 수원역푸르지오자이 북문 우측,고정형,2023-12-01,,,
2023,수원시,팔달구청,2023-04-12 18:01,인계동 드림캐슬주상복합,고정형,2023-12-01,,,
2023,수원시,팔달구청,2023-04-12 18:10,인계동 드림캐슬주상복합,고정형,2023-12-01,,,
2023,수원시,팔달구청,2023-04-12 18:10,인계동 드림캐슬주상복합,고정형,2023-12-01,,,
2023,수원시,영통구청,2023-04-12 18:55,망포동 E-마트 에브리데이 앞,고정형,2023-12-01,37.2361017468141,127.060345496536,
2023,수원시,영통구청,2023-04-12 19:35,이의동 광교호반베르디움 103동 앞,고정형,2023-12-01,,,
2023,수원시,팔달구청,2023-04-12 19:36,경기도수원시팔달구매교동 수원시 팔달구 매교동 120-5,보행,2023-12-01,,,
2023,수원시,영통구청,2023-04-12 19:41,영통동 롯데마트 뒤,고정형,2023-12-01,37.27220279535416,127.10856729001851,
2023,수원시,팔달구청,2023-04-12 19:46,인계동 드림캐슬주상복합,고정형,2023-12-01,,,
2023,수원시,팔달구청,2023-04-12 19:48,인계동 드림캐슬주상복합,고정형,2023-12-01,,,
2023,수원시,영통구청,2023-04-12 20:00,망포동 E-마트 에브리데이 앞,고정형,2023-12-01,37.2361017468141,127.060345496536,
2023,수원시,팔달구청,2023-04-12 20:05,매산동 팅스몰 주차장 출구 옆,고정형,2023-12-01,,,
2023,수원시,영통구청,2023-04-12 20:40,원천동 광교매원초등학교,고정형,2023-12-01,,,
2023,수원시,팔달구청,2023-04-12 21:08,인계동 드림캐슬주상복합,고정형,2023-12-01,,,
2023,수원시,권선구청,2023-04-13 5:55,곡반정동 562-2,국민신문고,2023-12-01,,,
2023,수원시,권선구청,2023-04-13 5:55,곡반정동 562-2,국민신문고,2023-12-01,,,
2023,수원시,권선구청,2023-04-13 5:57,곡반정동 562-2,국민신문고,2023-12-01,,,
2023,수원시,영통구청,2023-04-13 7:04,영통동 롯데마트 뒤,고정형,2023-12-01,37.27220279535416,127.10856729001851,
2023,수원시,팔달구청,2023-04-13 7:05,화서1동 수원역푸르지오자이 북문 우측,고정형,2023-12-01,,,
2023,수원시,팔달구청,2023-04-13 7:32,인계동 드림캐슬주상복합,고정형,2023-12-01,,,
2023,수원시,팔달구청,2023-04-13 7:33,매산동 팅스몰 주차장 출구 옆,고정형,2023-12-01,,,
2023,수원시,팔달구청,2023-04-13 7:33,인계동 드림캐슬주상복합,고정형,2023-12-01,,,
2023,수원시,권선구청,2023-04-13 8:02,곡반정동 하나로마트한국빌딩앞,고정형,2023-12-01,,,
2023,수원시,권선구청,2023-04-13 8:03,서둔동 가온팰리스옆2,고정형,2023-12-01,,,
2023,수원시,권선구청,2023-04-13 8:03,곡반정동 하나로마트한국빌딩앞,고정형,2023-12-01,,,
2023,수원시,권선구청,2023-04-13 8:03,서둔동 가온팰리스옆2,고정형,2023-12-01,,,
2023,수원시,권선구청,2023-04-13 8:03,권선2동 곡정초교 정문 좌측 사거리,고정형,2023-12-01,,,
2023,수원시,권선구청,2023-04-13 8:04,서둔동 수원역한라비발디퍼스트 앞1,고정형,2023-12-01,,,
2023,수원시,권선구청,2023-04-13 8:05,서둔동 수원역한라비발디퍼스트 앞1,고정형,2023-12-01,,,
2023,수원시,영통구청,2023-04-13 8:08,하동 27.96,주행형,2023-12-01,,,
2023,수원시,영통구청,2023-04-13 8:08,하동 25.79,주행형,2023-12-01,,,
2023,수원시,영통구청,2023-04-13 8:08,하동 23.37,주행형,2023-12-01,,,
2023,수원시,영통구청,2023-04-13 8:08,하동 19.83,주행형,2023-12-01,,,
2023,수원시,영통구청,2023-04-13 8:08,하동 354.57,주행형,2023-12-01,,,
2023,수원시,권선구청,2023-04-13 8:20,서둔동 가온팰리스옆2,고정형,2023-12-01,,,
2023,수원시,팔달구청,2023-04-13 8:53,인계동 드림캐슬주상복합,고정형,2023-12-01,,,
2023,수원시,팔달구청,2023-04-13 9:18,화서1동 수원역푸르지오자이 북문 우측,고정형,2023-12-01,,,
2023,수원시,팔달구청,2023-04-13 9:18,화서1동 수원역푸르지오자이 북문 우측,고정형,2023-12-01,,,
2023,수원시,권선구청,2023-04-13 9:19,서둔동 수원역한라비발디퍼스트 앞1,고정형,2023-12-01,,,
2023,수원시,영통구청,2023-04-13 9:42,망포동 국민은행신영통지점(태장동),고정형,2023-12-01,,,
2023,수원시,팔달구청,2023-04-13 9:48,인계동 드림캐슬주상복합,고정형,2023-12-01,,,
2023,수원시,영통구청,2023-04-13 10:11,원천동 광교아이파크올웨이즈앞,고정형,2023-12-01,,,
2023,수원시,영통구청,2023-04-13 10:12,이의동 드림스퀘어Ⅱ 앞,고정형,2023-12-01,,,
2023,수원시,팔달구청,2023-04-13 10:19,인계동 드림캐슬주상복합,고정형,2023-12-01,,,
2023,수원시,팔달구청,2023-04-13 10:21,영동 영동 수원천로275,주행형,2023-12-01,,,
2023,수원시,팔달구청,2023-04-13 10:21,영동 영동 수원천로275,주행형,2023-12-01,,,
2023,수원시,팔달구청,2023-04-13 10:21,영동 영동 수원천로275,주행형,2023-12-01,,,
2023,수원시,팔달구청,2023-04-13 10:21,팔달로2가 팔달로2가 수원천로283,주행형,2023-12-01,,,
2023,수원시,권선구청,2023-04-13 10:24,서둔동 가온팰리스옆2,고정형,2023-12-01,,,
2023,수원시,권선구청,2023-04-13 10:33,서둔동 가온팰리스옆2,고정형,2023-12-01,,,
2023,수원시,팔달구청,2023-04-13 10:37,인계동 드림캐슬주상복합,고정형,2023-12-01,,,
2023,수원시,영통구청,2023-04-13 12:58,이의동 광교가재울마을사거리,고정형,2023-12-01,,,
2023,수원시,영통구청,2023-04-13 13:14,망포동 힐스테이트 119동 ~방죽공원 삼거리,고정형,2023-12-01,,,
2023,수원시,영통구청,2023-04-13 13:42,광교동 광교웰빙타운한양수자인,고정형,2023-12-01,,,
2023,수원시,영통구청,2023-04-13 13:47,광교동 광교이의119안전센터,고정형,2023-12-01,,,
2023,수원시,영통구청,2023-04-13 14:02,원천동 광교 한화겔러리아 앞,고정형,2023-12-01,,,
2023,수원시,팔달구청,2023-04-13 14:12,화서동 화서동 수성로189번길,주행형,2023-12-01,,,
2023,수원시,팔달구청,2023-04-13 14:13,남수동 남수동 정조로796번길,주행형,2023-12-01,,,
2023,수원시,팔달구청,2023-04-13 14:14,영동 영동 팔달문로275,주행형,2023-12-01,,,
2023,수원시,팔달구청,2023-04-13 14:14,영동 영동 수원천로275,주행형,2023-12-01,,,
2023,수원시,팔달구청,2023-04-13 14:33,인계동 드림캐슬주상복합,고정형,2023-12-01,,,
2023,수원시,권선구청,2023-04-13 14:35,서둔동 가온팰리스옆2,고정형,2023-12-01,,,
2023,수원시,권선구청,2023-04-13 14:35,서둔동 가온팰리스옆2,고정형,2023-12-01,,,
2023,수원시,팔달구청,2023-04-13 14:50,매산동 팅스몰 주차장 출구 옆,고정형,2023-12-01,,,
2023,수원시,영통구청,2023-04-13 14:52,망포동 E-마트 에브리데이 앞,고정형,2023-12-01,37.2361017468141,127.060345496536,
2023,수원시,팔달구청,2023-04-13 15:00,매향동 매향동 창룡대로 86,주행형,2023-12-01,,,
2023,수원시,팔달구청,2023-04-13 15:00,매향동 매향동 창룡대로 80,주행형,2023-12-01,,,
2023,수원시,팔달구청,2023-04-13 15:00,매향동 매향동 창룡대로 66,주행형,2023-12-01,,,
2023,수원시,팔달구청,2023-04-13 15:00,매향동 매향동 창룡대로 66,주행형,2023-12-01,,,
2023,수원시,권선구청,2023-04-13 15:02,서둔동 가온팰리스옆2,고정형,2023-12-01,,,
2023,수원시,영통구청,2023-04-13 15:06,원천동 광교매원초등학교,고정형,2023-12-01,,,
2023,수원시,팔달구청,2023-04-13 15:11,장안동 장안동 화서문로 19,주행형,2023-12-01,,,
2023,수원시,팔달구청,2023-04-13 15:12,장안동 장안동 화서문로17번길,주행형,2023-12-01,,,
2023,수원시,팔달구청,2023-04-13 15:59,매산동 팅스몰 주차장 출구 옆,고정형,2023-12-01,,,
2023,수원시,팔달구청,2023-04-13 16:13,매산동 팔달로 10번길 8,고정형,2023-12-01,,,
2023,수원시,팔달구청,2023-04-13 16:19,매산동 덕영대로 895번길 9-8,고정형,2023-12-01,,,
2023,수원시,팔달구청,2023-04-13 16:32,인계동 경인통계청,고정형,2023-12-01,,,
2023,수원시,팔달구청,2023-04-13 16:57,매산동 팅스몰 주차장 출구 옆,고정형,2023-12-01,,,
2023,수원시,팔달구청,2023-04-13 16:58,인계동 경인통계청,고정형,2023-12-01,,,
2023,수원시,팔달구청,2023-04-13 17:22,매산동 팅스몰 주차장 출구 옆,고정형,2023-12-01,,,
2023,수원시,팔달구청,2023-04-13 17:35,인계동 드림캐슬주상복합,고정형,2023-12-01,,,
2023,수원시,장안구청,2023-04-13 18:14,파장동 파장동 218-9,국민신문고,2023-12-01,,,
2023,수원시,팔달구청,2023-04-13 18:56,매산동 팔달로 10번길 8,고정형,2023-12-01,,,
2023,수원시,영통구청,2023-04-13 19:03,영통동 롯데마트 뒤,고정형,2023-12-01,37.27220279535416,127.10856729001851,
2023,수원시,팔달구청,2023-04-13 19:13,매산동 팅스몰 주차장 출구 옆,고정형,2023-12-01,,,
2023,수원시,팔달구청,2023-04-13 19:22,고등동 고등동 156-85,주행형,2023-12-01,,,
2023,수원시,팔달구청,2023-04-13 19:32,인계동 드림캐슬주상복합,고정형,2023-12-01,,,
2023,수원시,팔달구청,2023-04-13 19:57,매산동 팅스몰 주차장 출구 옆,고정형,2023-12-01,,,
2023,수원시,팔달구청,2023-04-13 20:02,인계동 드림캐슬주상복합,고정형,2023-12-01,,,
2023,수원시,팔달구청,2023-04-13 21:10,인계동 드림캐슬주상복합,고정형,2023-12-01,,,
2023,수원시,팔달구청,2023-04-13 21:10,인계동 드림캐슬주상복합,고정형,2023-12-01,,,
2023,수원시,팔달구청,2023-04-13 23:35,매교동 매교동 287-512 횡단보도,국민신문고,2023-12-01,,,
2023,수원시,팔달구청,2023-04-13 23:35,매교동 매교동 287-52 횡단보도,국민신문고,2023-12-01,,,
2023,수원시,권선구청,2023-04-14 6:01,곡반정동 562-2,국민신문고,2023-12-01,,,
2023,수원시,팔달구청,2023-04-14 7:29,화서1동 푸르지오자이 북문 CU 앞 횡단보도,고정형,2023-12-01,,,
2023,수원시,팔달구청,2023-04-14 7:34,인계동 경인통계청,고정형,2023-12-01,,,
2023,수원시,팔달구청,2023-04-14 7:34,매산동 팅스몰 주차장 출구 옆,고정형,2023-12-01,,,
2023,수원시,팔달구청,2023-04-14 7:34,매산동 팔달로 10번길 8,고정형,2023-12-01,,,
2023,수원시,권선구청,2023-04-14 8:02,곡반정동 하나로마트한국빌딩앞,고정형,2023-12-01,,,
2023,수원시,권선구청,2023-04-14 8:03,곡반정동 하나로마트한국빌딩앞,고정형,2023-12-01,,,
2023,수원시,권선구청,2023-04-14 8:03,서둔동 가온팰리스옆2,고정형,2023-12-01,,,
2023,수원시,권선구청,2023-04-14 8:04,서둔동 가온팰리스옆2,고정형,2023-12-01,,,
2023,수원시,권선구청,2023-04-14 8:15,서둔동 가온팰리스옆2,고정형,2023-12-01,,,
2023,수원시,영통구청,2023-04-14 8:15,하동 26.07,주행형,2023-12-01,,,
2023,수원시,영통구청,2023-04-14 8:15,하동 24.4,주행형,2023-12-01,,,
2023,수원시,영통구청,2023-04-14 8:15,하동 21.95,주행형,2023-12-01,,,
2023,수원시,영통구청,2023-04-14 8:15,하동 17.98,주행형,2023-12-01,,,
2023,수원시,영통구청,2023-04-14 8:15,하동 15.74,주행형,2023-12-01,,,
2023,수원시,영통구청,2023-04-14 8:15,하동 13.87,주행형,2023-12-01,,,
2023,수원시,팔달구청,2023-04-14 8:17,북수동 쌈지공원 앞,고정형,2023-12-01,,,
2023,수원시,팔달구청,2023-04-14 8:27,인계동 경인통계청,고정형,2023-12-01,,,
2023,수원시,팔달구청,2023-04-14 8:34,화서1동 화서초등학교 둘레길 중간지점,고정형,2023-12-01,,,
2023,수원시,팔달구청,2023-04-14 8:40,화서1동 수원역푸르지오자이 북문 우측,고정형,2023-12-01,,,
2023,수원시,영통구청,2023-04-14 8:59,영통동 롯데마트 뒤,고정형,2023-12-01,37.27220279535416,127.10856729001851,
2023,수원시,권선구청,2023-04-14 9:02,서둔동 수원역한라비발디퍼스트 앞2,고정형,2023-12-01,,,
2023,수원시,팔달구청,2023-04-14 9:19,인계동 경인통계청,고정형,2023-12-01,,,
2023,수원시,권선구청,2023-04-14 9:20,서둔동 가온팰리스옆2,고정형,2023-12-01,,,
2023,수원시,영통구청,2023-04-14 9:24,원천동 삼성전자중문,고정형,2023-12-01,,,
2023,수원시,권선구청,2023-04-14 9:43,서둔동 수원역한라비발디퍼스트 앞1,고정형,2023-12-01,,,
2023,수원시,팔달구청,2023-04-14 9:59,인계동 경인통계청,고정형,2023-12-01,,,
2023,수원시,팔달구청,2023-04-14 10:03,인계동 한국씨티은행,고정형,2023-12-01,,,
2023,수원시,영통구청,2023-04-14 10:07,망포동 E-마트 에브리데이 앞,고정형,2023-12-01,37.2361017468141,127.060345496536,
2023,수원시,팔달구청,2023-04-14 10:13,영동 영동 팔달문로9,주행형,2023-12-01,,,
2023,수원시,팔달구청,2023-04-14 10:16,인계동 인계동 수원천로231번길,주행형,2023-12-01,,,
2023,수원시,팔달구청,2023-04-14 10:17,구천동 구천동 수원천로 230,주행형,2023-12-01,,,
2023,수원시,팔달구청,2023-04-14 10:17,구천동 구천동 수원천로 230,주행형,2023-12-01,,,
2023,수원시,팔달구청,2023-04-14 10:17,구천동 구천동 수원천로 230,주행형,2023-12-01,,,
2023,수원시,팔달구청,2023-04-14 10:21,매산로1가 매산로1가 갓매산로 80,주행형,2023-12-01,,,
2023,수원시,팔달구청,2023-04-14 10:25,매산동 팅스몰 주차장 출구 옆,고정형,2023-12-01,,,
2023,수원시,영통구청,2023-04-14 10:27,이의동 창룡대로298번길,주행형,2023-12-01,,,
2023,수원시,영통구청,2023-04-14 10:31,망포동 방죽공원 교차 삼거리,고정형,2023-12-01,,,
2023,수원시,팔달구청,2023-04-14 10:58,화서1동 수원역푸르지오자이 북문 우측,고정형,2023-12-01,,,
2023,수원시,장안구청,2023-04-14 11:10,경기도수원시장안구영화동 수원시 장안구 영화동 369,보행,2023-12-01,,,
2023,수원시,영통구청,2023-04-14 11:34,영통동 마사회뒷길,고정형,2023-12-01,,,
2023,수원시,팔달구청,2023-04-14 11:44,화서1동 푸르지오자이 북문 CU 앞 횡단보도,고정형,2023-12-01,,,
2023,수원시,팔달구청,2023-04-14 11:54,고등동 수원초등학교 정문 좌측 사거리,고정형,2023-12-01,,,
2023,수원시,팔달구청,2023-04-14 12:05,화서1동 푸르지오자이 북문 CU 앞 횡단보도,고정형,2023-12-01,,,
2023,수원시,권선구청,2023-04-14 12:10,입북동 당수초교 정문 우측 사거리,고정형,2023-12-01,,,
2023,수원시,팔달구청,2023-04-14 12:24,고등동 수원초등학교 정문 좌측 사거리,고정형,2023-12-01,,,
2023,수원시,팔달구청,2023-04-14 12:41,매산동 역전농협,고정형,2023-12-01,,,
2023,수원시,영통구청,2023-04-14 12:46,광교동 광교더사랑교회뒷길,고정형,2023-12-01,,,
2023,수원시,팔달구청,2023-04-14 12:48,화서1동 수원역푸르지오자이 북문 우측,고정형,2023-12-01,,,
2023,수원시,팔달구청,2023-04-14 12:59,매산동 역전농협,고정형,2023-12-01,,,
2023,수원시,권선구청,2023-04-14 13:34,곡선동 휴먼푸드 인근,고정형,2023-12-01,,,
2023,수원시,영통구청,2023-04-14 13:40,원천동 삼성전자중문,고정형,2023-12-01,,,
2023,수원시,권선구청,2023-04-14 14:01,입북동 당수초교 정문 우측 사거리,고정형,2023-12-01,,,
2023,수원시,장안구청,2023-04-14 14:10,경기도수원시장안구영화동 수원시 장안구 영화동 292,보행,2023-12-01,,,
2023,수원시,영통구청,2023-04-14 14:32,이의동 부함식당 앞,고정형,2023-12-01,,,
2023,수원시,팔달구청,2023-04-14 14:33,매산동 팔달로 10번길 8,고정형,2023-12-01,,,
2023,수원시,팔달구청,2023-04-14 14:34,인계동 드림캐슬주상복합,고정형,2023-12-01,,,
2023,수원시,팔달구청,2023-04-14 14:34,매산동 팅스몰 주차장 출구 옆,고정형,2023-12-01,,,
2023,수원시,팔달구청,2023-04-14 14:41,화서1동 수원역푸르지오자이 북문 우측,고정형,2023-12-01,,,
2023,수원시,팔달구청,2023-04-14 14:42,매산동 팔달로 10번길 8,고정형,2023-12-01,,,
2023,수원시,권선구청,2023-04-14 14:43,곡선동 휴먼푸드 인근,고정형,2023-12-01,,,
2023,수원시,팔달구청,2023-04-14 14:49,인계동 경인통계청,고정형,2023-12-01,,,
2023,수원시,팔달구청,2023-04-14 14:53,화서1동 수원역푸르지오자이 북문 우측,고정형,2023-12-01,,,
2023,수원시,팔달구청,2023-04-14 15:03,장안동 장안동 화서문로17번길,주행형,2023-12-01,,,
2023,수원시,팔달구청,2023-04-14 15:03,장안동 장안동 화서문로17번길,주행형,2023-12-01,,,
2023,수원시,팔달구청,2023-04-14 15:03,신풍동 신풍동 화서문로17번길 4,주행형,2023-12-01,,,
2023,수원시,팔달구청,2023-04-14 15:04,장안동 장안동 화서문로17번길,주행형,2023-12-01,,,
2023,수원시,팔달구청,2023-04-14 15:04,장안동 장안동 화서문로17번길,주행형,2023-12-01,,,
2023,수원시,팔달구청,2023-04-14 15:23,인계동 드림캐슬주상복합,고정형,2023-12-01,,,
2023,수원시,팔달구청,2023-04-14 15:36,매산동 팔달로 10번길 8,고정형,2023-12-01,,,
2023,수원시,팔달구청,2023-04-14 15:47,인계동 경인통계청,고정형,2023-12-01,,,
2023,수원시,영통구청,2023-04-14 15:48,이의동 드림스퀘어Ⅱ 앞,고정형,2023-12-01,,,
2023,수원시,영통구청,2023-04-14 15:52,영통동 보보스스포츠센터앞,고정형,2023-12-01,,,
2023,수원시,팔달구청,2023-04-14 15:55,인계동 드림캐슬주상복합,고정형,2023-12-01,,,
2023,수원시,권선구청,2023-04-14 16:01,서둔동 수원역한라비발디퍼스트 앞2,고정형,2023-12-01,,,
2023,수원시,팔달구청,2023-04-14 16:17,매산동 팅스몰 주차장 출구 옆,고정형,2023-12-01,,,
2023,수원시,권선구청,2023-04-14 16:23,세류3동 신곡초교 후문 좌측 사거리,고정형,2023-12-01,,,
2023,수원시,권선구청,2023-04-14 16:29,서둔동 수원역한라비발디퍼스트 앞1,고정형,2023-12-01,,,
2023,수원시,팔달구청,2023-04-14 16:50,매교동 매교동 88-18 소화전,국민신문고,2023-12-01,,,
2023,수원시,팔달구청,2023-04-14 16:50,매교동 매교동 88-18 교차로모퉁이,국민신문고,2023-12-01,,,
2023,수원시,팔달구청,2023-04-14 17:10,인계동 드림캐슬주상복합,고정형,2023-12-01,,,
2023,수원시,영통구청,2023-04-14 17:10,광교동 광교이의119안전센터,고정형,2023-12-01,,,
2023,수원시,권선구청,2023-04-14 17:15,평동 오목초교 정문 우측 삼거리,고정형,2023-12-01,,,
2023,수원시,권선구청,2023-04-14 17:15,평동 오목초교 정문 우측 삼거리,고정형,2023-12-01,,,
2023,수원시,팔달구청,2023-04-14 17:25,화서1동 수원역푸르지오자이 북문 우측,고정형,2023-12-01,,,
2023,수원시,팔달구청,2023-04-14 18:45,매산동 팔달로 10번길 8,고정형,2023-12-01,,,
2023,수원시,팔달구청,2023-04-14 18:54,인계동 드림캐슬주상복합,고정형,2023-12-01,,,
2023,수원시,팔달구청,2023-04-14 19:44,인계동 드림캐슬주상복합,고정형,2023-12-01,,,
2023,수원시,팔달구청,2023-04-14 19:44,인계동 드림캐슬주상복합,고정형,2023-12-01,,,
2023,수원시,팔달구청,2023-04-14 19:48,인계동 드림캐슬주상복합,고정형,2023-12-01,,,
2023,수원시,팔달구청,2023-04-14 20:09,인계동 드림캐슬주상복합,고정형,2023-12-01,,,
2023,수원시,팔달구청,2023-04-14 20:23,매산동 팅스몰 주차장 출구 옆,고정형,2023-12-01,,,
2023,수원시,팔달구청,2023-04-14 20:23,매산동 팅스몰 주차장 출구 옆,고정형,2023-12-01,,,
2023,수원시,팔달구청,2023-04-14 20:25,매산동 팔달로 10번길 8,고정형,2023-12-01,,,
2023,수원시,영통구청,2023-04-14 20:26,원천동 광교매원초등학교,고정형,2023-12-01,,,
2023,수원시,팔달구청,2023-04-14 20:35,매산동 팅스몰 주차장 출구 옆,고정형,2023-12-01,,,
2023,수원시,팔달구청,2023-04-14 20:46,화서1동 수원역푸르지오자이 북문 우측,고정형,2023-12-01,,,
2023,수원시,팔달구청,2023-04-14 21:06,인계동 드림캐슬주상복합,고정형,2023-12-01,,,
2023,수원시,팔달구청,2023-04-14 21:07,화서1동 수원역푸르지오자이 북문 우측,고정형,2023-12-01,,,
2023,수원시,팔달구청,2023-04-14 21:10,인계동 드림캐슬주상복합,고정형,2023-12-01,,,
2023,수원시,팔달구청,2023-04-14 21:32,매산동 역전농협,고정형,2023-12-01,,,
2023,수원시,권선구청,2023-04-15 9:02,권선동 권선동 한라비발디앞 놀이터,고정형,2023-12-01,,,
2023,수원시,권선구청,2023-04-15 9:03,서둔동 가온팰리스옆2,고정형,2023-12-01,,,
2023,수원시,권선구청,2023-04-15 9:03,곡선동 휴먼푸드 인근,고정형,2023-12-01,,,
2023,수원시,권선구청,2023-04-15 9:03,곡반정동 하나로마트한국빌딩앞,고정형,2023-12-01,,,
2023,수원시,권선구청,2023-04-15 9:04,서둔동 가온팰리스옆2,고정형,2023-12-01,,,
2023,수원시,권선구청,2023-04-15 9:05,곡반정동 하나로마트한국빌딩앞,고정형,2023-12-01,,,
2023,수원시,권선구청,2023-04-15 9:05,곡반정동 하나로마트한국빌딩앞,고정형,2023-12-01,,,
2023,수원시,팔달구청,2023-04-15 9:05,인계동 경인통계청,고정형,2023-12-01,,,
2023,수원시,팔달구청,2023-04-15 9:05,인계동 드림캐슬주상복합,고정형,2023-12-01,,,
2023,수원시,권선구청,2023-04-15 9:05,서둔동 가온팰리스옆2,고정형,2023-12-01,,,
2023,수원시,권선구청,2023-04-15 9:06,곡반정동 하나로마트한국빌딩앞,고정형,2023-12-01,,,
2023,수원시,팔달구청,2023-04-15 9:09,매산동 팅스몰 주차장 출구 옆,고정형,2023-12-01,,,
2023,수원시,팔달구청,2023-04-15 9:13,화서1동 푸르지오자이 북문 CU 앞 횡단보도,고정형,2023-12-01,,,
2023,수원시,권선구청,2023-04-15 9:18,고색동 도이치 고객주차장 출입구,고정형,2023-12-01,,,
2023,수원시,팔달구청,2023-04-15 9:34,매산동 팅스몰 주차장 출구 옆,고정형,2023-12-01,,,
2023,수원시,팔달구청,2023-04-15 9:40,인계동 드림캐슬주상복합,고정형,2023-12-01,,,
2023,수원시,영통구청,2023-04-15 9:57,영통동 롯데마트 뒤,고정형,2023-12-01,37.27220279535416,127.10856729001851,
2023,수원시,팔달구청,2023-04-15 9:59,매산동 팅스몰 주차장 출구 옆,고정형,2023-12-01,,,
2023,수원시,영통구청,2023-04-15 9:59,원천동 삼성전자중문,고정형,2023-12-01,,,
2023,수원시,팔달구청,2023-04-15 10:13,인계동 드림캐슬주상복합,고정형,2023-12-01,,,
2023,수원시,권선구청,2023-04-15 10:20,호매실동 금호프라자 대각 맞은편,고정형,2023-12-01,,,
2023,수원시,권선구청,2023-04-15 10:20,호매실동 금호프라자 대각 맞은편,고정형,2023-12-01,,,
2023,수원시,팔달구청,2023-04-15 10:29,화서1동 푸르지오자이 북문 CU 앞 횡단보도,고정형,2023-12-01,,,
2023,수원시,권선구청,2023-04-15 10:59,고색동 도이치 고객주차장 출입구,고정형,2023-12-01,,,
2023,수원시,권선구청,2023-04-15 11:11,경기도수원시권선구금곡동 수원시 권선구 금곡동 409-4,보행,2023-12-01,,,
2023,수원시,영통구청,2023-04-15 11:20,망포동 힐스테이트 119동 ~방죽공원 삼거리,고정형,2023-12-01,,,
2023,수원시,영통구청,2023-04-15 11:29,영통동 롯데마트 뒤,고정형,2023-12-01,37.27220279535416,127.10856729001851,
2023,수원시,영통구청,2023-04-15 11:40,광교동 광교더사랑교회뒷길,고정형,2023-12-01,,,
2023,수원시,권선구청,2023-04-15 11:59,고색동 도이치 고객주차장 출입구,고정형,2023-12-01,,,
2023,수원시,팔달구청,2023-04-15 12:02,화서1동 수원역푸르지오자이 북문 우측,고정형,2023-12-01,,,
2023,수원시,영통구청,2023-04-15 12:39,망포동 힐스테이트 119동 ~방죽공원 삼거리,고정형,2023-12-01,,,
2023,수원시,팔달구청,2023-04-15 12:45,화서1동 수원역푸르지오자이 북문 우측,고정형,2023-12-01,,,
2023,수원시,영통구청,2023-04-15 13:08,망포동 힐스테이트 119동 ~방죽공원 삼거리,고정형,2023-12-01,,,
2023,수원시,팔달구청,2023-04-15 13:45,화서1동 푸르지오자이 북문 CU 앞 횡단보도,고정형,2023-12-01,,,
2023,수원시,팔달구청,2023-04-15 13:49,화서1동 수원역푸르지오자이 북문 우측,고정형,2023-12-01,,,
2023,수원시,팔달구청,2023-04-15 13:49,고등동 고등동 161-4 횡단보도,국민신문고,2023-12-01,,,
2023,수원시,영통구청,2023-04-15 14:18,하동 광교호반마을한양수자인,고정형,2023-12-01,,,
2023,수원시,권선구청,2023-04-15 14:22,고색동 도이치 고객주차장 출입구,고정형,2023-12-01,,,
2023,수원시,권선구청,2023-04-15 14:32,서둔동 수원역한라비발디퍼스트 앞1,고정형,2023-12-01,,,
2023,수원시,권선구청,2023-04-15 14:32,곡반정동 하나로마트한국빌딩앞,고정형,2023-12-01,,,
2023,수원시,팔달구청,2023-04-15 14:32,북수동 쌈지공원 앞,고정형,2023-12-01,,,
2023,수원시,권선구청,2023-04-15 14:32,곡반정동 하나로마트한국빌딩앞,고정형,2023-12-01,,,
2023,수원시,권선구청,2023-04-15 14:32,곡반정동 하나로마트한국빌딩앞,고정형,2023-12-01,,,
2023,수원시,팔달구청,2023-04-15 14:33,인계동 한국씨티은행,고정형,2023-12-01,,,
2023,수원시,권선구청,2023-04-15 14:33,서둔동 수원역한라비발디퍼스트 앞1,고정형,2023-12-01,,,
2023,수원시,팔달구청,2023-04-15 14:34,인계동 경인통계청,고정형,2023-12-01,,,
2023,수원시,권선구청,2023-04-15 14:35,서둔동 수원역한라비발디퍼스트 앞1,고정형,2023-12-01,,,
2023,수원시,권선구청,2023-04-15 14:36,서둔동 가온팰리스옆2,고정형,2023-12-01,,,
2023,수원시,권선구청,2023-04-15 14:36,서둔동 가온팰리스옆2,고정형,2023-12-01,,,
2023,수원시,팔달구청,2023-04-15 14:36,매산동 팔달로 10번길 8,고정형,2023-12-01,,,
2023,수원시,팔달구청,2023-04-15 14:36,매산동 팅스몰 주차장 출구 옆,고정형,2023-12-01,,,
2023,수원시,팔달구청,2023-04-15 14:37,매산동 팔달로 10번길 8,고정형,2023-12-01,,,
2023,수원시,권선구청,2023-04-15 14:41,오목천동 한화꿈에그린아파트 214동앞,고정형,2023-12-01,,,
2023,수원시,영통구청,2023-04-15 14:41,광교동 광교이의119안전센터,고정형,2023-12-01,,,
2023,수원시,권선구청,2023-04-15 14:42,서둔동 가온팰리스옆1,고정형,2023-12-01,,,
2023,수원시,팔달구청,2023-04-15 14:46,매산동 팅스몰 주차장 출구 옆,고정형,2023-12-01,,,
2023,수원시,팔달구청,2023-04-15 14:52,인계동 드림캐슬주상복합,고정형,2023-12-01,,,
2023,수원시,팔달구청,2023-04-15 14:53,행궁동 화홍사랑채,고정형,2023-12-01,,,
2023,수원시,팔달구청,2023-04-15 14:56,인계동 드림캐슬주상복합,고정형,2023-12-01,,,
2023,수원시,팔달구청,2023-04-15 14:57,인계동 경인통계청,고정형,2023-12-01,,,
2023,수원시,영통구청,2023-04-15 15:02,영통동 보보스스포츠센터앞,고정형,2023-12-01,,,
2023,수원시,권선구청,2023-04-15 15:02,서둔동 수원역한라비발디퍼스트 앞1,고정형,2023-12-01,,,
2023,수원시,팔달구청,2023-04-15 15:04,매산동 팅스몰 주차장 출구 옆,고정형,2023-12-01,,,
2023,수원시,권선구청,2023-04-15 15:06,서둔동 롯데몰 육교건너,고정형,2023-12-01,,,
2023,수원시,권선구청,2023-04-15 15:09,서둔동 수원역한라비발디퍼스트 앞1,고정형,2023-12-01,,,
2023,수원시,권선구청,2023-04-15 15:11,서둔동 수원역한라비발디퍼스트 앞1,고정형,2023-12-01,,,
2023,수원시,팔달구청,2023-04-15 15:12,매산동 팅스몰 주차장 출구 옆,고정형,2023-12-01,,,
2023,수원시,권선구청,2023-04-15 15:13,서둔동 수원역한라비발디퍼스트 앞1,고정형,2023-12-01,,,
2023,수원시,팔달구청,2023-04-15 15:21,매산동 팔달로 10번길 8,고정형,2023-12-01,,,
2023,수원시,권선구청,2023-04-15 15:29,서둔동 수원역한라비발디퍼스트 앞1,고정형,2023-12-01,,,
2023,수원시,팔달구청,2023-04-15 15:32,화서1동 수원역푸르지오자이 북문 우측,고정형,2023-12-01,,,
2023,수원시,팔달구청,2023-04-15 15:36,인계동 경인통계청,고정형,2023-12-01,,,
2023,수원시,팔달구청,2023-04-15 15:36,경기도수원시팔달구북수동 수원시 팔달구 창룡대로134,보행,2023-12-01,,,
2023,수원시,권선구청,2023-04-15 15:41,서둔동 수원역한라비발디퍼스트 앞1,고정형,2023-12-01,,,
2023,수원시,권선구청,2023-04-15 15:46,서둔동 수원역한라비발디퍼스트 앞1,고정형,2023-12-01,,,
2023,수원시,권선구청,2023-04-15 15:47,오목천동 한화꿈에그린아파트 214동앞,고정형,2023-12-01,,,
2023,수원시,팔달구청,2023-04-15 15:53,매산동 팅스몰 주차장 출구 옆,고정형,2023-12-01,,,
2023,수원시,권선구청,2023-04-15 15:55,서둔동 수원역한라비발디퍼스트 앞1,고정형,2023-12-01,,,
2023,수원시,팔달구청,2023-04-15 16:02,매산동 팔달로 10번길 8,고정형,2023-12-01,,,
2023,수원시,팔달구청,2023-04-15 16:05,매산동 팅스몰 주차장 출구 옆,고정형,2023-12-01,,,
2023,수원시,영통구청,2023-04-15 16:08,원천동 광교매원초등학교,고정형,2023-12-01,,,
2023,수원시,영통구청,2023-04-15 16:10,영통동 롯데마트 뒤,고정형,2023-12-01,37.27220279535416,127.10856729001851,
2023,수원시,팔달구청,2023-04-15 16:24,인계동 드림캐슬주상복합,고정형,2023-12-01,,,
2023,수원시,팔달구청,2023-04-15 16:33,매산동 팅스몰 주차장 출구 옆,고정형,2023-12-01,,,
2023,수원시,팔달구청,2023-04-15 16:36,화서1동 수원역푸르지오자이 북문 우측,고정형,2023-12-01,,,
2023,수원시,권선구청,2023-04-15 16:36,서둔동 수원역한라비발디퍼스트 앞1,고정형,2023-12-01,,,
2023,수원시,권선구청,2023-04-15 16:37,서둔동 수원역한라비발디퍼스트 앞2,고정형,2023-12-01,,,
2023,수원시,권선구청,2023-04-15 16:44,서둔동 수원역한라비발디퍼스트 앞1,고정형,2023-12-01,,,
2023,수원시,권선구청,2023-04-15 16:45,서둔동 수원역한라비발디퍼스트 앞1,고정형,2023-12-01,,,
2023,수원시,팔달구청,2023-04-15 16:47,고등동 푸르지오자이 북문 CU 앞 횡단보도,고정형,2023-12-01,,,
2023,수원시,권선구청,2023-04-15 16:57,오목천동 한화꿈에그린아파트 209동앞,고정형,2023-12-01,,,
2023,수원시,영통구청,2023-04-15 17:02,영통동 롯데마트 뒤,고정형,2023-12-01,37.27220279535416,127.10856729001851,
2023,수원시,영통구청,2023-04-15 17:04,하동 광교호반마을한양수자인,고정형,2023-12-01,,,
2023,수원시,팔달구청,2023-04-15 17:05,북수동 쌈지공원 앞,고정형,2023-12-01,,,
2023,수원시,권선구청,2023-04-15 17:08,서둔동 수원역한라비발디퍼스트 앞2,고정형,2023-12-01,,,
2023,수원시,권선구청,2023-04-15 17:09,서둔동 가온팰리스옆2,고정형,2023-12-01,,,
2023,수원시,권선구청,2023-04-15 17:10,곡반정동 궁촌육교앞,고정형,2023-12-01,,,
2023,수원시,권선구청,2023-04-15 17:13,서둔동 수원역한라비발디퍼스트 앞2,고정형,2023-12-01,,,
2023,수원시,권선구청,2023-04-15 17:15,서둔동 수원역한라비발디퍼스트 앞1,고정형,2023-12-01,,,
2023,수원시,권선구청,2023-04-15 17:21,곡반정동 하나로마트한국빌딩앞,고정형,2023-12-01,,,
2023,수원시,권선구청,2023-04-15 17:38,서둔동 수원역한라비발디퍼스트 앞1,고정형,2023-12-01,,,
2023,수원시,팔달구청,2023-04-15 17:44,매산동 팅스몰 주차장 출구 옆,고정형,2023-12-01,,,
2023,수원시,팔달구청,2023-04-15 17:58,매산동 팅스몰 주차장 출구 옆,고정형,2023-12-01,,,
2023,수원시,팔달구청,2023-04-15 18:00,매산동 팅스몰 주차장 출구 옆,고정형,2023-12-01,,,
2023,수원시,팔달구청,2023-04-15 18:12,화서1동 수원역푸르지오자이 북문 우측,고정형,2023-12-01,,,
2023,수원시,팔달구청,2023-04-15 18:14,매산동 팅스몰 주차장 출구 옆,고정형,2023-12-01,,,
2023,수원시,팔달구청,2023-04-15 18:35,매산동 팅스몰 주차장 출구 옆,고정형,2023-12-01,,,
2023,수원시,팔달구청,2023-04-15 19:31,매산동 팅스몰 주차장 출구 옆,고정형,2023-12-01,,,
2023,수원시,팔달구청,2023-04-15 19:49,매교동 매교동 88-18 소화전,국민신문고,2023-12-01,,,
2023,수원시,팔달구청,2023-04-15 19:58,매산동 팅스몰 주차장 출구 옆,고정형,2023-12-01,,,
2023,수원시,영통구청,2023-04-15 20:02,하동 매탄동 914,국민신문고,2023-12-01,,,
2023,수원시,팔달구청,2023-04-15 20:04,인계동 드림캐슬주상복합,고정형,2023-12-01,,,
2023,수원시,팔달구청,2023-04-15 20:14,인계동 드림캐슬주상복합,고정형,2023-12-01,,,
2023,수원시,팔달구청,2023-04-15 20:14,인계동 드림캐슬주상복합,고정형,2023-12-01,,,
2023,수원시,권선구청,2023-04-16 9:02,곡반정동 궁촌육교앞,고정형,2023-12-01,,,
2023,수원시,권선구청,2023-04-16 9:02,곡반정동 궁촌육교앞,고정형,2023-12-01,,,
2023,수원시,팔달구청,2023-04-16 9:02,화서1동 수원역푸르지오자이 북문 우측,고정형,2023-12-01,,,
2023,수원시,권선구청,2023-04-16 9:02,서둔동 수원역한라비발디퍼스트 앞1,고정형,2023-12-01,,,
2023,수원시,팔달구청,2023-04-16 9:02,인계동 경인통계청,고정형,2023-12-01,,,
2023,수원시,권선구청,2023-04-16 9:03,곡반정동 하나로마트한국빌딩앞,고정형,2023-12-01,,,
2023,수원시,팔달구청,2023-04-16 9:03,매산동 팅스몰 주차장 출구 옆,고정형,2023-12-01,,,
2023,수원시,팔달구청,2023-04-16 9:03,화서1동 푸르지오자이 북문 CU 앞 횡단보도,고정형,2023-12-01,,,
2023,수원시,팔달구청,2023-04-16 9:03,매산동 팔달로 10번길 8,고정형,2023-12-01,,,
2023,수원시,권선구청,2023-04-16 9:03,곡반정동 하나로마트한국빌딩앞,고정형,2023-12-01,,,
2023,수원시,권선구청,2023-04-16 9:03,곡반정동 궁촌육교앞,고정형,2023-12-01,,,
2023,수원시,팔달구청,2023-04-16 9:04,인계동 경인통계청,고정형,2023-12-01,,,
2023,수원시,권선구청,2023-04-16 9:04,오목천동 한화꿈에그린아파트 209동앞,고정형,2023-12-01,,,
2023,수원시,권선구청,2023-04-16 9:04,서둔동 가온팰리스옆2,고정형,2023-12-01,,,
2023,수원시,영통구청,2023-04-16 9:04,망포동 힐스테이트 119동 ~방죽공원 삼거리,고정형,2023-12-01,,,
2023,수원시,팔달구청,2023-04-16 9:04,인계동 드림캐슬주상복합,고정형,2023-12-01,,,
2023,수원시,팔달구청,2023-04-16 9:05,매산동 팅스몰 주차장 출구 옆,고정형,2023-12-01,,,
2023,수원시,권선구청,2023-04-16 9:05,오목천동 한화꿈에그린아파트 214동앞,고정형,2023-12-01,,,
2023,수원시,권선구청,2023-04-16 9:05,오목천동 한화꿈에그린아파트 209동앞,고정형,2023-12-01,,,
2023,수원시,팔달구청,2023-04-16 9:06,매산동 팅스몰 주차장 출구 옆,고정형,2023-12-01,,,
2023,수원시,팔달구청,2023-04-16 9:09,매산동 팅스몰 주차장 출구 옆,고정형,2023-12-01,,,
2023,수원시,권선구청,2023-04-16 9:09,서둔동 수원역한라비발디퍼스트 앞1,고정형,2023-12-01,,,
2023,수원시,권선구청,2023-04-16 9:10,서둔동 수원역한라비발디퍼스트 앞1,고정형,2023-12-01,,,
2023,수원시,팔달구청,2023-04-16 9:13,매산동 팔달로 10번길 8,고정형,2023-12-01,,,
2023,수원시,팔달구청,2023-04-16 9:13,매산동 팔달로 10번길 8,고정형,2023-12-01,,,
2023,수원시,권선구청,2023-04-16 9:15,서둔동 가온팰리스옆2,고정형,2023-12-01,,,
2023,수원시,권선구청,2023-04-16 9:15,서둔동 가온팰리스옆2,고정형,2023-12-01,,,
2023,수원시,권선구청,2023-04-16 9:15,서둔동 가온팰리스옆2,고정형,2023-12-01,,,
2023,수원시,팔달구청,2023-04-16 9:17,인계동 한국씨티은행,고정형,2023-12-01,,,
2023,수원시,팔달구청,2023-04-16 9:23,인계동 드림캐슬주상복합,고정형,2023-12-01,,,
2023,수원시,권선구청,2023-04-16 9:34,서둔동 수원역한라비발디퍼스트 앞1,고정형,2023-12-01,,,
2023,수원시,권선구청,2023-04-16 9:37,곡반정동 궁촌육교앞,고정형,2023-12-01,,,
2023,수원시,팔달구청,2023-04-16 9:39,매산동 팅스몰 주차장 출구 옆,고정형,2023-12-01,,,
2023,수원시,권선구청,2023-04-16 9:45,서둔동 수원역한라비발디퍼스트 앞1,고정형,2023-12-01,,,
2023,수원시,권선구청,2023-04-16 9:45,서둔동 수원역한라비발디퍼스트 앞1,고정형,2023-12-01,,,
2023,수원시,권선구청,2023-04-16 9:53,곡반정동 하나로마트한국빌딩앞,고정형,2023-12-01,,,
2023,수원시,권선구청,2023-04-16 10:01,곡반정동 하나로마트한국빌딩앞,고정형,2023-12-01,,,
2023,수원시,영통구청,2023-04-16 10:10,영통동 보보스스포츠센터앞,고정형,2023-12-01,,,
2023,수원시,권선구청,2023-04-16 10:12,서둔동 수원역한라비발디퍼스트 앞1,고정형,2023-12-01,,,
2023,수원시,팔달구청,2023-04-16 10:16,인계동 한국씨티은행,고정형,2023-12-01,,,
2023,수원시,팔달구청,2023-04-16 10:20,화서1동 수원역푸르지오자이 북문 우측,고정형,2023-12-01,,,
2023,수원시,팔달구청,2023-04-16 10:21,인계동 푸르지오자이 북문 CU 앞 횡단보도,고정형,2023-12-01,,,
2023,수원시,팔달구청,2023-04-16 10:29,매산동 팔달로 10번길 8,고정형,2023-12-01,,,
2023,수원시,권선구청,2023-04-16 10:31,서둔동 가온팰리스옆2,고정형,2023-12-01,,,
2023,수원시,영통구청,2023-04-16 10:32,영통동 롯데마트 뒤,고정형,2023-12-01,37.27220279535416,127.10856729001851,
2023,수원시,장안구청,2023-04-16 10:35,경기도수원시장안구영화동 수원시 장안구 영화동 379,보행,2023-12-01,,,
2023,수원시,권선구청,2023-04-16 10:36,서둔동 가온팰리스옆2,고정형,2023-12-01,,,
2023,수원시,장안구청,2023-04-16 10:37,경기도수원시장안구영화동 수원시 장안구 영화동 379,보행,2023-12-01,,,
2023,수원시,팔달구청,2023-04-16 10:38,매산동 팅스몰 주차장 출구 옆,고정형,2023-12-01,,,
2023,수원시,영통구청,2023-04-16 10:52,영통동 롯데마트 뒤,고정형,2023-12-01,37.27220279535416,127.10856729001851,
2023,수원시,영통구청,2023-04-16 10:52,원천동 광교매원초등학교,고정형,2023-12-01,,,
2023,수원시,팔달구청,2023-04-16 11:18,매향동 매향동 창룡대로 56,주행형,2023-12-01,,,
2023,수원시,팔달구청,2023-04-16 11:18,매향동 매향동 창룡대로 52,주행형,2023-12-01,,,
2023,수원시,팔달구청,2023-04-16 11:18,매향동 매향동 창룡대로 52,주행형,2023-12-01,,,
2023,수원시,팔달구청,2023-04-16 11:18,매향동 매향동 창룡대로 30,주행형,2023-12-01,,,
2023,수원시,팔달구청,2023-04-16 11:19,매향동 매향동 창룡대로 68-1,주행형,2023-12-01,,,
2023,수원시,팔달구청,2023-04-16 11:50,매향동 매향동 창룡대로 86,주행형,2023-12-01,,,
2023,수원시,영통구청,2023-04-16 11:50,영통동 마사회뒷길,고정형,2023-12-01,,,
2023,수원시,장안구청,2023-04-16 11:50,경기도수원시장안구파장동 수원시 장안구 파장동 211,보행,2023-12-01,,,
2023,수원시,팔달구청,2023-04-16 11:57,경기도수원시팔달구우만동 수원시 팔달구 팔달문로120,보행,2023-12-01,,,
2023,수원시,팔달구청,2023-04-16 12:04,화서1동 푸르지오자이 북문 CU 앞 횡단보도,고정형,2023-12-01,,,
2023,수원시,팔달구청,2023-04-16 12:10,매교동 매교동 77-125 횡단보도,국민신문고,2023-12-01,,,
2023,수원시,팔달구청,2023-04-16 12:10,매교동 매교동 77-125 횡단보도,국민신문고,2023-12-01,,,
2023,수원시,팔달구청,2023-04-16 12:12,매교동 매교동 287-66 횡단보도,국민신문고,2023-12-01,,,
2023,수원시,팔달구청,2023-04-16 12:12,매교동 매교동 287-480 횡단보도,국민신문고,2023-12-01,,,
2023,수원시,팔달구청,2023-04-16 12:45,화서1동 푸르지오자이 북문 CU 앞 횡단보도,고정형,2023-12-01,,,
2023,수원시,팔달구청,2023-04-16 14:28,화서1동 수원역푸르지오자이 북문 우측,고정형,2023-12-01,,,
2023,수원시,팔달구청,2023-04-16 14:33,매산동 팔달로 10번길 8,고정형,2023-12-01,,,
2023,수원시,권선구청,2023-04-16 14:33,서둔동 가온팰리스옆1,고정형,2023-12-01,,,
2023,수원시,팔달구청,2023-04-16 14:33,매산동 팅스몰 주차장 출구 옆,고정형,2023-12-01,,,
2023,수원시,권선구청,2023-04-16 14:34,서둔동 수원역한라비발디퍼스트 앞1,고정형,2023-12-01,,,
2023,수원시,권선구청,2023-04-16 14:34,곡반정동 하나로마트한국빌딩앞,고정형,2023-12-01,,,
2023,수원시,팔달구청,2023-04-16 14:35,인계동 경인통계청,고정형,2023-12-01,,,
2023,수원시,팔달구청,2023-04-16 14:35,행궁동 화홍사랑채,고정형,2023-12-01,,,
2023,수원시,팔달구청,2023-04-16 14:35,인계동 드림캐슬주상복합,고정형,2023-12-01,,,
2023,수원시,팔달구청,2023-04-16 14:35,매산동 팅스몰 주차장 출구 옆,고정형,2023-12-01,,,
2023,수원시,팔달구청,2023-04-16 14:36,매산동 팅스몰 주차장 출구 옆,고정형,2023-12-01,,,
2023,수원시,팔달구청,2023-04-16 14:36,행궁동 화홍사랑채,고정형,2023-12-01,,,
2023,수원시,팔달구청,2023-04-16 14:37,인계동 드림캐슬주상복합,고정형,2023-12-01,,,
2023,수원시,팔달구청,2023-04-16 14:39,인계동 경인통계청,고정형,2023-12-01,,,
2023,수원시,권선구청,2023-04-16 14:39,서둔동 수원역한라비발디퍼스트 앞1,고정형,2023-12-01,,,
2023,수원시,팔달구청,2023-04-16 14:40,인계동 드림캐슬주상복합,고정형,2023-12-01,,,
2023,수원시,팔달구청,2023-04-16 14:50,매산동 팅스몰 주차장 출구 옆,고정형,2023-12-01,,,
2023,수원시,팔달구청,2023-04-16 14:53,신풍동 행궁동주민센터,고정형,2023-12-01,,,
2023,수원시,권선구청,2023-04-16 15:00,서둔동 수원역한라비발디퍼스트 앞1,고정형,2023-12-01,,,
2023,수원시,팔달구청,2023-04-16 15:01,신풍동 미술관로터리,고정형,2023-12-01,,,
2023,수원시,권선구청,2023-04-16 15:07,서둔동 수원역한라비발디퍼스트 앞2,고정형,2023-12-01,,,
2023,수원시,팔달구청,2023-04-16 15:12,인계동 드림캐슬주상복합,고정형,2023-12-01,,,
2023,수원시,영통구청,2023-04-16 15:13,망포동 힐스테이트 119동 ~방죽공원 삼거리,고정형,2023-12-01,,,
2023,수원시,팔달구청,2023-04-16 15:15,팔달로2가 팔달로2가 정조로796번길,주행형,2023-12-01,,,
2023,수원시,팔달구청,2023-04-16 15:15,화서1동 푸르지오자이 북문 CU 앞 횡단보도,고정형,2023-12-01,,,
2023,수원시,팔달구청,2023-04-16 15:24,매산동 팅스몰 주차장 출구 옆,고정형,2023-12-01,,,
2023,수원시,권선구청,2023-04-16 15:26,곡반정동 하나로마트한국빌딩앞,고정형,2023-12-01,,,
2023,수원시,팔달구청,2023-04-16 15:28,매산동 팅스몰 주차장 출구 옆,고정형,2023-12-01,,,
2023,수원시,팔달구청,2023-04-16 15:31,인계동 경인통계청,고정형,2023-12-01,,,
2023,수원시,팔달구청,2023-04-16 15:32,인계동 드림캐슬주상복합,고정형,2023-12-01,,,
2023,수원시,팔달구청,2023-04-16 15:38,화서1동 수원역푸르지오자이 북문 우측,고정형,2023-12-01,,,
2023,수원시,영통구청,2023-04-16 15:46,이의동 광교가재울마을사거리,고정형,2023-12-01,,,
2023,수원시,권선구청,2023-04-16 15:52,서둔동 수원역한라비발디퍼스트 앞1,고정형,2023-12-01,,,
2023,수원시,권선구청,2023-04-16 16:09,서둔동 수원역한라비발디퍼스트 앞1,고정형,2023-12-01,,,
2023,수원시,권선구청,2023-04-16 16:10,서둔동 수원역한라비발디퍼스트 앞1,고정형,2023-12-01,,,
2023,수원시,팔달구청,2023-04-16 16:15,화서1동 수원역푸르지오자이 북문 우측,고정형,2023-12-01,,,
2023,수원시,팔달구청,2023-04-16 16:15,행궁동 화홍사랑채,고정형,2023-12-01,,,
2023,수원시,팔달구청,2023-04-16 16:24,행궁동 화홍사랑채,고정형,2023-12-01,,,
2023,수원시,팔달구청,2023-04-16 16:37,매산동 팅스몰 주차장 출구 옆,고정형,2023-12-01,,,
2023,수원시,팔달구청,2023-04-16 16:37,매산동 팅스몰 주차장 출구 옆,고정형,2023-12-01,,,
2023,수원시,팔달구청,2023-04-16 16:41,인계동 경인통계청,고정형,2023-12-01,,,
2023,수원시,권선구청,2023-04-16 16:42,서둔동 수원역한라비발디퍼스트 앞2,고정형,2023-12-01,,,
2023,수원시,팔달구청,2023-04-16 16:47,인계동 경인통계청,고정형,2023-12-01,,,
2023,수원시,팔달구청,2023-04-16 16:59,화서1동 수원역푸르지오자이 북문 우측,고정형,2023-12-01,,,
2023,수원시,팔달구청,2023-04-16 16:59,화서1동 수원역푸르지오자이 북문 우측,고정형,2023-12-01,,,
2023,수원시,권선구청,2023-04-16 17:00,서둔동 가온팰리스옆2,고정형,2023-12-01,,,
2023,수원시,권선구청,2023-04-16 17:01,서둔동 수원역한라비발디퍼스트 앞2,고정형,2023-12-01,,,
2023,수원시,권선구청,2023-04-16 17:03,서둔동 수원역한라비발디퍼스트 앞1,고정형,2023-12-01,,,
2023,수원시,영통구청,2023-04-16 17:06,광교동 광교 덴티움지식산업센터 앞 사거리,고정형,2023-12-01,,,
2023,수원시,권선구청,2023-04-16 17:16,곡반정동 하나로마트한국빌딩앞,고정형,2023-12-01,,,
2023,수원시,팔달구청,2023-04-16 17:27,행궁동 화홍사랑채,고정형,2023-12-01,,,
2023,수원시,팔달구청,2023-04-16 17:30,인계동 경인통계청,고정형,2023-12-01,,,
2023,수원시,팔달구청,2023-04-16 17:40,매산동 팅스몰 주차장 출구 옆,고정형,2023-12-01,,,
2023,수원시,팔달구청,2023-04-16 17:44,매산동 팅스몰 주차장 출구 옆,고정형,2023-12-01,,,
2023,수원시,팔달구청,2023-04-16 17:51,매산동 팅스몰 주차장 출구 옆,고정형,2023-12-01,,,
2023,수원시,팔달구청,2023-04-16 17:54,인계동 드림캐슬주상복합,고정형,2023-12-01,,,
2023,수원시,팔달구청,2023-04-16 18:01,화서1동 수원역푸르지오자이 북문 우측,고정형,2023-12-01,,,
2023,수원시,팔달구청,2023-04-16 18:30,매산동 팅스몰 주차장 출구 옆,고정형,2023-12-01,,,
2023,수원시,팔달구청,2023-04-16 18:32,인계동 드림캐슬주상복합,고정형,2023-12-01,,,
2023,수원시,팔달구청,2023-04-16 18:32,인계동 드림캐슬주상복합,고정형,2023-12-01,,,
2023,수원시,팔달구청,2023-04-16 18:50,매산동 팔달로 10번길 8,고정형,2023-12-01,,,
2023,수원시,팔달구청,2023-04-16 18:53,매산동 팅스몰 주차장 출구 옆,고정형,2023-12-01,,,
2023,수원시,팔달구청,2023-04-16 19:04,인계동 드림캐슬주상복합,고정형,2023-12-01,,,
2023,수원시,팔달구청,2023-04-16 19:12,매산동 팅스몰 주차장 출구 옆,고정형,2023-12-01,,,
2023,수원시,팔달구청,2023-04-16 20:14,매산동 팅스몰 주차장 출구 옆,고정형,2023-12-01,,,
2023,수원시,팔달구청,2023-04-16 20:41,매산동 역전농협,고정형,2023-12-01,,,
2023,수원시,장안구청,2023-04-16 20:49,조원동 조원동 431-2,국민신문고,2023-12-01,,,
2023,수원시,팔달구청,2023-04-16 22:45,매교동 매교동 287-24 교차로모퉁이,국민신문고,2023-12-01,,,
2023,수원시,팔달구청,2023-04-17 7:04,화서1동 푸르지오자이 북문 CU 앞 횡단보도,고정형,2023-12-01,,,
2023,수원시,팔달구청,2023-04-17 7:34,매산동 팔달로 10번길 8,고정형,2023-12-01,,,
2023,수원시,팔달구청,2023-04-17 7:35,매산동 팔달로 10번길 8,고정형,2023-12-01,,,
2023,수원시,팔달구청,2023-04-17 7:35,매산동 팔달로 10번길 8,고정형,2023-12-01,,,
2023,수원시,팔달구청,2023-04-17 7:52,인계동 경인통계청,고정형,2023-12-01,,,
2023,수원시,권선구청,2023-04-17 8:04,곡반정동 하나로마트한국빌딩앞,고정형,2023-12-01,,,
2023,수원시,권선구청,2023-04-17 8:04,곡반정동 하나로마트한국빌딩앞,고정형,2023-12-01,,,
2023,수원시,권선구청,2023-04-17 8:04,곡반정동 하나로마트한국빌딩앞,고정형,2023-12-01,,,
2023,수원시,권선구청,2023-04-17 8:05,세류3동 신곡초교 후문 좌측 사거리,고정형,2023-12-01,,,
2023,수원시,권선구청,2023-04-17 8:05,세류3동 신곡초교 후문 좌측 사거리,고정형,2023-12-01,,,
2023,수원시,권선구청,2023-04-17 8:05,곡반정동 하나로마트한국빌딩앞,고정형,2023-12-01,,,
2023,수원시,권선구청,2023-04-17 8:05,서둔동 가온팰리스옆2,고정형,2023-12-01,,,
2023,수원시,권선구청,2023-04-17 8:05,서둔동 가온팰리스옆2,고정형,2023-12-01,,,
2023,수원시,권선구청,2023-04-17 8:06,세류3동 신곡초교 후문 좌측 사거리,고정형,2023-12-01,,,
2023,수원시,권선구청,2023-04-17 8:07,세류3동 신곡초교 후문 좌측 사거리,고정형,2023-12-01,,,
2023,수원시,권선구청,2023-04-17 8:08,오목천동 한화꿈에그린아파트 209동앞,고정형,2023-12-01,,,
2023,수원시,권선구청,2023-04-17 8:18,오목천동 한화꿈에그린아파트 214동앞,고정형,2023-12-01,,,
2023,수원시,권선구청,2023-04-17 8:21,권선2동 곡정초교 정문 좌측 사거리,고정형,2023-12-01,,,
2023,수원시,권선구청,2023-04-17 8:21,권선2동 곡정초교 정문 좌측 사거리,고정형,2023-12-01,,,
2023,수원시,권선구청,2023-04-17 8:28,권선2동 곡정초교 정문 좌측 사거리,고정형,2023-12-01,,,
2023,수원시,권선구청,2023-04-17 8:28,곡선동 권선중앙약국 건너편,고정형,2023-12-01,,,
2023,수원시,권선구청,2023-04-17 8:35,평동 오목초교 정문 우측 삼거리,고정형,2023-12-01,,,
2023,수원시,팔달구청,2023-04-17 8:41,화서1동 화서초등학교 둘레길 중간지점,고정형,2023-12-01,,,
2023,수원시,권선구청,2023-04-17 9:02,곡선동 휴먼푸드 인근,고정형,2023-12-01,,,
2023,수원시,팔달구청,2023-04-17 9:12,화서1동 푸르지오자이 북문 CU 앞 횡단보도,고정형,2023-12-01,,,
2023,수원시,영통구청,2023-04-17 9:16,광교동 광교이의119안전센터,고정형,2023-12-01,,,
2023,수원시,권선구청,2023-04-17 9:16,세류3동 신곡초교 후문 좌측 사거리,고정형,2023-12-01,,,
2023,수원시,영통구청,2023-04-17 9:22,이의동 드림스퀘어Ⅱ 앞,고정형,2023-12-01,,,
2023,수원시,영통구청,2023-04-17 9:32,원천동 광교 한화겔러리아 앞,고정형,2023-12-01,,,
2023,수원시,팔달구청,2023-04-17 9:46,매산동 팔달로 10번길 8,고정형,2023-12-01,,,
2023,수원시,팔달구청,2023-04-17 9:47,인계동 드림캐슬주상복합,고정형,2023-12-01,,,
2023,수원시,팔달구청,2023-04-17 10:18,인계동 경인통계청,고정형,2023-12-01,,,
2023,수원시,영통구청,2023-04-17 10:22,이의동 드림스퀘어Ⅱ 앞,고정형,2023-12-01,,,
2023,수원시,영통구청,2023-04-17 10:25,영통동 롯데마트 뒤,고정형,2023-12-01,37.27220279535416,127.10856729001851,
2023,수원시,영통구청,2023-04-17 10:30,영덕동 영통로525번길,주행형,2023-12-01,,,
2023,수원시,영통구청,2023-04-17 10:30,영덕동 영통로525번길,주행형,2023-12-01,,,
2023,수원시,영통구청,2023-04-17 10:33,이의동 창룡대로298번길,주행형,2023-12-01,,,
2023,수원시,팔달구청,2023-04-17 10:38,장안동 장안동 화서문로17번길,주행형,2023-12-01,,,
2023,수원시,팔달구청,2023-04-17 10:38,장안동 장안동 화서문로17번길,주행형,2023-12-01,,,
2023,수원시,팔달구청,2023-04-17 10:46,인계동 드림캐슬주상복합,고정형,2023-12-01,,,
2023,수원시,팔달구청,2023-04-17 11:15,화서1동 수원역푸르지오자이 북문 우측,고정형,2023-12-01,,,
2023,수원시,영통구청,2023-04-17 12:23,이의동 도청예정부지,고정형,2023-12-01,,,
2023,수원시,팔달구청,2023-04-17 12:26,매산동 역전농협,고정형,2023-12-01,,,
2023,수원시,팔달구청,2023-04-17 12:56,화서1동 수원역푸르지오자이 북문 우측,고정형,2023-12-01,,,
2023,수원시,권선구청,2023-04-17 13:03,입북동 당수초교 정문 우측 사거리,고정형,2023-12-01,,,
2023,수원시,권선구청,2023-04-17 13:03,평동 오현초교 정문 우측 사거리,고정형,2023-12-01,,,
2023,수원시,팔달구청,2023-04-17 13:45,화서1동 수원역푸르지오자이 북문 우측,고정형,2023-12-01,,,
2023,수원시,팔달구청,2023-04-17 14:00,매산동 역전농협,고정형,2023-12-01,,,
2023,수원시,팔달구청,2023-04-17 14:07,경기도수원시장안구영화동 수원시 팔달구 장안로5번길 51,보행,2023-12-01,,,
2023,수원시,팔달구청,2023-04-17 14:10,장안동 장안동 화서문로17번길,주행형,2023-12-01,,,
2023,수원시,팔달구청,2023-04-17 14:10,장안동 장안동 화서문로17번길,주행형,2023-12-01,,,
2023,수원시,영통구청,2023-04-17 14:26,광교동 광교웰빙타운한양수자인,고정형,2023-12-01,,,
2023,수원시,팔달구청,2023-04-17 14:33,매산동 팅스몰 주차장 출구 옆,고정형,2023-12-01,,,
2023,수원시,권선구청,2023-04-17 14:34,서둔동 가온팰리스옆1,고정형,2023-12-01,,,
2023,수원시,팔달구청,2023-04-17 14:34,매산동 팔달로 10번길 8,고정형,2023-12-01,,,
2023,수원시,팔달구청,2023-04-17 14:34,매산동 팔달로 10번길 8,고정형,2023-12-01,,,
2023,수원시,영통구청,2023-04-17 14:34,이의동 드림스퀘어Ⅱ 앞,고정형,2023-12-01,,,
2023,수원시,권선구청,2023-04-17 14:35,평동 고현초교 정문 좌측 삼거리,고정형,2023-12-01,,,
2023,수원시,영통구청,2023-04-17 14:36,이의동 드림스퀘어Ⅱ 앞,고정형,2023-12-01,,,
2023,수원시,팔달구청,2023-04-17 14:37,매산동 팅스몰 주차장 출구 옆,고정형,2023-12-01,,,
2023,수원시,팔달구청,2023-04-17 14:42,인계동 드림캐슬주상복합,고정형,2023-12-01,,,
2023,수원시,팔달구청,2023-04-17 14:49,인계동 경인통계청,고정형,2023-12-01,,,
2023,수원시,팔달구청,2023-04-17 14:53,우만동 우만동 경수대로 655,주행형,2023-12-01,,,
2023,수원시,팔달구청,2023-04-17 14:53,우만동 우만동 경수대로 655,주행형,2023-12-01,,,
2023,수원시,권선구청,2023-04-17 15:05,금곡동 가온초교 정문 우측 사거리,고정형,2023-12-01,,,
2023,수원시,권선구청,2023-04-17 15:07,평동 고현초교 정문 좌측 삼거리,고정형,2023-12-01,,,
2023,수원시,팔달구청,2023-04-17 15:12,매산동 팅스몰 주차장 출구 옆,고정형,2023-12-01,,,
2023,수원시,영통구청,2023-04-17 15:20,광교동 광교 덴티움지식산업센터 앞 사거리,고정형,2023-12-01,,,
2023,수원시,팔달구청,2023-04-17 15:33,인계동 드림캐슬주상복합,고정형,2023-12-01,,,
2023,수원시,팔달구청,2023-04-17 15:37,인계동 드림캐슬주상복합,고정형,2023-12-01,,,
2023,수원시,권선구청,2023-04-17 15:41,세류3동 신곡초교 후문 좌측 사거리,고정형,2023-12-01,,,
2023,수원시,권선구청,2023-04-17 15:45,서둔동 수원역한라비발디퍼스트 앞1,고정형,2023-12-01,,,
2023,수원시,팔달구청,2023-04-17 15:46,인계동 경인통계청,고정형,2023-12-01,,,
2023,수원시,팔달구청,2023-04-17 15:51,화서1동 수원역푸르지오자이 북문 우측,고정형,2023-12-01,,,
2023,수원시,팔달구청,2023-04-17 15:56,인계동 드림캐슬주상복합,고정형,2023-12-01,,,
2023,수원시,팔달구청,2023-04-17 16:03,매산동 팅스몰 주차장 출구 옆,고정형,2023-12-01,,,
2023,수원시,팔달구청,2023-04-17 16:04,매산동 팅스몰 주차장 출구 옆,고정형,2023-12-01,,,
2023,수원시,영통구청,2023-04-17 16:08,망포동 힐스테이트 119동 ~방죽공원 삼거리,고정형,2023-12-01,,,
2023,수원시,팔달구청,2023-04-17 16:15,북수동 쌈지공원 앞,고정형,2023-12-01,,,
2023,수원시,팔달구청,2023-04-17 16:20,화서1동 수원역푸르지오자이 북문 우측,고정형,2023-12-01,,,
2023,수원시,팔달구청,2023-04-17 16:28,화서1동 수원역푸르지오자이 북문 우측,고정형,2023-12-01,,,
2023,수원시,권선구청,2023-04-17 16:32,오목천동 한화꿈에그린아파트 214동앞,고정형,2023-12-01,,,
2023,수원시,권선구청,2023-04-17 16:32,세류동 1027-2,국민신문고,2023-12-01,,,
2023,수원시,팔달구청,2023-04-17 16:58,화서1동 수원역푸르지오자이 북문 우측,고정형,2023-12-01,,,
2023,수원시,팔달구청,2023-04-17 17:14,매산동 팅스몰 주차장 출구 옆,고정형,2023-12-01,,,
2023,수원시,권선구청,2023-04-17 17:15,곡반정동 하나로마트한국빌딩앞,고정형,2023-12-01,,,
2023,수원시,권선구청,2023-04-17 17:18,곡반정동 하나로마트한국빌딩앞,고정형,2023-12-01,,,
2023,수원시,권선구청,2023-04-17 17:18,곡반정동 하나로마트한국빌딩앞,고정형,2023-12-01,,,
2023,수원시,영통구청,2023-04-17 17:29,이의동 드림스퀘어Ⅱ 앞,고정형,2023-12-01,,,
2023,수원시,팔달구청,2023-04-17 17:31,화서1동 수원역푸르지오자이 북문 우측,고정형,2023-12-01,,,
2023,수원시,팔달구청,2023-04-17 17:45,매산동 팅스몰 주차장 출구 옆,고정형,2023-12-01,,,
2023,수원시,팔달구청,2023-04-17 17:48,매산동 팔달로 10번길 8,고정형,2023-12-01,,,
2023,수원시,팔달구청,2023-04-17 18:08,매산동 팅스몰 주차장 출구 옆,고정형,2023-12-01,,,
2023,수원시,팔달구청,2023-04-17 18:12,매교동 매교동 98-30 교차로모퉁이,국민신문고,2023-12-01,,,
2023,수원시,팔달구청,2023-04-17 18:16,인계동 드림캐슬주상복합,고정형,2023-12-01,,,
2023,수원시,팔달구청,2023-04-17 18:19,매산동 팅스몰 주차장 출구 옆,고정형,2023-12-01,,,
2023,수원시,팔달구청,2023-04-17 18:54,매산동 팅스몰 주차장 출구 옆,고정형,2023-12-01,,,
2023,수원시,팔달구청,2023-04-17 19:16,화서1동 수원역푸르지오자이 북문 우측,고정형,2023-12-01,,,
2023,수원시,팔달구청,2023-04-17 19:18,인계동 푸르지오자이 북문 CU 앞 횡단보도,고정형,2023-12-01,,,
2023,수원시,팔달구청,2023-04-17 19:40,매산동 팅스몰 주차장 출구 옆,고정형,2023-12-01,,,
2023,수원시,권선구청,2023-04-17 19:54,경기도수원시권선구고색동 수원시 권선구 고색동 357-5,보행,2023-12-01,,,
2023,수원시,권선구청,2023-04-17 19:55,경기도수원시권선구고색동 수원시 권선구 고색동 357-5,보행,2023-12-01,,,
2023,수원시,권선구청,2023-04-17 19:56,경기도수원시권선구고색동 수원시 권선구 고색동 357-5,보행,2023-12-01,,,
2023,수원시,팔달구청,2023-04-17 19:57,매산동 팅스몰 주차장 출구 옆,고정형,2023-12-01,,,
2023,수원시,팔달구청,2023-04-17 19:59,인계동 드림캐슬주상복합,고정형,2023-12-01,,,
2023,수원시,팔달구청,2023-04-17 20:05,인계동 드림캐슬주상복합,고정형,2023-12-01,,,
2023,수원시,팔달구청,2023-04-17 20:05,인계동 드림캐슬주상복합,고정형,2023-12-01,,,
2023,수원시,팔달구청,2023-04-17 20:05,인계동 드림캐슬주상복합,고정형,2023-12-01,,,
2023,수원시,권선구청,2023-04-17 20:11,세류동 70무7342,국민신문고,2023-12-01,,,
2023,수원시,팔달구청,2023-04-17 20:12,매산동 덕영대로 895번길 9-8,고정형,2023-12-01,,,
2023,수원시,팔달구청,2023-04-17 20:13,매산동 팅스몰 주차장 출구 옆,고정형,2023-12-01,,,
2023,수원시,팔달구청,2023-04-17 20:13,매산동 팅스몰 주차장 출구 옆,고정형,2023-12-01,,,
2023,수원시,팔달구청,2023-04-17 20:22,매산동 팅스몰 주차장 출구 옆,고정형,2023-12-01,,,
2023,수원시,권선구청,2023-04-17 20:33,탑동 81주3827,국민신문고,2023-12-01,,,
2023,수원시,팔달구청,2023-04-17 20:36,매교동 매교동 77-124 횡단보도,국민신문고,2023-12-01,,,
2023,수원시,팔달구청,2023-04-17 21:33,매교동 매교동 120-5 소화전,국민신문고,2023-12-01,,,
2023,수원시,팔달구청,2023-04-17 21:35,매교동 매교동 114-11 횡단보도,국민신문고,2023-12-01,,,
2023,수원시,권선구청,2023-04-18 6:00,곡반정동 562-2,국민신문고,2023-12-01,,,
2023,수원시,영통구청,2023-04-18 7:05,광교동 광교이의119안전센터,고정형,2023-12-01,,,
2023,수원시,팔달구청,2023-04-18 7:33,매산동 팅스몰 주차장 출구 옆,고정형,2023-12-01,,,
2023,수원시,팔달구청,2023-04-18 7:34,매산동 팅스몰 주차장 출구 옆,고정형,2023-12-01,,,
2023,수원시,팔달구청,2023-04-18 7:34,인계동 경인통계청,고정형,2023-12-01,,,
2023,수원시,팔달구청,2023-04-18 7:40,인계동 경인통계청,고정형,2023-12-01,,,
2023,수원시,권선구청,2023-04-18 8:05,곡반정동 하나로마트한국빌딩앞,고정형,2023-12-01,,,
2023,수원시,권선구청,2023-04-18 8:06,서둔동 가온팰리스옆2,고정형,2023-12-01,,,
2023,수원시,영통구청,2023-04-18 8:21,광교동 광교 덴티움지식산업센터 앞 사거리,고정형,2023-12-01,,,
2023,수원시,권선구청,2023-04-18 8:42,서둔동 가온팰리스옆2,고정형,2023-12-01,,,
2023,수원시,팔달구청,2023-04-18 8:54,매산동 팅스몰 주차장 출구 옆,고정형,2023-12-01,,,
2023,수원시,팔달구청,2023-04-18 9:19,인계동 드림캐슬주상복합,고정형,2023-12-01,,,
2023,수원시,팔달구청,2023-04-18 9:27,매산동 팔달로 10번길 8,고정형,2023-12-01,,,
2023,수원시,영통구청,2023-04-18 9:35,광교동 광교이의119안전센터,고정형,2023-12-01,,,
2023,수원시,권선구청,2023-04-18 9:50,세류3동 신곡초교 후문 좌측 사거리,고정형,2023-12-01,,,
2023,수원시,권선구청,2023-04-18 10:06,곡선동 휴먼푸드 인근,고정형,2023-12-01,,,
2023,수원시,권선구청,2023-04-18 10:06,곡선동 휴먼푸드 인근,고정형,2023-12-01,,,
2023,수원시,영통구청,2023-04-18 10:14,이의동 드림스퀘어Ⅱ 앞,고정형,2023-12-01,,,
2023,수원시,영통구청,2023-04-18 10:14,이의동 드림스퀘어Ⅱ 앞,고정형,2023-12-01,,,
2023,수원시,팔달구청,2023-04-18 10:22,인계동 드림캐슬주상복합,고정형,2023-12-01,,,
2023,수원시,팔달구청,2023-04-18 10:32,인계동 드림캐슬주상복합,고정형,2023-12-01,,,
2023,수원시,권선구청,2023-04-18 10:34,서둔동 수원역한라비발디퍼스트 앞1,고정형,2023-12-01,,,
2023,수원시,영통구청,2023-04-18 11:24,광교동 광교 덴티움지식산업센터 앞 사거리,고정형,2023-12-01,,,
2023,수원시,권선구청,2023-04-18 12:09,평동 고현초교 정문 좌측 삼거리,고정형,2023-12-01,,,
2023,수원시,팔달구청,2023-04-18 12:10,화서1동 수원역푸르지오자이 북문 우측,고정형,2023-12-01,,,
2023,수원시,영통구청,2023-04-18 12:14,영통동 롯데마트 뒤,고정형,2023-12-01,37.27220279535416,127.10856729001851,
2023,수원시,권선구청,2023-04-18 12:47,입북동 당수초교 정문 우측 사거리,고정형,2023-12-01,,,
2023,수원시,팔달구청,2023-04-18 12:47,고등동 푸르지오자이 북문 CU 앞 횡단보도,고정형,2023-12-01,,,
2023,수원시,권선구청,2023-04-18 12:48,서둔동 1189,국민신문고,2023-12-01,,,
2023,수원시,팔달구청,2023-04-18 13:23,화서1동 수원역푸르지오자이 북문 우측,고정형,2023-12-01,,,
2023,수원시,영통구청,2023-04-18 13:36,광교동 광교웰빙타운한양수자인,고정형,2023-12-01,,,
2023,수원시,영통구청,2023-04-18 13:53,영통동 롯데마트 뒤,고정형,2023-12-01,37.27220279535416,127.10856729001851,
2023,수원시,장안구청,2023-04-18 13:59,천천동 화산로163번길,주행형,2023-12-01,,,
2023,수원시,팔달구청,2023-04-18 14:04,매산동 역전농협,고정형,2023-12-01,,,
2023,수원시,영통구청,2023-04-18 14:05,이의동 도청예정부지,고정형,2023-12-01,,,
2023,수원시,팔달구청,2023-04-18 14:15,고등동 고등동 갓매산로56번길,주행형,2023-12-01,,,
2023,수원시,권선구청,2023-04-18 14:20,평동 오현초교 정문 우측 사거리,고정형,2023-12-01,,,
2023,수원시,팔달구청,2023-04-18 14:26,우만동 우만동 경수대로 655,주행형,2023-12-01,,,
2023,수원시,팔달구청,2023-04-18 14:26,우만동 우만동 경수대로 655,주행형,2023-12-01,,,
2023,수원시,팔달구청,2023-04-18 14:26,우만동 우만동 경수대로 655,주행형,2023-12-01,,,
2023,수원시,팔달구청,2023-04-18 14:33,매산동 팔달로 10번길 8,고정형,2023-12-01,,,
2023,수원시,팔달구청,2023-04-18 14:33,인계동 드림캐슬주상복합,고정형,2023-12-01,,,
2023,수원시,권선구청,2023-04-18 14:35,서둔동 가온팰리스옆2,고정형,2023-12-01,,,
2023,수원시,권선구청,2023-04-18 14:35,서둔동 가온팰리스옆1,고정형,2023-12-01,,,
2023,수원시,팔달구청,2023-04-18 14:36,매산동 팅스몰 주차장 출구 옆,고정형,2023-12-01,,,
2023,수원시,영통구청,2023-04-18 14:38,이의동 드림스퀘어Ⅱ 앞,고정형,2023-12-01,,,
2023,수원시,팔달구청,2023-04-18 14:42,매산로2가 매산로2가 매산로20번길,주행형,2023-12-01,,,
2023,수원시,권선구청,2023-04-18 14:43,평동 고현초교 정문 좌측 삼거리,고정형,2023-12-01,,,
2023,수원시,권선구청,2023-04-18 14:44,세류3동 신곡초교 후문 좌측 사거리,고정형,2023-12-01,,,
2023,수원시,영통구청,2023-04-18 14:55,망포동 E-마트 에브리데이 앞,고정형,2023-12-01,37.2361017468141,127.060345496536,
2023,수원시,영통구청,2023-04-18 14:55,망포동 E-마트 에브리데이 앞,고정형,2023-12-01,37.2361017468141,127.060345496536,
2023,수원시,영통구청,2023-04-18 14:57,이의동 창룡대로298번길,주행형,2023-12-01,,,
2023,수원시,권선구청,2023-04-18 15:05,곡선동 휴먼푸드 인근,고정형,2023-12-01,,,
2023,수원시,팔달구청,2023-04-18 15:19,매산동 팅스몰 주차장 출구 옆,고정형,2023-12-01,,,
2023,수원시,권선구청,2023-04-18 15:25,권선동 권선동 한라비발디앞 놀이터,고정형,2023-12-01,,,
2023,수원시,권선구청,2023-04-18 15:25,권선동 권선동 한라비발디앞 놀이터,고정형,2023-12-01,,,
2023,수원시,팔달구청,2023-04-18 15:30,매산동 팅스몰 주차장 출구 옆,고정형,2023-12-01,,,
2023,수원시,권선구청,2023-04-18 15:50,평동 고현초교 정문 좌측 삼거리,고정형,2023-12-01,,,
2023,수원시,권선구청,2023-04-18 16:02,평동 고현초교 정문 좌측 삼거리,고정형,2023-12-01,,,
2023,수원시,팔달구청,2023-04-18 16:03,인계동 드림캐슬주상복합,고정형,2023-12-01,,,
2023,수원시,팔달구청,2023-04-18 16:08,행궁동 팔달문 버스정류장,고정형,2023-12-01,,,
2023,수원시,팔달구청,2023-04-18 16:24,고등동 수원초등학교 정문 좌측 사거리,고정형,2023-12-01,,,
2023,수원시,팔달구청,2023-04-18 16:37,인계동 드림캐슬주상복합,고정형,2023-12-01,,,
2023,수원시,팔달구청,2023-04-18 17:01,인계동 드림캐슬주상복합,고정형,2023-12-01,,,
2023,수원시,권선구청,2023-04-18 17:26,입북동 당수초교 정문 우측 사거리,고정형,2023-12-01,,,
2023,수원시,팔달구청,2023-04-18 17:41,매산동 팅스몰 주차장 출구 옆,고정형,2023-12-01,,,
2023,수원시,팔달구청,2023-04-18 17:43,매산동 역전농협,고정형,2023-12-01,,,
2023,수원시,팔달구청,2023-04-18 17:46,인계동 드림캐슬주상복합,고정형,2023-12-01,,,
2023,수원시,팔달구청,2023-04-18 17:54,화서1동 수원역푸르지오자이 북문 우측,고정형,2023-12-01,,,
2023,수원시,팔달구청,2023-04-18 18:07,매산동 팅스몰 주차장 출구 옆,고정형,2023-12-01,,,
2023,수원시,팔달구청,2023-04-18 18:17,인계동 드림캐슬주상복합,고정형,2023-12-01,,,
2023,수원시,영통구청,2023-04-18 18:28,이의동 광교호반베르디움 103동 앞,고정형,2023-12-01,,,
2023,수원시,팔달구청,2023-04-18 18:43,매산동 팅스몰 주차장 출구 옆,고정형,2023-12-01,,,
2023,수원시,팔달구청,2023-04-18 18:43,매산동 팅스몰 주차장 출구 옆,고정형,2023-12-01,,,
2023,수원시,팔달구청,2023-04-18 19:09,매산동 팅스몰 주차장 출구 옆,고정형,2023-12-01,,,
2023,수원시,팔달구청,2023-04-18 19:15,인계동 드림캐슬주상복합,고정형,2023-12-01,,,
2023,수원시,권선구청,2023-04-18 19:33,곡반정동 562-2,국민신문고,2023-12-01,,,
2023,수원시,권선구청,2023-04-18 19:33,곡반정동 562-2,국민신문고,2023-12-01,,,
2023,수원시,권선구청,2023-04-18 19:34,경기도수원시권선구고색동 수원시 권선구 고색동 404-7,보행,2023-12-01,,,
2023,수원시,권선구청,2023-04-18 19:36,경기도수원시권선구고색동 수원시 권선구 고색동 404-7,보행,2023-12-01,,,
2023,수원시,팔달구청,2023-04-18 19:37,매산동 팅스몰 주차장 출구 옆,고정형,2023-12-01,,,
2023,수원시,권선구청,2023-04-18 19:37,경기도수원시권선구고색동 수원시 권선구 고색동 404-7,보행,2023-12-01,,,
2023,수원시,권선구청,2023-04-18 19:38,경기도수원시권선구고색동 수원시 권선구 고색동 404-7,보행,2023-12-01,,,
2023,수원시,권선구청,2023-04-18 19:39,경기도수원시권선구고색동 수원시 권선구 고색동 404-7,보행,2023-12-01,,,
2023,수원시,팔달구청,2023-04-18 20:06,매산동 팅스몰 주차장 출구 옆,고정형,2023-12-01,,,
2023,수원시,팔달구청,2023-04-18 20:08,인계동 드림캐슬주상복합,고정형,2023-12-01,,,
2023,수원시,팔달구청,2023-04-18 20:08,인계동 드림캐슬주상복합,고정형,2023-12-01,,,
2023,수원시,팔달구청,2023-04-18 20:20,매산동 팅스몰 주차장 출구 옆,고정형,2023-12-01,,,
2023,수원시,팔달구청,2023-04-18 20:27,화서동 화서동 98-16 교차로모퉁이,국민신문고,2023-12-01,,,
2023,수원시,팔달구청,2023-04-18 20:27,화서동 화서동 98-16 교차로모퉁이,국민신문고,2023-12-01,,,
2023,수원시,팔달구청,2023-04-18 20:29,인계동 드림캐슬주상복합,고정형,2023-12-01,,,
2023,수원시,팔달구청,2023-04-18 20:29,인계동 드림캐슬주상복합,고정형,2023-12-01,,,
2023,수원시,팔달구청,2023-04-18 20:47,매교동 매교동 88-18 소화전,국민신문고,2023-12-01,,,
2023,수원시,팔달구청,2023-04-18 20:49,매교동 매교동 122-38 소화전,국민신문고,2023-12-01,,,
2023,수원시,팔달구청,2023-04-18 20:59,매산동 역전농협,고정형,2023-12-01,,,
2023,수원시,팔달구청,2023-04-18 21:05,매교동 매교동 100-12 교차로모퉁이,국민신문고,2023-12-01,,,
2023,수원시,권선구청,2023-04-18 21:20,당수동 218,국민신문고,2023-12-01,,,
2023,수원시,팔달구청,2023-04-18 21:59,매교동 매교동 120-9 교차로모퉁이,국민신문고,2023-12-01,,,
2023,수원시,권선구청,2023-04-19 5:58,곡반정동 562-2,국민신문고,2023-12-01,,,
2023,수원시,권선구청,2023-04-19 5:59,곡반정동 562-2,국민신문고,2023-12-01,,,
2023,수원시,권선구청,2023-04-19 6:02,곡반정동 562-2,국민신문고,2023-12-01,,,
2023,수원시,팔달구청,2023-04-19 7:33,매산동 팅스몰 주차장 출구 옆,고정형,2023-12-01,,,
2023,수원시,팔달구청,2023-04-19 7:33,인계동 경인통계청,고정형,2023-12-01,,,
2023,수원시,팔달구청,2023-04-19 7:33,매산동 팔달로 10번길 8,고정형,2023-12-01,,,
2023,수원시,팔달구청,2023-04-19 7:35,매산동 팅스몰 주차장 출구 옆,고정형,2023-12-01,,,
2023,수원시,팔달구청,2023-04-19 7:40,인계동 드림캐슬주상복합,고정형,2023-12-01,,,
2023,수원시,권선구청,2023-04-19 8:04,서둔동 가온팰리스옆2,고정형,2023-12-01,,,
2023,수원시,권선구청,2023-04-19 8:04,서둔동 가온팰리스옆2,고정형,2023-12-01,,,
2023,수원시,권선구청,2023-04-19 8:04,곡반정동 하나로마트한국빌딩앞,고정형,2023-12-01,,,
2023,수원시,팔달구청,2023-04-19 8:05,북수동 쌈지공원 앞,고정형,2023-12-01,,,
2023,수원시,권선구청,2023-04-19 8:11,세류3동 신곡초교 후문 좌측 사거리,고정형,2023-12-01,,,
2023,수원시,권선구청,2023-04-19 8:41,서둔동 수원역한라비발디퍼스트 앞1,고정형,2023-12-01,,,
2023,수원시,영통구청,2023-04-19 9:15,하동 광교호반마을한양수자인,고정형,2023-12-01,,,
2023,수원시,영통구청,2023-04-19 9:35,망포동 E-마트 에브리데이 앞,고정형,2023-12-01,37.2361017468141,127.060345496536,
2023,수원시,권선구청,2023-04-19 9:40,금곡동 수원문산고속도로,주행형,2023-12-01,,,
2023,수원시,권선구청,2023-04-19 10:07,오목천동 한화꿈에그린아파트 209동앞,고정형,2023-12-01,,,
2023,수원시,영통구청,2023-04-19 10:15,영통동 매영로365번길,주행형,2023-12-01,,,
2023,수원시,영통구청,2023-04-19 10:15,영통동 매영로365번길,주행형,2023-12-01,,,
2023,수원시,영통구청,2023-04-19 10:15,영통동 매영로365번길,주행형,2023-12-01,,,
2023,수원시,팔달구청,2023-04-19 10:21,영동 영동 수원천로275,주행형,2023-12-01,,,
2023,수원시,팔달구청,2023-04-19 10:25,경기도수원시팔달구인계동 수원시 팔달구 인계동 158-13,보행,2023-12-01,,,
2023,수원시,팔달구청,2023-04-19 10:25,경기도수원시팔달구인계동 수원시 팔달구 인계동 158-13,보행,2023-12-01,,,
2023,수원시,팔달구청,2023-04-19 10:26,경기도수원시팔달구인계동 수원시 팔달구 인계동 158-13,보행,2023-12-01,,,
2023,수원시,팔달구청,2023-04-19 10:26,경기도수원시팔달구인계동 수원시 팔달구 인계동 158-13,보행,2023-12-01,,,
2023,수원시,팔달구청,2023-04-19 10:27,경기도수원시팔달구인계동 수원시 팔달구 인계동 158-13,보행,2023-12-01,,,
2023,수원시,팔달구청,2023-04-19 10:27,경기도수원시팔달구인계동 수원시 팔달구 인계동 158-13,보행,2023-12-01,,,
2023,수원시,팔달구청,2023-04-19 10:28,경기도수원시팔달구인계동 수원시 팔달구 인계동 158-13,보행,2023-12-01,,,
2023,수원시,팔달구청,2023-04-19 10:28,경기도수원시팔달구인계동 수원시 팔달구 인계동 158-13,보행,2023-12-01,,,
2023,수원시,팔달구청,2023-04-19 10:29,경기도수원시팔달구인계동 수원시 팔달구 인계동 158-13,보행,2023-12-01,,,
2023,수원시,팔달구청,2023-04-19 10:29,경기도수원시팔달구인계동 수원시 팔달구 인계동 158-13,보행,2023-12-01,,,
2023,수원시,팔달구청,2023-04-19 10:32,경기도수원시팔달구인계동 수원시 팔달구 인계동 158-13,보행,2023-12-01,,,
2023,수원시,팔달구청,2023-04-19 10:32,경기도수원시팔달구인계동 수원시 팔달구 인계동 158-13,보행,2023-12-01,,,
2023,수원시,팔달구청,2023-04-19 10:34,경기도수원시팔달구인계동 수원시 팔달구 인계동 158-13,보행,2023-12-01,,,
2023,수원시,팔달구청,2023-04-19 10:38,경기도수원시팔달구인계동 수원시 팔달구 인계동 158-13,보행,2023-12-01,,,
2023,수원시,팔달구청,2023-04-19 10:39,경기도수원시팔달구인계동 수원시 팔달구 인계동 158-13,보행,2023-12-01,,,
2023,수원시,팔달구청,2023-04-19 10:39,경기도수원시팔달구인계동 수원시 팔달구 인계동 158-13,보행,2023-12-01,,,
2023,수원시,팔달구청,2023-04-19 10:40,경기도수원시팔달구인계동 수원시 팔달구 인계동 158-13,보행,2023-12-01,,,
2023,수원시,팔달구청,2023-04-19 10:40,경기도수원시팔달구인계동 수원시 팔달구 인계동 158-13,보행,2023-12-01,,,
2023,수원시,팔달구청,2023-04-19 10:41,인계동 수원시 팔달구 인계동 158-13,보행,2023-12-01,,,
2023,수원시,영통구청,2023-04-19 10:42,이의동 창룡대로298번길,주행형,2023-12-01,,,
2023,수원시,팔달구청,2023-04-19 10:46,인계동 드림캐슬주상복합,고정형,2023-12-01,,,
2023,수원시,권선구청,2023-04-19 11:31,입북동 당수초교 정문 우측 사거리,고정형,2023-12-01,,,
2023,수원시,권선구청,2023-04-19 11:40,권선동 NC터미널점 버스정류장 앞,고정형,2023-12-01,,,
2023,수원시,권선구청,2023-04-19 12:38,곡반정동 562-2,국민신문고,2023-12-01,,,
2023,수원시,팔달구청,2023-04-19 12:59,고등동 수원초등학교 정문 좌측 사거리,고정형,2023-12-01,,,
2023,수원시,권선구청,2023-04-19 13:03,곡선동 휴먼푸드 인근,고정형,2023-12-01,,,
2023,수원시,팔달구청,2023-04-19 13:12,화서1동 수원역푸르지오자이 북문 우측,고정형,2023-12-01,,,
2023,수원시,팔달구청,2023-04-19 13:33,고등동 수원초등학교 정문 좌측 사거리,고정형,2023-12-01,,,
2023,수원시,팔달구청,2023-04-19 14:16,남수동 남수동 정조로800번길,주행형,2023-12-01,,,
2023,수원시,팔달구청,2023-04-19 14:19,경기도수원시팔달구화서동 수원시 팔달구 화서동 산 5-1,보행,2023-12-01,,,
2023,수원시,영통구청,2023-04-19 14:20,경기도수원시영통구원천동 수원시 영통구 원천동 77,보행,2023-12-01,,,
2023,수원시,권선구청,2023-04-19 14:23,고색동 25너9607,국민신문고,2023-12-01,,,
2023,수원시,팔달구청,2023-04-19 14:34,인계동 드림캐슬주상복합,고정형,2023-12-01,,,
2023,수원시,팔달구청,2023-04-19 14:34,매산로3가 매산로3가 고화로 11,주행형,2023-12-01,,,
2023,수원시,팔달구청,2023-04-19 14:34,매산로3가 매산로3가 고화로 11,주행형,2023-12-01,,,
2023,수원시,팔달구청,2023-04-19 14:34,경기도수원시팔달구화서동 수원시 팔달구 화서동 산 5-1,보행,2023-12-01,,,
2023,수원시,팔달구청,2023-04-19 14:34,경기도수원시팔달구화서동 수원시 팔달구 화서동 산 5-1,보행,2023-12-01,,,
2023,수원시,팔달구청,2023-04-19 14:37,인계동 드림캐슬주상복합,고정형,2023-12-01,,,
2023,수원시,팔달구청,2023-04-19 14:42,경기도수원시팔달구인계동 수원시 팔달구 경수대로 577-18,보행,2023-12-01,,,
2023,수원시,팔달구청,2023-04-19 14:42,경기도수원시팔달구인계동 수원시 팔달구 경수대로 577-18,보행,2023-12-01,,,
2023,수원시,팔달구청,2023-04-19 14:43,경기도수원시팔달구인계동 수원시 팔달구 경수대로 577-18,보행,2023-12-01,,,
2023,수원시,팔달구청,2023-04-19 15:09,인계동 드림캐슬주상복합,고정형,2023-12-01,,,
2023,수원시,장안구청,2023-04-19 15:10,천천동 화산로163번길,주행형,2023-12-01,,,
2023,수원시,장안구청,2023-04-19 15:10,천천동 화산로163번길,주행형,2023-12-01,,,
2023,수원시,팔달구청,2023-04-19 15:17,인계동 드림캐슬주상복합,고정형,2023-12-01,,,
2023,수원시,팔달구청,2023-04-19 15:19,인계동 한국씨티은행,고정형,2023-12-01,,,
2023,수원시,팔달구청,2023-04-19 15:55,인계동 한국씨티은행,고정형,2023-12-01,,,
2023,수원시,팔달구청,2023-04-19 15:55,인계동 한국씨티은행,고정형,2023-12-01,,,
2023,수원시,권선구청,2023-04-19 16:42,서둔동 가온팰리스옆2,고정형,2023-12-01,,,
2023,수원시,권선구청,2023-04-19 16:44,입북동 당수초교 정문 우측 사거리,고정형,2023-12-01,,,
2023,수원시,팔달구청,2023-04-19 16:48,화서1동 수원역푸르지오자이 북문 우측,고정형,2023-12-01,,,
2023,수원시,팔달구청,2023-04-19 16:48,화서1동 수원역푸르지오자이 북문 우측,고정형,2023-12-01,,,
2023,수원시,권선구청,2023-04-19 16:50,입북동 당수초교 정문 우측 사거리,고정형,2023-12-01,,,
2023,수원시,권선구청,2023-04-19 16:58,세류3동 신곡초교 후문 좌측 사거리,고정형,2023-12-01,,,
2023,수원시,권선구청,2023-04-19 16:58,세류3동 신곡초교 후문 좌측 사거리,고정형,2023-12-01,,,
2023,수원시,영통구청,2023-04-19 17:01,원천동 광교에일린의뜰 북측,고정형,2023-12-01,,,
2023,수원시,팔달구청,2023-04-19 17:07,매산동 팅스몰 주차장 출구 옆,고정형,2023-12-01,,,
2023,수원시,영통구청,2023-04-19 17:38,이의동 드림스퀘어Ⅱ 앞,고정형,2023-12-01,,,
2023,수원시,권선구청,2023-04-19 17:39,서둔동 가온팰리스옆2,고정형,2023-12-01,,,
2023,수원시,팔달구청,2023-04-19 17:49,화서1동 수원역푸르지오자이 북문 우측,고정형,2023-12-01,,,
2023,수원시,팔달구청,2023-04-19 17:49,인계동 경인통계청,고정형,2023-12-01,,,
2023,수원시,팔달구청,2023-04-19 17:52,화서1동 푸르지오자이 북문 CU 앞 횡단보도,고정형,2023-12-01,,,
2023,수원시,영통구청,2023-04-19 18:05,광교동 광교이의119안전센터,고정형,2023-12-01,,,
2023,수원시,팔달구청,2023-04-19 18:08,매산동 팔달로 10번길 8,고정형,2023-12-01,,,
2023,수원시,팔달구청,2023-04-19 18:20,매산동 팅스몰 주차장 출구 옆,고정형,2023-12-01,,,
2023,수원시,팔달구청,2023-04-19 18:44,화서1동 수원역푸르지오자이 북문 우측,고정형,2023-12-01,,,
2023,수원시,팔달구청,2023-04-19 18:55,매산동 팅스몰 주차장 출구 옆,고정형,2023-12-01,,,
2023,수원시,팔달구청,2023-04-19 18:59,인계동 드림캐슬주상복합,고정형,2023-12-01,,,
2023,수원시,팔달구청,2023-04-19 19:00,인계동 드림캐슬주상복합,고정형,2023-12-01,,,
2023,수원시,권선구청,2023-04-19 19:08,권선동 108무6262,국민신문고,2023-12-01,,,
2023,수원시,영통구청,2023-04-19 19:13,이의동 광교가재울마을사거리,고정형,2023-12-01,,,
2023,수원시,영통구청,2023-04-19 19:13,이의동 광교가재울마을사거리,고정형,2023-12-01,,,
2023,수원시,영통구청,2023-04-19 19:22,망포동 E-마트 에브리데이 앞,고정형,2023-12-01,37.2361017468141,127.060345496536,
2023,수원시,팔달구청,2023-04-19 19:31,매산동 팅스몰 주차장 출구 옆,고정형,2023-12-01,,,
2023,수원시,팔달구청,2023-04-19 19:43,매산동 덕영대로 895번길 9-8,고정형,2023-12-01,,,
2023,수원시,영통구청,2023-04-19 20:01,영통동 롯데마트 뒤,고정형,2023-12-01,37.27220279535416,127.10856729001851,
2023,수원시,팔달구청,2023-04-19 20:13,인계동 드림캐슬주상복합,고정형,2023-12-01,,,
2023,수원시,팔달구청,2023-04-19 20:17,화서1동 수원역푸르지오자이 북문 우측,고정형,2023-12-01,,,
2023,수원시,권선구청,2023-04-20 0:54,곡반정동 156-8,국민신문고,2023-12-01,,,
2023,수원시,권선구청,2023-04-20 0:56,곡반정동 156-8,국민신문고,2023-12-01,,,
2023,수원시,영통구청,2023-04-20 7:02,하동 광교호반마을한양수자인,고정형,2023-12-01,,,
2023,수원시,팔달구청,2023-04-20 7:35,매산동 팅스몰 주차장 출구 옆,고정형,2023-12-01,,,
2023,수원시,팔달구청,2023-04-20 8:04,인계동 드림캐슬주상복합,고정형,2023-12-01,,,
2023,수원시,팔달구청,2023-04-20 8:05,매산동 팔달로 10번길 8,고정형,2023-12-01,,,
2023,수원시,권선구청,2023-04-20 8:05,서둔동 가온팰리스옆2,고정형,2023-12-01,,,
2023,수원시,권선구청,2023-04-20 8:06,서둔동 가온팰리스옆2,고정형,2023-12-01,,,
2023,수원시,팔달구청,2023-04-20 8:25,북수동 쌈지공원 앞,고정형,2023-12-01,,,
2023,수원시,권선구청,2023-04-20 8:27,곡반정동 하나로마트한국빌딩앞,고정형,2023-12-01,,,
2023,수원시,권선구청,2023-04-20 8:31,서둔동 가온팰리스옆2,고정형,2023-12-01,,,
2023,수원시,팔달구청,2023-04-20 8:42,신풍동 미술관로터리,고정형,2023-12-01,,,
2023,수원시,권선구청,2023-04-20 8:48,권선2동 곡정초교 정문 좌측 사거리,고정형,2023-12-01,,,
2023,수원시,권선구청,2023-04-20 8:48,권선2동 곡정초교 정문 좌측 사거리,고정형,2023-12-01,,,
2023,수원시,권선구청,2023-04-20 8:56,서둔동 수원역한라비발디퍼스트 앞1,고정형,2023-12-01,,,
2023,수원시,권선구청,2023-04-20 9:23,권선2동 곡정초교 정문 좌측 사거리,고정형,2023-12-01,,,
2023,수원시,영통구청,2023-04-20 9:43,영통동 롯데마트 뒤,고정형,2023-12-01,37.27220279535416,127.10856729001851,
2023,수원시,권선구청,2023-04-20 9:46,곡반정동 하나로마트한국빌딩앞,고정형,2023-12-01,,,
2023,수원시,팔달구청,2023-04-20 10:02,매산동 팅스몰 주차장 출구 옆,고정형,2023-12-01,,,
2023,수원시,영통구청,2023-04-20 10:21,이의동 창룡대로298번길,주행형,2023-12-01,,,
2023,수원시,영통구청,2023-04-20 10:21,이의동 창룡대로298번길,주행형,2023-12-01,,,
2023,수원시,영통구청,2023-04-20 10:21,이의동 창룡대로298번길,주행형,2023-12-01,,,
2023,수원시,영통구청,2023-04-20 10:21,이의동 창룡대로298번길,주행형,2023-12-01,,,
2023,수원시,팔달구청,2023-04-20 11:42,고등동 수원초등학교 정문 좌측 사거리,고정형,2023-12-01,,,
2023,수원시,팔달구청,2023-04-20 12:00,화서1동 푸르지오자이 북문 CU 앞 횡단보도,고정형,2023-12-01,,,
2023,수원시,권선구청,2023-04-20 12:11,곡선동 휴먼푸드 인근,고정형,2023-12-01,,,
2023,수원시,팔달구청,2023-04-20 12:14,화서1동 수원역푸르지오자이 북문 우측,고정형,2023-12-01,,,
2023,수원시,영통구청,2023-04-20 12:56,원천동 삼성전자중문,고정형,2023-12-01,,,
2023,수원시,권선구청,2023-04-20 13:28,곡선동 휴먼푸드 인근,고정형,2023-12-01,,,
2023,수원시,권선구청,2023-04-20 13:34,평동 오현초교 정문 우측 사거리,고정형,2023-12-01,,,
2023,수원시,권선구청,2023-04-20 14:01,곡선동 휴먼푸드 인근,고정형,2023-12-01,,,
2023,수원시,팔달구청,2023-04-20 14:33,매산동 팅스몰 주차장 출구 옆,고정형,2023-12-01,,,
2023,수원시,권선구청,2023-04-20 14:34,서둔동 수원역한라비발디퍼스트 앞2,고정형,2023-12-01,,,
2023,수원시,팔달구청,2023-04-20 14:34,인계동 한국씨티은행,고정형,2023-12-01,,,
2023,수원시,팔달구청,2023-04-20 14:35,인계동 드림캐슬주상복합,고정형,2023-12-01,,,
2023,수원시,팔달구청,2023-04-20 14:41,행궁동 화홍사랑채,고정형,2023-12-01,,,
2023,수원시,팔달구청,2023-04-20 14:47,인계동 드림캐슬주상복합,고정형,2023-12-01,,,
2023,수원시,영통구청,2023-04-20 14:50,이의동 드림스퀘어Ⅱ 앞,고정형,2023-12-01,,,
2023,수원시,권선구청,2023-04-20 14:59,서둔동 수원역한라비발디퍼스트 앞2,고정형,2023-12-01,,,
2023,수원시,권선구청,2023-04-20 15:02,세류3동 신곡초교 후문 좌측 사거리,고정형,2023-12-01,,,
2023,수원시,팔달구청,2023-04-20 15:07,인계동 한국씨티은행,고정형,2023-12-01,,,
2023,수원시,팔달구청,2023-04-20 15:23,인계동 경인통계청,고정형,2023-12-01,,,
2023,수원시,권선구청,2023-04-20 15:24,평동 오현초교 정문 우측 사거리,고정형,2023-12-01,,,
2023,수원시,권선구청,2023-04-20 15:53,서둔동 가온팰리스옆2,고정형,2023-12-01,,,
2023,수원시,영통구청,2023-04-20 15:55,이의동 드림스퀘어Ⅱ 앞,고정형,2023-12-01,,,
2023,수원시,영통구청,2023-04-20 15:57,망포동 E-마트 에브리데이 앞,고정형,2023-12-01,37.2361017468141,127.060345496536,
2023,수원시,영통구청,2023-04-20 16:08,이의동 드림스퀘어Ⅱ 앞,고정형,2023-12-01,,,
2023,수원시,팔달구청,2023-04-20 16:11,매산동 팅스몰 주차장 출구 옆,고정형,2023-12-01,,,
2023,수원시,팔달구청,2023-04-20 16:12,행궁동 화홍사랑채,고정형,2023-12-01,,,
2023,수원시,팔달구청,2023-04-20 16:23,매산동 팅스몰 주차장 출구 옆,고정형,2023-12-01,,,
2023,수원시,팔달구청,2023-04-20 17:03,매산동 역전농협,고정형,2023-12-01,,,
2023,수원시,팔달구청,2023-04-20 17:06,화서1동 푸르지오자이 북문 CU 앞 횡단보도,고정형,2023-12-01,,,
2023,수원시,영통구청,2023-04-20 17:15,망포동 E-마트 에브리데이 앞,고정형,2023-12-01,37.2361017468141,127.060345496536,
2023,수원시,권선구청,2023-04-20 17:21,입북동 당수초교 정문 우측 사거리,고정형,2023-12-01,,,
2023,수원시,권선구청,2023-04-20 17:24,세류3동 신곡초교 후문 좌측 사거리,고정형,2023-12-01,,,
2023,수원시,팔달구청,2023-04-20 17:29,인계동 드림캐슬주상복합,고정형,2023-12-01,,,
2023,수원시,영통구청,2023-04-20 17:32,원천동 삼성전자중문,고정형,2023-12-01,,,
2023,수원시,팔달구청,2023-04-20 17:32,북수동 쌈지공원 앞,고정형,2023-12-01,,,
2023,수원시,팔달구청,2023-04-20 17:49,매산동 팔달로 10번길 8,고정형,2023-12-01,,,
2023,수원시,영통구청,2023-04-20 17:53,망포동 힐스테이트 119동 ~방죽공원 삼거리,고정형,2023-12-01,,,
2023,수원시,팔달구청,2023-04-20 17:59,고등동 수원초등학교 정문 좌측 사거리,고정형,2023-12-01,,,
2023,수원시,팔달구청,2023-04-20 18:42,매산동 팔달로 10번길 8,고정형,2023-12-01,,,
2023,수원시,팔달구청,2023-04-20 18:51,매산동 팅스몰 주차장 출구 옆,고정형,2023-12-01,,,
2023,수원시,팔달구청,2023-04-20 18:55,화서1동 수원역푸르지오자이 북문 우측,고정형,2023-12-01,,,
2023,수원시,영통구청,2023-04-20 18:56,하동 광교호반마을한양수자인,고정형,2023-12-01,,,
2023,수원시,팔달구청,2023-04-20 19:00,매산동 팅스몰 주차장 출구 옆,고정형,2023-12-01,,,
2023,수원시,팔달구청,2023-04-20 19:10,인계동 드림캐슬주상복합,고정형,2023-12-01,,,
2023,수원시,팔달구청,2023-04-20 19:11,인계동 드림캐슬주상복합,고정형,2023-12-01,,,
2023,수원시,팔달구청,2023-04-20 19:15,인계동 드림캐슬주상복합,고정형,2023-12-01,,,
2023,수원시,팔달구청,2023-04-20 19:35,매산동 팅스몰 주차장 출구 옆,고정형,2023-12-01,,,
2023,수원시,영통구청,2023-04-20 19:38,망포동 E-마트 에브리데이 앞,고정형,2023-12-01,37.2361017468141,127.060345496536,
2023,수원시,팔달구청,2023-04-20 20:18,매산동 팅스몰 주차장 출구 옆,고정형,2023-12-01,,,
2023,수원시,팔달구청,2023-04-20 20:20,인계동 드림캐슬주상복합,고정형,2023-12-01,,,
2023,수원시,팔달구청,2023-04-20 20:50,매산동 역전농협,고정형,2023-12-01,,,
2023,수원시,팔달구청,2023-04-20 20:50,매산동 역전농협,고정형,2023-12-01,,,
2023,수원시,권선구청,2023-04-21 5:49,곡반정동 562-2,국민신문고,2023-12-01,,,
2023,수원시,권선구청,2023-04-21 5:51,곡반정동 562-2,국민신문고,2023-12-01,,,
2023,수원시,영통구청,2023-04-21 7:03,망포동 방죽공원 교차 삼거리,고정형,2023-12-01,,,
2023,수원시,팔달구청,2023-04-21 7:54,매산동 팅스몰 주차장 출구 옆,고정형,2023-12-01,,,
2023,수원시,권선구청,2023-04-21 8:02,곡반정동 하나로마트한국빌딩앞,고정형,2023-12-01,,,
2023,수원시,권선구청,2023-04-21 8:02,곡반정동 하나로마트한국빌딩앞,고정형,2023-12-01,,,
2023,수원시,권선구청,2023-04-21 8:05,서둔동 가온팰리스옆2,고정형,2023-12-01,,,
2023,수원시,권선구청,2023-04-21 8:05,서둔동 가온팰리스옆2,고정형,2023-12-01,,,
2023,수원시,권선구청,2023-04-21 8:05,서둔동 가온팰리스옆2,고정형,2023-12-01,,,
2023,수원시,팔달구청,2023-04-21 8:37,북수동 쌈지공원 앞,고정형,2023-12-01,,,
2023,수원시,권선구청,2023-04-21 8:38,서둔동 가온팰리스옆2,고정형,2023-12-01,,,
2023,수원시,권선구청,2023-04-21 8:48,곡반정동 하나로마트한국빌딩앞,고정형,2023-12-01,,,
2023,수원시,영통구청,2023-04-21 9:11,광교동 광교 덴티움지식산업센터 앞 사거리,고정형,2023-12-01,,,
2023,수원시,팔달구청,2023-04-21 9:16,매산동 팔달로 10번길 8,고정형,2023-12-01,,,
2023,수원시,영통구청,2023-04-21 9:22,이의동 드림스퀘어Ⅱ 앞,고정형,2023-12-01,,,
2023,수원시,팔달구청,2023-04-21 9:22,매산동 팔달로 10번길 8,고정형,2023-12-01,,,
2023,수원시,권선구청,2023-04-21 9:30,권선2동 곡정초교 정문 좌측 사거리,고정형,2023-12-01,,,
2023,수원시,팔달구청,2023-04-21 9:34,매산동 팅스몰 주차장 출구 옆,고정형,2023-12-01,,,
2023,수원시,권선구청,2023-04-21 9:38,서둔동 가온팰리스옆2,고정형,2023-12-01,,,
2023,수원시,권선구청,2023-04-21 9:53,서둔동 수원역한라비발디퍼스트 앞1,고정형,2023-12-01,,,
2023,수원시,영통구청,2023-04-21 10:31,반월동 봉영로,주행형,2023-12-01,,,
2023,수원시,팔달구청,2023-04-21 10:34,고등동 수원초등학교 정문 좌측 사거리,고정형,2023-12-01,,,
2023,수원시,팔달구청,2023-04-21 10:38,인계동 드림캐슬주상복합,고정형,2023-12-01,,,
2023,수원시,영통구청,2023-04-21 10:42,광교동 광교더사랑교회뒷길,고정형,2023-12-01,,,
2023,수원시,영통구청,2023-04-21 12:44,망포동 E-마트 에브리데이 앞,고정형,2023-12-01,37.2361017468141,127.060345496536,
2023,수원시,팔달구청,2023-04-21 12:52,매산동 역전농협,고정형,2023-12-01,,,
2023,수원시,팔달구청,2023-04-21 13:04,화서1동 수원역푸르지오자이 북문 우측,고정형,2023-12-01,,,
2023,수원시,팔달구청,2023-04-21 14:23,화서1동 수원역푸르지오자이 북문 우측,고정형,2023-12-01,,,
2023,수원시,팔달구청,2023-04-21 14:23,남수동 남수동 창룡대로8번길,주행형,2023-12-01,,,
2023,수원시,팔달구청,2023-04-21 14:28,영동 영동 수원천로275,주행형,2023-12-01,,,
2023,수원시,팔달구청,2023-04-21 14:28,팔달로2가 팔달로2가 정조로796번길,주행형,2023-12-01,,,
2023,수원시,팔달구청,2023-04-21 14:29,영동 영동 수원천로275,주행형,2023-12-01,,,
2023,수원시,팔달구청,2023-04-21 14:29,영동 영동 수원천로275,주행형,2023-12-01,,,
2023,수원시,팔달구청,2023-04-21 14:33,인계동 경인통계청,고정형,2023-12-01,,,
2023,수원시,영통구청,2023-04-21 14:34,이의동 에듀타운로 43,주행형,2023-12-01,,,
2023,수원시,영통구청,2023-04-21 14:34,이의동 에듀타운로 43,주행형,2023-12-01,,,
2023,수원시,팔달구청,2023-04-21 14:34,인계동 화홍사랑채,고정형,2023-12-01,,,
2023,수원시,팔달구청,2023-04-21 14:35,인계동 드림캐슬주상복합,고정형,2023-12-01,,,
2023,수원시,팔달구청,2023-04-21 14:35,인계동 드림캐슬주상복합,고정형,2023-12-01,,,
2023,수원시,영통구청,2023-04-21 14:35,이의동 드림스퀘어Ⅱ 앞,고정형,2023-12-01,,,
2023,수원시,영통구청,2023-04-21 14:37,이의동 드림스퀘어Ⅱ 앞,고정형,2023-12-01,,,
2023,수원시,팔달구청,2023-04-21 14:40,인계동 경인통계청,고정형,2023-12-01,,,
2023,수원시,권선구청,2023-04-21 15:00,곡반정동 하나로마트한국빌딩앞,고정형,2023-12-01,,,
2023,수원시,팔달구청,2023-04-21 15:02,행궁동 화홍사랑채,고정형,2023-12-01,,,
2023,수원시,팔달구청,2023-04-21 15:04,화서1동 수원역푸르지오자이 북문 우측,고정형,2023-12-01,,,
2023,수원시,팔달구청,2023-04-21 15:10,인계동 드림캐슬주상복합,고정형,2023-12-01,,,
2023,수원시,팔달구청,2023-04-21 15:31,매산동 팔달로 10번길 8,고정형,2023-12-01,,,
2023,수원시,영통구청,2023-04-21 15:36,망포동 힐스테이트 119동 ~방죽공원 삼거리,고정형,2023-12-01,,,
2023,수원시,팔달구청,2023-04-21 16:24,인계동 드림캐슬주상복합,고정형,2023-12-01,,,
2023,수원시,팔달구청,2023-04-21 16:30,화서1동 수원역푸르지오자이 북문 우측,고정형,2023-12-01,,,
2023,수원시,팔달구청,2023-04-21 16:30,행궁동 화홍사랑채,고정형,2023-12-01,,,
2023,수원시,팔달구청,2023-04-21 16:43,인계동 한국씨티은행,고정형,2023-12-01,,,
2023,수원시,권선구청,2023-04-21 17:20,입북동 당수초교 정문 우측 사거리,고정형,2023-12-01,,,
2023,수원시,권선구청,2023-04-21 17:25,서둔동 가온팰리스옆2,고정형,2023-12-01,,,
2023,수원시,팔달구청,2023-04-21 17:26,매교동 매교동 122-38 소화전,국민신문고,2023-12-01,,,
2023,수원시,팔달구청,2023-04-21 17:26,매교동 매교동 122-38 소화전,국민신문고,2023-12-01,,,
2023,수원시,팔달구청,2023-04-21 17:28,매산동 팅스몰 주차장 출구 옆,고정형,2023-12-01,,,
2023,수원시,권선구청,2023-04-21 17:49,입북동 당수초교 정문 우측 사거리,고정형,2023-12-01,,,
2023,수원시,영통구청,2023-04-21 18:37,광교동 광교더사랑교회뒷길,고정형,2023-12-01,,,
2023,수원시,팔달구청,2023-04-21 18:42,매산동 팅스몰 주차장 출구 옆,고정형,2023-12-01,,,
2023,수원시,팔달구청,2023-04-21 18:53,화서1동 푸르지오자이 북문 CU 앞 횡단보도,고정형,2023-12-01,,,
2023,수원시,팔달구청,2023-04-21 19:04,매산동 팅스몰 주차장 출구 옆,고정형,2023-12-01,,,
2023,수원시,팔달구청,2023-04-21 19:04,매산동 팅스몰 주차장 출구 옆,고정형,2023-12-01,,,
2023,수원시,팔달구청,2023-04-21 19:08,인계동 드림캐슬주상복합,고정형,2023-12-01,,,
2023,수원시,팔달구청,2023-04-21 19:08,인계동 드림캐슬주상복합,고정형,2023-12-01,,,
2023,수원시,팔달구청,2023-04-21 19:20,인계동 드림캐슬주상복합,고정형,2023-12-01,,,
2023,수원시,영통구청,2023-04-21 19:26,광교동 광교웰빙타운한양수자인,고정형,2023-12-01,,,
2023,수원시,영통구청,2023-04-21 19:34,영통동 마사회뒷길,고정형,2023-12-01,,,
2023,수원시,팔달구청,2023-04-21 20:15,매산동 팅스몰 주차장 출구 옆,고정형,2023-12-01,,,
2023,수원시,영통구청,2023-04-21 20:15,이의동 부함식당 앞,고정형,2023-12-01,,,
2023,수원시,영통구청,2023-04-21 20:29,영통동 롯데마트 뒤,고정형,2023-12-01,37.27220279535416,127.10856729001851,
2023,수원시,팔달구청,2023-04-21 20:58,인계동 드림캐슬주상복합,고정형,2023-12-01,,,
2023,수원시,팔달구청,2023-04-21 20:59,인계동 드림캐슬주상복합,고정형,2023-12-01,,,
2023,수원시,권선구청,2023-04-21 22:57,곡반정동 105-9,국민신문고,2023-12-01,,,
2023,수원시,권선구청,2023-04-21 22:57,곡반정동 105-9,국민신문고,2023-12-01,,,
2023,수원시,권선구청,2023-04-22 2:50,오목천동 527-5,국민신문고,2023-12-01,,,
2023,수원시,팔달구청,2023-04-22 9:02,매산동 팅스몰 주차장 출구 옆,고정형,2023-12-01,,,
2023,수원시,팔달구청,2023-04-22 9:02,매산동 팔달로 10번길 8,고정형,2023-12-01,,,
2023,수원시,권선구청,2023-04-22 9:03,서둔동 가온팰리스옆2,고정형,2023-12-01,,,
2023,수원시,권선구청,2023-04-22 9:03,곡반정동 하나로마트한국빌딩앞,고정형,2023-12-01,,,
2023,수원시,권선구청,2023-04-22 9:03,곡반정동 궁촌육교앞,고정형,2023-12-01,,,
2023,수원시,팔달구청,2023-04-22 9:04,인계동 경인통계청,고정형,2023-12-01,,,
2023,수원시,팔달구청,2023-04-22 9:04,인계동 경인통계청,고정형,2023-12-01,,,
2023,수원시,팔달구청,2023-04-22 9:06,매산동 팅스몰 주차장 출구 옆,고정형,2023-12-01,,,
2023,수원시,권선구청,2023-04-22 9:12,서둔동 수원역한라비발디퍼스트 앞1,고정형,2023-12-01,,,
2023,수원시,권선구청,2023-04-22 9:19,곡반정동 하나로마트한국빌딩앞,고정형,2023-12-01,,,
2023,수원시,권선구청,2023-04-22 9:19,곡반정동 하나로마트한국빌딩앞,고정형,2023-12-01,,,
2023,수원시,팔달구청,2023-04-22 9:21,매산동 팅스몰 주차장 출구 옆,고정형,2023-12-01,,,
2023,수원시,팔달구청,2023-04-22 9:21,매산동 팅스몰 주차장 출구 옆,고정형,2023-12-01,,,
2023,수원시,권선구청,2023-04-22 9:26,서둔동 가온팰리스옆2,고정형,2023-12-01,,,
2023,수원시,팔달구청,2023-04-22 9:28,매산동 팅스몰 주차장 출구 옆,고정형,2023-12-01,,,
2023,수원시,팔달구청,2023-04-22 9:34,매산동 팅스몰 주차장 출구 옆,고정형,2023-12-01,,,
2023,수원시,권선구청,2023-04-22 9:41,서둔동 가온팰리스옆2,고정형,2023-12-01,,,
2023,수원시,권선구청,2023-04-22 9:45,곡반정동 하나로마트한국빌딩앞,고정형,2023-12-01,,,
2023,수원시,팔달구청,2023-04-22 9:50,인계동 드림캐슬주상복합,고정형,2023-12-01,,,
2023,수원시,팔달구청,2023-04-22 10:26,화서1동 수원역푸르지오자이 북문 우측,고정형,2023-12-01,,,
2023,수원시,권선구청,2023-04-22 10:29,서둔동 가온팰리스옆1,고정형,2023-12-01,,,
2023,수원시,권선구청,2023-04-22 10:38,곡반정동 하나로마트한국빌딩앞,고정형,2023-12-01,,,
2023,수원시,팔달구청,2023-04-22 11:16,화서1동 푸르지오자이 북문 CU 앞 횡단보도,고정형,2023-12-01,,,
2023,수원시,영통구청,2023-04-22 12:08,하동 광교호반마을한양수자인,고정형,2023-12-01,,,
2023,수원시,영통구청,2023-04-22 12:23,망포동 힐스테이트 119동 ~방죽공원 삼거리,고정형,2023-12-01,,,
2023,수원시,영통구청,2023-04-22 12:29,망포동 힐스테이트 119동 ~방죽공원 삼거리,고정형,2023-12-01,,,
2023,수원시,팔달구청,2023-04-22 12:44,화서1동 수원역푸르지오자이 북문 우측,고정형,2023-12-01,,,
2023,수원시,영통구청,2023-04-22 13:00,망포동 힐스테이트 119동 ~방죽공원 삼거리,고정형,2023-12-01,,,
2023,수원시,팔달구청,2023-04-22 13:04,화서1동 푸르지오자이 북문 CU 앞 횡단보도,고정형,2023-12-01,,,
2023,수원시,팔달구청,2023-04-22 13:23,행궁동 팔달문 버스정류장,고정형,2023-12-01,,,
2023,수원시,권선구청,2023-04-22 13:23,고색동 도이치 고객주차장 출입구,고정형,2023-12-01,,,
2023,수원시,권선구청,2023-04-22 14:33,서둔동 수원역한라비발디퍼스트 앞1,고정형,2023-12-01,,,
2023,수원시,권선구청,2023-04-22 14:33,서둔동 수원역한라비발디퍼스트 앞2,고정형,2023-12-01,,,
2023,수원시,팔달구청,2023-04-22 14:34,매산동 팔달로 10번길 8,고정형,2023-12-01,,,
2023,수원시,팔달구청,2023-04-22 14:34,인계동 경인통계청,고정형,2023-12-01,,,
2023,수원시,팔달구청,2023-04-22 14:34,인계동 경인통계청,고정형,2023-12-01,,,
2023,수원시,팔달구청,2023-04-22 14:34,매산동 팅스몰 주차장 출구 옆,고정형,2023-12-01,,,
2023,수원시,팔달구청,2023-04-22 14:34,매산동 팔달로 10번길 8,고정형,2023-12-01,,,
2023,수원시,팔달구청,2023-04-22 14:35,인계동 드림캐슬주상복합,고정형,2023-12-01,,,
2023,수원시,권선구청,2023-04-22 14:44,오목천동 한화꿈에그린아파트 209동앞,고정형,2023-12-01,,,
2023,수원시,영통구청,2023-04-22 14:54,하동 352.75,주행형,2023-12-01,,,
2023,수원시,영통구청,2023-04-22 14:54,하동 359.33,주행형,2023-12-01,,,
2023,수원시,팔달구청,2023-04-22 15:03,인계동 경인통계청,고정형,2023-12-01,,,
2023,수원시,팔달구청,2023-04-22 15:05,인계동 드림캐슬주상복합,고정형,2023-12-01,,,
2023,수원시,팔달구청,2023-04-22 15:06,인계동 경인통계청,고정형,2023-12-01,,,
2023,수원시,영통구청,2023-04-22 15:08,이의동 드림스퀘어Ⅱ 앞,고정형,2023-12-01,,,
2023,수원시,팔달구청,2023-04-22 15:09,화서1동 수원역푸르지오자이 북문 우측,고정형,2023-12-01,,,
2023,수원시,팔달구청,2023-04-22 15:11,매산동 팅스몰 주차장 출구 옆,고정형,2023-12-01,,,
2023,수원시,팔달구청,2023-04-22 15:11,매산동 팅스몰 주차장 출구 옆,고정형,2023-12-01,,,
2023,수원시,팔달구청,2023-04-22 15:14,인계동 경인통계청,고정형,2023-12-01,,,
2023,수원시,팔달구청,2023-04-22 15:16,매향동 매향동 창룡대로 86,주행형,2023-12-01,,,
2023,수원시,영통구청,2023-04-22 15:22,광교동 광교더사랑교회뒷길,고정형,2023-12-01,,,
2023,수원시,팔달구청,2023-04-22 15:32,매산동 팅스몰 주차장 출구 옆,고정형,2023-12-01,,,
2023,수원시,권선구청,2023-04-22 15:33,서둔동 가온팰리스옆2,고정형,2023-12-01,,,
2023,수원시,팔달구청,2023-04-22 15:34,인계동 경인통계청,고정형,2023-12-01,,,
2023,수원시,권선구청,2023-04-22 15:39,서둔동 가온팰리스옆2,고정형,2023-12-01,,,
2023,수원시,영통구청,2023-04-22 15:41,영통동 보보스스포츠센터앞,고정형,2023-12-01,,,
2023,수원시,권선구청,2023-04-22 15:43,서둔동 가온팰리스옆2,고정형,2023-12-01,,,
2023,수원시,영통구청,2023-04-22 15:46,영통동 롯데마트 뒤,고정형,2023-12-01,37.27220279535416,127.10856729001851,
2023,수원시,팔달구청,2023-04-22 15:48,북수동 쌈지공원 앞,고정형,2023-12-01,,,
2023,수원시,팔달구청,2023-04-22 15:54,인계동 경인통계청,고정형,2023-12-01,,,
2023,수원시,팔달구청,2023-04-22 15:56,화서1동 수원역푸르지오자이 북문 우측,고정형,2023-12-01,,,
2023,수원시,영통구청,2023-04-22 16:01,영통동 롯데마트 뒤,고정형,2023-12-01,37.27220279535416,127.10856729001851,
2023,수원시,팔달구청,2023-04-22 16:06,인계동 한국씨티은행,고정형,2023-12-01,,,
2023,수원시,권선구청,2023-04-22 16:09,서둔동 롯데몰9번출구앞주변,고정형,2023-12-01,,,
2023,수원시,영통구청,2023-04-22 16:11,영통동 롯데마트 뒤,고정형,2023-12-01,37.27220279535416,127.10856729001851,
2023,수원시,권선구청,2023-04-22 16:23,서둔동 가온팰리스옆2,고정형,2023-12-01,,,
2023,수원시,영통구청,2023-04-22 16:32,경기도수원시영통구영통동 수원시 영통구 영통동 1057,보행,2023-12-01,,,
2023,수원시,권선구청,2023-04-22 16:41,서둔동 가온팰리스옆2,고정형,2023-12-01,,,
2023,수원시,팔달구청,2023-04-22 16:44,화서1동 수원역푸르지오자이 북문 우측,고정형,2023-12-01,,,
2023,수원시,권선구청,2023-04-22 16:45,곡반정동 하나로마트한국빌딩앞,고정형,2023-12-01,,,
2023,수원시,권선구청,2023-04-22 17:03,오목천동 한화꿈에그린아파트 209동앞,고정형,2023-12-01,,,
2023,수원시,영통구청,2023-04-22 17:11,영통동 롯데마트 뒤,고정형,2023-12-01,37.27220279535416,127.10856729001851,
2023,수원시,팔달구청,2023-04-22 17:11,매산동 팅스몰 주차장 출구 옆,고정형,2023-12-01,,,
2023,수원시,팔달구청,2023-04-22 17:12,화서1동 수원역푸르지오자이 북문 우측,고정형,2023-12-01,,,
2023,수원시,팔달구청,2023-04-22 17:24,인계동 드림캐슬주상복합,고정형,2023-12-01,,,
2023,수원시,팔달구청,2023-04-22 17:30,매산동 팅스몰 주차장 출구 옆,고정형,2023-12-01,,,
2023,수원시,권선구청,2023-04-22 17:31,곡반정동 하나로마트한국빌딩앞,고정형,2023-12-01,,,
2023,수원시,팔달구청,2023-04-22 17:32,인계동 한국씨티은행,고정형,2023-12-01,,,
2023,수원시,팔달구청,2023-04-22 17:45,인계동 경인통계청,고정형,2023-12-01,,,
2023,수원시,팔달구청,2023-04-22 17:45,인계동 경인통계청,고정형,2023-12-01,,,
2023,수원시,팔달구청,2023-04-22 18:14,매산동 팅스몰 주차장 출구 옆,고정형,2023-12-01,,,
2023,수원시,팔달구청,2023-04-22 18:25,행궁동 팔달문 버스정류장,고정형,2023-12-01,,,
2023,수원시,팔달구청,2023-04-22 18:28,매산동 역전농협,고정형,2023-12-01,,,
2023,수원시,팔달구청,2023-04-22 18:28,매산동 역전농협,고정형,2023-12-01,,,
2023,수원시,팔달구청,2023-04-22 18:51,인계동 드림캐슬주상복합,고정형,2023-12-01,,,
2023,수원시,팔달구청,2023-04-22 18:51,인계동 드림캐슬주상복합,고정형,2023-12-01,,,
2023,수원시,팔달구청,2023-04-22 18:59,매산동 팅스몰 주차장 출구 옆,고정형,2023-12-01,,,
2023,수원시,팔달구청,2023-04-22 19:00,화서1동 수원역푸르지오자이 북문 우측,고정형,2023-12-01,,,
2023,수원시,팔달구청,2023-04-22 19:19,화서1동 푸르지오자이 북문 CU 앞 횡단보도,고정형,2023-12-01,,,
2023,수원시,팔달구청,2023-04-22 19:19,화서1동 푸르지오자이 북문 CU 앞 횡단보도,고정형,2023-12-01,,,
2023,수원시,팔달구청,2023-04-22 19:22,매산동 팅스몰 주차장 출구 옆,고정형,2023-12-01,,,
2023,수원시,팔달구청,2023-04-22 19:39,매산동 팔달로 10번길 8,고정형,2023-12-01,,,
2023,수원시,팔달구청,2023-04-22 20:06,인계동 드림캐슬주상복합,고정형,2023-12-01,,,
2023,수원시,팔달구청,2023-04-22 20:20,매산동 역전농협,고정형,2023-12-01,,,
2023,수원시,팔달구청,2023-04-22 20:24,인계동 드림캐슬주상복합,고정형,2023-12-01,,,
2023,수원시,팔달구청,2023-04-22 20:25,인계동 드림캐슬주상복합,고정형,2023-12-01,,,
2023,수원시,팔달구청,2023-04-22 20:26,매산동 팅스몰 주차장 출구 옆,고정형,2023-12-01,,,
2023,수원시,권선구청,2023-04-23 2:00,곡반정동 562-2,국민신문고,2023-12-01,,,
2023,수원시,팔달구청,2023-04-23 9:02,인계동 경인통계청,고정형,2023-12-01,,,
2023,수원시,팔달구청,2023-04-23 9:03,매산동 팅스몰 주차장 출구 옆,고정형,2023-12-01,,,
2023,수원시,권선구청,2023-04-23 9:03,서둔동 가온팰리스옆2,고정형,2023-12-01,,,
2023,수원시,팔달구청,2023-04-23 9:03,매산동 팔달로 10번길 8,고정형,2023-12-01,,,
2023,수원시,권선구청,2023-04-23 9:03,곡반정동 궁촌육교앞,고정형,2023-12-01,,,
2023,수원시,권선구청,2023-04-23 9:04,서둔동 가온팰리스옆2,고정형,2023-12-01,,,
2023,수원시,팔달구청,2023-04-23 9:05,인계동 드림캐슬주상복합,고정형,2023-12-01,,,
2023,수원시,팔달구청,2023-04-23 9:05,인계동 한국씨티은행,고정형,2023-12-01,,,
2023,수원시,권선구청,2023-04-23 9:05,오목천동 한화꿈에그린아파트 214동앞,고정형,2023-12-01,,,
2023,수원시,팔달구청,2023-04-23 9:05,매산동 팅스몰 주차장 출구 옆,고정형,2023-12-01,,,
2023,수원시,팔달구청,2023-04-23 9:07,매산동 팅스몰 주차장 출구 옆,고정형,2023-12-01,,,
2023,수원시,팔달구청,2023-04-23 9:07,매산동 팅스몰 주차장 출구 옆,고정형,2023-12-01,,,
2023,수원시,팔달구청,2023-04-23 9:09,인계동 경인통계청,고정형,2023-12-01,,,
2023,수원시,팔달구청,2023-04-23 9:11,화서1동 푸르지오자이 북문 CU 앞 횡단보도,고정형,2023-12-01,,,
2023,수원시,권선구청,2023-04-23 9:26,곡반정동 궁촌육교앞,고정형,2023-12-01,,,
2023,수원시,권선구청,2023-04-23 9:29,곡반정동 하나로마트한국빌딩앞,고정형,2023-12-01,,,
2023,수원시,권선구청,2023-04-23 9:32,권선동 권선동 한라비발디앞 놀이터,고정형,2023-12-01,,,
2023,수원시,권선구청,2023-04-23 9:34,서둔동 수원역한라비발디퍼스트 앞1,고정형,2023-12-01,,,
2023,수원시,팔달구청,2023-04-23 9:35,매산동 팅스몰 주차장 출구 옆,고정형,2023-12-01,,,
2023,수원시,팔달구청,2023-04-23 9:36,매산동 팅스몰 주차장 출구 옆,고정형,2023-12-01,,,
2023,수원시,팔달구청,2023-04-23 9:41,매산동 팅스몰 주차장 출구 옆,고정형,2023-12-01,,,
2023,수원시,권선구청,2023-04-23 9:52,곡반정동 하나로마트한국빌딩앞,고정형,2023-12-01,,,
2023,수원시,권선구청,2023-04-23 10:05,곡반정동 하나로마트한국빌딩앞,고정형,2023-12-01,,,
2023,수원시,팔달구청,2023-04-23 10:13,매산동 팅스몰 주차장 출구 옆,고정형,2023-12-01,,,
2023,수원시,팔달구청,2023-04-23 10:13,인계동 한국씨티은행,고정형,2023-12-01,,,
2023,수원시,권선구청,2023-04-23 10:25,서둔동 수원역한라비발디퍼스트 앞1,고정형,2023-12-01,,,
2023,수원시,팔달구청,2023-04-23 10:29,화서1동 수원역푸르지오자이 북문 우측,고정형,2023-12-01,,,
2023,수원시,권선구청,2023-04-23 10:30,곡반정동 하나로마트한국빌딩앞,고정형,2023-12-01,,,
2023,수원시,영통구청,2023-04-23 11:12,망포동 E-마트 에브리데이 앞,고정형,2023-12-01,37.2361017468141,127.060345496536,
2023,수원시,영통구청,2023-04-23 11:12,망포동 E-마트 에브리데이 앞,고정형,2023-12-01,37.2361017468141,127.060345496536,
2023,수원시,영통구청,2023-04-23 11:14,망포동 E-마트 에브리데이 앞,고정형,2023-12-01,37.2361017468141,127.060345496536,
2023,수원시,팔달구청,2023-04-23 11:41,화서1동 수원역푸르지오자이 북문 우측,고정형,2023-12-01,,,
2023,수원시,팔달구청,2023-04-23 11:46,화서1동 수원역푸르지오자이 북문 우측,고정형,2023-12-01,,,
2023,수원시,영통구청,2023-04-23 12:00,망포동 E-마트 에브리데이 앞,고정형,2023-12-01,37.2361017468141,127.060345496536,
2023,수원시,팔달구청,2023-04-23 12:01,화서1동 수원역푸르지오자이 북문 우측,고정형,2023-12-01,,,
2023,수원시,영통구청,2023-04-23 12:31,망포동 E-마트 에브리데이 앞,고정형,2023-12-01,37.2361017468141,127.060345496536,
2023,수원시,팔달구청,2023-04-23 13:01,화서1동 수원역푸르지오자이 북문 우측,고정형,2023-12-01,,,
2023,수원시,영통구청,2023-04-23 13:19,망포동 E-마트 에브리데이 앞,고정형,2023-12-01,37.2361017468141,127.060345496536,
2023,수원시,장안구청,2023-04-23 13:39,상광교동 광교버스정류장종점,고정형,2023-12-01,,,
2023,수원시,팔달구청,2023-04-23 14:13,영동 영동 팔달문로275,주행형,2023-12-01,,,
2023,수원시,팔달구청,2023-04-23 14:13,영동 영동 수원천로275,주행형,2023-12-01,,,
2023,수원시,영통구청,2023-04-23 14:13,망포동 E-마트 에브리데이 앞,고정형,2023-12-01,37.2361017468141,127.060345496536,
2023,수원시,팔달구청,2023-04-23 14:33,매산동 팅스몰 주차장 출구 옆,고정형,2023-12-01,,,
2023,수원시,팔달구청,2023-04-23 14:34,매산동 팔달로 10번길 8,고정형,2023-12-01,,,
2023,수원시,권선구청,2023-04-23 14:34,서둔동 수원역한라비발디퍼스트 앞1,고정형,2023-12-01,,,
2023,수원시,권선구청,2023-04-23 14:35,곡선동 권선중앙약국 건너편,고정형,2023-12-01,,,
2023,수원시,팔달구청,2023-04-23 14:43,매산동 팅스몰 주차장 출구 옆,고정형,2023-12-01,,,
2023,수원시,팔달구청,2023-04-23 14:44,매산동 팅스몰 주차장 출구 옆,고정형,2023-12-01,,,
2023,수원시,권선구청,2023-04-23 15:01,서둔동 가온팰리스옆2,고정형,2023-12-01,,,
2023,수원시,영통구청,2023-04-23 15:01,이의동 드림스퀘어Ⅱ 앞,고정형,2023-12-01,,,
2023,수원시,영통구청,2023-04-23 15:03,이의동 광교가재울마을사거리,고정형,2023-12-01,,,
2023,수원시,팔달구청,2023-04-23 15:07,인계동 드림캐슬주상복합,고정형,2023-12-01,,,
2023,수원시,팔달구청,2023-04-23 15:07,인계동 경인통계청,고정형,2023-12-01,,,
2023,수원시,팔달구청,2023-04-23 15:21,매산동 팅스몰 주차장 출구 옆,고정형,2023-12-01,,,
2023,수원시,팔달구청,2023-04-23 15:27,매산동 팅스몰 주차장 출구 옆,고정형,2023-12-01,,,
2023,수원시,팔달구청,2023-04-23 15:30,인계동 경인통계청,고정형,2023-12-01,,,
2023,수원시,팔달구청,2023-04-23 15:33,행궁동 화홍사랑채,고정형,2023-12-01,,,
2023,수원시,권선구청,2023-04-23 15:34,곡반정동 하나로마트한국빌딩앞,고정형,2023-12-01,,,
2023,수원시,영통구청,2023-04-23 15:40,이의동 광교가재울마을사거리,고정형,2023-12-01,,,
2023,수원시,권선구청,2023-04-23 15:45,서둔동 가온팰리스옆2,고정형,2023-12-01,,,
2023,수원시,팔달구청,2023-04-23 15:48,매산동 역전농협,고정형,2023-12-01,,,
2023,수원시,권선구청,2023-04-23 15:51,서둔동 수원역한라비발디퍼스트 앞1,고정형,2023-12-01,,,
2023,수원시,영통구청,2023-04-23 15:54,하동 광교호반마을한양수자인,고정형,2023-12-01,,,
2023,수원시,팔달구청,2023-04-23 16:00,인계동 드림캐슬주상복합,고정형,2023-12-01,,,
2023,수원시,팔달구청,2023-04-23 16:11,인계동 경인통계청,고정형,2023-12-01,,,
2023,수원시,팔달구청,2023-04-23 16:15,매산동 팅스몰 주차장 출구 옆,고정형,2023-12-01,,,
2023,수원시,팔달구청,2023-04-23 16:18,매산동 팔달로 10번길 8,고정형,2023-12-01,,,
2023,수원시,팔달구청,2023-04-23 17:03,행궁동 화홍사랑채,고정형,2023-12-01,,,
2023,수원시,권선구청,2023-04-23 17:08,권선동 권선동 한라비발디앞 놀이터,고정형,2023-12-01,,,
2023,수원시,팔달구청,2023-04-23 17:08,매산동 팅스몰 주차장 출구 옆,고정형,2023-12-01,,,
2023,수원시,팔달구청,2023-04-23 17:21,화서1동 수원역푸르지오자이 북문 우측,고정형,2023-12-01,,,
2023,수원시,팔달구청,2023-04-23 17:21,화서1동 수원역푸르지오자이 북문 우측,고정형,2023-12-01,,,
2023,수원시,권선구청,2023-04-23 17:21,권선동 61어0732,국민신문고,2023-12-01,,,
2023,수원시,권선구청,2023-04-23 17:26,곡반정동 하나로마트한국빌딩앞,고정형,2023-12-01,,,
2023,수원시,팔달구청,2023-04-23 17:31,인계동 경인통계청,고정형,2023-12-01,,,
2023,수원시,권선구청,2023-04-23 17:32,곡반정동 하나로마트한국빌딩앞,고정형,2023-12-01,,,
2023,수원시,팔달구청,2023-04-23 17:34,매산동 팅스몰 주차장 출구 옆,고정형,2023-12-01,,,
2023,수원시,권선구청,2023-04-23 17:59,오목천동 527-5,국민신문고,2023-12-01,,,
2023,수원시,팔달구청,2023-04-23 18:06,매산동 팅스몰 주차장 출구 옆,고정형,2023-12-01,,,
2023,수원시,권선구청,2023-04-23 18:25,곡반정동 913-4,국민신문고,2023-12-01,,,
2023,수원시,팔달구청,2023-04-23 18:40,화서1동 수원역푸르지오자이 북문 우측,고정형,2023-12-01,,,
2023,수원시,팔달구청,2023-04-23 20:06,인계동 드림캐슬주상복합,고정형,2023-12-01,,,
2023,수원시,팔달구청,2023-04-23 20:17,화서1동 푸르지오자이 북문 CU 앞 횡단보도,고정형,2023-12-01,,,
2023,수원시,팔달구청,2023-04-23 20:24,인계동 드림캐슬주상복합,고정형,2023-12-01,,,
2023,수원시,팔달구청,2023-04-23 22:05,매교동 매교동 114-89 횡단보도,주민신고제,2023-12-01,,,
2023,수원시,팔달구청,2023-04-23 22:06,매교동 매교동 114-89 횡단보도,국민신문고,2023-12-01,,,
2023,수원시,팔달구청,2023-04-23 22:08,매교동 매교동 114-89 횡단보도,국민신문고,2023-12-01,,,
2023,수원시,팔달구청,2023-04-23 22:08,매교동 매교동 120-12 교차로모퉁이,국민신문고,2023-12-01,,,
2023,수원시,팔달구청,2023-04-23 22:11,매교동 매교동 120-13 횡단보도,국민신문고,2023-12-01,,,
2023,수원시,팔달구청,2023-04-23 22:17,매교동 매교동 287-52 횡단보도,국민신문고,2023-12-01,,,
2023,수원시,권선구청,2023-04-24 5:56,곡반정동 562-2,국민신문고,2023-12-01,,,
2023,수원시,권선구청,2023-04-24 5:57,고색동 562-2,국민신문고,2023-12-01,,,
2023,수원시,권선구청,2023-04-24 6:00,곡반정동 562-2,국민신문고,2023-12-01,,,
2023,수원시,팔달구청,2023-04-24 7:04,화서1동 푸르지오자이 북문 CU 앞 횡단보도,고정형,2023-12-01,,,
2023,수원시,영통구청,2023-04-24 7:27,원천동 삼성전자중문,고정형,2023-12-01,,,
2023,수원시,팔달구청,2023-04-24 7:32,매산동 팅스몰 주차장 출구 옆,고정형,2023-12-01,,,
2023,수원시,팔달구청,2023-04-24 7:32,매산동 팅스몰 주차장 출구 옆,고정형,2023-12-01,,,
2023,수원시,팔달구청,2023-04-24 7:33,인계동 경인통계청,고정형,2023-12-01,,,
2023,수원시,팔달구청,2023-04-24 7:34,인계동 드림캐슬주상복합,고정형,2023-12-01,,,
2023,수원시,팔달구청,2023-04-24 7:34,매산동 팔달로 10번길 8,고정형,2023-12-01,,,
2023,수원시,팔달구청,2023-04-24 7:35,인계동 경인통계청,고정형,2023-12-01,,,
2023,수원시,팔달구청,2023-04-24 7:36,매산동 팅스몰 주차장 출구 옆,고정형,2023-12-01,,,
2023,수원시,팔달구청,2023-04-24 7:58,인계동 드림캐슬주상복합,고정형,2023-12-01,,,
2023,수원시,권선구청,2023-04-24 8:02,곡반정동 하나로마트한국빌딩앞,고정형,2023-12-01,,,
2023,수원시,권선구청,2023-04-24 8:02,곡반정동 하나로마트한국빌딩앞,고정형,2023-12-01,,,
2023,수원시,권선구청,2023-04-24 8:03,곡반정동 궁촌육교앞,고정형,2023-12-01,,,
2023,수원시,권선구청,2023-04-24 8:28,곡반정동 하나로마트한국빌딩앞,고정형,2023-12-01,,,
2023,수원시,영통구청,2023-04-24 8:45,망포동 E-마트 에브리데이 앞,고정형,2023-12-01,37.2361017468141,127.060345496536,
2023,수원시,권선구청,2023-04-24 8:53,곡반정동 하나로마트한국빌딩앞,고정형,2023-12-01,,,
2023,수원시,팔달구청,2023-04-24 8:56,인계동 경인통계청,고정형,2023-12-01,,,
2023,수원시,권선구청,2023-04-24 8:57,곡반정동 하나로마트한국빌딩앞,고정형,2023-12-01,,,
2023,수원시,권선구청,2023-04-24 9:20,서둔동 수원역한라비발디퍼스트 앞1,고정형,2023-12-01,,,
2023,수원시,팔달구청,2023-04-24 9:25,매산동 팔달로 10번길 8,고정형,2023-12-01,,,
2023,수원시,영통구청,2023-04-24 9:29,이의동 드림스퀘어Ⅱ 앞,고정형,2023-12-01,,,
2023,수원시,권선구청,2023-04-24 9:35,서둔동 가온팰리스옆2,고정형,2023-12-01,,,
2023,수원시,권선구청,2023-04-24 9:35,서둔동 가온팰리스옆2,고정형,2023-12-01,,,
2023,수원시,팔달구청,2023-04-24 9:37,매산동 팅스몰 주차장 출구 옆,고정형,2023-12-01,,,
2023,수원시,팔달구청,2023-04-24 9:37,-1 팅스몰 주차장 출구 옆,고정형,2023-12-01,,,
2023,수원시,팔달구청,2023-04-24 10:13,팔달로2가 팔달로2가 정조로796번길,주행형,2023-12-01,,,
2023,수원시,팔달구청,2023-04-24 10:13,팔달로2가 팔달로2가 정조로796번길,주행형,2023-12-01,,,
2023,수원시,권선구청,2023-04-24 10:24,서둔동 가온팰리스옆2,고정형,2023-12-01,,,
2023,수원시,영통구청,2023-04-24 10:25,이의동 창룡대로298번길,주행형,2023-12-01,,,
2023,수원시,권선구청,2023-04-24 10:42,입북동 당수초교 정문 우측 사거리,고정형,2023-12-01,,,
2023,수원시,팔달구청,2023-04-24 10:42,경기도수원시팔달구교동 수원시 팔달구 매교동 77-64,보행,2023-12-01,,,
2023,수원시,팔달구청,2023-04-24 10:42,경기도수원시팔달구교동 수원시 팔달구 매교동 77-64,보행,2023-12-01,,,
2023,수원시,영통구청,2023-04-24 10:46,반월동 봉영로,주행형,2023-12-01,,,
2023,수원시,권선구청,2023-04-24 11:37,곡선동 휴먼푸드 인근,고정형,2023-12-01,,,
2023,수원시,권선구청,2023-04-24 11:47,입북동 당수초교 정문 우측 사거리,고정형,2023-12-01,,,
2023,수원시,팔달구청,2023-04-24 13:04,고등동 수원초등학교 정문 좌측 사거리,고정형,2023-12-01,,,
2023,수원시,권선구청,2023-04-24 13:04,-1 마중공원 인근,고정형,2023-12-01,,,
2023,수원시,권선구청,2023-04-24 13:23,고색동 도이치 고객주차장 출입구,고정형,2023-12-01,,,
2023,수원시,팔달구청,2023-04-24 13:26,고등동 수원초등학교 정문 좌측 사거리,고정형,2023-12-01,,,
2023,수원시,팔달구청,2023-04-24 13:50,교동 수원향교 앞 팔달보건소 뒤,고정형,2023-12-01,,,
2023,수원시,팔달구청,2023-04-24 13:55,화서1동 수원역푸르지오자이 북문 우측,고정형,2023-12-01,,,
2023,수원시,영통구청,2023-04-24 14:02,망포동 E-마트 에브리데이 앞,고정형,2023-12-01,37.2361017468141,127.060345496536,
2023,수원시,팔달구청,2023-04-24 14:08,매산동 역전농협,고정형,2023-12-01,,,
2023,수원시,팔달구청,2023-04-24 14:08,매산동 역전농협,고정형,2023-12-01,,,
2023,수원시,팔달구청,2023-04-24 14:15,매산동 역전농협,고정형,2023-12-01,,,
2023,수원시,팔달구청,2023-04-24 14:15,매산동 역전농협,고정형,2023-12-01,,,
2023,수원시,팔달구청,2023-04-24 14:34,인계동 드림캐슬주상복합,고정형,2023-12-01,,,
2023,수원시,팔달구청,2023-04-24 14:36,매산동 팅스몰 주차장 출구 옆,고정형,2023-12-01,,,
2023,수원시,팔달구청,2023-04-24 14:43,인계동 드림캐슬주상복합,고정형,2023-12-01,,,
2023,수원시,팔달구청,2023-04-24 14:48,매산동 팔달로 10번길 8,고정형,2023-12-01,,,
2023,수원시,팔달구청,2023-04-24 14:53,매산동 팅스몰 주차장 출구 옆,고정형,2023-12-01,,,
2023,수원시,팔달구청,2023-04-24 14:53,매산동 팅스몰 주차장 출구 옆,고정형,2023-12-01,,,
2023,수원시,팔달구청,2023-04-24 14:53,신풍동 제일교회부설주차장 부근,고정형,2023-12-01,,,
2023,수원시,권선구청,2023-04-24 14:56,곡반정동 하나로마트한국빌딩앞,고정형,2023-12-01,,,
2023,수원시,권선구청,2023-04-24 14:58,서둔동 가온팰리스옆2,고정형,2023-12-01,,,
2023,수원시,팔달구청,2023-04-24 15:09,인계동 드림캐슬주상복합,고정형,2023-12-01,,,
2023,수원시,팔달구청,2023-04-24 15:11,장안동 장안동 화서문로17번길,주행형,2023-12-01,,,
2023,수원시,팔달구청,2023-04-24 15:12,장안동 장안동 화서문로17번길,주행형,2023-12-01,,,
2023,수원시,팔달구청,2023-04-24 15:12,장안동 장안동 화서문로17번길,주행형,2023-12-01,,,
2023,수원시,영통구청,2023-04-24 15:14,망포동 E-마트 에브리데이 앞,고정형,2023-12-01,37.2361017468141,127.060345496536,
2023,수원시,팔달구청,2023-04-24 15:17,장안동 장안동 화서문로,주행형,2023-12-01,,,
2023,수원시,영통구청,2023-04-24 15:25,이의동 드림스퀘어Ⅱ 앞,고정형,2023-12-01,,,
2023,수원시,팔달구청,2023-04-24 15:26,인계동 드림캐슬주상복합,고정형,2023-12-01,,,
2023,수원시,팔달구청,2023-04-24 15:31,매산동 팅스몰 주차장 출구 옆,고정형,2023-12-01,,,
2023,수원시,팔달구청,2023-04-24 15:50,고등동 수원초등학교 정문 좌측 사거리,고정형,2023-12-01,,,
2023,수원시,팔달구청,2023-04-24 15:59,인계동 드림캐슬주상복합,고정형,2023-12-01,,,
2023,수원시,권선구청,2023-04-24 16:10,평동 고현초교 정문 좌측 삼거리,고정형,2023-12-01,,,
2023,수원시,권선구청,2023-04-24 16:42,입북동 당수초교 정문 우측 사거리,고정형,2023-12-01,,,
2023,수원시,팔달구청,2023-04-24 16:47,인계동 드림캐슬주상복합,고정형,2023-12-01,,,
2023,수원시,권선구청,2023-04-24 16:57,세류3동 신곡초교 후문 좌측 사거리,고정형,2023-12-01,,,
2023,수원시,영통구청,2023-04-24 16:59,영통동 롯데마트 뒤,고정형,2023-12-01,37.27220279535416,127.10856729001851,
2023,수원시,팔달구청,2023-04-24 17:00,매산동 팅스몰 주차장 출구 옆,고정형,2023-12-01,,,
2023,수원시,권선구청,2023-04-24 17:36,서둔동 가온팰리스옆2,고정형,2023-12-01,,,
2023,수원시,팔달구청,2023-04-24 17:37,화서1동 푸르지오자이 북문 CU 앞 횡단보도,고정형,2023-12-01,,,
2023,수원시,팔달구청,2023-04-24 17:54,인계동 드림캐슬주상복합,고정형,2023-12-01,,,
2023,수원시,팔달구청,2023-04-24 18:02,매산동 팅스몰 주차장 출구 옆,고정형,2023-12-01,,,
2023,수원시,팔달구청,2023-04-24 18:10,인계동 드림캐슬주상복합,고정형,2023-12-01,,,
2023,수원시,팔달구청,2023-04-24 18:39,매산동 팅스몰 주차장 출구 옆,고정형,2023-12-01,,,
2023,수원시,영통구청,2023-04-24 18:58,경기도수원시영통구영통동 수원시 영통구 영통동 1057,보행,2023-12-01,,,
2023,수원시,팔달구청,2023-04-24 19:25,화서1동 수원역푸르지오자이 북문 우측,고정형,2023-12-01,,,
2023,수원시,팔달구청,2023-04-24 19:47,인계동 드림캐슬주상복합,고정형,2023-12-01,,,
2023,수원시,팔달구청,2023-04-24 19:48,인계동 드림캐슬주상복합,고정형,2023-12-01,,,
2023,수원시,영통구청,2023-04-24 19:53,영통동 롯데마트 뒤,고정형,2023-12-01,37.27220279535416,127.10856729001851,
2023,수원시,팔달구청,2023-04-24 20:19,인계동 드림캐슬주상복합,고정형,2023-12-01,,,
2023,수원시,팔달구청,2023-04-24 20:25,매산동 팅스몰 주차장 출구 옆,고정형,2023-12-01,,,
2023,수원시,팔달구청,2023-04-24 20:30,인계동 드림캐슬주상복합,고정형,2023-12-01,,,
2023,수원시,팔달구청,2023-04-24 21:30,매교동 매교동 120-12 소화전,국민신문고,2023-12-01,,,
2023,수원시,팔달구청,2023-04-24 21:30,매교동 매교동 120-12 소화전,국민신문고,2023-12-01,,,
2023,수원시,팔달구청,2023-04-24 21:32,매교동 매교동 122-38 소화전,국민신문고,2023-12-01,,,
2023,수원시,권선구청,2023-04-25 5:52,곡반정동 562-2,국민신문고,2023-12-01,,,
2023,수원시,권선구청,2023-04-25 5:54,곡반정동 562-2,국민신문고,2023-12-01,,,
2023,수원시,팔달구청,2023-04-25 7:04,화서1동 푸르지오자이 북문 CU 앞 횡단보도,고정형,2023-12-01,,,
2023,수원시,팔달구청,2023-04-25 7:08,화서1동 푸르지오자이 북문 CU 앞 횡단보도,고정형,2023-12-01,,,
2023,수원시,팔달구청,2023-04-25 7:32,인계동 드림캐슬주상복합,고정형,2023-12-01,,,
2023,수원시,팔달구청,2023-04-25 7:36,인계동 드림캐슬주상복합,고정형,2023-12-01,,,
2023,수원시,권선구청,2023-04-25 8:03,서둔동 수원역한라비발디퍼스트 앞1,고정형,2023-12-01,,,
2023,수원시,권선구청,2023-04-25 8:03,곡반정동 하나로마트한국빌딩앞,고정형,2023-12-01,,,
2023,수원시,권선구청,2023-04-25 8:03,곡반정동 하나로마트한국빌딩앞,고정형,2023-12-01,,,
2023,수원시,권선구청,2023-04-25 8:12,곡선동 권선중앙약국 건너편,고정형,2023-12-01,,,
2023,수원시,팔달구청,2023-04-25 8:19,인계동 경인통계청,고정형,2023-12-01,,,
2023,수원시,권선구청,2023-04-25 8:24,서둔동 가온팰리스옆2,고정형,2023-12-01,,,
2023,수원시,팔달구청,2023-04-25 8:35,화서1동 화서초등학교 둘레길 중간지점,고정형,2023-12-01,,,
2023,수원시,팔달구청,2023-04-25 8:42,인계동 드림캐슬주상복합,고정형,2023-12-01,,,
2023,수원시,팔달구청,2023-04-25 8:45,매산동 팅스몰 주차장 출구 옆,고정형,2023-12-01,,,
2023,수원시,장안구청,2023-04-25 9:32,정자3동 정자동 오일뱅크,고정형,2023-12-01,,,
2023,수원시,권선구청,2023-04-25 9:43,입북동 당수초교 정문 우측 사거리,고정형,2023-12-01,,,
2023,수원시,팔달구청,2023-04-25 10:02,인계동 드림캐슬주상복합,고정형,2023-12-01,,,
2023,수원시,팔달구청,2023-04-25 10:18,남수동 남수동 정조로796번길,주행형,2023-12-01,,,
2023,수원시,팔달구청,2023-04-25 10:18,남수동 남수동 정조로796번길,주행형,2023-12-01,,,
2023,수원시,팔달구청,2023-04-25 10:21,신풍동 제일교회부설주차장 부근,고정형,2023-12-01,,,
2023,수원시,팔달구청,2023-04-25 10:22,인계동 인계동 수원천로229,주행형,2023-12-01,,,
2023,수원시,팔달구청,2023-04-25 10:22,인계동 인계동 수원천로229,주행형,2023-12-01,,,
2023,수원시,팔달구청,2023-04-25 10:22,인계동 인계동 수원천로229,주행형,2023-12-01,,,
2023,수원시,팔달구청,2023-04-25 10:22,인계동 인계동 수원천로229,주행형,2023-12-01,,,
2023,수원시,팔달구청,2023-04-25 10:22,인계동 인계동 수원천로229,주행형,2023-12-01,,,
2023,수원시,팔달구청,2023-04-25 10:22,인계동 인계동 수원천로229,주행형,2023-12-01,,,
2023,수원시,팔달구청,2023-04-25 10:22,인계동 인계동 수원천로229,주행형,2023-12-01,,,
2023,수원시,팔달구청,2023-04-25 10:43,경기도수원시팔달구교동 수원시 팔달구 매산로2가 7-2,보행,2023-12-01,,,
2023,수원시,팔달구청,2023-04-25 10:45,경기도수원시팔달구교동 수원시 팔달구 매산로2가 13-2,보행,2023-12-01,,,
2023,수원시,팔달구청,2023-04-25 10:46,경기도수원시팔달구교동 수원시 팔달구 매산로2가 13-2,보행,2023-12-01,,,
2023,수원시,팔달구청,2023-04-25 10:46,경기도수원시팔달구교동 수원시 팔달구 매산로2가 13-2,보행,2023-12-01,,,
2023,수원시,권선구청,2023-04-25 10:47,입북동 당수초교 정문 우측 사거리,고정형,2023-12-01,,,
2023,수원시,팔달구청,2023-04-25 10:54,경기도수원시팔달구고등동 수원시 팔달구 화서동 71-93,보행,2023-12-01,,,
2023,수원시,팔달구청,2023-04-25 10:55,경기도수원시팔달구고등동 수원시 팔달구 화서동 71-93,보행,2023-12-01,,,
2023,수원시,팔달구청,2023-04-25 10:55,경기도수원시팔달구고등동 수원시 팔달구 화서동 71-93,보행,2023-12-01,,,
2023,수원시,팔달구청,2023-04-25 10:56,경기도수원시팔달구고등동 수원시 팔달구 화서동 71-93,보행,2023-12-01,,,
2023,수원시,팔달구청,2023-04-25 10:56,경기도수원시팔달구고등동 수원시 팔달구 화서동 71-93,보행,2023-12-01,,,
2023,수원시,영통구청,2023-04-25 11:17,광교동 광교이의119안전센터,고정형,2023-12-01,,,
2023,수원시,팔달구청,2023-04-25 11:17,화서1동 수원역푸르지오자이 북문 우측,고정형,2023-12-01,,,
2023,수원시,팔달구청,2023-04-25 12:35,매산동 역전농협,고정형,2023-12-01,,,
2023,수원시,팔달구청,2023-04-25 12:35,매산동 역전농협,고정형,2023-12-01,,,
2023,수원시,영통구청,2023-04-25 12:38,광교동 광교이의119안전센터,고정형,2023-12-01,,,
2023,수원시,영통구청,2023-04-25 13:09,광교동 광교이의119안전센터,고정형,2023-12-01,,,
2023,수원시,영통구청,2023-04-25 13:39,광교동 광교웰빙타운한양수자인,고정형,2023-12-01,,,
2023,수원시,영통구청,2023-04-25 14:01,광교동 광교이의119안전센터,고정형,2023-12-01,,,
2023,수원시,영통구청,2023-04-25 14:05,망포동 E-마트 에브리데이 앞,고정형,2023-12-01,37.2361017468141,127.060345496536,
2023,수원시,영통구청,2023-04-25 14:08,광교동 광교이의119안전센터,고정형,2023-12-01,,,
2023,수원시,영통구청,2023-04-25 14:21,광교동 광교이의119안전센터,고정형,2023-12-01,,,
2023,수원시,팔달구청,2023-04-25 14:32,매산동 팅스몰 주차장 출구 옆,고정형,2023-12-01,,,
2023,수원시,팔달구청,2023-04-25 14:32,매산동 팅스몰 주차장 출구 옆,고정형,2023-12-01,,,
2023,수원시,장안구청,2023-04-25 14:32,정자3동 정자동 오일뱅크,고정형,2023-12-01,,,
2023,수원시,팔달구청,2023-04-25 14:33,인계동 드림캐슬주상복합,고정형,2023-12-01,,,
2023,수원시,팔달구청,2023-04-25 14:33,매산동 덕영대로 895번길 9-8,고정형,2023-12-01,,,
2023,수원시,권선구청,2023-04-25 14:34,서둔동 가온팰리스옆2,고정형,2023-12-01,,,
2023,수원시,팔달구청,2023-04-25 14:34,인계동 드림캐슬주상복합,고정형,2023-12-01,,,
2023,수원시,팔달구청,2023-04-25 14:36,매산동 팅스몰 주차장 출구 옆,고정형,2023-12-01,,,
2023,수원시,영통구청,2023-04-25 14:44,이의동 도청예정부지,고정형,2023-12-01,,,
2023,수원시,팔달구청,2023-04-25 14:49,매산동 팅스몰 주차장 출구 옆,고정형,2023-12-01,,,
2023,수원시,영통구청,2023-04-25 14:57,광교동 광교웰빙타운한양수자인,고정형,2023-12-01,,,
2023,수원시,팔달구청,2023-04-25 15:02,장안동 장안동 화서문로17번길,주행형,2023-12-01,,,
2023,수원시,팔달구청,2023-04-25 15:02,장안동 장안동 화서문로17번길,주행형,2023-12-01,,,
2023,수원시,영통구청,2023-04-25 15:05,광교동 광교이의119안전센터,고정형,2023-12-01,,,
2023,수원시,영통구청,2023-04-25 15:12,영통동 롯데마트 뒤,고정형,2023-12-01,37.27220279535416,127.10856729001851,
2023,수원시,팔달구청,2023-04-25 15:17,인계동 경인통계청,고정형,2023-12-01,,,
2023,수원시,팔달구청,2023-04-25 15:18,고등동 수원초등학교 정문 좌측 사거리,고정형,2023-12-01,,,
2023,수원시,영통구청,2023-04-25 15:21,망포동 E-마트 에브리데이 앞,고정형,2023-12-01,37.2361017468141,127.060345496536,
2023,수원시,영통구청,2023-04-25 15:26,영통동 롯데마트 뒤,고정형,2023-12-01,37.27220279535416,127.10856729001851,
2023,수원시,장안구청,2023-04-25 15:27,상광교동 광교버스정류장종점,고정형,2023-12-01,,,
2023,수원시,권선구청,2023-04-25 15:30,금곡동 금곡로222번길,주행형,2023-12-01,,,
2023,수원시,팔달구청,2023-04-25 15:34,화서1동 수원역푸르지오자이 북문 우측,고정형,2023-12-01,,,
2023,수원시,팔달구청,2023-04-25 15:41,인계동 드림캐슬주상복합,고정형,2023-12-01,,,
2023,수원시,영통구청,2023-04-25 15:45,이의동 드림스퀘어Ⅱ 앞,고정형,2023-12-01,,,
2023,수원시,팔달구청,2023-04-25 15:56,매산동 팔달로 10번길 8,고정형,2023-12-01,,,
2023,수원시,영통구청,2023-04-25 15:58,광교동 광교이의119안전센터,고정형,2023-12-01,,,
2023,수원시,팔달구청,2023-04-25 16:15,인계동 드림캐슬주상복합,고정형,2023-12-01,,,
2023,수원시,권선구청,2023-04-25 16:17,세류3동 신곡초교 후문 좌측 사거리,고정형,2023-12-01,,,
2023,수원시,영통구청,2023-04-25 16:50,광교동 광교이의119안전센터,고정형,2023-12-01,,,
2023,수원시,영통구청,2023-04-25 16:55,망포동 힐스테이트 119동 ~방죽공원 삼거리,고정형,2023-12-01,,,
2023,수원시,팔달구청,2023-04-25 17:18,매산동 팅스몰 주차장 출구 옆,고정형,2023-12-01,,,
2023,수원시,영통구청,2023-04-25 17:30,영통동 보보스스포츠센터앞,고정형,2023-12-01,,,
2023,수원시,팔달구청,2023-04-25 17:39,매산동 팅스몰 주차장 출구 옆,고정형,2023-12-01,,,
2023,수원시,팔달구청,2023-04-25 18:35,인계동 드림캐슬주상복합,고정형,2023-12-01,,,
2023,수원시,영통구청,2023-04-25 18:38,경기도수원시영통구하동 수원시 영통구 하동 147,보행,2023-12-01,,,
2023,수원시,영통구청,2023-04-25 18:46,영통동 롯데마트 뒤,고정형,2023-12-01,37.27220279535416,127.10856729001851,
2023,수원시,영통구청,2023-04-25 18:46,영통동 롯데마트 뒤,고정형,2023-12-01,37.27220279535416,127.10856729001851,
2023,수원시,팔달구청,2023-04-25 19:00,인계동 드림캐슬주상복합,고정형,2023-12-01,,,
2023,수원시,팔달구청,2023-04-25 19:03,인계동 드림캐슬주상복합,고정형,2023-12-01,,,
2023,수원시,팔달구청,2023-04-25 19:05,매산동 팅스몰 주차장 출구 옆,고정형,2023-12-01,,,
2023,수원시,팔달구청,2023-04-25 19:14,매산동 팔달로 10번길 8,고정형,2023-12-01,,,
2023,수원시,영통구청,2023-04-25 19:31,영통동 마사회뒷길,고정형,2023-12-01,,,
2023,수원시,팔달구청,2023-04-25 19:31,인계동 드림캐슬주상복합,고정형,2023-12-01,,,
2023,수원시,팔달구청,2023-04-25 19:34,화서동 수원시 팔달구 고등동 177,보행,2023-12-01,,,
2023,수원시,팔달구청,2023-04-25 19:37,화서동 수원시 팔달구 고등동 177,보행,2023-12-01,,,
2023,수원시,팔달구청,2023-04-25 19:48,매산동 팅스몰 주차장 출구 옆,고정형,2023-12-01,,,
2023,수원시,팔달구청,2023-04-25 19:51,매산동 팅스몰 주차장 출구 옆,고정형,2023-12-01,,,
2023,수원시,팔달구청,2023-04-25 20:04,매산동 팅스몰 주차장 출구 옆,고정형,2023-12-01,,,
2023,수원시,영통구청,2023-04-25 20:14,이의동 광교가재울마을사거리,고정형,2023-12-01,,,
2023,수원시,영통구청,2023-04-25 20:14,이의동 광교가재울마을사거리,고정형,2023-12-01,,,
2023,수원시,팔달구청,2023-04-25 20:21,매산동 팅스몰 주차장 출구 옆,고정형,2023-12-01,,,
2023,수원시,팔달구청,2023-04-25 21:45,인계동 드림캐슬주상복합,고정형,2023-12-01,,,
2023,수원시,권선구청,2023-04-26 5:44,곡반정동 562-2,국민신문고,2023-12-01,,,
2023,수원시,영통구청,2023-04-26 7:02,이의동 부함식당 앞,고정형,2023-12-01,,,
2023,수원시,팔달구청,2023-04-26 7:08,화서1동 푸르지오자이 북문 CU 앞 횡단보도,고정형,2023-12-01,,,
2023,수원시,팔달구청,2023-04-26 7:34,인계동 경인통계청,고정형,2023-12-01,,,
2023,수원시,팔달구청,2023-04-26 7:34,인계동 경인통계청,고정형,2023-12-01,,,
2023,수원시,팔달구청,2023-04-26 7:34,매산동 팔달로 10번길 8,고정형,2023-12-01,,,
2023,수원시,팔달구청,2023-04-26 7:35,매산동 팅스몰 주차장 출구 옆,고정형,2023-12-01,,,
2023,수원시,영통구청,2023-04-26 7:52,영통동 롯데마트 뒤,고정형,2023-12-01,37.27220279535416,127.10856729001851,
2023,수원시,팔달구청,2023-04-26 7:58,인계동 드림캐슬주상복합,고정형,2023-12-01,,,
2023,수원시,팔달구청,2023-04-26 8:16,인계동 경인통계청,고정형,2023-12-01,,,
2023,수원시,팔달구청,2023-04-26 8:56,화서1동 수원역푸르지오자이 북문 우측,고정형,2023-12-01,,,
2023,수원시,영통구청,2023-04-26 10:07,영통동 롯데마트 뒤,고정형,2023-12-01,37.27220279535416,127.10856729001851,
2023,수원시,팔달구청,2023-04-26 10:10,매산동 역전농협,고정형,2023-12-01,,,
2023,수원시,팔달구청,2023-04-26 10:14,고등동 수원시 팔달구 인계동 1126-5,보행,2023-12-01,,,
2023,수원시,영통구청,2023-04-26 10:26,망포동 영통로27번길,주행형,2023-12-01,,,
2023,수원시,영통구청,2023-04-26 10:26,망포동 영통로27번길,주행형,2023-12-01,,,
2023,수원시,영통구청,2023-04-26 10:26,망포동 영통로27번길,주행형,2023-12-01,,,
2023,수원시,영통구청,2023-04-26 10:26,반월동 영통로27번길,주행형,2023-12-01,,,
2023,수원시,팔달구청,2023-04-26 10:32,교동 수원향교 앞 팔달보건소 뒤,고정형,2023-12-01,,,
2023,수원시,팔달구청,2023-04-26 10:54,화서1동 수원역푸르지오자이 북문 우측,고정형,2023-12-01,,,
2023,수원시,영통구청,2023-04-26 11:37,이의동 광교가재울마을사거리,고정형,2023-12-01,,,
2023,수원시,영통구청,2023-04-26 11:51,영통동 롯데마트 뒤,고정형,2023-12-01,37.27220279535416,127.10856729001851,
2023,수원시,영통구청,2023-04-26 12:19,이의동 광교호반베르디움 103동 앞,고정형,2023-12-01,,,
2023,수원시,영통구청,2023-04-26 12:57,망포동 E-마트 에브리데이 앞,고정형,2023-12-01,37.2361017468141,127.060345496536,
2023,수원시,영통구청,2023-04-26 13:02,영통동 마사회뒷길,고정형,2023-12-01,,,
2023,수원시,팔달구청,2023-04-26 13:09,매산동 역전농협,고정형,2023-12-01,,,
2023,수원시,팔달구청,2023-04-26 14:12,행궁동 팔달문 버스정류장,고정형,2023-12-01,,,
2023,수원시,영통구청,2023-04-26 14:33,이의동 드림스퀘어Ⅱ 앞,고정형,2023-12-01,,,
2023,수원시,팔달구청,2023-04-26 14:34,인계동 드림캐슬주상복합,고정형,2023-12-01,,,
2023,수원시,팔달구청,2023-04-26 14:34,매산동 팔달로 10번길 8,고정형,2023-12-01,,,
2023,수원시,팔달구청,2023-04-26 14:35,인계동 드림캐슬주상복합,고정형,2023-12-01,,,
2023,수원시,팔달구청,2023-04-26 14:51,화서1동 수원역푸르지오자이 북문 우측,고정형,2023-12-01,,,
2023,수원시,팔달구청,2023-04-26 14:52,장안동 장안동 화서문로 19,주행형,2023-12-01,,,
2023,수원시,팔달구청,2023-04-26 14:53,장안동 장안동 화서문로17번길,주행형,2023-12-01,,,
2023,수원시,팔달구청,2023-04-26 14:53,장안동 장안동 화서문로17번길,주행형,2023-12-01,,,
2023,수원시,팔달구청,2023-04-26 15:02,북수동 북수동 수원천로 350,주행형,2023-12-01,,,
2023,수원시,팔달구청,2023-04-26 15:02,북수동 북수동 수원천로 350,주행형,2023-12-01,,,
2023,수원시,팔달구청,2023-04-26 15:17,매산동 팅스몰 주차장 출구 옆,고정형,2023-12-01,,,
2023,수원시,팔달구청,2023-04-26 15:18,인계동 드림캐슬주상복합,고정형,2023-12-01,,,
2023,수원시,권선구청,2023-04-26 15:19,경기도수원시권선구서둔동 수원시 권선구 서둔동 321,보행,2023-12-01,,,
2023,수원시,권선구청,2023-04-26 15:21,경기도수원시권선구서둔동 수원시 권선구 서둔동 327,보행,2023-12-01,,,
2023,수원시,권선구청,2023-04-26 15:22,-1 수원시 권선구 서둔동 321,보행,2023-12-01,,,
2023,수원시,권선구청,2023-04-26 15:23,경기도수원시권선구서둔동 수원시 권선구 서둔동 321,보행,2023-12-01,,,
2023,수원시,영통구청,2023-04-26 15:24,영통동 롯데마트 뒤,고정형,2023-12-01,37.27220279535416,127.10856729001851,
2023,수원시,권선구청,2023-04-26 15:25,경기도수원시권선구서둔동 수원시 권선구 서둔동 321,보행,2023-12-01,,,
2023,수원시,권선구청,2023-04-26 15:25,경기도수원시권선구서둔동 수원시 권선구 서둔동 321,보행,2023-12-01,,,
2023,수원시,권선구청,2023-04-26 15:26,경기도수원시권선구서둔동 수원시 권선구 서둔동 321,보행,2023-12-01,,,
2023,수원시,권선구청,2023-04-26 15:27,경기도수원시권선구서둔동 수원시 권선구 서둔동 327,보행,2023-12-01,,,
2023,수원시,팔달구청,2023-04-26 15:32,매산동 역전농협,고정형,2023-12-01,,,
2023,수원시,팔달구청,2023-04-26 16:09,화서1동 수원역푸르지오자이 북문 우측,고정형,2023-12-01,,,
2023,수원시,영통구청,2023-04-26 16:10,망포동 E-마트 에브리데이 앞,고정형,2023-12-01,37.2361017468141,127.060345496536,
2023,수원시,팔달구청,2023-04-26 16:37,매산동 팔달로 10번길 8,고정형,2023-12-01,,,
2023,수원시,팔달구청,2023-04-26 17:40,인계동 경인통계청,고정형,2023-12-01,,,
2023,수원시,영통구청,2023-04-26 18:02,망포동 E-마트 에브리데이 앞,고정형,2023-12-01,37.2361017468141,127.060345496536,
2023,수원시,영통구청,2023-04-26 18:38,망포동 E-마트 에브리데이 앞,고정형,2023-12-01,37.2361017468141,127.060345496536,
2023,수원시,팔달구청,2023-04-26 18:44,인계동 드림캐슬주상복합,고정형,2023-12-01,,,
2023,수원시,팔달구청,2023-04-26 18:55,매산동 팅스몰 주차장 출구 옆,고정형,2023-12-01,,,
2023,수원시,팔달구청,2023-04-26 20:04,화서1동 푸르지오자이 북문 CU 앞 횡단보도,고정형,2023-12-01,,,
2023,수원시,영통구청,2023-04-26 20:04,광교동 광교이의119안전센터,고정형,2023-12-01,,,
2023,수원시,팔달구청,2023-04-26 20:36,매산동 역전농협,고정형,2023-12-01,,,
2023,수원시,팔달구청,2023-04-26 20:36,매산동 역전농협,고정형,2023-12-01,,,
2023,수원시,팔달구청,2023-04-26 22:00,매교동 매교동 264-5 횡단보도,국민신문고,2023-12-01,,,
2023,수원시,팔달구청,2023-04-26 22:02,매교동 매교동 120-9 교차로모퉁이,국민신문고,2023-12-01,,,
2023,수원시,팔달구청,2023-04-26 22:04,매교동 매교동 114-89 소화전,국민신문고,2023-12-01,,,
2023,수원시,팔달구청,2023-04-26 22:09,매교동 매교동 122-38 소화전,국민신문고,2023-12-01,,,
2023,수원시,권선구청,2023-04-27 5:44,곡반정동 562-2,국민신문고,2023-12-01,,,
2023,수원시,팔달구청,2023-04-27 7:31,매산동 역전농협,고정형,2023-12-01,,,
2023,수원시,팔달구청,2023-04-27 7:31,매산동 역전농협,고정형,2023-12-01,,,
2023,수원시,팔달구청,2023-04-27 7:33,매산동 팔달로 10번길 8,고정형,2023-12-01,,,
2023,수원시,영통구청,2023-04-27 7:38,경기도수원시영통구망포동 수원시 영통구 망포동 12,보행,2023-12-01,,,
2023,수원시,팔달구청,2023-04-27 8:16,인계동 경인통계청,고정형,2023-12-01,,,
2023,수원시,팔달구청,2023-04-27 9:01,인계동 드림캐슬주상복합,고정형,2023-12-01,,,
2023,수원시,팔달구청,2023-04-27 9:26,인계동 드림캐슬주상복합,고정형,2023-12-01,,,
2023,수원시,팔달구청,2023-04-27 10:10,인계동 드림캐슬주상복합,고정형,2023-12-01,,,
2023,수원시,영통구청,2023-04-27 10:19,망포동 힐스테이트 119동 ~방죽공원 삼거리,고정형,2023-12-01,,,
2023,수원시,장안구청,2023-04-27 10:26,상광교동 광교버스정류장종점,고정형,2023-12-01,,,
2023,수원시,팔달구청,2023-04-27 10:26,경기도수원시팔달구화서동 수원시 팔달구 매산로2가13-3,보행,2023-12-01,,,
2023,수원시,팔달구청,2023-04-27 10:26,경기도수원시팔달구화서동 수원시 팔달구 매산로2가13-3,보행,2023-12-01,,,
2023,수원시,영통구청,2023-04-27 10:27,권선동 권선로820번길,주행형,2023-12-01,,,
2023,수원시,영통구청,2023-04-27 10:27,권선동 권선로820번길,주행형,2023-12-01,,,
2023,수원시,영통구청,2023-04-27 10:27,권선동 권선로820번길,주행형,2023-12-01,,,
2023,수원시,영통구청,2023-04-27 10:27,권선동 권선로820번길,주행형,2023-12-01,,,
2023,수원시,영통구청,2023-04-27 10:27,권선동 권선로820번길,주행형,2023-12-01,,,
2023,수원시,영통구청,2023-04-27 10:27,권선동 권선로820번길,주행형,2023-12-01,,,
2023,수원시,영통구청,2023-04-27 10:27,권선동 권선로820번길,주행형,2023-12-01,,,
2023,수원시,팔달구청,2023-04-27 11:07,행궁동 팔달문 버스정류장,고정형,2023-12-01,,,
2023,수원시,팔달구청,2023-04-27 12:08,고등동 수원초등학교 정문 좌측 사거리,고정형,2023-12-01,,,
2023,수원시,영통구청,2023-04-27 12:27,광교동 광교이의119안전센터,고정형,2023-12-01,,,
2023,수원시,권선구청,2023-04-27 14:12,권선동 소화전 불법 주정차 신고입니다.,국민신문고,2023-12-01,,,
2023,수원시,팔달구청,2023-04-27 14:32,매산동 팅스몰 주차장 출구 옆,고정형,2023-12-01,,,
2023,수원시,영통구청,2023-04-27 14:33,영통동 보보스스포츠센터앞,고정형,2023-12-01,,,
2023,수원시,팔달구청,2023-04-27 14:34,매산동 팅스몰 주차장 출구 옆,고정형,2023-12-01,,,
2023,수원시,팔달구청,2023-04-27 14:35,인계동 드림캐슬주상복합,고정형,2023-12-01,,,
2023,수원시,팔달구청,2023-04-27 14:35,인계동 드림캐슬주상복합,고정형,2023-12-01,,,
2023,수원시,팔달구청,2023-04-27 14:40,인계동 드림캐슬주상복합,고정형,2023-12-01,,,
2023,수원시,팔달구청,2023-04-27 14:41,인계동 드림캐슬주상복합,고정형,2023-12-01,,,
2023,수원시,팔달구청,2023-04-27 14:50,인계동 드림캐슬주상복합,고정형,2023-12-01,,,
2023,수원시,영통구청,2023-04-27 15:02,망포동 국민은행신영통지점(태장동),고정형,2023-12-01,,,
2023,수원시,장안구청,2023-04-27 15:11,정자동 장안로301번길,주행형,2023-12-01,,,
2023,수원시,장안구청,2023-04-27 15:11,정자동 장안로301번길,주행형,2023-12-01,,,
2023,수원시,팔달구청,2023-04-27 15:21,인계동 드림캐슬주상복합,고정형,2023-12-01,,,
2023,수원시,장안구청,2023-04-27 15:49,상광교동 광교버스정류장종점,고정형,2023-12-01,,,
2023,수원시,팔달구청,2023-04-27 15:57,매산동 팅스몰 주차장 출구 옆,고정형,2023-12-01,,,
2023,수원시,권선구청,2023-04-27 16:03,입북동 율전로37번길,주행형,2023-12-01,,,
2023,수원시,권선구청,2023-04-27 16:03,입북동 율전로37번길,주행형,2023-12-01,,,
2023,수원시,팔달구청,2023-04-27 16:04,인계동 드림캐슬주상복합,고정형,2023-12-01,,,
2023,수원시,팔달구청,2023-04-27 16:34,화서1동 수원역푸르지오자이 북문 우측,고정형,2023-12-01,,,
2023,수원시,팔달구청,2023-04-27 16:49,고등동 수원초등학교 정문 좌측 사거리,고정형,2023-12-01,,,
2023,수원시,팔달구청,2023-04-27 16:54,고등동 수원초등학교 정문 좌측 사거리,고정형,2023-12-01,,,
2023,수원시,팔달구청,2023-04-27 17:08,화서1동 푸르지오자이 북문 CU 앞 횡단보도,고정형,2023-12-01,,,
2023,수원시,영통구청,2023-04-27 17:25,이의동 광교가재울마을사거리,고정형,2023-12-01,,,
2023,수원시,영통구청,2023-04-27 17:25,영통동 보보스스포츠센터앞,고정형,2023-12-01,,,
2023,수원시,영통구청,2023-04-27 17:32,영통동 보보스스포츠센터앞,고정형,2023-12-01,,,
2023,수원시,팔달구청,2023-04-27 17:40,인계동 드림캐슬주상복합,고정형,2023-12-01,,,
2023,수원시,팔달구청,2023-04-27 17:43,인계동 경인통계청,고정형,2023-12-01,,,
2023,수원시,팔달구청,2023-04-27 17:57,매산동 역전농협,고정형,2023-12-01,,,
2023,수원시,팔달구청,2023-04-27 18:13,매산동 팅스몰 주차장 출구 옆,고정형,2023-12-01,,,
2023,수원시,팔달구청,2023-04-27 18:16,매산동 팔달로 10번길 8,고정형,2023-12-01,,,
2023,수원시,팔달구청,2023-04-27 18:18,인계동 드림캐슬주상복합,고정형,2023-12-01,,,
2023,수원시,팔달구청,2023-04-27 18:35,매산동 역전농협,고정형,2023-12-01,,,
2023,수원시,영통구청,2023-04-27 18:56,망포동 E-마트 에브리데이 앞,고정형,2023-12-01,37.2361017468141,127.060345496536,
2023,수원시,영통구청,2023-04-27 19:16,광교동 광교더사랑교회뒷길,고정형,2023-12-01,,,
2023,수원시,영통구청,2023-04-27 19:16,망포동 E-마트 에브리데이 앞,고정형,2023-12-01,37.2361017468141,127.060345496536,
2023,수원시,팔달구청,2023-04-27 19:16,매교동 매교동 84-6 소화전,국민신문고,2023-12-01,,,
2023,수원시,팔달구청,2023-04-27 19:19,매산동 팅스몰 주차장 출구 옆,고정형,2023-12-01,,,
2023,수원시,팔달구청,2023-04-27 19:20,매교동 매교동 122-38 소화전,국민신문고,2023-12-01,,,
2023,수원시,권선구청,2023-04-27 19:23,세류동 150조8574,국민신문고,2023-12-01,,,
2023,수원시,팔달구청,2023-04-27 19:26,인계동 드림캐슬주상복합,고정형,2023-12-01,,,
2023,수원시,영통구청,2023-04-27 19:44,경기도수원시영통구망포동 수원시 영통구 망포동 433,보행,2023-12-01,,,
2023,수원시,영통구청,2023-04-27 19:45,경기도수원시영통구망포동 수원시 영통구 망포동 433,보행,2023-12-01,,,
2023,수원시,팔달구청,2023-04-27 20:06,매산동 팔달로 10번길 8,고정형,2023-12-01,,,
2023,수원시,팔달구청,2023-04-27 20:14,인계동 드림캐슬주상복합,고정형,2023-12-01,,,
2023,수원시,팔달구청,2023-04-27 20:15,인계동 드림캐슬주상복합,고정형,2023-12-01,,,
2023,수원시,팔달구청,2023-04-27 20:27,매교동 매교동 91-25 횡단보도,국민신문고,2023-12-01,,,
2023,수원시,팔달구청,2023-04-27 20:27,매교동 매교동 91-25 횡단보도,국민신문고,2023-12-01,,,
2023,수원시,권선구청,2023-04-27 20:33,오목천동 527-5,국민신문고,2023-12-01,,,
2023,수원시,권선구청,2023-04-27 20:47,곡반정동 23루2496,국민신문고,2023-12-01,,,
2023,수원시,권선구청,2023-04-28 5:40,오목천동 562-2,국민신문고,2023-12-01,,,
2023,수원시,영통구청,2023-04-28 7:03,망포동 E-마트 에브리데이 앞,고정형,2023-12-01,37.2361017468141,127.060345496536,
2023,수원시,팔달구청,2023-04-28 7:33,매산동 팅스몰 주차장 출구 옆,고정형,2023-12-01,,,
2023,수원시,팔달구청,2023-04-28 7:34,매산동 팅스몰 주차장 출구 옆,고정형,2023-12-01,,,
2023,수원시,팔달구청,2023-04-28 7:35,매산동 팅스몰 주차장 출구 옆,고정형,2023-12-01,,,
2023,수원시,팔달구청,2023-04-28 7:43,인계동 경인통계청,고정형,2023-12-01,,,
2023,수원시,권선구청,2023-04-28 8:03,권선2동 곡정초교 정문 좌측 사거리,고정형,2023-12-01,,,
2023,수원시,권선구청,2023-04-28 8:03,곡반정동 하나로마트한국빌딩앞,고정형,2023-12-01,,,
2023,수원시,권선구청,2023-04-28 8:03,서둔동 가온팰리스옆2,고정형,2023-12-01,,,
2023,수원시,권선구청,2023-04-28 8:03,곡반정동 하나로마트한국빌딩앞,고정형,2023-12-01,,,
2023,수원시,권선구청,2023-04-28 8:06,서둔동 가온팰리스옆2,고정형,2023-12-01,,,
2023,수원시,권선구청,2023-04-28 8:13,권선2동 곡정초교 정문 좌측 사거리,고정형,2023-12-01,,,
2023,수원시,권선구청,2023-04-28 8:28,서둔동 가온팰리스옆2,고정형,2023-12-01,,,
2023,수원시,권선구청,2023-04-28 8:28,서둔동 가온팰리스옆2,고정형,2023-12-01,,,
2023,수원시,영통구청,2023-04-28 8:29,원천동 광교매원초등학교,고정형,2023-12-01,,,
2023,수원시,팔달구청,2023-04-28 8:44,매산동 팅스몰 주차장 출구 옆,고정형,2023-12-01,,,
2023,수원시,권선구청,2023-04-28 8:57,입북동 당수초교 정문 우측 사거리,고정형,2023-12-01,,,
2023,수원시,권선구청,2023-04-28 9:19,서둔동 가온팰리스옆2,고정형,2023-12-01,,,
2023,수원시,영통구청,2023-04-28 9:21,원천동 삼성전자중문,고정형,2023-12-01,,,
2023,수원시,영통구청,2023-04-28 9:49,원천동 광교매원초등학교,고정형,2023-12-01,,,
2023,수원시,영통구청,2023-04-28 9:49,원천동 광교매원초등학교,고정형,2023-12-01,,,
2023,수원시,팔달구청,2023-04-28 10:02,화서동 화서동 화서문로17번길 4,주행형,2023-12-01,,,
2023,수원시,팔달구청,2023-04-28 10:07,매산동 팅스몰 주차장 출구 옆,고정형,2023-12-01,,,
2023,수원시,영통구청,2023-04-28 10:10,이의동 드림스퀘어Ⅱ 앞,고정형,2023-12-01,,,
2023,수원시,팔달구청,2023-04-28 10:15,인계동 경인통계청,고정형,2023-12-01,,,
2023,수원시,팔달구청,2023-04-28 10:20,경기도수원시팔달구매교동 수원시 팔달구 매교동 77-107,보행,2023-12-01,,,
2023,수원시,권선구청,2023-04-28 10:29,평동 수원역고가밑 (애경뒷길),고정형,2023-12-01,,,
2023,수원시,영통구청,2023-04-28 10:30,이의동 창룡대로298번길,주행형,2023-12-01,,,
2023,수원시,영통구청,2023-04-28 10:30,이의동 창룡대로298번길,주행형,2023-12-01,,,
2023,수원시,팔달구청,2023-04-28 10:39,인계동 수원시 팔달구 고등동 303-13,보행,2023-12-01,,,
2023,수원시,팔달구청,2023-04-28 10:39,경기도수원시팔달구인계동 수원시 팔달구 인계동 548-35,보행,2023-12-01,,,
2023,수원시,팔달구청,2023-04-28 10:40,경기도수원시팔달구인계동 수원시 팔달구 인계동 548-35,보행,2023-12-01,,,
2023,수원시,영통구청,2023-04-28 11:14,광교동 광교이의119안전센터,고정형,2023-12-01,,,
2023,수원시,팔달구청,2023-04-28 11:41,화서1동 수원역푸르지오자이 북문 우측,고정형,2023-12-01,,,
2023,수원시,팔달구청,2023-04-28 11:54,고등동 수원초등학교 정문 좌측 사거리,고정형,2023-12-01,,,
2023,수원시,권선구청,2023-04-28 12:00,세류동 81우3015,국민신문고,2023-12-01,,,
2023,수원시,팔달구청,2023-04-28 13:52,교동 수원향교 앞 팔달보건소 뒤,고정형,2023-12-01,,,
2023,수원시,팔달구청,2023-04-28 14:16,화서1동 수원역푸르지오자이 북문 우측,고정형,2023-12-01,,,
2023,수원시,팔달구청,2023-04-28 14:25,남수동 남수동 정조로800번길,주행형,2023-12-01,,,
2023,수원시,영통구청,2023-04-28 14:33,이의동 드림스퀘어Ⅱ 앞,고정형,2023-12-01,,,
2023,수원시,팔달구청,2023-04-28 14:34,인계동 드림캐슬주상복합,고정형,2023-12-01,,,
2023,수원시,팔달구청,2023-04-28 14:34,북수동 쌈지공원 앞,고정형,2023-12-01,,,
2023,수원시,팔달구청,2023-04-28 14:35,팔달로2가 수원시 팔달구 매산로2가 13-3,보행,2023-12-01,,,
2023,수원시,팔달구청,2023-04-28 14:42,행궁동 화홍사랑채,고정형,2023-12-01,,,
2023,수원시,팔달구청,2023-04-28 14:45,북수동 북수동 수원천로 372,주행형,2023-12-01,,,
2023,수원시,팔달구청,2023-04-28 14:46,북수동 북수동 수원천로 372,주행형,2023-12-01,,,
2023,수원시,팔달구청,2023-04-28 14:46,북수동 북수동 수원천로 372,주행형,2023-12-01,,,
2023,수원시,팔달구청,2023-04-28 14:49,인계동 드림캐슬주상복합,고정형,2023-12-01,,,
2023,수원시,팔달구청,2023-04-28 14:54,남수동 남수동 창룡대로 86,주행형,2023-12-01,,,
2023,수원시,권선구청,2023-04-28 14:56,서둔동 가온팰리스옆2,고정형,2023-12-01,,,
2023,수원시,팔달구청,2023-04-28 15:05,신풍동 신풍동 화서문로 19,주행형,2023-12-01,,,
2023,수원시,팔달구청,2023-04-28 15:06,장안동 장안동 화서문로17번길,주행형,2023-12-01,,,
2023,수원시,팔달구청,2023-04-28 15:06,장안동 장안동 화서문로17번길,주행형,2023-12-01,,,
2023,수원시,팔달구청,2023-04-28 15:06,장안동 장안동 화서문로17번길,주행형,2023-12-01,,,
2023,수원시,권선구청,2023-04-28 15:21,평동 고현초교 정문 좌측 삼거리,고정형,2023-12-01,,,
2023,수원시,영통구청,2023-04-28 15:39,영통동 롯데마트 뒤,고정형,2023-12-01,37.27220279535416,127.10856729001851,
2023,수원시,영통구청,2023-04-28 15:55,이의동 드림스퀘어Ⅱ 앞,고정형,2023-12-01,,,
2023,수원시,장안구청,2023-04-28 16:03,D_Name 연무로,주행형,2023-12-01,,,
2023,수원시,권선구청,2023-04-28 16:25,입북동 당수초교 정문 우측 사거리,고정형,2023-12-01,,,
2023,수원시,팔달구청,2023-04-28 16:31,매산동 팔달로 10번길 8,고정형,2023-12-01,,,
2023,수원시,영통구청,2023-04-28 16:46,망포동 E-마트 에브리데이 앞,고정형,2023-12-01,37.2361017468141,127.060345496536,
2023,수원시,권선구청,2023-04-28 17:02,입북동 율전로37번길,주행형,2023-12-01,,,
2023,수원시,권선구청,2023-04-28 17:02,입북동 율전로37번길,주행형,2023-12-01,,,
2023,수원시,권선구청,2023-04-28 17:03,입북동 율전로37번길,주행형,2023-12-01,,,
2023,수원시,영통구청,2023-04-28 17:05,이의동 드림스퀘어Ⅱ 앞,고정형,2023-12-01,,,
2023,수원시,팔달구청,2023-04-28 17:20,인계동 드림캐슬주상복합,고정형,2023-12-01,,,
2023,수원시,팔달구청,2023-04-28 17:23,매산동 팅스몰 주차장 출구 옆,고정형,2023-12-01,,,
2023,수원시,권선구청,2023-04-28 17:36,구운동 구운동 명품닭갈비,고정형,2023-12-01,,,
2023,수원시,팔달구청,2023-04-28 17:41,매산동 팔달로 10번길 8,고정형,2023-12-01,,,
2023,수원시,팔달구청,2023-04-28 17:51,매산동 역전농협,고정형,2023-12-01,,,
2023,수원시,팔달구청,2023-04-28 17:54,인계동 드림캐슬주상복합,고정형,2023-12-01,,,
2023,수원시,팔달구청,2023-04-28 18:08,인계동 드림캐슬주상복합,고정형,2023-12-01,,,
2023,수원시,팔달구청,2023-04-28 18:08,인계동 드림캐슬주상복합,고정형,2023-12-01,,,
2023,수원시,팔달구청,2023-04-28 18:21,매산동 팅스몰 주차장 출구 옆,고정형,2023-12-01,,,
2023,수원시,팔달구청,2023-04-28 18:31,매산동 팅스몰 주차장 출구 옆,고정형,2023-12-01,,,
2023,수원시,팔달구청,2023-04-28 18:38,인계동 드림캐슬주상복합,고정형,2023-12-01,,,
2023,수원시,영통구청,2023-04-28 19:23,경기도수원시영통구망포동 수원시 영통구 망포동 28,보행,2023-12-01,,,
2023,수원시,팔달구청,2023-04-28 19:36,화서1동 수원역푸르지오자이 북문 우측,고정형,2023-12-01,,,
2023,수원시,영통구청,2023-04-28 19:37,영통동 롯데마트 뒤,고정형,2023-12-01,37.27220279535416,127.10856729001851,
2023,수원시,팔달구청,2023-04-28 19:41,매산동 덕영대로 895번길 9-8,고정형,2023-12-01,,,
2023,수원시,팔달구청,2023-04-28 20:07,인계동 드림캐슬주상복합,고정형,2023-12-01,,,
2023,수원시,팔달구청,2023-04-28 20:07,인계동 드림캐슬주상복합,고정형,2023-12-01,,,
2023,수원시,팔달구청,2023-04-28 20:17,매산동 팅스몰 주차장 출구 옆,고정형,2023-12-01,,,
2023,수원시,팔달구청,2023-04-28 20:56,인계동 드림캐슬주상복합,고정형,2023-12-01,,,
2023,수원시,팔달구청,2023-04-28 21:00,인계동 드림캐슬주상복합,고정형,2023-12-01,,,
2023,수원시,팔달구청,2023-04-28 21:12,매산동 역전농협,고정형,2023-12-01,,,
2023,수원시,권선구청,2023-04-29 3:13,곡반정동 562-2,국민신문고,2023-12-01,,,
2023,수원시,권선구청,2023-04-29 3:15,곡반정동 562-2,국민신문고,2023-12-01,,,
2023,수원시,권선구청,2023-04-29 3:20,곡반정동 562-2,국민신문고,2023-12-01,,,
2023,수원시,팔달구청,2023-04-29 9:02,인계동 경인통계청,고정형,2023-12-01,,,
2023,수원시,팔달구청,2023-04-29 9:03,매산동 팔달로 10번길 8,고정형,2023-12-01,,,
2023,수원시,권선구청,2023-04-29 9:03,서둔동 가온팰리스옆2,고정형,2023-12-01,,,
2023,수원시,권선구청,2023-04-29 9:04,곡선동 권선중앙약국 건너편,고정형,2023-12-01,,,
2023,수원시,팔달구청,2023-04-29 9:04,인계동 경인통계청,고정형,2023-12-01,,,
2023,수원시,팔달구청,2023-04-29 9:05,매산동 팅스몰 주차장 출구 옆,고정형,2023-12-01,,,
2023,수원시,권선구청,2023-04-29 9:06,서둔동 수원역한라비발디퍼스트 앞1,고정형,2023-12-01,,,
2023,수원시,팔달구청,2023-04-29 9:07,매산동 팅스몰 주차장 출구 옆,고정형,2023-12-01,,,
2023,수원시,권선구청,2023-04-29 9:08,서둔동 수원역한라비발디퍼스트 앞1,고정형,2023-12-01,,,
2023,수원시,팔달구청,2023-04-29 9:08,매산동 역전농협,고정형,2023-12-01,,,
2023,수원시,팔달구청,2023-04-29 9:09,화서1동 수원역푸르지오자이 북문 우측,고정형,2023-12-01,,,
2023,수원시,권선구청,2023-04-29 9:13,곡반정동 하나로마트한국빌딩앞,고정형,2023-12-01,,,
2023,수원시,권선구청,2023-04-29 9:13,곡반정동 하나로마트한국빌딩앞,고정형,2023-12-01,,,
2023,수원시,권선구청,2023-04-29 9:23,서둔동 수원역한라비발디퍼스트 앞1,고정형,2023-12-01,,,
2023,수원시,팔달구청,2023-04-29 9:35,인계동 경인통계청,고정형,2023-12-01,,,
2023,수원시,팔달구청,2023-04-29 9:41,화서1동 푸르지오자이 북문 CU 앞 횡단보도,고정형,2023-12-01,,,
2023,수원시,팔달구청,2023-04-29 9:41,화서1동 푸르지오자이 북문 CU 앞 횡단보도,고정형,2023-12-01,,,
2023,수원시,팔달구청,2023-04-29 9:46,매교동 매교동 287-110 교차로모퉁이,국민신문고,2023-12-01,,,
2023,수원시,팔달구청,2023-04-29 10:30,인계동 드림캐슬주상복합,고정형,2023-12-01,,,
2023,수원시,영통구청,2023-04-29 11:07,망포동 힐스테이트 119동 ~방죽공원 삼거리,고정형,2023-12-01,,,
2023,수원시,영통구청,2023-04-29 11:08,광교동 광교웰빙타운한양수자인,고정형,2023-12-01,,,
2023,수원시,영통구청,2023-04-29 11:13,영통동 롯데마트 뒤,고정형,2023-12-01,37.27220279535416,127.10856729001851,
2023,수원시,팔달구청,2023-04-29 11:50,화서1동 수원역푸르지오자이 북문 우측,고정형,2023-12-01,,,
2023,수원시,영통구청,2023-04-29 12:24,망포동 힐스테이트 119동 ~방죽공원 삼거리,고정형,2023-12-01,,,
2023,수원시,팔달구청,2023-04-29 13:46,화서1동 수원역푸르지오자이 북문 우측,고정형,2023-12-01,,,
2023,수원시,팔달구청,2023-04-29 13:48,화서1동 수원역푸르지오자이 북문 우측,고정형,2023-12-01,,,
2023,수원시,팔달구청,2023-04-29 13:57,매산로2가 수원시 팔달구 매산로 2-10,보행,2023-12-01,,,
2023,수원시,팔달구청,2023-04-29 14:07,화서1동 수원역푸르지오자이 북문 우측,고정형,2023-12-01,,,
2023,수원시,영통구청,2023-04-29 14:14,하동 광교호반마을한양수자인,고정형,2023-12-01,,,
2023,수원시,팔달구청,2023-04-29 14:33,매산동 역전농협,고정형,2023-12-01,,,
2023,수원시,권선구청,2023-04-29 14:33,서둔동 가온팰리스옆2,고정형,2023-12-01,,,
2023,수원시,팔달구청,2023-04-29 14:34,매산동 팅스몰 주차장 출구 옆,고정형,2023-12-01,,,
2023,수원시,팔달구청,2023-04-29 14:34,매산동 팔달로 10번길 8,고정형,2023-12-01,,,
2023,수원시,팔달구청,2023-04-29 14:34,매산동 팅스몰 주차장 출구 옆,고정형,2023-12-01,,,
2023,수원시,권선구청,2023-04-29 14:34,곡반정동 하나로마트한국빌딩앞,고정형,2023-12-01,,,
2023,수원시,팔달구청,2023-04-29 14:34,매산동 팅스몰 주차장 출구 옆,고정형,2023-12-01,,,
2023,수원시,팔달구청,2023-04-29 14:35,인계동 드림캐슬주상복합,고정형,2023-12-01,,,
2023,수원시,팔달구청,2023-04-29 14:36,인계동 경인통계청,고정형,2023-12-01,,,
2023,수원시,팔달구청,2023-04-29 14:38,인계동 경인통계청,고정형,2023-12-01,,,
2023,수원시,팔달구청,2023-04-29 14:38,인계동 경인통계청,고정형,2023-12-01,,,
2023,수원시,권선구청,2023-04-29 14:39,곡반정동 하나로마트한국빌딩앞,고정형,2023-12-01,,,
2023,수원시,팔달구청,2023-04-29 14:53,인계동 경인통계청,고정형,2023-12-01,,,
2023,수원시,팔달구청,2023-04-29 14:57,인계동 한국씨티은행,고정형,2023-12-01,,,
2023,수원시,팔달구청,2023-04-29 14:57,인계동 한국씨티은행,고정형,2023-12-01,,,
2023,수원시,권선구청,2023-04-29 15:02,서둔동 수원역한라비발디퍼스트 앞1,고정형,2023-12-01,,,
2023,수원시,팔달구청,2023-04-29 15:08,매산동 팅스몰 주차장 출구 옆,고정형,2023-12-01,,,
2023,수원시,팔달구청,2023-04-29 15:15,인계동 드림캐슬주상복합,고정형,2023-12-01,,,
2023,수원시,권선구청,2023-04-29 15:21,구운동 구운동 명품닭갈비,고정형,2023-12-01,,,
2023,수원시,팔달구청,2023-04-29 15:23,매산동 팅스몰 주차장 출구 옆,고정형,2023-12-01,,,
2023,수원시,팔달구청,2023-04-29 15:29,행궁동 화홍사랑채,고정형,2023-12-01,,,
2023,수원시,팔달구청,2023-04-29 15:46,매산동 팅스몰 주차장 출구 옆,고정형,2023-12-01,,,
2023,수원시,권선구청,2023-04-29 15:51,곡반정동 562-2,국민신문고,2023-12-01,,,
2023,수원시,팔달구청,2023-04-29 15:57,매산동 팅스몰 주차장 출구 옆,고정형,2023-12-01,,,
2023,수원시,팔달구청,2023-04-29 15:58,경기도수원시팔달구장안동 수원시 팔달구 우만동 147-7,보행,2023-12-01,,,
2023,수원시,팔달구청,2023-04-29 15:59,매산동 팅스몰 주차장 출구 옆,고정형,2023-12-01,,,
2023,수원시,팔달구청,2023-04-29 16:00,경기도수원시팔달구장안동 수원시 팔달구 우만고가밑,보행,2023-12-01,,,
2023,수원시,팔달구청,2023-04-29 16:01,경기도수원시팔달구장안동 수원시 팔달구 우만고가밑,보행,2023-12-01,,,
2023,수원시,권선구청,2023-04-29 16:20,곡반정동 하나로마트한국빌딩앞,고정형,2023-12-01,,,
2023,수원시,권선구청,2023-04-29 16:20,곡반정동 하나로마트한국빌딩앞,고정형,2023-12-01,,,
2023,수원시,영통구청,2023-04-29 16:24,영통동 롯데마트 뒤,고정형,2023-12-01,37.27220279535416,127.10856729001851,
2023,수원시,권선구청,2023-04-29 16:27,서둔동 수원역한라비발디퍼스트 앞1,고정형,2023-12-01,,,
2023,수원시,팔달구청,2023-04-29 16:28,경기도수원시팔달구인계동 수원시 팔달구 향교로 37,보행,2023-12-01,,,
2023,수원시,팔달구청,2023-04-29 16:28,경기도수원시팔달구인계동 수원시 팔달구 향교로 37,보행,2023-12-01,,,
2023,수원시,팔달구청,2023-04-29 16:30,인계동 한국씨티은행,고정형,2023-12-01,,,
2023,수원시,영통구청,2023-04-29 16:31,이의동 광교가재울마을사거리,고정형,2023-12-01,,,
2023,수원시,팔달구청,2023-04-29 16:35,경기도수원시팔달구인계동 수원시 팔달구 갓매산로86번길 23,보행,2023-12-01,,,
2023,수원시,팔달구청,2023-04-29 16:36,화서1동 수원역푸르지오자이 북문 우측,고정형,2023-12-01,,,
2023,수원시,팔달구청,2023-04-29 16:39,화서1동 수원역푸르지오자이 북문 우측,고정형,2023-12-01,,,
2023,수원시,팔달구청,2023-04-29 16:40,행궁동 화홍사랑채,고정형,2023-12-01,,,
2023,수원시,팔달구청,2023-04-29 16:53,매산동 팅스몰 주차장 출구 옆,고정형,2023-12-01,,,
2023,수원시,권선구청,2023-04-29 16:55,곡반정동 하나로마트한국빌딩앞,고정형,2023-12-01,,,
2023,수원시,팔달구청,2023-04-29 17:00,매산동 역전농협,고정형,2023-12-01,,,
2023,수원시,팔달구청,2023-04-29 17:02,인계동 한국씨티은행,고정형,2023-12-01,,,
2023,수원시,영통구청,2023-04-29 17:04,영통동 롯데마트 뒤,고정형,2023-12-01,37.27220279535416,127.10856729001851,
2023,수원시,권선구청,2023-04-29 17:13,탑동 178호6335,국민신문고,2023-12-01,,,
2023,수원시,팔달구청,2023-04-29 17:19,행궁동 화홍사랑채,고정형,2023-12-01,,,
2023,수원시,권선구청,2023-04-29 17:21,서둔동 가온팰리스옆2,고정형,2023-12-01,,,
2023,수원시,권선구청,2023-04-29 17:23,오목천동 한화꿈에그린아파트 214동앞,고정형,2023-12-01,,,
2023,수원시,팔달구청,2023-04-29 17:35,매산동 팅스몰 주차장 출구 옆,고정형,2023-12-01,,,
2023,수원시,영통구청,2023-04-29 17:35,영통동 보보스스포츠센터앞,고정형,2023-12-01,,,
2023,수원시,팔달구청,2023-04-29 17:41,매산동 팅스몰 주차장 출구 옆,고정형,2023-12-01,,,
2023,수원시,팔달구청,2023-04-29 17:44,인계동 드림캐슬주상복합,고정형,2023-12-01,,,
2023,수원시,팔달구청,2023-04-29 17:45,인계동 경인통계청,고정형,2023-12-01,,,
2023,수원시,팔달구청,2023-04-29 17:49,화서1동 수원역푸르지오자이 북문 우측,고정형,2023-12-01,,,
2023,수원시,팔달구청,2023-04-29 18:02,인계동 드림캐슬주상복합,고정형,2023-12-01,,,
2023,수원시,팔달구청,2023-04-29 18:37,매산동 팅스몰 주차장 출구 옆,고정형,2023-12-01,,,
2023,수원시,팔달구청,2023-04-29 18:56,화서1동 푸르지오자이 북문 CU 앞 횡단보도,고정형,2023-12-01,,,
2023,수원시,팔달구청,2023-04-29 18:58,매산동 역전농협,고정형,2023-12-01,,,
2023,수원시,팔달구청,2023-04-29 19:24,인계동 드림캐슬주상복합,고정형,2023-12-01,,,
2023,수원시,팔달구청,2023-04-29 19:48,인계동 드림캐슬주상복합,고정형,2023-12-01,,,
2023,수원시,팔달구청,2023-04-29 19:55,매산동 팅스몰 주차장 출구 옆,고정형,2023-12-01,,,
2023,수원시,팔달구청,2023-04-29 20:20,인계동 드림캐슬주상복합,고정형,2023-12-01,,,
2023,수원시,팔달구청,2023-04-29 20:35,매산동 팅스몰 주차장 출구 옆,고정형,2023-12-01,,,
2023,수원시,팔달구청,2023-04-30 6:35,매교동 매교동 287-37 횡단보도,국민신문고,2023-12-01,,,
2023,수원시,팔달구청,2023-04-30 9:02,매산동 팅스몰 주차장 출구 옆,고정형,2023-12-01,,,
2023,수원시,권선구청,2023-04-30 9:02,서둔동 가온팰리스옆2,고정형,2023-12-01,,,
2023,수원시,권선구청,2023-04-30 9:02,곡반정동 하나로마트한국빌딩앞,고정형,2023-12-01,,,
2023,수원시,권선구청,2023-04-30 9:03,곡반정동 하나로마트한국빌딩앞,고정형,2023-12-01,,,
2023,수원시,팔달구청,2023-04-30 9:04,인계동 경인통계청,고정형,2023-12-01,,,
2023,수원시,팔달구청,2023-04-30 9:04,화서1동 푸르지오자이 북문 CU 앞 횡단보도,고정형,2023-12-01,,,
2023,수원시,팔달구청,2023-04-30 9:07,매산동 팅스몰 주차장 출구 옆,고정형,2023-12-01,,,
2023,수원시,권선구청,2023-04-30 9:09,곡반정동 하나로마트한국빌딩앞,고정형,2023-12-01,,,
2023,수원시,권선구청,2023-04-30 9:10,서둔동 가온팰리스옆2,고정형,2023-12-01,,,
2023,수원시,권선구청,2023-04-30 9:10,서둔동 가온팰리스옆2,고정형,2023-12-01,,,
2023,수원시,팔달구청,2023-04-30 9:19,화서1동 수원역푸르지오자이 북문 우측,고정형,2023-12-01,,,
2023,수원시,권선구청,2023-04-30 9:29,권선동 권선동 한라비발디앞 놀이터,고정형,2023-12-01,,,
2023,수원시,팔달구청,2023-04-30 9:32,행궁동 팔달문 버스정류장,고정형,2023-12-01,,,
2023,수원시,팔달구청,2023-04-30 9:43,인계동 경인통계청,고정형,2023-12-01,,,
2023,수원시,팔달구청,2023-04-30 10:06,화서1동 수원역푸르지오자이 북문 우측,고정형,2023-12-01,,,
2023,수원시,영통구청,2023-04-30 10:17,이의동 드림스퀘어Ⅱ 앞,고정형,2023-12-01,,,
2023,수원시,팔달구청,2023-04-30 10:31,인계동 드림캐슬주상복합,고정형,2023-12-01,,,
2023,수원시,팔달구청,2023-04-30 10:40,매산동 역전농협,고정형,2023-12-01,,,
2023,수원시,영통구청,2023-04-30 12:12,영통동 마사회뒷길,고정형,2023-12-01,,,
2023,수원시,팔달구청,2023-04-30 12:32,매산동 역전농협,고정형,2023-12-01,,,
2023,수원시,팔달구청,2023-04-30 12:35,화서1동 수원역푸르지오자이 북문 우측,고정형,2023-12-01,,,
2023,수원시,팔달구청,2023-04-30 13:10,행궁동 팔달문 버스정류장,고정형,2023-12-01,,,
2023,수원시,팔달구청,2023-04-30 13:44,화서1동 푸르지오자이 북문 CU 앞 횡단보도,고정형,2023-12-01,,,
2023,수원시,팔달구청,2023-04-30 13:44,화서동 수원역푸르지오자이 북문 우측,고정형,2023-12-01,,,
2023,수원시,영통구청,2023-04-30 13:56,원천동 광교에일린의뜰 북측,고정형,2023-12-01,,,
2023,수원시,팔달구청,2023-04-30 14:33,매산동 팔달로 10번길 8,고정형,2023-12-01,,,
2023,수원시,권선구청,2023-04-30 14:33,곡선동 권선중앙약국 건너편,고정형,2023-12-01,,,
2023,수원시,권선구청,2023-04-30 14:33,곡반정동 하나로마트한국빌딩앞,고정형,2023-12-01,,,
2023,수원시,권선구청,2023-04-30 14:33,서둔동 가온팰리스옆2,고정형,2023-12-01,,,
2023,수원시,팔달구청,2023-04-30 14:34,매산동 팔달로 10번길 8,고정형,2023-12-01,,,
2023,수원시,팔달구청,2023-04-30 14:35,인계동 경인통계청,고정형,2023-12-01,,,
2023,수원시,팔달구청,2023-04-30 14:35,매산동 팅스몰 주차장 출구 옆,고정형,2023-12-01,,,
2023,수원시,권선구청,2023-04-30 14:37,서둔동 가온팰리스옆2,고정형,2023-12-01,,,
2023,수원시,팔달구청,2023-04-30 14:37,매산동 팅스몰 주차장 출구 옆,고정형,2023-12-01,,,
2023,수원시,팔달구청,2023-04-30 14:37,인계동 경인통계청,고정형,2023-12-01,,,
2023,수원시,팔달구청,2023-04-30 14:45,매산동 팔달로 10번길 8,고정형,2023-12-01,,,
2023,수원시,팔달구청,2023-04-30 14:49,행궁동 화홍사랑채,고정형,2023-12-01,,,
2023,수원시,권선구청,2023-04-30 15:14,오목천동 한화꿈에그린아파트 214동앞,고정형,2023-12-01,,,
2023,수원시,영통구청,2023-04-30 15:15,이의동 광교가재울마을사거리,고정형,2023-12-01,,,
2023,수원시,영통구청,2023-04-30 15:19,경기도수원시영통구하동 수원시 영통구 하동 147,보행,2023-12-01,,,
2023,수원시,팔달구청,2023-04-30 15:20,북수동 북수동 수원천로 372,주행형,2023-12-01,,,
2023,수원시,팔달구청,2023-04-30 15:20,북수동 북수동 수원천로 372,주행형,2023-12-01,,,
2023,수원시,팔달구청,2023-04-30 15:20,북수동 북수동 수원천로 372,주행형,2023-12-01,,,
2023,수원시,팔달구청,2023-04-30 15:20,북수동 북수동 수원천로 372,주행형,2023-12-01,,,
2023,수원시,팔달구청,2023-04-30 15:21,화서1동 수원역푸르지오자이 북문 우측,고정형,2023-12-01,,,
2023,수원시,팔달구청,2023-04-30 15:21,화서1동 수원역푸르지오자이 북문 우측,고정형,2023-12-01,,,
2023,수원시,권선구청,2023-04-30 15:22,서둔동 가온팰리스옆1,고정형,2023-12-01,,,
2023,수원시,팔달구청,2023-04-30 15:26,화서동 푸르지오자이 북문 CU 앞 횡단보도,고정형,2023-12-01,,,
2023,수원시,팔달구청,2023-04-30 15:28,인계동 드림캐슬주상복합,고정형,2023-12-01,,,
2023,수원시,팔달구청,2023-04-30 15:28,인계동 드림캐슬주상복합,고정형,2023-12-01,,,
2023,수원시,팔달구청,2023-04-30 15:36,매산동 팅스몰 주차장 출구 옆,고정형,2023-12-01,,,
2023,수원시,팔달구청,2023-04-30 15:50,매산동 팅스몰 주차장 출구 옆,고정형,2023-12-01,,,
2023,수원시,팔달구청,2023-04-30 15:54,행궁동 화홍사랑채,고정형,2023-12-01,,,
2023,수원시,권선구청,2023-04-30 15:55,곡반정동 하나로마트한국빌딩앞,고정형,2023-12-01,,,
2023,수원시,팔달구청,2023-04-30 16:23,매산동 팅스몰 주차장 출구 옆,고정형,2023-12-01,,,
2023,수원시,팔달구청,2023-04-30 16:27,인계동 경인통계청,고정형,2023-12-01,,,
2023,수원시,팔달구청,2023-04-30 16:31,인계동 경인통계청,고정형,2023-12-01,,,
2023,수원시,팔달구청,2023-04-30 16:44,행궁동 화홍사랑채,고정형,2023-12-01,,,
2023,수원시,팔달구청,2023-04-30 16:46,인계동 경인통계청,고정형,2023-12-01,,,
2023,수원시,팔달구청,2023-04-30 16:50,행궁동 팔달문 버스정류장,고정형,2023-12-01,,,
2023,수원시,영통구청,2023-04-30 16:53,영통동 롯데마트 뒤,고정형,2023-12-01,37.27220279535416,127.10856729001851,
2023,수원시,권선구청,2023-04-30 16:59,권선동 권선동 한라비발디앞 놀이터,고정형,2023-12-01,,,
2023,수원시,권선구청,2023-04-30 17:04,곡반정동 하나로마트한국빌딩앞,고정형,2023-12-01,,,
2023,수원시,팔달구청,2023-04-30 17:12,화서1동 수원역푸르지오자이 북문 우측,고정형,2023-12-01,,,
2023,수원시,팔달구청,2023-04-30 17:21,행궁동 화홍사랑채,고정형,2023-12-01,,,
2023,수원시,영통구청,2023-04-30 17:22,영통동 보보스스포츠센터앞,고정형,2023-12-01,,,
2023,수원시,팔달구청,2023-04-30 17:28,인계동 경인통계청,고정형,2023-12-01,,,
2023,수원시,영통구청,2023-04-30 17:29,영통동 롯데마트 뒤,고정형,2023-12-01,37.27220279535416,127.10856729001851,
2023,수원시,팔달구청,2023-04-30 17:39,화서1동 수원역푸르지오자이 북문 우측,고정형,2023-12-01,,,
2023,수원시,팔달구청,2023-04-30 17:57,매산동 팅스몰 주차장 출구 옆,고정형,2023-12-01,,,
2023,수원시,팔달구청,2023-04-30 18:01,인계동 드림캐슬주상복합,고정형,2023-12-01,,,
2023,수원시,팔달구청,2023-04-30 18:01,인계동 드림캐슬주상복합,고정형,2023-12-01,,,
2023,수원시,팔달구청,2023-04-30 18:01,인계동 드림캐슬주상복합,고정형,2023-12-01,,,
2023,수원시,팔달구청,2023-04-30 18:02,매산동 팅스몰 주차장 출구 옆,고정형,2023-12-01,,,
2023,수원시,팔달구청,2023-04-30 19:02,화서1동 수원역푸르지오자이 북문 우측,고정형,2023-12-01,,,
2023,수원시,팔달구청,2023-04-30 19:02,화서1동 수원역푸르지오자이 북문 우측,고정형,2023-12-01,,,
2023,수원시,팔달구청,2023-04-30 19:03,매산동 팅스몰 주차장 출구 옆,고정형,2023-12-01,,,
2023,수원시,팔달구청,2023-04-30 19:40,화서1동 수원역푸르지오자이 북문 우측,고정형,2023-12-01,,,
2023,수원시,팔달구청,2023-04-30 19:45,화서동 푸르지오자이 북문 CU 앞 횡단보도,고정형,2023-12-01,,,
2023,수원시,팔달구청,2023-04-30 20:18,매산동 팅스몰 주차장 출구 옆,고정형,2023-12-01,,,
2023,수원시,팔달구청,2023-04-30 20:19,매산동 팅스몰 주차장 출구 옆,고정형,2023-12-01,,,
2023,수원시,팔달구청,2023-04-30 20:19,화서1동 수원역푸르지오자이 북문 우측,고정형,2023-12-01,,,
2023,수원시,팔달구청,2023-04-30 20:25,매산동 팔달로 10번길 8,고정형,2023-12-01,,,
2023,수원시,팔달구청,2023-04-30 20:38,인계동 드림캐슬주상복합,고정형,2023-12-01,,,
2023,수원시,팔달구청,2023-05-01 7:05,화서1동 수원역푸르지오자이 북문 우측,고정형,2023-12-01,,,
2023,수원시,팔달구청,2023-05-01 7:05,화서1동 수원역푸르지오자이 북문 우측,고정형,2023-12-01,,,
2023,수원시,팔달구청,2023-05-01 7:08,화서1동 푸르지오자이 북문 CU 앞 횡단보도,고정형,2023-12-01,,,
2023,수원시,팔달구청,2023-05-01 7:35,매산동 팅스몰 주차장 출구 옆,고정형,2023-12-01,,,
2023,수원시,팔달구청,2023-05-01 7:36,매산동 팅스몰 주차장 출구 옆,고정형,2023-12-01,,,
2023,수원시,팔달구청,2023-05-01 7:37,매산동 팅스몰 주차장 출구 옆,고정형,2023-12-01,,,
2023,수원시,팔달구청,2023-05-01 7:38,매산동 팔달로 10번길 8,고정형,2023-12-01,,,
2023,수원시,팔달구청,2023-05-01 7:42,매산동 팅스몰 주차장 출구 옆,고정형,2023-12-01,,,
2023,수원시,팔달구청,2023-05-01 8:07,인계동 경인통계청,고정형,2023-12-01,,,
2023,수원시,팔달구청,2023-05-01 8:27,인계동 경인통계청,고정형,2023-12-01,,,
2023,수원시,팔달구청,2023-05-01 8:27,인계동 경인통계청,고정형,2023-12-01,,,
2023,수원시,영통구청,2023-05-01 8:45,영통동 롯데마트 뒤,고정형,2023-12-01,37.27220279535416,127.10856729001851,
2023,수원시,팔달구청,2023-05-01 9:02,화서1동 푸르지오자이 북문 CU 앞 횡단보도,고정형,2023-12-01,,,
2023,수원시,팔달구청,2023-05-01 9:17,매산동 팅스몰 주차장 출구 옆,고정형,2023-12-01,,,
2023,수원시,팔달구청,2023-05-01 9:19,매산동 역전농협,고정형,2023-12-01,,,
2023,수원시,장안구청,2023-05-01 9:22,율전동 화홍초등학교,고정형,2023-12-01,,,
2023,수원시,팔달구청,2023-05-01 9:34,인계동 한국씨티은행,고정형,2023-12-01,,,
2023,수원시,권선구청,2023-05-01 9:35,곡반정동 하나로마트한국빌딩앞,고정형,2023-12-01,,,
2023,수원시,팔달구청,2023-05-01 9:58,화서1동 수원역푸르지오자이 북문 우측,고정형,2023-12-01,,,
2023,수원시,팔달구청,2023-05-01 9:58,화서1동 수원역푸르지오자이 북문 우측,고정형,2023-12-01,,,
2023,수원시,팔달구청,2023-05-01 10:04,인계동 경인통계청,고정형,2023-12-01,,,
2023,수원시,영통구청,2023-05-01 10:08,망포동 E-마트 에브리데이 앞,고정형,2023-12-01,37.2361017468141,127.060345496536,
2023,수원시,팔달구청,2023-05-01 10:13,북수동 쌈지공원 앞,고정형,2023-12-01,,,
2023,수원시,권선구청,2023-05-01 10:21,곡반정동 하나로마트한국빌딩앞,고정형,2023-12-01,,,
2023,수원시,영통구청,2023-05-01 10:32,이의동 드림스퀘어Ⅱ 앞,고정형,2023-12-01,,,
2023,수원시,팔달구청,2023-05-01 10:34,매산동 팅스몰 주차장 출구 옆,고정형,2023-12-01,,,
2023,수원시,영통구청,2023-05-01 10:37,영통동 롯데마트 뒤,고정형,2023-12-01,37.27220279535416,127.10856729001851,
2023,수원시,팔달구청,2023-05-01 10:41,인계동 한국씨티은행,고정형,2023-12-01,,,
2023,수원시,팔달구청,2023-05-01 10:51,영동 영동 팔달문로9,주행형,2023-12-01,,,
2023,수원시,팔달구청,2023-05-01 10:54,화서1동 수원역푸르지오자이 북문 우측,고정형,2023-12-01,,,
2023,수원시,권선구청,2023-05-01 11:14,권선동 1113-3,국민신문고,2023-12-01,,,
2023,수원시,권선구청,2023-05-01 11:54,곡반정동 562-2,국민신문고,2023-12-01,,,
2023,수원시,팔달구청,2023-05-01 12:08,화서1동 수원역푸르지오자이 북문 우측,고정형,2023-12-01,,,
2023,수원시,팔달구청,2023-05-01 12:31,고등동 푸르지오자이 북문 CU 앞 횡단보도,고정형,2023-12-01,,,
2023,수원시,팔달구청,2023-05-01 13:02,행궁동 팔달문 버스정류장,고정형,2023-12-01,,,
2023,수원시,팔달구청,2023-05-01 13:23,화서1동 수원역푸르지오자이 북문 우측,고정형,2023-12-01,,,
2023,수원시,영통구청,2023-05-01 13:35,광교동 광교웰빙타운한양수자인,고정형,2023-12-01,,,
2023,수원시,팔달구청,2023-05-01 13:40,화서동 푸르지오자이 북문 CU 앞 횡단보도,고정형,2023-12-01,,,
2023,수원시,팔달구청,2023-05-01 14:19,남수동 남수동 정조로800번길,주행형,2023-12-01,,,
2023,수원시,팔달구청,2023-05-01 14:19,남수동 남수동 정조로800번길,주행형,2023-12-01,,,
2023,수원시,팔달구청,2023-05-01 14:20,남수동 남수동 정조로800번길,주행형,2023-12-01,,,
2023,수원시,팔달구청,2023-05-01 14:22,남수동 남수동 정조로796번길,주행형,2023-12-01,,,
2023,수원시,팔달구청,2023-05-01 14:22,남수동 남수동 정조로796번길,주행형,2023-12-01,,,
2023,수원시,팔달구청,2023-05-01 14:22,남수동 남수동 정조로800번길,주행형,2023-12-01,,,
2023,수원시,팔달구청,2023-05-01 14:22,남수동 남수동 정조로810번길,주행형,2023-12-01,,,
2023,수원시,팔달구청,2023-05-01 14:26,영동 영동 중부대로 29,주행형,2023-12-01,,,
2023,수원시,팔달구청,2023-05-01 14:28,인계동 인계동 매산로169,주행형,2023-12-01,,,
2023,수원시,팔달구청,2023-05-01 14:29,화서1동 수원역푸르지오자이 북문 우측,고정형,2023-12-01,,,
2023,수원시,권선구청,2023-05-01 14:33,곡반정동 하나로마트한국빌딩앞,고정형,2023-12-01,,,
2023,수원시,권선구청,2023-05-01 14:33,곡반정동 하나로마트한국빌딩앞,고정형,2023-12-01,,,
2023,수원시,팔달구청,2023-05-01 14:33,매산동 팅스몰 주차장 출구 옆,고정형,2023-12-01,,,
2023,수원시,팔달구청,2023-05-01 14:33,인계동 경인통계청,고정형,2023-12-01,,,
2023,수원시,팔달구청,2023-05-01 14:35,인계동 드림캐슬주상복합,고정형,2023-12-01,,,
2023,수원시,팔달구청,2023-05-01 14:35,인계동 드림캐슬주상복합,고정형,2023-12-01,,,
2023,수원시,영통구청,2023-05-01 14:36,이의동 드림스퀘어Ⅱ 앞,고정형,2023-12-01,,,
2023,수원시,팔달구청,2023-05-01 14:36,화서1동 수원역푸르지오자이 북문 우측,고정형,2023-12-01,,,
2023,수원시,영통구청,2023-05-01 14:55,이의동 드림스퀘어Ⅱ 앞,고정형,2023-12-01,,,
2023,수원시,권선구청,2023-05-01 14:55,금곡동 59서9059,국민신문고,2023-12-01,,,
2023,수원시,팔달구청,2023-05-01 15:07,교동 교동 향교로137번길,주행형,2023-12-01,,,
2023,수원시,팔달구청,2023-05-01 15:07,교동 교동 행궁로84번길,주행형,2023-12-01,,,
2023,수원시,권선구청,2023-05-01 15:22,서둔동 가온팰리스옆2,고정형,2023-12-01,,,
2023,수원시,권선구청,2023-05-01 15:30,금곡동 금곡로222번길,주행형,2023-12-01,,,
2023,수원시,권선구청,2023-05-01 15:30,금곡동 금곡로222번길,주행형,2023-12-01,,,
2023,수원시,권선구청,2023-05-01 15:30,금곡동 금곡로222번길,주행형,2023-12-01,,,
2023,수원시,권선구청,2023-05-01 15:31,호매실동 금호프라자 대각 맞은편,고정형,2023-12-01,,,
2023,수원시,팔달구청,2023-05-01 15:42,인계동 경인통계청,고정형,2023-12-01,,,
2023,수원시,권선구청,2023-05-01 15:50,권선동 243노1044,국민신문고,2023-12-01,,,
2023,수원시,팔달구청,2023-05-01 15:51,매산동 팅스몰 주차장 출구 옆,고정형,2023-12-01,,,
2023,수원시,팔달구청,2023-05-01 16:12,화서1동 수원역푸르지오자이 북문 우측,고정형,2023-12-01,,,
2023,수원시,팔달구청,2023-05-01 16:25,매산동 팔달로 10번길 8,고정형,2023-12-01,,,
2023,수원시,팔달구청,2023-05-01 16:45,매산동 팅스몰 주차장 출구 옆,고정형,2023-12-01,,,
2023,수원시,팔달구청,2023-05-01 16:46,인계동 한국씨티은행,고정형,2023-12-01,,,
2023,수원시,영통구청,2023-05-01 16:56,원천동 광교매원초등학교,고정형,2023-12-01,,,
2023,수원시,팔달구청,2023-05-01 17:00,화서1동 푸르지오자이 북문 CU 앞 횡단보도,고정형,2023-12-01,,,
2023,수원시,영통구청,2023-05-01 17:14,이의동 드림스퀘어Ⅱ 앞,고정형,2023-12-01,,,
2023,수원시,권선구청,2023-05-01 17:15,곡반정동 하나로마트한국빌딩앞,고정형,2023-12-01,,,
2023,수원시,팔달구청,2023-05-01 17:23,화서1동 푸르지오자이 북문 CU 앞 횡단보도,고정형,2023-12-01,,,
2023,수원시,팔달구청,2023-05-01 17:32,화서1동 수원역푸르지오자이 북문 우측,고정형,2023-12-01,,,
2023,수원시,팔달구청,2023-05-01 17:32,매산동 팅스몰 주차장 출구 옆,고정형,2023-12-01,,,
2023,수원시,영통구청,2023-05-01 17:45,망포동 국민은행신영통지점(태장동),고정형,2023-12-01,,,
2023,수원시,팔달구청,2023-05-01 17:52,매산동 팅스몰 주차장 출구 옆,고정형,2023-12-01,,,
2023,수원시,팔달구청,2023-05-01 18:08,인계동 드림캐슬주상복합,고정형,2023-12-01,,,
2023,수원시,팔달구청,2023-05-01 18:21,매산동 팅스몰 주차장 출구 옆,고정형,2023-12-01,,,
2023,수원시,팔달구청,2023-05-01 18:34,화서1동 수원역푸르지오자이 북문 우측,고정형,2023-12-01,,,
2023,수원시,팔달구청,2023-05-01 19:58,인계동 드림캐슬주상복합,고정형,2023-12-01,,,
2023,수원시,권선구청,2023-05-02 5:36,곡반정동 562-2,국민신문고,2023-12-01,,,
2023,수원시,권선구청,2023-05-02 5:37,곡반정동 562-2,국민신문고,2023-12-01,,,
2023,수원시,팔달구청,2023-05-02 7:03,화서1동 수원역푸르지오자이 북문 우측,고정형,2023-12-01,,,
2023,수원시,팔달구청,2023-05-02 7:03,화서1동 푸르지오자이 북문 CU 앞 횡단보도,고정형,2023-12-01,,,
2023,수원시,팔달구청,2023-05-02 7:33,매산동 팔달로 10번길 8,고정형,2023-12-01,,,
2023,수원시,팔달구청,2023-05-02 7:34,매산동 팅스몰 주차장 출구 옆,고정형,2023-12-01,,,
2023,수원시,팔달구청,2023-05-02 7:36,매산동 팅스몰 주차장 출구 옆,고정형,2023-12-01,,,
2023,수원시,팔달구청,2023-05-02 7:39,매산동 팅스몰 주차장 출구 옆,고정형,2023-12-01,,,
2023,수원시,권선구청,2023-05-02 8:02,서둔동 수원역한라비발디퍼스트 앞1,고정형,2023-12-01,,,
2023,수원시,권선구청,2023-05-02 8:03,곡반정동 하나로마트한국빌딩앞,고정형,2023-12-01,,,
2023,수원시,권선구청,2023-05-02 8:04,곡반정동 하나로마트한국빌딩앞,고정형,2023-12-01,,,
2023,수원시,권선구청,2023-05-02 8:05,오목천동 한화꿈에그린아파트 209동앞,고정형,2023-12-01,,,
2023,수원시,권선구청,2023-05-02 8:07,곡반정동 하나로마트한국빌딩앞,고정형,2023-12-01,,,
2023,수원시,권선구청,2023-05-02 8:07,서둔동 가온팰리스옆2,고정형,2023-12-01,,,
2023,수원시,팔달구청,2023-05-02 8:11,북수동 쌈지공원 앞,고정형,2023-12-01,,,
2023,수원시,영통구청,2023-05-02 8:20,이의동 도청예정부지,고정형,2023-12-01,,,
2023,수원시,권선구청,2023-05-02 8:31,서둔동 수원역한라비발디퍼스트 앞2,고정형,2023-12-01,,,
2023,수원시,권선구청,2023-05-02 8:49,서둔동 가온팰리스옆2,고정형,2023-12-01,,,
2023,수원시,권선구청,2023-05-02 9:10,서둔동 가온팰리스옆2,고정형,2023-12-01,,,
2023,수원시,권선구청,2023-05-02 9:12,서둔동 수원역한라비발디퍼스트 앞1,고정형,2023-12-01,,,
2023,수원시,권선구청,2023-05-02 9:17,호매실동 금호프라자 대각 맞은편,고정형,2023-12-01,,,
2023,수원시,영통구청,2023-05-02 9:25,이의동 드림스퀘어Ⅱ 앞,고정형,2023-12-01,,,
2023,수원시,권선구청,2023-05-02 9:28,세류3동 신곡초교 후문 좌측 사거리,고정형,2023-12-01,,,
2023,수원시,팔달구청,2023-05-02 10:16,영동 영동 팔달문로9,주행형,2023-12-01,,,
2023,수원시,팔달구청,2023-05-02 10:16,영동 영동 수원천로275,주행형,2023-12-01,,,
2023,수원시,팔달구청,2023-05-02 10:16,영동 영동 수원천로275,주행형,2023-12-01,,,
2023,수원시,권선구청,2023-05-02 10:25,호매실동 금호프라자 대각 맞은편,고정형,2023-12-01,,,
2023,수원시,팔달구청,2023-05-02 10:27,인계동 드림캐슬주상복합,고정형,2023-12-01,,,
2023,수원시,팔달구청,2023-05-02 10:34,경기도수원시팔달구화서동 수원시 팔달구 효원로 291번길 14-5,보행,2023-12-01,,,
2023,수원시,팔달구청,2023-05-02 10:35,경기도수원시팔달구화서동 수원시 팔달구 효원로 291번길 14-5,보행,2023-12-01,,,
2023,수원시,영통구청,2023-05-02 10:36,이의동 창룡대로298번길,주행형,2023-12-01,,,
2023,수원시,팔달구청,2023-05-02 10:36,경기도수원시팔달구화서동 수원시 팔달구 효원로 291번길 14-5,보행,2023-12-01,,,
2023,수원시,영통구청,2023-05-02 11:41,광교동 광교이의119안전센터,고정형,2023-12-01,,,
2023,수원시,영통구청,2023-05-02 12:07,이의동 도청예정부지,고정형,2023-12-01,,,
2023,수원시,영통구청,2023-05-02 12:17,이의동 도청예정부지,고정형,2023-12-01,,,
2023,수원시,팔달구청,2023-05-02 13:03,화서1동 수원역푸르지오자이 북문 우측,고정형,2023-12-01,,,
2023,수원시,영통구청,2023-05-02 13:24,이의동 도청예정부지,고정형,2023-12-01,,,
2023,수원시,영통구청,2023-05-02 13:25,이의동 광교가재울마을사거리,고정형,2023-12-01,,,
2023,수원시,팔달구청,2023-05-02 14:10,남수동 남수동 정조로800번길,주행형,2023-12-01,,,
2023,수원시,팔달구청,2023-05-02 14:10,남수동 남수동 정조로800번길,주행형,2023-12-01,,,
2023,수원시,팔달구청,2023-05-02 14:11,남수동 남수동 정조로800번길,주행형,2023-12-01,,,
2023,수원시,팔달구청,2023-05-02 14:12,남수동 남수동 창룡대로8번길,주행형,2023-12-01,,,
2023,수원시,팔달구청,2023-05-02 14:15,영동 영동 팔달문로9,주행형,2023-12-01,,,
2023,수원시,팔달구청,2023-05-02 14:15,영동 영동 수원천로275,주행형,2023-12-01,,,
2023,수원시,팔달구청,2023-05-02 14:18,인계동 인계동 수원천로231번길3,주행형,2023-12-01,,,
2023,수원시,팔달구청,2023-05-02 14:19,인계동 인계동 매산로169,주행형,2023-12-01,,,
2023,수원시,팔달구청,2023-05-02 14:19,인계동 인계동 수원천로 225,주행형,2023-12-01,,,
2023,수원시,영통구청,2023-05-02 14:25,광교동 광교이의119안전센터,고정형,2023-12-01,,,
2023,수원시,팔달구청,2023-05-02 14:32,매산로3가 매산로3가 향교로61,주행형,2023-12-01,,,
2023,수원시,팔달구청,2023-05-02 14:33,인계동 드림캐슬주상복합,고정형,2023-12-01,,,
2023,수원시,팔달구청,2023-05-02 14:33,매산동 팔달로 10번길 8,고정형,2023-12-01,,,
2023,수원시,팔달구청,2023-05-02 14:34,경기도수원시팔달구매산로2가 수원시 팔달구 매산로3가 94-8,보행,2023-12-01,,,
2023,수원시,권선구청,2023-05-02 14:36,서둔동 가온팰리스옆2,고정형,2023-12-01,,,
2023,수원시,팔달구청,2023-05-02 14:41,교동 교동 매산로92번길,주행형,2023-12-01,,,
2023,수원시,권선구청,2023-05-02 14:51,평동 고현초교 정문 좌측 삼거리,고정형,2023-12-01,,,
2023,수원시,권선구청,2023-05-02 14:56,금곡동 금곡로222번길,주행형,2023-12-01,,,
2023,수원시,권선구청,2023-05-02 14:56,금곡동 금곡로222번길,주행형,2023-12-01,,,
2023,수원시,권선구청,2023-05-02 14:56,금곡동 금곡로222번길,주행형,2023-12-01,,,
2023,수원시,팔달구청,2023-05-02 15:12,매산동 팔달로 10번길 8,고정형,2023-12-01,,,
2023,수원시,권선구청,2023-05-02 15:15,권선2동 곡정초교 정문 좌측 사거리,고정형,2023-12-01,,,
2023,수원시,권선구청,2023-05-02 15:15,권선2동 곡정초교 정문 좌측 사거리,고정형,2023-12-01,,,
2023,수원시,영통구청,2023-05-02 15:40,영통동 롯데마트 뒤,고정형,2023-12-01,37.27220279535416,127.10856729001851,
2023,수원시,팔달구청,2023-05-02 15:58,인계동 드림캐슬주상복합,고정형,2023-12-01,,,
2023,수원시,권선구청,2023-05-02 16:03,입북동 당수초교 정문 우측 사거리,고정형,2023-12-01,,,
2023,수원시,권선구청,2023-05-02 16:13,매교동 청원한의원 앞,고정형,2023-12-01,,,
2023,수원시,권선구청,2023-05-02 16:13,서둔동 가온팰리스옆2,고정형,2023-12-01,,,
2023,수원시,권선구청,2023-05-02 16:13,서둔동 가온팰리스옆2,고정형,2023-12-01,,,
2023,수원시,팔달구청,2023-05-02 16:24,화서1동 수원역푸르지오자이 북문 우측,고정형,2023-12-01,,,
2023,수원시,팔달구청,2023-05-02 16:47,인계동 드림캐슬주상복합,고정형,2023-12-01,,,
2023,수원시,팔달구청,2023-05-02 16:57,화서1동 수원역푸르지오자이 북문 우측,고정형,2023-12-01,,,
2023,수원시,권선구청,2023-05-02 17:17,곡반정동 하나로마트한국빌딩앞,고정형,2023-12-01,,,
2023,수원시,권선구청,2023-05-02 17:23,곡반정동 하나로마트한국빌딩앞,고정형,2023-12-01,,,
2023,수원시,권선구청,2023-05-02 17:23,곡반정동 하나로마트한국빌딩앞,고정형,2023-12-01,,,
2023,수원시,권선구청,2023-05-02 17:30,곡반정동 하나로마트한국빌딩앞,고정형,2023-12-01,,,
2023,수원시,팔달구청,2023-05-02 17:36,매산동 역전농협,고정형,2023-12-01,,,
2023,수원시,팔달구청,2023-05-02 17:43,매산동 팅스몰 주차장 출구 옆,고정형,2023-12-01,,,
2023,수원시,팔달구청,2023-05-02 18:13,고등동 수원초등학교 정문 좌측 사거리,고정형,2023-12-01,,,
2023,수원시,팔달구청,2023-05-02 19:05,매산동 팅스몰 주차장 출구 옆,고정형,2023-12-01,,,
2023,수원시,영통구청,2023-05-02 19:14,광교동 광교 덴티움지식산업센터 앞 사거리,고정형,2023-12-01,,,
2023,수원시,영통구청,2023-05-02 19:15,망포동 E-마트 에브리데이 앞,고정형,2023-12-01,37.2361017468141,127.060345496536,
2023,수원시,팔달구청,2023-05-02 19:39,매산동 팅스몰 주차장 출구 옆,고정형,2023-12-01,,,
2023,수원시,팔달구청,2023-05-02 19:46,인계동 드림캐슬주상복합,고정형,2023-12-01,,,
2023,수원시,팔달구청,2023-05-02 19:52,매산동 팅스몰 주차장 출구 옆,고정형,2023-12-01,,,
2023,수원시,팔달구청,2023-05-02 20:01,매산동 팅스몰 주차장 출구 옆,고정형,2023-12-01,,,
2023,수원시,팔달구청,2023-05-02 20:14,매산동 팅스몰 주차장 출구 옆,고정형,2023-12-01,,,
2023,수원시,영통구청,2023-05-02 20:30,원천동 광교매원초등학교,고정형,2023-12-01,,,
2023,수원시,팔달구청,2023-05-02 20:34,인계동 드림캐슬주상복합,고정형,2023-12-01,,,
2023,수원시,팔달구청,2023-05-02 21:37,인계동 드림캐슬주상복합,고정형,2023-12-01,,,
2023,수원시,권선구청,2023-05-03 3:18,곡반정동 562-2,국민신문고,2023-12-01,,,
2023,수원시,권선구청,2023-05-03 3:18,곡반정동 562-2,국민신문고,2023-12-01,,,
2023,수원시,권선구청,2023-05-03 3:20,곡반정동 562-2,국민신문고,2023-12-01,,,
2023,수원시,권선구청,2023-05-03 3:25,곡반정동 562-2,국민신문고,2023-12-01,,,
2023,수원시,권선구청,2023-05-03 8:04,곡반정동 하나로마트한국빌딩앞,고정형,2023-12-01,,,
2023,수원시,권선구청,2023-05-03 8:06,서둔동 가온팰리스옆2,고정형,2023-12-01,,,
2023,수원시,권선구청,2023-05-03 8:13,곡반정동 하나로마트한국빌딩앞,고정형,2023-12-01,,,
2023,수원시,권선구청,2023-05-03 8:15,서둔동 가온팰리스옆2,고정형,2023-12-01,,,
2023,수원시,권선구청,2023-05-03 8:15,서둔동 가온팰리스옆2,고정형,2023-12-01,,,
2023,수원시,팔달구청,2023-05-03 8:55,인계동 드림캐슬주상복합,고정형,2023-12-01,,,
2023,수원시,권선구청,2023-05-03 9:00,세류3동 신곡초교 후문 좌측 사거리,고정형,2023-12-01,,,
2023,수원시,팔달구청,2023-05-03 9:07,인계동 드림캐슬주상복합,고정형,2023-12-01,,,
2023,수원시,권선구청,2023-05-03 9:09,서둔동 가온팰리스옆2,고정형,2023-12-01,,,
2023,수원시,팔달구청,2023-05-03 9:10,매산동 팅스몰 주차장 출구 옆,고정형,2023-12-01,,,
2023,수원시,권선구청,2023-05-03 9:13,경기도수원시권선구금곡동 수원시 권선구 금곡동 85-4,보행,2023-12-01,,,
2023,수원시,권선구청,2023-05-03 9:13,경기도수원시권선구금곡동 수원시 권선구 금곡동 85-4,보행,2023-12-01,,,
2023,수원시,영통구청,2023-05-03 9:14,광교동 광교이의119안전센터,고정형,2023-12-01,,,
2023,수원시,팔달구청,2023-05-03 9:19,화서1동 푸르지오자이 북문 CU 앞 횡단보도,고정형,2023-12-01,,,
2023,수원시,권선구청,2023-05-03 9:37,서둔동 가온팰리스옆2,고정형,2023-12-01,,,
2023,수원시,팔달구청,2023-05-03 11:06,경기도수원시팔달구고등동 수원시 팔달구 동말로25번길71,보행,2023-12-01,,,
2023,수원시,팔달구청,2023-05-03 12:36,고등동 수원초등학교 정문 좌측 사거리,고정형,2023-12-01,,,
2023,수원시,팔달구청,2023-05-03 12:37,고등동 수원초등학교 정문 좌측 사거리,고정형,2023-12-01,,,
2023,수원시,팔달구청,2023-05-03 14:16,북수동 북수동 화서문로 83,주행형,2023-12-01,,,
2023,수원시,장안구청,2023-05-03 14:17,천천동 화산로163번길,주행형,2023-12-01,,,
2023,수원시,장안구청,2023-05-03 14:17,천천동 화산로163번길,주행형,2023-12-01,,,
2023,수원시,장안구청,2023-05-03 14:17,천천동 화산로163번길,주행형,2023-12-01,,,
2023,수원시,장안구청,2023-05-03 14:17,천천동 화산로163번길,주행형,2023-12-01,,,
2023,수원시,장안구청,2023-05-03 14:17,천천동 화산로163번길,주행형,2023-12-01,,,
2023,수원시,팔달구청,2023-05-03 14:18,남수동 남수동 정조로800번길,주행형,2023-12-01,,,
2023,수원시,팔달구청,2023-05-03 14:18,남수동 남수동 정조로800번길,주행형,2023-12-01,,,
2023,수원시,팔달구청,2023-05-03 14:19,남수동 남수동 정조로800번길,주행형,2023-12-01,,,
2023,수원시,팔달구청,2023-05-03 14:22,영동 영동 수원천로275,주행형,2023-12-01,,,
2023,수원시,팔달구청,2023-05-03 14:23,영동 영동 팔달문로9,주행형,2023-12-01,,,
2023,수원시,팔달구청,2023-05-03 14:30,영동 영동 팔달문로9,주행형,2023-12-01,,,
2023,수원시,팔달구청,2023-05-03 14:36,인계동 인계동 수원천로 225-1,주행형,2023-12-01,,,
2023,수원시,팔달구청,2023-05-03 14:37,인계동 인계동 매산로169,주행형,2023-12-01,,,
2023,수원시,팔달구청,2023-05-03 14:46,인계동 드림캐슬주상복합,고정형,2023-12-01,,,
2023,수원시,팔달구청,2023-05-03 14:48,인계동 한국씨티은행,고정형,2023-12-01,,,
2023,수원시,장안구청,2023-05-03 14:49,경기도수원시장안구이목동 수원시 장안구 이목동 378,보행,2023-12-01,,,
2023,수원시,팔달구청,2023-05-03 14:56,경기도수원시팔달구고등동 수원시 팔달구 고등동 215-1,보행,2023-12-01,,,
2023,수원시,권선구청,2023-05-03 14:57,서둔동 가온팰리스옆1,고정형,2023-12-01,,,
2023,수원시,팔달구청,2023-05-03 14:58,경기도수원시팔달구고등동 수원시 팔달구 고등동 215-1,보행,2023-12-01,,,
2023,수원시,팔달구청,2023-05-03 14:59,경기도수원시팔달구고등동 수원시 팔달구 고등동 215-1,보행,2023-12-01,,,
2023,수원시,팔달구청,2023-05-03 14:59,경기도수원시팔달구고등동 수원시 팔달구 고등동 215-1,보행,2023-12-01,,,
2023,수원시,팔달구청,2023-05-03 14:59,경기도수원시팔달구고등동 수원시 팔달구 고등동 215-1,보행,2023-12-01,,,
2023,수원시,팔달구청,2023-05-03 15:00,경기도수원시팔달구고등동 수원시 팔달구 고등동 215-1,보행,2023-12-01,,,
2023,수원시,팔달구청,2023-05-03 15:00,경기도수원시팔달구고등동 수원시 팔달구 고등동 215-1,보행,2023-12-01,,,
2023,수원시,팔달구청,2023-05-03 15:01,경기도수원시팔달구고등동 수원시 팔달구 고등동 215-1,보행,2023-12-01,,,
2023,수원시,영통구청,2023-05-03 15:13,하동 광교호반마을한양수자인,고정형,2023-12-01,,,
2023,수원시,팔달구청,2023-05-03 15:46,인계동 드림캐슬주상복합,고정형,2023-12-01,,,
2023,수원시,팔달구청,2023-05-03 16:48,매산동 팔달로 10번길 8,고정형,2023-12-01,,,
2023,수원시,팔달구청,2023-05-03 16:49,화서1동 수원역푸르지오자이 북문 우측,고정형,2023-12-01,,,
2023,수원시,팔달구청,2023-05-03 16:49,화서1동 수원역푸르지오자이 북문 우측,고정형,2023-12-01,,,
2023,수원시,팔달구청,2023-05-03 17:28,화서1동 수원역푸르지오자이 북문 우측,고정형,2023-12-01,,,
2023,수원시,팔달구청,2023-05-03 18:08,인계동 드림캐슬주상복합,고정형,2023-12-01,,,
2023,수원시,팔달구청,2023-05-03 19:02,매산동 팅스몰 주차장 출구 옆,고정형,2023-12-01,,,
2023,수원시,권선구청,2023-05-03 19:25,곡반정동 562-2,국민신문고,2023-12-01,,,
2023,수원시,팔달구청,2023-05-03 19:30,화서1동 푸르지오자이 북문 CU 앞 횡단보도,고정형,2023-12-01,,,
2023,수원시,권선구청,2023-05-03 19:34,곡반정동 562-2,국민신문고,2023-12-01,,,
2023,수원시,권선구청,2023-05-03 19:39,곡반정동 562-2,국민신문고,2023-12-01,,,
2023,수원시,팔달구청,2023-05-03 20:00,인계동 드림캐슬주상복합,고정형,2023-12-01,,,
2023,수원시,팔달구청,2023-05-03 20:00,인계동 드림캐슬주상복합,고정형,2023-12-01,,,
2023,수원시,팔달구청,2023-05-03 20:51,인계동 드림캐슬주상복합,고정형,2023-12-01,,,
2023,수원시,권선구청,2023-05-04 5:40,곡반정동 562-2,국민신문고,2023-12-01,,,
2023,수원시,권선구청,2023-05-04 5:42,곡반정동 562-2,국민신문고,2023-12-01,,,
2023,수원시,권선구청,2023-05-04 5:44,곡반정동 562-2,국민신문고,2023-12-01,,,
2023,수원시,팔달구청,2023-05-04 7:03,화서1동 수원역푸르지오자이 북문 우측,고정형,2023-12-01,,,
2023,수원시,팔달구청,2023-05-04 7:32,매산동 팅스몰 주차장 출구 옆,고정형,2023-12-01,,,
2023,수원시,팔달구청,2023-05-04 7:33,매산동 팅스몰 주차장 출구 옆,고정형,2023-12-01,,,
2023,수원시,권선구청,2023-05-04 8:02,곡반정동 하나로마트한국빌딩앞,고정형,2023-12-01,,,
2023,수원시,권선구청,2023-05-04 8:11,서둔동 가온팰리스옆2,고정형,2023-12-01,,,
2023,수원시,권선구청,2023-05-04 8:11,서둔동 가온팰리스옆2,고정형,2023-12-01,,,
2023,수원시,권선구청,2023-05-04 8:19,서둔동 가온팰리스옆2,고정형,2023-12-01,,,
2023,수원시,팔달구청,2023-05-04 8:40,화서1동 수원역푸르지오자이 북문 우측,고정형,2023-12-01,,,
2023,수원시,권선구청,2023-05-04 9:03,곡반정동 하나로마트한국빌딩앞,고정형,2023-12-01,,,
2023,수원시,권선구청,2023-05-04 9:30,입북동 당수초교 정문 우측 사거리,고정형,2023-12-01,,,
2023,수원시,권선구청,2023-05-04 9:31,권선동 권선동 한라비발디앞 놀이터,고정형,2023-12-01,,,
2023,수원시,권선구청,2023-05-04 9:31,권선동 권선동 한라비발디앞 놀이터,고정형,2023-12-01,,,
2023,수원시,권선구청,2023-05-04 9:40,입북동 당수초교 정문 우측 사거리,고정형,2023-12-01,,,
2023,수원시,영통구청,2023-05-04 9:40,원천동 광교 한화겔러리아 앞,고정형,2023-12-01,,,
2023,수원시,팔달구청,2023-05-04 9:43,인계동 드림캐슬주상복합,고정형,2023-12-01,,,
2023,수원시,팔달구청,2023-05-04 10:30,인계동 드림캐슬주상복합,고정형,2023-12-01,,,
2023,수원시,영통구청,2023-05-04 10:40,원천동 광교매원초등학교,고정형,2023-12-01,,,
2023,수원시,팔달구청,2023-05-04 10:41,화서1동 수원역푸르지오자이 북문 우측,고정형,2023-12-01,,,
2023,수원시,영통구청,2023-05-04 10:43,영통동 마사회뒷길,고정형,2023-12-01,,,
2023,수원시,팔달구청,2023-05-04 10:48,인계동 경인통계청,고정형,2023-12-01,,,
2023,수원시,팔달구청,2023-05-04 10:48,인계동 경인통계청,고정형,2023-12-01,,,
2023,수원시,팔달구청,2023-05-04 10:48,인계동 경인통계청,고정형,2023-12-01,,,
2023,수원시,팔달구청,2023-05-04 10:48,인계동 경인통계청,고정형,2023-12-01,,,
2023,수원시,팔달구청,2023-05-04 11:29,화서1동 수원역푸르지오자이 북문 우측,고정형,2023-12-01,,,
2023,수원시,권선구청,2023-05-04 11:50,평동 오목초교 정문 우측 삼거리,고정형,2023-12-01,,,
2023,수원시,팔달구청,2023-05-04 11:58,화서1동 수원역푸르지오자이 북문 우측,고정형,2023-12-01,,,
2023,수원시,팔달구청,2023-05-04 14:11,행궁동 팔달문 버스정류장,고정형,2023-12-01,,,
2023,수원시,팔달구청,2023-05-04 14:22,경기도수원시팔달구지동 수원시 팔달구 인계동 952,보행,2023-12-01,,,
2023,수원시,팔달구청,2023-05-04 14:23,경기도수원시팔달구지동 수원시 팔달구 인계동 952,보행,2023-12-01,,,
2023,수원시,팔달구청,2023-05-04 14:23,경기도수원시팔달구지동 수원시 팔달구 인계동 952,보행,2023-12-01,,,
2023,수원시,팔달구청,2023-05-04 14:27,경기도수원시팔달구고등동 수원시 팔달구 고등동 179-16,보행,2023-12-01,,,
2023,수원시,영통구청,2023-05-04 14:30,권선동 권선로820번길,주행형,2023-12-01,,,
2023,수원시,영통구청,2023-05-04 14:30,권선동 권선로820번길,주행형,2023-12-01,,,
2023,수원시,영통구청,2023-05-04 14:30,권선동 권선로820번길,주행형,2023-12-01,,,
2023,수원시,영통구청,2023-05-04 14:30,권선동 권선로820번길,주행형,2023-12-01,,,
2023,수원시,영통구청,2023-05-04 14:30,권선동 권선로820번길,주행형,2023-12-01,,,
2023,수원시,영통구청,2023-05-04 14:30,권선동 권선로820번길,주행형,2023-12-01,,,
2023,수원시,팔달구청,2023-05-04 14:33,인계동 드림캐슬주상복합,고정형,2023-12-01,,,
2023,수원시,권선구청,2023-05-04 14:37,곡반정동 하나로마트한국빌딩앞,고정형,2023-12-01,,,
2023,수원시,권선구청,2023-05-04 14:37,입북동 당수초교 정문 우측 사거리,고정형,2023-12-01,,,
2023,수원시,팔달구청,2023-05-04 14:42,인계동 한국씨티은행,고정형,2023-12-01,,,
2023,수원시,팔달구청,2023-05-04 14:44,신풍동 미술관로터리,고정형,2023-12-01,,,
2023,수원시,팔달구청,2023-05-04 14:55,고등동 수원초등학교 정문 좌측 사거리,고정형,2023-12-01,,,
2023,수원시,영통구청,2023-05-04 15:32,이의동 드림스퀘어Ⅱ 앞,고정형,2023-12-01,,,
2023,수원시,영통구청,2023-05-04 15:38,광교동 광교 덴티움지식산업센터 앞 사거리,고정형,2023-12-01,,,
2023,수원시,권선구청,2023-05-04 15:45,서둔동 가온팰리스옆2,고정형,2023-12-01,,,
2023,수원시,팔달구청,2023-05-04 15:46,인계동 한국씨티은행,고정형,2023-12-01,,,
2023,수원시,팔달구청,2023-05-04 15:46,인계동 한국씨티은행,고정형,2023-12-01,,,
2023,수원시,권선구청,2023-05-04 17:17,서둔동 가온팰리스옆2,고정형,2023-12-01,,,
2023,수원시,권선구청,2023-05-04 17:25,곡반정동 하나로마트한국빌딩앞,고정형,2023-12-01,,,
2023,수원시,팔달구청,2023-05-04 17:28,인계동 한국씨티은행,고정형,2023-12-01,,,
2023,수원시,영통구청,2023-05-04 17:35,이의동 드림스퀘어Ⅱ 앞,고정형,2023-12-01,,,
2023,수원시,영통구청,2023-05-04 17:36,이의동 드림스퀘어Ⅱ 앞,고정형,2023-12-01,,,
2023,수원시,팔달구청,2023-05-04 18:22,인계동 드림캐슬주상복합,고정형,2023-12-01,,,
2023,수원시,권선구청,2023-05-04 18:35,곡반정동 139-4,국민신문고,2023-12-01,,,
2023,수원시,권선구청,2023-05-04 18:41,고색동 도이치 고객주차장 출입구,고정형,2023-12-01,,,
2023,수원시,팔달구청,2023-05-04 19:14,고등동 고등동 155-2 횡단보도,국민신문고,2023-12-01,,,
2023,수원시,팔달구청,2023-05-04 19:50,고등동 고등동 180-170 횡단보도,국민신문고,2023-12-01,,,
2023,수원시,팔달구청,2023-05-04 19:50,고등동 고등동 180-170 횡단보도,국민신문고,2023-12-01,,,
2023,수원시,팔달구청,2023-05-04 20:34,매산동 팅스몰 주차장 출구 옆,고정형,2023-12-01,,,
2023,수원시,팔달구청,2023-05-04 20:36,매산동 팔달로 10번길 8,고정형,2023-12-01,,,
2023,수원시,팔달구청,2023-05-04 20:39,매산동 팅스몰 주차장 출구 옆,고정형,2023-12-01,,,
2023,수원시,팔달구청,2023-05-04 20:43,매산동 역전농협,고정형,2023-12-01,,,
2023,수원시,영통구청,2023-05-04 20:49,원천동 광교매원초등학교,고정형,2023-12-01,,,
2023,수원시,팔달구청,2023-05-04 21:11,인계동 드림캐슬주상복합,고정형,2023-12-01,,,
2023,수원시,권선구청,2023-05-05 7:51,오목천동 527-5,국민신문고,2023-12-01,,,
2023,수원시,권선구청,2023-05-05 8:12,오목천동 527-5,국민신문고,2023-12-01,,,
2023,수원시,권선구청,2023-05-05 9:03,곡반정동 하나로마트한국빌딩앞,고정형,2023-12-01,,,
2023,수원시,권선구청,2023-05-05 9:03,곡반정동 하나로마트한국빌딩앞,고정형,2023-12-01,,,
2023,수원시,팔달구청,2023-05-05 9:04,매산동 팅스몰 주차장 출구 옆,고정형,2023-12-01,,,
2023,수원시,팔달구청,2023-05-05 9:05,인계동 경인통계청,고정형,2023-12-01,,,
2023,수원시,권선구청,2023-05-05 9:07,서둔동 가온팰리스옆1,고정형,2023-12-01,,,
2023,수원시,팔달구청,2023-05-05 9:25,인계동 드림캐슬주상복합,고정형,2023-12-01,,,
2023,수원시,팔달구청,2023-05-05 9:35,인계동 경인통계청,고정형,2023-12-01,,,
2023,수원시,권선구청,2023-05-05 10:24,서둔동 수원역한라비발디퍼스트 앞1,고정형,2023-12-01,,,
2023,수원시,팔달구청,2023-05-05 10:29,인계동 경인통계청,고정형,2023-12-01,,,
2023,수원시,팔달구청,2023-05-05 10:30,매산동 팅스몰 주차장 출구 옆,고정형,2023-12-01,,,
2023,수원시,권선구청,2023-05-05 10:30,서둔동 가온팰리스옆2,고정형,2023-12-01,,,
2023,수원시,권선구청,2023-05-05 10:30,서둔동 가온팰리스옆2,고정형,2023-12-01,,,
2023,수원시,권선구청,2023-05-05 10:35,곡반정동 하나로마트한국빌딩앞,고정형,2023-12-01,,,
2023,수원시,영통구청,2023-05-05 11:04,망포동 E-마트 에브리데이 앞,고정형,2023-12-01,37.2361017468141,127.060345496536,
2023,수원시,팔달구청,2023-05-05 11:12,화서1동 수원역푸르지오자이 북문 우측,고정형,2023-12-01,,,
2023,수원시,팔달구청,2023-05-05 11:23,경기도수원시팔달구매산로1가 수원시 팔달구 매산로1가 20-2,보행,2023-12-01,,,
2023,수원시,팔달구청,2023-05-05 11:23,경기도수원시팔달구매산로1가 수원시 팔달구 매산로1가 20-2,보행,2023-12-01,,,
2023,수원시,팔달구청,2023-05-05 11:47,화서1동 수원역푸르지오자이 북문 우측,고정형,2023-12-01,,,
2023,수원시,영통구청,2023-05-05 12:25,이의동 광교가재울마을사거리,고정형,2023-12-01,,,
2023,수원시,팔달구청,2023-05-05 12:29,화서1동 수원역푸르지오자이 북문 우측,고정형,2023-12-01,,,
2023,수원시,권선구청,2023-05-05 13:27,오목천동 527-5,국민신문고,2023-12-01,,,
2023,수원시,팔달구청,2023-05-05 13:55,화서1동 푸르지오자이 북문 CU 앞 횡단보도,고정형,2023-12-01,,,
2023,수원시,팔달구청,2023-05-05 14:17,화서1동 수원역푸르지오자이 북문 우측,고정형,2023-12-01,,,
2023,수원시,팔달구청,2023-05-05 14:33,매산동 팔달로 10번길 8,고정형,2023-12-01,,,
2023,수원시,팔달구청,2023-05-05 14:33,매산동 팔달로 10번길 8,고정형,2023-12-01,,,
2023,수원시,팔달구청,2023-05-05 14:34,인계동 경인통계청,고정형,2023-12-01,,,
2023,수원시,팔달구청,2023-05-05 14:35,매산동 팅스몰 주차장 출구 옆,고정형,2023-12-01,,,
2023,수원시,권선구청,2023-05-05 14:35,곡반정동 하나로마트한국빌딩앞,고정형,2023-12-01,,,
2023,수원시,팔달구청,2023-05-05 14:35,매산동 팔달로 10번길 8,고정형,2023-12-01,,,
2023,수원시,권선구청,2023-05-05 14:36,서둔동 수원역한라비발디퍼스트 앞1,고정형,2023-12-01,,,
2023,수원시,팔달구청,2023-05-05 14:36,인계동 경인통계청,고정형,2023-12-01,,,
2023,수원시,권선구청,2023-05-05 14:36,서둔동 가온팰리스옆1,고정형,2023-12-01,,,
2023,수원시,팔달구청,2023-05-05 14:36,행궁동 화홍사랑채,고정형,2023-12-01,,,
2023,수원시,권선구청,2023-05-05 14:37,서둔동 수원역한라비발디퍼스트 앞1,고정형,2023-12-01,,,
2023,수원시,팔달구청,2023-05-05 14:37,매산동 팅스몰 주차장 출구 옆,고정형,2023-12-01,,,
2023,수원시,권선구청,2023-05-05 14:42,구운동 구운동 명품닭갈비,고정형,2023-12-01,,,
2023,수원시,권선구청,2023-05-05 14:44,서둔동 수원역한라비발디퍼스트 앞2,고정형,2023-12-01,,,
2023,수원시,팔달구청,2023-05-05 14:47,매산동 팅스몰 주차장 출구 옆,고정형,2023-12-01,,,
2023,수원시,권선구청,2023-05-05 14:51,평동 수원역고가밑 (애경뒷길),고정형,2023-12-01,,,
2023,수원시,권선구청,2023-05-05 15:08,서둔동 가온팰리스옆1,고정형,2023-12-01,,,
2023,수원시,권선구청,2023-05-05 15:22,평동 수원역고가밑 (애경뒷길),고정형,2023-12-01,,,
2023,수원시,팔달구청,2023-05-05 15:33,영동 영동 수원천로275,주행형,2023-12-01,,,
2023,수원시,권선구청,2023-05-05 15:37,서둔동 가온팰리스옆1,고정형,2023-12-01,,,
2023,수원시,팔달구청,2023-05-05 15:47,우만동 우만동 광교로 32,주행형,2023-12-01,,,
2023,수원시,권선구청,2023-05-05 15:47,서둔동 수원역한라비발디퍼스트 앞1,고정형,2023-12-01,,,
2023,수원시,팔달구청,2023-05-05 15:47,우만동 우만동 광교로 32,주행형,2023-12-01,,,
2023,수원시,팔달구청,2023-05-05 15:47,우만동 우만동 광교로 32,주행형,2023-12-01,,,
2023,수원시,팔달구청,2023-05-05 15:47,우만동 우만동 광교로 32,주행형,2023-12-01,,,
2023,수원시,팔달구청,2023-05-05 15:47,우만동 우만동 광교로 32,주행형,2023-12-01,,,
2023,수원시,팔달구청,2023-05-05 15:47,우만동 우만동 광교로 32,주행형,2023-12-01,,,
2023,수원시,팔달구청,2023-05-05 15:47,우만동 우만동 광교로 32,주행형,2023-12-01,,,
2023,수원시,팔달구청,2023-05-05 15:51,매산동 팔달로 10번길 8,고정형,2023-12-01,,,
2023,수원시,권선구청,2023-05-05 16:00,서둔동 수원역한라비발디퍼스트 앞1,고정형,2023-12-01,,,
2023,수원시,권선구청,2023-05-05 16:09,오목천동 한화꿈에그린아파트 214동앞,고정형,2023-12-01,,,
2023,수원시,권선구청,2023-05-05 16:14,서둔동 수원역한라비발디퍼스트 앞1,고정형,2023-12-01,,,
2023,수원시,권선구청,2023-05-05 16:19,서둔동 수원역한라비발디퍼스트 앞1,고정형,2023-12-01,,,
2023,수원시,권선구청,2023-05-05 16:20,서둔동 수원역한라비발디퍼스트 앞1,고정형,2023-12-01,,,
2023,수원시,팔달구청,2023-05-05 16:22,화서1동 수원역푸르지오자이 북문 우측,고정형,2023-12-01,,,
2023,수원시,권선구청,2023-05-05 16:25,서둔동 가온팰리스옆2,고정형,2023-12-01,,,
2023,수원시,영통구청,2023-05-05 16:28,영통동 보보스스포츠센터앞,고정형,2023-12-01,,,
2023,수원시,권선구청,2023-05-05 16:31,서둔동 수원역한라비발디퍼스트 앞1,고정형,2023-12-01,,,
2023,수원시,권선구청,2023-05-05 16:39,서둔동 수원역한라비발디퍼스트 앞2,고정형,2023-12-01,,,
2023,수원시,팔달구청,2023-05-05 16:40,매산동 팅스몰 주차장 출구 옆,고정형,2023-12-01,,,
2023,수원시,권선구청,2023-05-05 16:42,서둔동 수원역한라비발디퍼스트 앞1,고정형,2023-12-01,,,
2023,수원시,팔달구청,2023-05-05 16:48,매산동 팅스몰 주차장 출구 옆,고정형,2023-12-01,,,
2023,수원시,권선구청,2023-05-05 16:54,평동 수원역고가밑 정류장,고정형,2023-12-01,,,
2023,수원시,팔달구청,2023-05-05 16:56,매산동 팅스몰 주차장 출구 옆,고정형,2023-12-01,,,
2023,수원시,팔달구청,2023-05-05 16:58,화서1동 수원역푸르지오자이 북문 우측,고정형,2023-12-01,,,
2023,수원시,영통구청,2023-05-05 17:01,이의동 드림스퀘어Ⅱ 앞,고정형,2023-12-01,,,
2023,수원시,권선구청,2023-05-05 17:04,서둔동 수원역한라비발디퍼스트 앞1,고정형,2023-12-01,,,
2023,수원시,권선구청,2023-05-05 17:14,서둔동 수원역한라비발디퍼스트 앞1,고정형,2023-12-01,,,
2023,수원시,권선구청,2023-05-05 17:15,서둔동 수원역한라비발디퍼스트 앞1,고정형,2023-12-01,,,
2023,수원시,팔달구청,2023-05-05 17:16,신풍동 미술관로터리,고정형,2023-12-01,,,
2023,수원시,권선구청,2023-05-05 17:22,서둔동 수원역한라비발디퍼스트 앞1,고정형,2023-12-01,,,
2023,수원시,권선구청,2023-05-05 17:29,서둔동 수원역한라비발디퍼스트 앞1,고정형,2023-12-01,,,
2023,수원시,권선구청,2023-05-05 17:31,서둔동 수원역한라비발디퍼스트 앞1,고정형,2023-12-01,,,
2023,수원시,팔달구청,2023-05-05 17:33,인계동 경인통계청,고정형,2023-12-01,,,
2023,수원시,팔달구청,2023-05-05 17:35,매산동 팅스몰 주차장 출구 옆,고정형,2023-12-01,,,
2023,수원시,권선구청,2023-05-05 17:39,곡반정동 하나로마트한국빌딩앞,고정형,2023-12-01,,,
2023,수원시,팔달구청,2023-05-05 17:39,행궁동 화홍사랑채,고정형,2023-12-01,,,
2023,수원시,팔달구청,2023-05-05 19:09,매산동 팅스몰 주차장 출구 옆,고정형,2023-12-01,,,
2023,수원시,팔달구청,2023-05-05 19:39,매산동 팅스몰 주차장 출구 옆,고정형,2023-12-01,,,
2023,수원시,팔달구청,2023-05-05 20:18,매산동 팅스몰 주차장 출구 옆,고정형,2023-12-01,,,
2023,수원시,팔달구청,2023-05-05 20:26,매산동 팅스몰 주차장 출구 옆,고정형,2023-12-01,,,
2023,수원시,팔달구청,2023-05-06 9:02,매산동 팅스몰 주차장 출구 옆,고정형,2023-12-01,,,
2023,수원시,권선구청,2023-05-06 9:03,곡반정동 하나로마트한국빌딩앞,고정형,2023-12-01,,,
2023,수원시,권선구청,2023-05-06 9:03,곡반정동 하나로마트한국빌딩앞,고정형,2023-12-01,,,
2023,수원시,팔달구청,2023-05-06 9:03,인계동 경인통계청,고정형,2023-12-01,,,
2023,수원시,권선구청,2023-05-06 9:04,서둔동 수원역한라비발디퍼스트 앞1,고정형,2023-12-01,,,
2023,수원시,권선구청,2023-05-06 9:04,서둔동 가온팰리스옆2,고정형,2023-12-01,,,
2023,수원시,팔달구청,2023-05-06 9:04,화서1동 푸르지오자이 북문 CU 앞 횡단보도,고정형,2023-12-01,,,
2023,수원시,권선구청,2023-05-06 9:04,오목천동 한화꿈에그린아파트 209동앞,고정형,2023-12-01,,,
2023,수원시,팔달구청,2023-05-06 9:04,화서1동 푸르지오자이 북문 CU 앞 횡단보도,고정형,2023-12-01,,,
2023,수원시,팔달구청,2023-05-06 9:04,매산동 팅스몰 주차장 출구 옆,고정형,2023-12-01,,,
2023,수원시,권선구청,2023-05-06 9:04,곡반정동 하나로마트한국빌딩앞,고정형,2023-12-01,,,
2023,수원시,팔달구청,2023-05-06 9:05,인계동 경인통계청,고정형,2023-12-01,,,
2023,수원시,권선구청,2023-05-06 9:05,서둔동 수원역한라비발디퍼스트 앞1,고정형,2023-12-01,,,
2023,수원시,권선구청,2023-05-06 9:05,서둔동 가온팰리스옆2,고정형,2023-12-01,,,
2023,수원시,권선구청,2023-05-06 9:10,서둔동 수원역한라비발디퍼스트 앞1,고정형,2023-12-01,,,
2023,수원시,권선구청,2023-05-06 9:11,-1 권선파출소,고정형,2023-12-01,,,
2023,수원시,권선구청,2023-05-06 9:17,서둔동 수원역한라비발디퍼스트 앞1,고정형,2023-12-01,,,
2023,수원시,권선구청,2023-05-06 9:22,곡반정동 하나로마트한국빌딩앞,고정형,2023-12-01,,,
2023,수원시,권선구청,2023-05-06 9:22,곡반정동 하나로마트한국빌딩앞,고정형,2023-12-01,,,
2023,수원시,팔달구청,2023-05-06 9:25,북수동 쌈지공원 앞,고정형,2023-12-01,,,
2023,수원시,팔달구청,2023-05-06 9:28,화서1동 수원역푸르지오자이 북문 우측,고정형,2023-12-01,,,
2023,수원시,팔달구청,2023-05-06 9:36,인계동 드림캐슬주상복합,고정형,2023-12-01,,,
2023,수원시,권선구청,2023-05-06 9:37,서둔동 수원역한라비발디퍼스트 앞1,고정형,2023-12-01,,,
2023,수원시,팔달구청,2023-05-06 9:40,매산동 팅스몰 주차장 출구 옆,고정형,2023-12-01,,,
2023,수원시,팔달구청,2023-05-06 9:49,매산동 팅스몰 주차장 출구 옆,고정형,2023-12-01,,,
2023,수원시,영통구청,2023-05-06 9:49,이의동 부함식당 앞,고정형,2023-12-01,,,
2023,수원시,권선구청,2023-05-06 9:50,곡반정동 하나로마트한국빌딩앞,고정형,2023-12-01,,,
2023,수원시,권선구청,2023-05-06 10:05,서둔동 수원역한라비발디퍼스트 앞1,고정형,2023-12-01,,,
2023,수원시,팔달구청,2023-05-06 10:12,인계동 드림캐슬주상복합,고정형,2023-12-01,,,
2023,수원시,팔달구청,2023-05-06 10:14,인계동 경인통계청,고정형,2023-12-01,,,
2023,수원시,영통구청,2023-05-06 10:26,이의동 부함식당 앞,고정형,2023-12-01,,,
2023,수원시,팔달구청,2023-05-06 10:26,교동 수원향교 앞 팔달보건소 뒤,고정형,2023-12-01,,,
2023,수원시,영통구청,2023-05-06 10:27,이의동 도청예정부지,고정형,2023-12-01,,,
2023,수원시,팔달구청,2023-05-06 10:39,인계동 드림캐슬주상복합,고정형,2023-12-01,,,
2023,수원시,팔달구청,2023-05-06 10:44,인계동 드림캐슬주상복합,고정형,2023-12-01,,,
2023,수원시,영통구청,2023-05-06 10:44,광교동 광교더사랑교회뒷길,고정형,2023-12-01,,,
2023,수원시,팔달구청,2023-05-06 11:03,행궁동 팔달문 버스정류장,고정형,2023-12-01,,,
2023,수원시,팔달구청,2023-05-06 11:04,화서1동 수원역푸르지오자이 북문 우측,고정형,2023-12-01,,,
2023,수원시,영통구청,2023-05-06 11:44,영통동 매영로365번길,주행형,2023-12-01,,,
2023,수원시,영통구청,2023-05-06 11:44,영통동 매영로365번길,주행형,2023-12-01,,,
2023,수원시,영통구청,2023-05-06 11:44,영통동 매영로365번길,주행형,2023-12-01,,,
2023,수원시,영통구청,2023-05-06 11:45,영통동 매영로365번길,주행형,2023-12-01,,,
2023,수원시,영통구청,2023-05-06 11:45,영통동 매영로365번길,주행형,2023-12-01,,,
2023,수원시,영통구청,2023-05-06 11:45,영통동 매영로365번길,주행형,2023-12-01,,,
2023,수원시,영통구청,2023-05-06 11:45,영통동 매영로365번길,주행형,2023-12-01,,,
2023,수원시,영통구청,2023-05-06 11:45,영통동 매영로365번길,주행형,2023-12-01,,,
2023,수원시,영통구청,2023-05-06 11:45,영통동 매영로365번길,주행형,2023-12-01,,,
2023,수원시,영통구청,2023-05-06 11:45,영통동 매영로365번길,주행형,2023-12-01,,,
2023,수원시,영통구청,2023-05-06 11:45,영통동 매영로365번길,주행형,2023-12-01,,,
2023,수원시,영통구청,2023-05-06 11:45,영통동 매영로365번길,주행형,2023-12-01,,,
2023,수원시,영통구청,2023-05-06 11:45,영통동 매영로365번길,주행형,2023-12-01,,,
2023,수원시,영통구청,2023-05-06 11:45,영통동 매영로365번길,주행형,2023-12-01,,,
2023,수원시,영통구청,2023-05-06 11:45,영통동 매영로365번길,주행형,2023-12-01,,,
2023,수원시,영통구청,2023-05-06 11:45,영통동 매영로365번길,주행형,2023-12-01,,,
2023,수원시,영통구청,2023-05-06 11:45,영통동 매영로365번길,주행형,2023-12-01,,,
2023,수원시,영통구청,2023-05-06 11:45,영통동 매영로365번길,주행형,2023-12-01,,,
2023,수원시,영통구청,2023-05-06 11:45,영통동 매영로365번길,주행형,2023-12-01,,,
2023,수원시,영통구청,2023-05-06 11:46,영통동 매영로365번길,주행형,2023-12-01,,,
2023,수원시,영통구청,2023-05-06 11:46,영통동 매영로365번길,주행형,2023-12-01,,,
2023,수원시,영통구청,2023-05-06 11:46,영통동 매영로365번길,주행형,2023-12-01,,,
2023,수원시,영통구청,2023-05-06 11:46,영통동 매영로365번길,주행형,2023-12-01,,,
2023,수원시,영통구청,2023-05-06 11:46,영통동 매영로365번길,주행형,2023-12-01,,,
2023,수원시,영통구청,2023-05-06 11:54,광교동 광교이의119안전센터,고정형,2023-12-01,,,
2023,수원시,팔달구청,2023-05-06 12:07,화서1동 수원역푸르지오자이 북문 우측,고정형,2023-12-01,,,
2023,수원시,팔달구청,2023-05-06 12:55,화서1동 수원역푸르지오자이 북문 우측,고정형,2023-12-01,,,
2023,수원시,영통구청,2023-05-06 13:01,망포동 망포동 40-234,주행형,2023-12-01,,,
2023,수원시,영통구청,2023-05-06 13:08,영통동 롯데마트 뒤,고정형,2023-12-01,37.27220279535416,127.10856729001851,
2023,수원시,영통구청,2023-05-06 13:08,영통동 롯데마트 뒤,고정형,2023-12-01,37.27220279535416,127.10856729001851,
2023,수원시,팔달구청,2023-05-06 14:04,화서1동 수원역푸르지오자이 북문 우측,고정형,2023-12-01,,,
2023,수원시,팔달구청,2023-05-06 14:15,화서1동 수원역푸르지오자이 북문 우측,고정형,2023-12-01,,,
2023,수원시,팔달구청,2023-05-06 14:33,매산동 팔달로 10번길 8,고정형,2023-12-01,,,
2023,수원시,권선구청,2023-05-06 14:33,곡반정동 하나로마트한국빌딩앞,고정형,2023-12-01,,,
2023,수원시,권선구청,2023-05-06 14:34,서둔동 수원역한라비발디퍼스트 앞1,고정형,2023-12-01,,,
2023,수원시,권선구청,2023-05-06 14:34,서둔동 가온팰리스옆1,고정형,2023-12-01,,,
2023,수원시,팔달구청,2023-05-06 14:34,인계동 드림캐슬주상복합,고정형,2023-12-01,,,
2023,수원시,권선구청,2023-05-06 14:34,서둔동 수원역한라비발디퍼스트 앞1,고정형,2023-12-01,,,
2023,수원시,권선구청,2023-05-06 14:35,곡반정동 하나로마트한국빌딩앞,고정형,2023-12-01,,,
2023,수원시,권선구청,2023-05-06 14:35,곡반정동 하나로마트한국빌딩앞,고정형,2023-12-01,,,
2023,수원시,팔달구청,2023-05-06 14:37,매산동 팅스몰 주차장 출구 옆,고정형,2023-12-01,,,
2023,수원시,팔달구청,2023-05-06 14:37,매산동 팅스몰 주차장 출구 옆,고정형,2023-12-01,,,
2023,수원시,팔달구청,2023-05-06 14:38,인계동 경인통계청,고정형,2023-12-01,,,
2023,수원시,권선구청,2023-05-06 14:41,서둔동 수원역한라비발디퍼스트 앞1,고정형,2023-12-01,,,
2023,수원시,팔달구청,2023-05-06 14:41,매산동 팅스몰 주차장 출구 옆,고정형,2023-12-01,,,
2023,수원시,팔달구청,2023-05-06 15:02,인계동 드림캐슬주상복합,고정형,2023-12-01,,,
2023,수원시,팔달구청,2023-05-06 15:04,매산동 팔달로 10번길 8,고정형,2023-12-01,,,
2023,수원시,팔달구청,2023-05-06 15:15,화서1동 수원역푸르지오자이 북문 우측,고정형,2023-12-01,,,
2023,수원시,권선구청,2023-05-06 15:16,서둔동 수원역한라비발디퍼스트 앞1,고정형,2023-12-01,,,
2023,수원시,팔달구청,2023-05-06 15:16,경기도수원시팔달구매산로1가 수원시 팔달구 팔달로120번길,보행,2023-12-01,,,
2023,수원시,영통구청,2023-05-06 15:26,원천동 광교매원초등학교,고정형,2023-12-01,,,
2023,수원시,팔달구청,2023-05-06 15:27,매산동 팅스몰 주차장 출구 옆,고정형,2023-12-01,,,
2023,수원시,권선구청,2023-05-06 15:31,서둔동 수원역한라비발디퍼스트 앞1,고정형,2023-12-01,,,
2023,수원시,팔달구청,2023-05-06 15:38,인계동 드림캐슬주상복합,고정형,2023-12-01,,,
2023,수원시,영통구청,2023-05-06 15:39,영통동 롯데마트 뒤,고정형,2023-12-01,37.27220279535416,127.10856729001851,
2023,수원시,팔달구청,2023-05-06 15:43,화서1동 수원역푸르지오자이 북문 우측,고정형,2023-12-01,,,
2023,수원시,권선구청,2023-05-06 15:44,서둔동 가온팰리스옆1,고정형,2023-12-01,,,
2023,수원시,권선구청,2023-05-06 15:46,서둔동 수원역한라비발디퍼스트 앞1,고정형,2023-12-01,,,
2023,수원시,권선구청,2023-05-06 15:46,곡반정동 하나로마트한국빌딩앞,고정형,2023-12-01,,,
2023,수원시,권선구청,2023-05-06 15:48,권선동 권선동 한라비발디앞 놀이터,고정형,2023-12-01,,,
2023,수원시,권선구청,2023-05-06 15:48,권선동 권선동 한라비발디앞 놀이터,고정형,2023-12-01,,,
2023,수원시,팔달구청,2023-05-06 15:48,화서1동 푸르지오자이 북문 CU 앞 횡단보도,고정형,2023-12-01,,,
2023,수원시,영통구청,2023-05-06 15:50,원천동 광교매원초등학교,고정형,2023-12-01,,,
2023,수원시,권선구청,2023-05-06 15:52,서둔동 수원역한라비발디퍼스트 앞1,고정형,2023-12-01,,,
2023,수원시,팔달구청,2023-05-06 16:06,매산동 팅스몰 주차장 출구 옆,고정형,2023-12-01,,,
2023,수원시,팔달구청,2023-05-06 16:09,매산동 역전농협,고정형,2023-12-01,,,
2023,수원시,팔달구청,2023-05-06 16:09,매산동 팅스몰 주차장 출구 옆,고정형,2023-12-01,,,
2023,수원시,권선구청,2023-05-06 16:17,서둔동 수원역한라비발디퍼스트 앞1,고정형,2023-12-01,,,
2023,수원시,팔달구청,2023-05-06 16:21,인계동 드림캐슬주상복합,고정형,2023-12-01,,,
2023,수원시,영통구청,2023-05-06 16:29,이의동 드림스퀘어Ⅱ 앞,고정형,2023-12-01,,,
2023,수원시,팔달구청,2023-05-06 16:34,매산동 팅스몰 주차장 출구 옆,고정형,2023-12-01,,,
2023,수원시,팔달구청,2023-05-06 16:41,매산동 팅스몰 주차장 출구 옆,고정형,2023-12-01,,,
2023,수원시,권선구청,2023-05-06 16:41,서둔동 가온팰리스옆2,고정형,2023-12-01,,,
2023,수원시,팔달구청,2023-05-06 16:42,화서1동 수원역푸르지오자이 북문 우측,고정형,2023-12-01,,,
2023,수원시,권선구청,2023-05-06 16:50,서둔동 수원역한라비발디퍼스트 앞1,고정형,2023-12-01,,,
2023,수원시,권선구청,2023-05-06 17:12,평동 수원역고가밑 (애경뒷길),고정형,2023-12-01,,,
2023,수원시,팔달구청,2023-05-06 17:14,인계동 한국씨티은행,고정형,2023-12-01,,,
2023,수원시,팔달구청,2023-05-06 17:14,인계동 경인통계청,고정형,2023-12-01,,,
2023,수원시,팔달구청,2023-05-06 17:24,인계동 드림캐슬주상복합,고정형,2023-12-01,,,
2023,수원시,권선구청,2023-05-06 17:30,오목천동 한화꿈에그린아파트 209동앞,고정형,2023-12-01,,,
2023,수원시,팔달구청,2023-05-06 17:35,인계동 경인통계청,고정형,2023-12-01,,,
2023,수원시,팔달구청,2023-05-06 17:41,인계동 경인통계청,고정형,2023-12-01,,,
2023,수원시,팔달구청,2023-05-06 17:46,화서1동 수원역푸르지오자이 북문 우측,고정형,2023-12-01,,,
2023,수원시,팔달구청,2023-05-06 17:57,매산동 팔달로 10번길 8,고정형,2023-12-01,,,
2023,수원시,팔달구청,2023-05-06 18:08,화서1동 수원역푸르지오자이 북문 우측,고정형,2023-12-01,,,
2023,수원시,팔달구청,2023-05-06 18:19,매산동 팅스몰 주차장 출구 옆,고정형,2023-12-01,,,
2023,수원시,팔달구청,2023-05-06 18:58,화서1동 수원역푸르지오자이 북문 우측,고정형,2023-12-01,,,
2023,수원시,권선구청,2023-05-06 19:00,세류동 2200,국민신문고,2023-12-01,,,
2023,수원시,팔달구청,2023-05-06 19:05,매산동 팅스몰 주차장 출구 옆,고정형,2023-12-01,,,
2023,수원시,팔달구청,2023-05-06 19:17,매산동 팔달로 10번길 8,고정형,2023-12-01,,,
2023,수원시,팔달구청,2023-05-06 19:21,인계동 드림캐슬주상복합,고정형,2023-12-01,,,
2023,수원시,팔달구청,2023-05-06 19:53,인계동 드림캐슬주상복합,고정형,2023-12-01,,,
2023,수원시,팔달구청,2023-05-06 20:03,매산동 팅스몰 주차장 출구 옆,고정형,2023-12-01,,,
2023,수원시,팔달구청,2023-05-06 20:23,매산동 팅스몰 주차장 출구 옆,고정형,2023-12-01,,,
2023,수원시,권선구청,2023-05-07 2:02,오목천동 527-5,국민신문고,2023-12-01,,,
2023,수원시,권선구청,2023-05-07 2:02,오목천동 527-5,국민신문고,2023-12-01,,,
2023,수원시,권선구청,2023-05-07 9:02,서둔동 수원역한라비발디퍼스트 앞2,고정형,2023-12-01,,,
2023,수원시,팔달구청,2023-05-07 9:03,화서1동 수원역푸르지오자이 북문 우측,고정형,2023-12-01,,,
2023,수원시,팔달구청,2023-05-07 9:03,화서1동 푸르지오자이 북문 CU 앞 횡단보도,고정형,2023-12-01,,,
2023,수원시,권선구청,2023-05-07 9:03,서둔동 수원역한라비발디퍼스트 앞1,고정형,2023-12-01,,,
2023,수원시,권선구청,2023-05-07 9:03,곡반정동 하나로마트한국빌딩앞,고정형,2023-12-01,,,
2023,수원시,팔달구청,2023-05-07 9:03,매산동 팅스몰 주차장 출구 옆,고정형,2023-12-01,,,
2023,수원시,권선구청,2023-05-07 9:03,서둔동 가온팰리스옆1,고정형,2023-12-01,,,
2023,수원시,팔달구청,2023-05-07 9:04,매산동 팅스몰 주차장 출구 옆,고정형,2023-12-01,,,
2023,수원시,팔달구청,2023-05-07 9:04,매산동 팅스몰 주차장 출구 옆,고정형,2023-12-01,,,
2023,수원시,팔달구청,2023-05-07 9:04,매산동 팅스몰 주차장 출구 옆,고정형,2023-12-01,,,
2023,수원시,권선구청,2023-05-07 9:05,서둔동 가온팰리스옆2,고정형,2023-12-01,,,
2023,수원시,팔달구청,2023-05-07 9:05,인계동 드림캐슬주상복합,고정형,2023-12-01,,,
2023,수원시,팔달구청,2023-05-07 9:11,인계동 경인통계청,고정형,2023-12-01,,,
2023,수원시,팔달구청,2023-05-07 9:26,인계동 드림캐슬주상복합,고정형,2023-12-01,,,
2023,수원시,영통구청,2023-05-07 9:30,원천동 광교매원초등학교,고정형,2023-12-01,,,
2023,수원시,권선구청,2023-05-07 9:45,서둔동 가온팰리스옆2,고정형,2023-12-01,,,
2023,수원시,팔달구청,2023-05-07 9:51,매산동 팅스몰 주차장 출구 옆,고정형,2023-12-01,,,
2023,수원시,권선구청,2023-05-07 9:58,서둔동 수원역한라비발디퍼스트 앞1,고정형,2023-12-01,,,
2023,수원시,팔달구청,2023-05-07 10:02,고등동 고등동 181-11 교차로모퉁이,국민신문고,2023-12-01,,,
2023,수원시,팔달구청,2023-05-07 10:03,고등동 고등동 180-170 횡단보도,국민신문고,2023-12-01,,,
2023,수원시,팔달구청,2023-05-07 10:03,고등동 고등동 181-11 교차로모퉁이,국민신문고,2023-12-01,,,
2023,수원시,팔달구청,2023-05-07 10:03,고등동 역전농협,고정형,2023-12-01,,,
2023,수원시,팔달구청,2023-05-07 10:04,고등동 고등동 180-17 횡단보도,국민신문고,2023-12-01,,,
2023,수원시,팔달구청,2023-05-07 10:05,고등동 고등동 180-17 횡단보도,국민신문고,2023-12-01,,,
2023,수원시,팔달구청,2023-05-07 10:09,고등동 고등동 180-171 횡단보도,국민신문고,2023-12-01,,,
2023,수원시,팔달구청,2023-05-07 10:12,고등동 고등동 180-171 교차로모퉁이,국민신문고,2023-12-01,,,
2023,수원시,팔달구청,2023-05-07 10:12,고등동 고등동 180-171 교차로모퉁이,국민신문고,2023-12-01,,,
2023,수원시,팔달구청,2023-05-07 10:19,매산동 팅스몰 주차장 출구 옆,고정형,2023-12-01,,,
2023,수원시,팔달구청,2023-05-07 10:31,매산동 팅스몰 주차장 출구 옆,고정형,2023-12-01,,,
2023,수원시,팔달구청,2023-05-07 10:31,매산동 팅스몰 주차장 출구 옆,고정형,2023-12-01,,,
2023,수원시,팔달구청,2023-05-07 10:39,매산동 팔달로 10번길 8,고정형,2023-12-01,,,
2023,수원시,팔달구청,2023-05-07 11:05,화서1동 수원역푸르지오자이 북문 우측,고정형,2023-12-01,,,
2023,수원시,팔달구청,2023-05-07 11:33,매산동 역전농협,고정형,2023-12-01,,,
2023,수원시,영통구청,2023-05-07 11:57,원천동 광교매원초등학교,고정형,2023-12-01,,,
2023,수원시,장안구청,2023-05-07 12:10,경기도수원시장안구영화동 수원시 장안구 영화동 333,보행,2023-12-01,,,
2023,수원시,영통구청,2023-05-07 12:20,영통동 마사회뒷길,고정형,2023-12-01,,,
2023,수원시,영통구청,2023-05-07 12:20,영통동 마사회뒷길,고정형,2023-12-01,,,
2023,수원시,팔달구청,2023-05-07 12:24,화서1동 푸르지오자이 북문 CU 앞 횡단보도,고정형,2023-12-01,,,
2023,수원시,팔달구청,2023-05-07 13:03,행궁동 팔달문 버스정류장,고정형,2023-12-01,,,
2023,수원시,팔달구청,2023-05-07 13:38,화서1동 수원역푸르지오자이 북문 우측,고정형,2023-12-01,,,
2023,수원시,영통구청,2023-05-07 13:50,영통동 롯데마트 뒤,고정형,2023-12-01,37.27220279535416,127.10856729001851,
2023,수원시,팔달구청,2023-05-07 14:25,화서1동 수원역푸르지오자이 북문 우측,고정형,2023-12-01,,,
2023,수원시,팔달구청,2023-05-07 14:34,인계동 경인통계청,고정형,2023-12-01,,,
2023,수원시,권선구청,2023-05-07 14:34,서둔동 가온팰리스옆2,고정형,2023-12-01,,,
2023,수원시,권선구청,2023-05-07 14:34,서둔동 가온팰리스옆2,고정형,2023-12-01,,,
2023,수원시,팔달구청,2023-05-07 14:34,인계동 드림캐슬주상복합,고정형,2023-12-01,,,
2023,수원시,팔달구청,2023-05-07 14:35,인계동 경인통계청,고정형,2023-12-01,,,
2023,수원시,팔달구청,2023-05-07 14:36,매산동 팅스몰 주차장 출구 옆,고정형,2023-12-01,,,
2023,수원시,권선구청,2023-05-07 14:47,곡반정동 궁촌육교앞,고정형,2023-12-01,,,
2023,수원시,팔달구청,2023-05-07 14:57,고등동 고등동 갓매산로 85,주행형,2023-12-01,,,
2023,수원시,팔달구청,2023-05-07 14:57,고등동 고등동 갓매산로 85,주행형,2023-12-01,,,
2023,수원시,팔달구청,2023-05-07 14:57,고등동 고등동 갓매산로 85,주행형,2023-12-01,,,
2023,수원시,팔달구청,2023-05-07 14:58,매산동 팅스몰 주차장 출구 옆,고정형,2023-12-01,,,
2023,수원시,권선구청,2023-05-07 15:02,서둔동 가온팰리스옆2,고정형,2023-12-01,,,
2023,수원시,영통구청,2023-05-07 15:04,원천동 광교 한화겔러리아 앞,고정형,2023-12-01,,,
2023,수원시,영통구청,2023-05-07 15:05,원천동 광교 한화겔러리아 앞,고정형,2023-12-01,,,
2023,수원시,팔달구청,2023-05-07 15:16,경기도수원시팔달구중동 수원시 팔달구 구천동32-14,보행,2023-12-01,,,
2023,수원시,팔달구청,2023-05-07 15:17,인계동 경인통계청,고정형,2023-12-01,,,
2023,수원시,권선구청,2023-05-07 15:18,곡반정동 하나로마트한국빌딩앞,고정형,2023-12-01,,,
2023,수원시,영통구청,2023-05-07 15:19,이의동 드림스퀘어Ⅱ 앞,고정형,2023-12-01,,,
2023,수원시,팔달구청,2023-05-07 15:20,인계동 드림캐슬주상복합,고정형,2023-12-01,,,
2023,수원시,팔달구청,2023-05-07 15:27,매산동 팅스몰 주차장 출구 옆,고정형,2023-12-01,,,
2023,수원시,팔달구청,2023-05-07 15:27,매산동 팅스몰 주차장 출구 옆,고정형,2023-12-01,,,
2023,수원시,팔달구청,2023-05-07 15:28,매산동 팅스몰 주차장 출구 옆,고정형,2023-12-01,,,
2023,수원시,팔달구청,2023-05-07 15:28,매산동 팅스몰 주차장 출구 옆,고정형,2023-12-01,,,
2023,수원시,팔달구청,2023-05-07 15:29,인계동 경인통계청,고정형,2023-12-01,,,
2023,수원시,권선구청,2023-05-07 15:58,서둔동 수원역한라비발디퍼스트 앞2,고정형,2023-12-01,,,
2023,수원시,권선구청,2023-05-07 15:58,서둔동 수원역한라비발디퍼스트 앞2,고정형,2023-12-01,,,
2023,수원시,팔달구청,2023-05-07 16:17,매산동 팅스몰 주차장 출구 옆,고정형,2023-12-01,,,
2023,수원시,팔달구청,2023-05-07 16:19,매산동 팅스몰 주차장 출구 옆,고정형,2023-12-01,,,
2023,수원시,팔달구청,2023-05-07 16:28,매산동 팅스몰 주차장 출구 옆,고정형,2023-12-01,,,
2023,수원시,영통구청,2023-05-07 16:51,이의동 드림스퀘어Ⅱ 앞,고정형,2023-12-01,,,
2023,수원시,권선구청,2023-05-07 16:53,곡선동 권선중앙약국 건너편,고정형,2023-12-01,,,
2023,수원시,권선구청,2023-05-07 16:55,서둔동 수원역한라비발디퍼스트 앞2,고정형,2023-12-01,,,
2023,수원시,권선구청,2023-05-07 16:55,서둔동 수원역한라비발디퍼스트 앞2,고정형,2023-12-01,,,
2023,수원시,팔달구청,2023-05-07 17:05,매산동 팅스몰 주차장 출구 옆,고정형,2023-12-01,,,
2023,수원시,팔달구청,2023-05-07 17:27,매산동 팔달로 10번길 8,고정형,2023-12-01,,,
2023,수원시,권선구청,2023-05-07 17:37,서둔동 수원역한라비발디퍼스트 앞1,고정형,2023-12-01,,,
2023,수원시,영통구청,2023-05-07 17:39,영통동 마사회뒷길,고정형,2023-12-01,,,
2023,수원시,팔달구청,2023-05-07 18:09,매산동 팅스몰 주차장 출구 옆,고정형,2023-12-01,,,
2023,수원시,팔달구청,2023-05-07 18:20,인계동 드림캐슬주상복합,고정형,2023-12-01,,,
2023,수원시,팔달구청,2023-05-07 18:23,매산동 팅스몰 주차장 출구 옆,고정형,2023-12-01,,,
2023,수원시,팔달구청,2023-05-07 18:40,매산동 팅스몰 주차장 출구 옆,고정형,2023-12-01,,,
2023,수원시,팔달구청,2023-05-07 18:54,화서1동 수원역푸르지오자이 북문 우측,고정형,2023-12-01,,,
2023,수원시,팔달구청,2023-05-07 18:55,매산동 역전농협,고정형,2023-12-01,,,
2023,수원시,팔달구청,2023-05-07 19:13,매산동 팅스몰 주차장 출구 옆,고정형,2023-12-01,,,
2023,수원시,팔달구청,2023-05-07 19:13,매산동 역전농협,고정형,2023-12-01,,,
2023,수원시,팔달구청,2023-05-07 19:26,화서1동 푸르지오자이 북문 CU 앞 횡단보도,고정형,2023-12-01,,,
2023,수원시,팔달구청,2023-05-07 19:42,매산동 팅스몰 주차장 출구 옆,고정형,2023-12-01,,,
2023,수원시,팔달구청,2023-05-07 19:42,매산동 팅스몰 주차장 출구 옆,고정형,2023-12-01,,,
2023,수원시,권선구청,2023-05-08 5:35,곡반정동 562-2,국민신문고,2023-12-01,,,
2023,수원시,팔달구청,2023-05-08 7:34,인계동 드림캐슬주상복합,고정형,2023-12-01,,,
2023,수원시,팔달구청,2023-05-08 7:34,매산동 팅스몰 주차장 출구 옆,고정형,2023-12-01,,,
2023,수원시,권선구청,2023-05-08 8:03,곡반정동 하나로마트한국빌딩앞,고정형,2023-12-01,,,
2023,수원시,권선구청,2023-05-08 8:03,서둔동 수원역한라비발디퍼스트 앞1,고정형,2023-12-01,,,
2023,수원시,권선구청,2023-05-08 8:03,서둔동 수원역한라비발디퍼스트 앞1,고정형,2023-12-01,,,
2023,수원시,권선구청,2023-05-08 8:03,서둔동 가온팰리스옆2,고정형,2023-12-01,,,
2023,수원시,권선구청,2023-05-08 8:03,서둔동 가온팰리스옆2,고정형,2023-12-01,,,
2023,수원시,권선구청,2023-05-08 8:03,서둔동 가온팰리스옆2,고정형,2023-12-01,,,
2023,수원시,권선구청,2023-05-08 8:04,곡반정동 하나로마트한국빌딩앞,고정형,2023-12-01,,,
2023,수원시,권선구청,2023-05-08 8:05,서둔동 수원역한라비발디퍼스트 앞1,고정형,2023-12-01,,,
2023,수원시,권선구청,2023-05-08 8:07,권선2동 곡정초교 정문 좌측 사거리,고정형,2023-12-01,,,
2023,수원시,팔달구청,2023-05-08 8:08,인계동 한국씨티은행,고정형,2023-12-01,,,
2023,수원시,권선구청,2023-05-08 8:11,서둔동 가온팰리스옆2,고정형,2023-12-01,,,
2023,수원시,권선구청,2023-05-08 8:30,서둔동 가온팰리스옆2,고정형,2023-12-01,,,
2023,수원시,영통구청,2023-05-08 9:05,이의동 드림스퀘어Ⅱ 앞,고정형,2023-12-01,,,
2023,수원시,장안구청,2023-05-08 9:47,정자3동 정자동 오일뱅크,고정형,2023-12-01,,,
2023,수원시,팔달구청,2023-05-08 9:48,인계동 드림캐슬주상복합,고정형,2023-12-01,,,
2023,수원시,권선구청,2023-05-08 9:59,권선2동 곡정초교 정문 좌측 사거리,고정형,2023-12-01,,,
2023,수원시,권선구청,2023-05-08 10:11,서둔동 수원역한라비발디퍼스트 앞1,고정형,2023-12-01,,,
2023,수원시,영통구청,2023-05-08 10:11,이의동 드림스퀘어Ⅱ 앞,고정형,2023-12-01,,,
2023,수원시,팔달구청,2023-05-08 10:19,인계동 인계동 수원천로231번길3,주행형,2023-12-01,,,
2023,수원시,팔달구청,2023-05-08 10:20,인계동 인계동 매산로169,주행형,2023-12-01,,,
2023,수원시,팔달구청,2023-05-08 10:20,인계동 인계동 매산로169,주행형,2023-12-01,,,
2023,수원시,영통구청,2023-05-08 10:28,이의동 창룡대로298번길,주행형,2023-12-01,,,
2023,수원시,영통구청,2023-05-08 10:28,이의동 창룡대로298번길,주행형,2023-12-01,,,
2023,수원시,팔달구청,2023-05-08 10:29,인계동 드림캐슬주상복합,고정형,2023-12-01,,,
2023,수원시,팔달구청,2023-05-08 10:33,인계동 드림캐슬주상복합,고정형,2023-12-01,,,
2023,수원시,팔달구청,2023-05-08 10:48,인계동 드림캐슬주상복합,고정형,2023-12-01,,,
2023,수원시,팔달구청,2023-05-08 13:52,교동 수원향교 앞 팔달보건소 뒤,고정형,2023-12-01,,,
2023,수원시,팔달구청,2023-05-08 14:21,팔달로2가 팔달로2가 정조로796번길,주행형,2023-12-01,,,
2023,수원시,팔달구청,2023-05-08 14:21,팔달로2가 팔달로2가 정조로796번길,주행형,2023-12-01,,,
2023,수원시,팔달구청,2023-05-08 14:21,남수동 남수동 정조로800번길,주행형,2023-12-01,,,
2023,수원시,영통구청,2023-05-08 14:29,영통동 매영로365번길,주행형,2023-12-01,,,
2023,수원시,영통구청,2023-05-08 14:29,영통동 매영로365번길,주행형,2023-12-01,,,
2023,수원시,영통구청,2023-05-08 14:30,영통동 매영로365번길,주행형,2023-12-01,,,
2023,수원시,영통구청,2023-05-08 14:30,영통동 매영로365번길,주행형,2023-12-01,,,
2023,수원시,영통구청,2023-05-08 14:30,영통동 매영로365번길,주행형,2023-12-01,,,
2023,수원시,영통구청,2023-05-08 14:30,영통동 매영로365번길,주행형,2023-12-01,,,
2023,수원시,영통구청,2023-05-08 14:30,영통동 매영로365번길,주행형,2023-12-01,,,
2023,수원시,영통구청,2023-05-08 14:30,영통동 매영로365번길,주행형,2023-12-01,,,
2023,수원시,영통구청,2023-05-08 14:30,영통동 매영로365번길,주행형,2023-12-01,,,
2023,수원시,팔달구청,2023-05-08 14:35,인계동 드림캐슬주상복합,고정형,2023-12-01,,,
2023,수원시,권선구청,2023-05-08 14:35,서둔동 수원역한라비발디퍼스트 앞1,고정형,2023-12-01,,,
2023,수원시,팔달구청,2023-05-08 14:35,인계동 경인통계청,고정형,2023-12-01,,,
2023,수원시,팔달구청,2023-05-08 14:35,인계동 드림캐슬주상복합,고정형,2023-12-01,,,
2023,수원시,권선구청,2023-05-08 14:38,서둔동 수원역한라비발디퍼스트 앞1,고정형,2023-12-01,,,
2023,수원시,권선구청,2023-05-08 14:59,서둔동 가온팰리스옆2,고정형,2023-12-01,,,
2023,수원시,권선구청,2023-05-08 14:59,서둔동 가온팰리스옆2,고정형,2023-12-01,,,
2023,수원시,권선구청,2023-05-08 15:25,서둔동 수원역한라비발디퍼스트 앞2,고정형,2023-12-01,,,
2023,수원시,권선구청,2023-05-08 15:33,금곡동 금곡로222번길,주행형,2023-12-01,,,
2023,수원시,팔달구청,2023-05-08 15:40,매산동 팔달로 10번길 8,고정형,2023-12-01,,,
2023,수원시,팔달구청,2023-05-08 15:51,매산동 팔달로 10번길 8,고정형,2023-12-01,,,
2023,수원시,권선구청,2023-05-08 16:10,서둔동 수원역한라비발디퍼스트 앞2,고정형,2023-12-01,,,
2023,수원시,팔달구청,2023-05-08 16:18,고등동 수원초등학교 정문 좌측 사거리,고정형,2023-12-01,,,
2023,수원시,영통구청,2023-05-08 16:18,우만동 중부대로271번길,주행형,2023-12-01,,,
2023,수원시,권선구청,2023-05-08 16:22,서둔동 가온팰리스옆2,고정형,2023-12-01,,,
2023,수원시,팔달구청,2023-05-08 16:24,화서1동 수원역푸르지오자이 북문 우측,고정형,2023-12-01,,,
2023,수원시,팔달구청,2023-05-08 16:51,매산동 팅스몰 주차장 출구 옆,고정형,2023-12-01,,,
2023,수원시,팔달구청,2023-05-08 17:01,인계동 경인통계청,고정형,2023-12-01,,,
2023,수원시,팔달구청,2023-05-08 17:03,매산동 팅스몰 주차장 출구 옆,고정형,2023-12-01,,,
2023,수원시,팔달구청,2023-05-08 17:05,인계동 드림캐슬주상복합,고정형,2023-12-01,,,
2023,수원시,영통구청,2023-05-08 17:09,영통동 롯데마트 뒤,고정형,2023-12-01,37.27220279535416,127.10856729001851,
2023,수원시,권선구청,2023-05-08 17:32,서둔동 가온팰리스옆2,고정형,2023-12-01,,,
2023,수원시,팔달구청,2023-05-08 17:47,인계동 경인통계청,고정형,2023-12-01,,,
2023,수원시,영통구청,2023-05-08 17:52,망포동 E-마트 에브리데이 앞,고정형,2023-12-01,37.2361017468141,127.060345496536,
2023,수원시,영통구청,2023-05-08 18:03,원천동 삼성전자중문,고정형,2023-12-01,,,
2023,수원시,팔달구청,2023-05-08 18:16,매산동 팅스몰 주차장 출구 옆,고정형,2023-12-01,,,
2023,수원시,팔달구청,2023-05-08 19:14,매산동 팅스몰 주차장 출구 옆,고정형,2023-12-01,,,
2023,수원시,영통구청,2023-05-08 19:21,경기도수원시영통구망포동 수원시 영통구 망포동 573,보행,2023-12-01,,,
2023,수원시,영통구청,2023-05-08 19:22,경기도수원시영통구망포동 수원시 영통구 망포동 573,보행,2023-12-01,,,
2023,수원시,영통구청,2023-05-08 19:22,경기도수원시영통구망포동 수원시 영통구 망포동 573,보행,2023-12-01,,,
2023,수원시,영통구청,2023-05-08 19:22,경기도수원시영통구망포동 수원시 영통구 망포동 573,보행,2023-12-01,,,
2023,수원시,영통구청,2023-05-08 19:24,경기도수원시영통구망포동 수원시 영통구 망포동 573,보행,2023-12-01,,,
2023,수원시,팔달구청,2023-05-08 19:42,매산동 팅스몰 주차장 출구 옆,고정형,2023-12-01,,,
2023,수원시,권선구청,2023-05-08 19:46,입북동 율전로37번길,주행형,2023-12-01,,,
2023,수원시,권선구청,2023-05-08 19:46,입북동 율전로37번길,주행형,2023-12-01,,,
2023,수원시,권선구청,2023-05-08 19:46,입북동 율전로37번길,주행형,2023-12-01,,,
2023,수원시,권선구청,2023-05-08 19:47,입북동 율전로37번길,주행형,2023-12-01,,,
2023,수원시,권선구청,2023-05-08 19:47,입북동 율전로37번길,주행형,2023-12-01,,,
2023,수원시,권선구청,2023-05-08 19:47,입북동 율전로37번길,주행형,2023-12-01,,,
2023,수원시,권선구청,2023-05-08 19:47,입북동 율전로37번길,주행형,2023-12-01,,,
2023,수원시,권선구청,2023-05-08 19:49,입북동 율전로37번길,주행형,2023-12-01,,,
2023,수원시,권선구청,2023-05-08 19:49,입북동 율전로37번길,주행형,2023-12-01,,,
2023,수원시,권선구청,2023-05-08 19:49,입북동 율전로37번길,주행형,2023-12-01,,,
2023,수원시,권선구청,2023-05-08 19:50,입북동 율전로37번길,주행형,2023-12-01,,,
2023,수원시,팔달구청,2023-05-08 20:09,매산동 팅스몰 주차장 출구 옆,고정형,2023-12-01,,,
2023,수원시,팔달구청,2023-05-08 20:16,행궁동 팔달문 버스정류장,고정형,2023-12-01,,,
2023,수원시,팔달구청,2023-05-08 20:19,화서1동 푸르지오자이 북문 CU 앞 횡단보도,고정형,2023-12-01,,,
2023,수원시,팔달구청,2023-05-08 20:52,매산동 역전농협,고정형,2023-12-01,,,
2023,수원시,권선구청,2023-05-08 23:05,오목천동 473-3,국민신문고,2023-12-01,,,
2023,수원시,권선구청,2023-05-08 23:09,오목천동 478-1,국민신문고,2023-12-01,,,
2023,수원시,권선구청,2023-05-08 23:09,오목천동 478-1,국민신문고,2023-12-01,,,
2023,수원시,권선구청,2023-05-09 1:05,오목천동 527-5,국민신문고,2023-12-01,,,
2023,수원시,권선구청,2023-05-09 1:06,오목천동 527-5,국민신문고,2023-12-01,,,
2023,수원시,권선구청,2023-05-09 1:15,오목천동 527-64,국민신문고,2023-12-01,,,
2023,수원시,권선구청,2023-05-09 7:55,곡반정동 562-2,국민신문고,2023-12-01,,,
2023,수원시,권선구청,2023-05-09 8:03,곡반정동 하나로마트한국빌딩앞,고정형,2023-12-01,,,
2023,수원시,팔달구청,2023-05-09 8:15,인계동 인계동 1140 횡단보도,국민신문고,2023-12-01,37.2635937475755,127.035779436159,
2023,수원시,권선구청,2023-05-09 8:21,권선2동 곡정초교 정문 좌측 사거리,고정형,2023-12-01,,,
2023,수원시,권선구청,2023-05-09 8:35,서둔동 가온팰리스옆2,고정형,2023-12-01,,,
2023,수원시,권선구청,2023-05-09 8:40,서둔동 수원역한라비발디퍼스트 앞1,고정형,2023-12-01,,,
2023,수원시,권선구청,2023-05-09 8:58,세류3동 신곡초교 후문 좌측 사거리,고정형,2023-12-01,,,
2023,수원시,팔달구청,2023-05-09 9:08,인계동 드림캐슬주상복합,고정형,2023-12-01,,,
2023,수원시,팔달구청,2023-05-09 9:19,교동 수원향교 앞 팔달보건소 뒤,고정형,2023-12-01,,,
2023,수원시,팔달구청,2023-05-09 9:20,매산동 팔달로 10번길 8,고정형,2023-12-01,,,
2023,수원시,권선구청,2023-05-09 9:39,입북동 당수초교 정문 우측 사거리,고정형,2023-12-01,,,
2023,수원시,팔달구청,2023-05-09 9:44,고등동 수원초등학교 정문 좌측 사거리,고정형,2023-12-01,,,
2023,수원시,팔달구청,2023-05-09 10:04,인계동 드림캐슬주상복합,고정형,2023-12-01,,,
2023,수원시,권선구청,2023-05-09 10:12,서둔동 가온팰리스옆2,고정형,2023-12-01,,,
2023,수원시,팔달구청,2023-05-09 10:13,경기도수원시팔달구북수동 수원시 팔달구 지동 476-36,보행,2023-12-01,,,
2023,수원시,팔달구청,2023-05-09 10:14,인계동 드림캐슬주상복합,고정형,2023-12-01,,,
2023,수원시,팔달구청,2023-05-09 10:14,인계동 드림캐슬주상복합,고정형,2023-12-01,,,
2023,수원시,권선구청,2023-05-09 10:21,평동 오목초교 정문 우측 삼거리,고정형,2023-12-01,,,
2023,수원시,팔달구청,2023-05-09 13:10,행궁동 팔달문 버스정류장,고정형,2023-12-01,,,
2023,수원시,팔달구청,2023-05-09 13:53,화서1동 수원역푸르지오자이 북문 우측,고정형,2023-12-01,,,
2023,수원시,영통구청,2023-05-09 14:04,원천동 광교 한화겔러리아 앞,고정형,2023-12-01,,,
2023,수원시,팔달구청,2023-05-09 14:31,고등동 수원시 팔달구 팔달로99번길44-1,보행,2023-12-01,,,
2023,수원시,권선구청,2023-05-09 14:32,서둔동 수원역한라비발디퍼스트 앞2,고정형,2023-12-01,,,
2023,수원시,팔달구청,2023-05-09 14:32,매산동 팅스몰 주차장 출구 옆,고정형,2023-12-01,,,
2023,수원시,권선구청,2023-05-09 14:33,서둔동 가온팰리스옆2,고정형,2023-12-01,,,
2023,수원시,팔달구청,2023-05-09 14:33,인계동 경인통계청,고정형,2023-12-01,,,
2023,수원시,팔달구청,2023-05-09 14:34,매산동 팅스몰 주차장 출구 옆,고정형,2023-12-01,,,
2023,수원시,권선구청,2023-05-09 14:36,서둔동 수원역한라비발디퍼스트 앞1,고정형,2023-12-01,,,
2023,수원시,팔달구청,2023-05-09 14:36,인계동 드림캐슬주상복합,고정형,2023-12-01,,,
2023,수원시,팔달구청,2023-05-09 14:37,인계동 경인통계청,고정형,2023-12-01,,,
2023,수원시,권선구청,2023-05-09 14:38,곡반정동 105-4,국민신문고,2023-12-01,,,
2023,수원시,팔달구청,2023-05-09 14:41,인계동 드림캐슬주상복합,고정형,2023-12-01,,,
2023,수원시,팔달구청,2023-05-09 14:53,행궁동 화홍사랑채,고정형,2023-12-01,,,
2023,수원시,팔달구청,2023-05-09 14:57,인계동 드림캐슬주상복합,고정형,2023-12-01,,,
2023,수원시,권선구청,2023-05-09 15:13,서둔동 가온팰리스옆2,고정형,2023-12-01,,,
2023,수원시,팔달구청,2023-05-09 15:14,인계동 드림캐슬주상복합,고정형,2023-12-01,,,
2023,수원시,팔달구청,2023-05-09 15:14,인계동 드림캐슬주상복합,고정형,2023-12-01,,,
2023,수원시,권선구청,2023-05-09 15:27,금곡동 금곡로222번길,주행형,2023-12-01,,,
2023,수원시,권선구청,2023-05-09 15:36,서둔동 가온팰리스옆2,고정형,2023-12-01,,,
2023,수원시,영통구청,2023-05-09 15:41,광교동 광교 덴티움지식산업센터 앞 사거리,고정형,2023-12-01,,,
2023,수원시,팔달구청,2023-05-09 15:48,인계동 드림캐슬주상복합,고정형,2023-12-01,,,
2023,수원시,권선구청,2023-05-09 16:02,입북동 당수초교 정문 우측 사거리,고정형,2023-12-01,,,
2023,수원시,팔달구청,2023-05-09 16:14,행궁동 화홍사랑채,고정형,2023-12-01,,,
2023,수원시,권선구청,2023-05-09 16:20,서둔동 가온팰리스옆2,고정형,2023-12-01,,,
2023,수원시,권선구청,2023-05-09 16:20,서둔동 가온팰리스옆2,고정형,2023-12-01,,,
2023,수원시,팔달구청,2023-05-09 16:21,화서1동 수원역푸르지오자이 북문 우측,고정형,2023-12-01,,,
2023,수원시,권선구청,2023-05-09 16:27,세류3동 신곡초교 후문 좌측 사거리,고정형,2023-12-01,,,
2023,수원시,영통구청,2023-05-09 16:45,망포동 E-마트 에브리데이 앞,고정형,2023-12-01,37.2361017468141,127.060345496536,
2023,수원시,팔달구청,2023-05-09 16:55,고등동 수원초등학교 정문 좌측 사거리,고정형,2023-12-01,,,
2023,수원시,팔달구청,2023-05-09 17:20,화서1동 수원역푸르지오자이 북문 우측,고정형,2023-12-01,,,
2023,수원시,권선구청,2023-05-09 17:36,세류3동 신곡초교 후문 좌측 사거리,고정형,2023-12-01,,,
2023,수원시,팔달구청,2023-05-09 17:38,인계동 드림캐슬주상복합,고정형,2023-12-01,,,
2023,수원시,영통구청,2023-05-09 17:42,광교동 광교더사랑교회뒷길,고정형,2023-12-01,,,
2023,수원시,팔달구청,2023-05-09 17:48,화서1동 푸르지오자이 북문 CU 앞 횡단보도,고정형,2023-12-01,,,
2023,수원시,팔달구청,2023-05-09 17:52,인계동 드림캐슬주상복합,고정형,2023-12-01,,,
2023,수원시,영통구청,2023-05-09 18:36,이의동 도청예정부지,고정형,2023-12-01,,,
2023,수원시,영통구청,2023-05-09 19:04,영통동 마사회뒷길,고정형,2023-12-01,,,
2023,수원시,팔달구청,2023-05-09 19:05,인계동 드림캐슬주상복합,고정형,2023-12-01,,,
2023,수원시,팔달구청,2023-05-09 19:05,인계동 드림캐슬주상복합,고정형,2023-12-01,,,
2023,수원시,권선구청,2023-05-09 19:17,곡반정동 562-2,국민신문고,2023-12-01,,,
2023,수원시,팔달구청,2023-05-09 19:53,매산동 팅스몰 주차장 출구 옆,고정형,2023-12-01,,,
2023,수원시,영통구청,2023-05-09 20:03,영통동 마사회뒷길,고정형,2023-12-01,,,
2023,수원시,팔달구청,2023-05-09 20:20,인계동 드림캐슬주상복합,고정형,2023-12-01,,,
2023,수원시,팔달구청,2023-05-09 21:39,매산동 역전농협,고정형,2023-12-01,,,
2023,수원시,권선구청,2023-05-10 5:35,곡반정동 562-2,국민신문고,2023-12-01,,,
2023,수원시,권선구청,2023-05-10 5:37,곡반정동 562-2,국민신문고,2023-12-01,,,
2023,수원시,팔달구청,2023-05-10 7:04,화서1동 푸르지오자이 북문 CU 앞 횡단보도,고정형,2023-12-01,,,
2023,수원시,권선구청,2023-05-10 8:03,서둔동 가온팰리스옆2,고정형,2023-12-01,,,
2023,수원시,권선구청,2023-05-10 8:03,서둔동 가온팰리스옆2,고정형,2023-12-01,,,
2023,수원시,권선구청,2023-05-10 8:04,곡반정동 하나로마트한국빌딩앞,고정형,2023-12-01,,,
2023,수원시,권선구청,2023-05-10 8:07,곡반정동 하나로마트한국빌딩앞,고정형,2023-12-01,,,
2023,수원시,권선구청,2023-05-10 8:14,서둔동 수원역한라비발디퍼스트 앞1,고정형,2023-12-01,,,
2023,수원시,팔달구청,2023-05-10 8:53,매산동 팅스몰 주차장 출구 옆,고정형,2023-12-01,,,
2023,수원시,권선구청,2023-05-10 9:07,서둔동 가온팰리스옆2,고정형,2023-12-01,,,
2023,수원시,권선구청,2023-05-10 9:17,입북동 당수초교 정문 우측 사거리,고정형,2023-12-01,,,
2023,수원시,팔달구청,2023-05-10 9:49,화서1동 푸르지오자이 북문 CU 앞 횡단보도,고정형,2023-12-01,,,
2023,수원시,권선구청,2023-05-10 10:22,구운동 구운동 명품닭갈비,고정형,2023-12-01,,,
2023,수원시,권선구청,2023-05-10 10:22,구운동 구운동 명품닭갈비,고정형,2023-12-01,,,
2023,수원시,권선구청,2023-05-10 10:23,입북동 당수초교 정문 우측 사거리,고정형,2023-12-01,,,
2023,수원시,팔달구청,2023-05-10 10:25,구천동 구천동 수원천로210번길,주행형,2023-12-01,,,
2023,수원시,팔달구청,2023-05-10 10:25,구천동 구천동 수원천로210번길,주행형,2023-12-01,,,
2023,수원시,팔달구청,2023-05-10 10:25,매교동 구천동 수원천로210번길,주행형,2023-12-01,,,
2023,수원시,팔달구청,2023-05-10 10:33,매산동 팔달로 10번길 8,고정형,2023-12-01,,,
2023,수원시,팔달구청,2023-05-10 10:35,인계동 경인통계청,고정형,2023-12-01,,,
2023,수원시,권선구청,2023-05-10 10:36,서둔동 가온팰리스옆2,고정형,2023-12-01,,,
2023,수원시,권선구청,2023-05-10 10:37,서둔동 가온팰리스옆2,고정형,2023-12-01,,,
2023,수원시,팔달구청,2023-05-10 10:46,고등동 수원초등학교 정문 좌측 사거리,고정형,2023-12-01,,,
2023,수원시,권선구청,2023-05-10 10:58,권선동 NC터미널점 버스정류장 앞,고정형,2023-12-01,,,
2023,수원시,팔달구청,2023-05-10 11:13,화서1동 푸르지오자이 북문 CU 앞 횡단보도,고정형,2023-12-01,,,
2023,수원시,팔달구청,2023-05-10 12:29,화서1동 푸르지오자이 북문 CU 앞 횡단보도,고정형,2023-12-01,,,
2023,수원시,권선구청,2023-05-10 12:47,평동 오현초교 정문 우측 사거리,고정형,2023-12-01,,,
2023,수원시,영통구청,2023-05-10 13:32,영통동 롯데마트 뒤,고정형,2023-12-01,37.27220279535416,127.10856729001851,
2023,수원시,영통구청,2023-05-10 13:54,영통동 롯데마트 뒤,고정형,2023-12-01,37.27220279535416,127.10856729001851,
2023,수원시,영통구청,2023-05-10 14:07,반월동 봉영로,주행형,2023-12-01,,,
2023,수원시,영통구청,2023-05-10 14:19,광교동 광교이의119안전센터,고정형,2023-12-01,,,
2023,수원시,팔달구청,2023-05-10 14:33,인계동 경인통계청,고정형,2023-12-01,,,
2023,수원시,영통구청,2023-05-10 14:33,영통동 매영로365번길,주행형,2023-12-01,,,
2023,수원시,영통구청,2023-05-10 14:33,영통동 매영로365번길,주행형,2023-12-01,,,
2023,수원시,영통구청,2023-05-10 14:33,영통동 매영로365번길,주행형,2023-12-01,,,
2023,수원시,영통구청,2023-05-10 14:33,영통동 매영로365번길,주행형,2023-12-01,,,
2023,수원시,영통구청,2023-05-10 14:33,영통동 매영로365번길,주행형,2023-12-01,,,
2023,수원시,영통구청,2023-05-10 14:33,영통동 매영로365번길,주행형,2023-12-01,,,
2023,수원시,영통구청,2023-05-10 14:34,영통동 매영로365번길,주행형,2023-12-01,,,
2023,수원시,영통구청,2023-05-10 14:34,영통동 매영로365번길,주행형,2023-12-01,,,
2023,수원시,팔달구청,2023-05-10 14:41,인계동 드림캐슬주상복합,고정형,2023-12-01,,,
2023,수원시,팔달구청,2023-05-10 14:42,인계동 드림캐슬주상복합,고정형,2023-12-01,,,
2023,수원시,영통구청,2023-05-10 14:47,경기도수원시영통구매탄동 수원시 영통구 동수원로 322-1구두수선대2,보행,2023-12-01,,,
2023,수원시,팔달구청,2023-05-10 14:48,경기도수원시팔달구교동 수원시 팔달구 교동 172-6,보행,2023-12-01,,,
2023,수원시,팔달구청,2023-05-10 14:50,경기도수원시팔달구교동 수원시 팔달구 교동 171-10,보행,2023-12-01,,,
2023,수원시,팔달구청,2023-05-10 14:50,경기도수원시팔달구교동 수원시 팔달구 교동 171-10,보행,2023-12-01,,,
2023,수원시,팔달구청,2023-05-10 14:53,경기도수원시팔달구교동 수원시 팔달구 교동 171-10,보행,2023-12-01,,,
2023,수원시,팔달구청,2023-05-10 15:00,인계동 한국씨티은행,고정형,2023-12-01,,,
2023,수원시,영통구청,2023-05-10 15:07,광교동 광교더사랑교회뒷길,고정형,2023-12-01,,,
2023,수원시,팔달구청,2023-05-10 15:15,인계동 드림캐슬주상복합,고정형,2023-12-01,,,
2023,수원시,영통구청,2023-05-10 15:17,광교동 광교이의119안전센터,고정형,2023-12-01,,,
2023,수원시,팔달구청,2023-05-10 15:39,인계동 드림캐슬주상복합,고정형,2023-12-01,,,
2023,수원시,팔달구청,2023-05-10 15:44,경기도수원시팔달구매산로1가 수원시 팔달구 행궁로 11,보행,2023-12-01,,,
2023,수원시,영통구청,2023-05-10 15:46,광교동 광교이의119안전센터,고정형,2023-12-01,,,
2023,수원시,권선구청,2023-05-10 16:06,권선동 권선동 한라비발디앞 놀이터,고정형,2023-12-01,,,
2023,수원시,팔달구청,2023-05-10 16:10,인계동 드림캐슬주상복합,고정형,2023-12-01,,,
2023,수원시,팔달구청,2023-05-10 16:22,화서1동 수원역푸르지오자이 북문 우측,고정형,2023-12-01,,,
2023,수원시,팔달구청,2023-05-10 16:25,매산동 팅스몰 주차장 출구 옆,고정형,2023-12-01,,,
2023,수원시,팔달구청,2023-05-10 16:25,매산동 팔달로 10번길 8,고정형,2023-12-01,,,
2023,수원시,팔달구청,2023-05-10 16:31,매산동 팅스몰 주차장 출구 옆,고정형,2023-12-01,,,
2023,수원시,팔달구청,2023-05-10 16:58,인계동 경인통계청,고정형,2023-12-01,,,
2023,수원시,권선구청,2023-05-10 17:17,곡반정동 하나로마트한국빌딩앞,고정형,2023-12-01,,,
2023,수원시,권선구청,2023-05-10 17:17,곡반정동 하나로마트한국빌딩앞,고정형,2023-12-01,,,
2023,수원시,권선구청,2023-05-10 17:23,곡반정동 하나로마트한국빌딩앞,고정형,2023-12-01,,,
2023,수원시,권선구청,2023-05-10 17:29,서둔동 가온팰리스옆1,고정형,2023-12-01,,,
2023,수원시,권선구청,2023-05-10 17:34,권선2동 곡정초교 정문 좌측 사거리,고정형,2023-12-01,,,
2023,수원시,팔달구청,2023-05-10 18:12,매교동 매교동 287-110 소화전,국민신문고,2023-12-01,,,
2023,수원시,팔달구청,2023-05-10 18:21,매산동 팅스몰 주차장 출구 옆,고정형,2023-12-01,,,
2023,수원시,팔달구청,2023-05-10 18:21,매산동 팅스몰 주차장 출구 옆,고정형,2023-12-01,,,
2023,수원시,팔달구청,2023-05-10 18:30,매산동 팅스몰 주차장 출구 옆,고정형,2023-12-01,,,
2023,수원시,팔달구청,2023-05-10 18:38,매산동 팅스몰 주차장 출구 옆,고정형,2023-12-01,,,
2023,수원시,팔달구청,2023-05-10 18:56,매산동 팅스몰 주차장 출구 옆,고정형,2023-12-01,,,
2023,수원시,팔달구청,2023-05-10 19:11,매산동 팅스몰 주차장 출구 옆,고정형,2023-12-01,,,
2023,수원시,팔달구청,2023-05-10 19:24,매산동 팅스몰 주차장 출구 옆,고정형,2023-12-01,,,
2023,수원시,팔달구청,2023-05-10 19:32,화서1동 푸르지오자이 북문 CU 앞 횡단보도,고정형,2023-12-01,,,
2023,수원시,팔달구청,2023-05-10 19:33,인계동 드림캐슬주상복합,고정형,2023-12-01,,,
2023,수원시,팔달구청,2023-05-10 19:33,화서1동 푸르지오자이 북문 CU 앞 횡단보도,고정형,2023-12-01,,,
2023,수원시,팔달구청,2023-05-10 19:56,매산동 팅스몰 주차장 출구 옆,고정형,2023-12-01,,,
2023,수원시,팔달구청,2023-05-10 20:03,인계동 드림캐슬주상복합,고정형,2023-12-01,,,
2023,수원시,팔달구청,2023-05-10 20:04,매산동 팔달로 10번길 8,고정형,2023-12-01,,,
2023,수원시,영통구청,2023-05-10 20:14,원천동 광교매원초등학교,고정형,2023-12-01,,,
2023,수원시,영통구청,2023-05-10 20:22,영통동 롯데마트 뒤,고정형,2023-12-01,37.27220279535416,127.10856729001851,
2023,수원시,팔달구청,2023-05-10 21:01,인계동 드림캐슬주상복합,고정형,2023-12-01,,,
2023,수원시,팔달구청,2023-05-10 21:03,인계동 드림캐슬주상복합,고정형,2023-12-01,,,
2023,수원시,권선구청,2023-05-11 5:40,곡반정동 562-2,국민신문고,2023-12-01,,,
2023,수원시,팔달구청,2023-05-11 7:36,인계동 경인통계청,고정형,2023-12-01,,,
2023,수원시,권선구청,2023-05-11 8:12,서둔동 가온팰리스옆2,고정형,2023-12-01,,,
2023,수원시,권선구청,2023-05-11 8:12,서둔동 가온팰리스옆2,고정형,2023-12-01,,,
2023,수원시,팔달구청,2023-05-11 8:24,경기도수원시팔달구매교동 수원시 팔달구 매교동 224-42,보행,2023-12-01,,,
2023,수원시,팔달구청,2023-05-11 8:25,경기도수원시팔달구매교동 수원시 팔달구 매교동 224-42,보행,2023-12-01,,,
2023,수원시,권선구청,2023-05-11 8:34,세류3동 신곡초교 후문 좌측 사거리,고정형,2023-12-01,,,
2023,수원시,권선구청,2023-05-11 9:19,서둔동 가온팰리스옆1,고정형,2023-12-01,,,
2023,수원시,팔달구청,2023-05-11 9:25,인계동 경인통계청,고정형,2023-12-01,,,
2023,수원시,팔달구청,2023-05-11 10:03,매산동 팔달로 10번길 8,고정형,2023-12-01,,,
2023,수원시,팔달구청,2023-05-11 10:20,고등동 수원초등학교 정문 좌측 사거리,고정형,2023-12-01,,,
2023,수원시,영통구청,2023-05-11 10:26,이의동 광교가재울마을사거리,고정형,2023-12-01,,,
2023,수원시,권선구청,2023-05-11 10:32,서둔동 가온팰리스옆2,고정형,2023-12-01,,,
2023,수원시,팔달구청,2023-05-11 10:40,인계동 드림캐슬주상복합,고정형,2023-12-01,,,
2023,수원시,팔달구청,2023-05-11 10:55,교동 수원향교 앞 팔달보건소 뒤,고정형,2023-12-01,,,
2023,수원시,권선구청,2023-05-11 11:04,입북동 당수초교 정문 우측 사거리,고정형,2023-12-01,,,
2023,수원시,영통구청,2023-05-11 11:20,광교동 광교더사랑교회뒷길,고정형,2023-12-01,,,
2023,수원시,팔달구청,2023-05-11 12:05,행궁동 팔달문 버스정류장,고정형,2023-12-01,,,
2023,수원시,권선구청,2023-05-11 12:20,고색동 37버5320,국민신문고,2023-12-01,,,
2023,수원시,권선구청,2023-05-11 12:24,평동 고현초교 정문 좌측 삼거리,고정형,2023-12-01,,,
2023,수원시,팔달구청,2023-05-11 12:38,매교동 매교동 100-12 교차로모퉁이,국민신문고,2023-12-01,,,
2023,수원시,영통구청,2023-05-11 13:19,광교동 광교 덴티움지식산업센터 앞 사거리,고정형,2023-12-01,,,
2023,수원시,팔달구청,2023-05-11 13:25,매산동 역전농협,고정형,2023-12-01,,,
2023,수원시,팔달구청,2023-05-11 14:33,인계동 경인통계청,고정형,2023-12-01,,,
2023,수원시,권선구청,2023-05-11 14:33,서둔동 수원역한라비발디퍼스트 앞1,고정형,2023-12-01,,,
2023,수원시,권선구청,2023-05-11 14:33,서둔동 수원역한라비발디퍼스트 앞1,고정형,2023-12-01,,,
2023,수원시,팔달구청,2023-05-11 14:35,매산동 팅스몰 주차장 출구 옆,고정형,2023-12-01,,,
2023,수원시,팔달구청,2023-05-11 14:42,매산로3가 매산로92번길 11,주행형,2023-12-01,,,
2023,수원시,팔달구청,2023-05-11 14:46,매교동 매교동 효원로93번길,주행형,2023-12-01,,,
2023,수원시,팔달구청,2023-05-11 14:46,매교동 매교동 효원로93번길,주행형,2023-12-01,,,
2023,수원시,영통구청,2023-05-11 14:53,영통동 마사회뒷길,고정형,2023-12-01,,,
2023,수원시,영통구청,2023-05-11 14:53,영통동 마사회뒷길,고정형,2023-12-01,,,
2023,수원시,권선구청,2023-05-11 14:58,세류3동 신곡초교 후문 좌측 사거리,고정형,2023-12-01,,,
2023,수원시,팔달구청,2023-05-11 14:58,인계동 드림캐슬주상복합,고정형,2023-12-01,,,
2023,수원시,권선구청,2023-05-11 15:12,서둔동 가온팰리스옆2,고정형,2023-12-01,,,
2023,수원시,권선구청,2023-05-11 15:22,권선동 덕영대로1246번길,주행형,2023-12-01,,,
2023,수원시,권선구청,2023-05-11 15:23,권선동 덕영대로1246번길,주행형,2023-12-01,,,
2023,수원시,팔달구청,2023-05-11 15:42,인계동 경인통계청,고정형,2023-12-01,,,
2023,수원시,팔달구청,2023-05-11 15:54,매교동 매교동 118-23 소화전,국민신문고,2023-12-01,,,
2023,수원시,영통구청,2023-05-11 16:02,광교동 광교 덴티움지식산업센터 앞 사거리,고정형,2023-12-01,,,
2023,수원시,팔달구청,2023-05-11 16:04,매교동 매교동 114-89 횡단보도,국민신문고,2023-12-01,,,
2023,수원시,팔달구청,2023-05-11 16:10,매산동 팔달로 10번길 8,고정형,2023-12-01,,,
2023,수원시,팔달구청,2023-05-11 16:17,인계동 드림캐슬주상복합,고정형,2023-12-01,,,
2023,수원시,팔달구청,2023-05-11 16:17,인계동 드림캐슬주상복합,고정형,2023-12-01,,,
2023,수원시,영통구청,2023-05-11 16:23,하동 광교호반마을한양수자인,고정형,2023-12-01,,,
2023,수원시,영통구청,2023-05-11 16:53,망포동 E-마트 에브리데이 앞,고정형,2023-12-01,37.2361017468141,127.060345496536,
2023,수원시,팔달구청,2023-05-11 17:06,화서1동 수원역푸르지오자이 북문 우측,고정형,2023-12-01,,,
2023,수원시,권선구청,2023-05-11 17:15,오목천동 한화꿈에그린아파트 209동앞,고정형,2023-12-01,,,
2023,수원시,장안구청,2023-05-11 17:24,율전동 율전파출소,고정형,2023-12-01,,,
2023,수원시,권선구청,2023-05-11 17:26,곡선동 휴먼푸드 인근,고정형,2023-12-01,,,
2023,수원시,권선구청,2023-05-11 17:29,서둔동 가온팰리스옆2,고정형,2023-12-01,,,
2023,수원시,팔달구청,2023-05-11 17:38,인계동 경인통계청,고정형,2023-12-01,,,
2023,수원시,팔달구청,2023-05-11 17:43,화서1동 푸르지오자이 북문 CU 앞 횡단보도,고정형,2023-12-01,,,
2023,수원시,팔달구청,2023-05-11 17:49,인계동 드림캐슬주상복합,고정형,2023-12-01,,,
2023,수원시,팔달구청,2023-05-11 17:49,인계동 드림캐슬주상복합,고정형,2023-12-01,,,
2023,수원시,팔달구청,2023-05-11 17:56,인계동 드림캐슬주상복합,고정형,2023-12-01,,,
2023,수원시,팔달구청,2023-05-11 18:08,행궁동 팔달문 버스정류장,고정형,2023-12-01,,,
2023,수원시,영통구청,2023-05-11 18:08,망포동 E-마트 에브리데이 앞,고정형,2023-12-01,37.2361017468141,127.060345496536,
2023,수원시,영통구청,2023-05-11 18:35,하동 광교호반마을한양수자인,고정형,2023-12-01,,,
2023,수원시,영통구청,2023-05-11 19:32,영통동 롯데마트 뒤,고정형,2023-12-01,37.27220279535416,127.10856729001851,
2023,수원시,팔달구청,2023-05-11 19:32,인계동 드림캐슬주상복합,고정형,2023-12-01,,,
2023,수원시,영통구청,2023-05-11 19:36,영통동 매영로365번길,주행형,2023-12-01,,,
2023,수원시,영통구청,2023-05-11 19:36,영통동 매영로365번길,주행형,2023-12-01,,,
2023,수원시,영통구청,2023-05-11 19:36,영통동 매영로365번길,주행형,2023-12-01,,,
2023,수원시,영통구청,2023-05-11 19:37,영통동 매영로365번길,주행형,2023-12-01,,,
2023,수원시,영통구청,2023-05-11 19:37,영통동 매영로365번길,주행형,2023-12-01,,,
2023,수원시,영통구청,2023-05-11 19:37,영통동 매영로365번길,주행형,2023-12-01,,,
2023,수원시,영통구청,2023-05-11 19:37,영통동 매영로365번길,주행형,2023-12-01,,,
2023,수원시,영통구청,2023-05-11 19:37,영통동 매영로365번길,주행형,2023-12-01,,,
2023,수원시,영통구청,2023-05-11 19:37,영통동 매영로365번길,주행형,2023-12-01,,,
2023,수원시,팔달구청,2023-05-11 20:18,교동 수원향교 앞 팔달보건소 뒤,고정형,2023-12-01,,,
2023,수원시,권선구청,2023-05-11 20:44,곡반정동 562-2,국민신문고,2023-12-01,,,
2023,수원시,권선구청,2023-05-11 20:44,곡반정동 562-2,국민신문고,2023-12-01,,,
2023,수원시,권선구청,2023-05-11 20:45,곡반정동 562-2,국민신문고,2023-12-01,,,
2023,수원시,팔달구청,2023-05-11 20:50,인계동 드림캐슬주상복합,고정형,2023-12-01,,,
2023,수원시,권선구청,2023-05-11 20:51,곡반정동 562-2,국민신문고,2023-12-01,,,
2023,수원시,권선구청,2023-05-12 5:42,곡반정동 562-2,국민신문고,2023-12-01,,,
2023,수원시,권선구청,2023-05-12 6:12,곡반정동 562-2,국민신문고,2023-12-01,,,
2023,수원시,권선구청,2023-05-12 6:14,곡반정동 478-5,국민신문고,2023-12-01,,,
2023,수원시,권선구청,2023-05-12 6:53,호매실동 527-67,국민신문고,2023-12-01,,,
2023,수원시,팔달구청,2023-05-12 7:02,화서1동 푸르지오자이 북문 CU 앞 횡단보도,고정형,2023-12-01,,,
2023,수원시,팔달구청,2023-05-12 7:33,인계동 드림캐슬주상복합,고정형,2023-12-01,,,
2023,수원시,팔달구청,2023-05-12 7:34,매산동 팅스몰 주차장 출구 옆,고정형,2023-12-01,,,
2023,수원시,권선구청,2023-05-12 8:02,곡반정동 하나로마트한국빌딩앞,고정형,2023-12-01,,,
2023,수원시,권선구청,2023-05-12 8:02,곡반정동 하나로마트한국빌딩앞,고정형,2023-12-01,,,
2023,수원시,권선구청,2023-05-12 8:04,입북동 당수초교 정문 우측 사거리,고정형,2023-12-01,,,
2023,수원시,권선구청,2023-05-12 8:05,서둔동 가온팰리스옆2,고정형,2023-12-01,,,
2023,수원시,권선구청,2023-05-12 8:05,서둔동 가온팰리스옆2,고정형,2023-12-01,,,
2023,수원시,권선구청,2023-05-12 8:22,서둔동 가온팰리스옆2,고정형,2023-12-01,,,
2023,수원시,권선구청,2023-05-12 8:39,서둔동 수원역한라비발디퍼스트 앞1,고정형,2023-12-01,,,
2023,수원시,권선구청,2023-05-12 8:47,곡반정동 하나로마트한국빌딩앞,고정형,2023-12-01,,,
2023,수원시,권선구청,2023-05-12 8:55,서둔동 가온팰리스옆1,고정형,2023-12-01,,,
2023,수원시,팔달구청,2023-05-12 9:17,인계동 한국씨티은행,고정형,2023-12-01,,,
2023,수원시,권선구청,2023-05-12 9:59,곡반정동 하나로마트한국빌딩앞,고정형,2023-12-01,,,
2023,수원시,권선구청,2023-05-12 10:03,서둔동 가온팰리스옆2,고정형,2023-12-01,,,
2023,수원시,팔달구청,2023-05-12 10:13,고등동 고등동 팔달로 105,주행형,2023-12-01,,,
2023,수원시,권선구청,2023-05-12 10:20,오목천동 한화꿈에그린아파트 209동앞,고정형,2023-12-01,,,
2023,수원시,팔달구청,2023-05-12 10:31,경기도수원시팔달구교동 수원시 팔달구 교동 171-9,보행,2023-12-01,,,
2023,수원시,팔달구청,2023-05-12 10:52,경기도수원시팔달구화서동 수원시 팔달구 화서동 111-10,보행,2023-12-01,,,
2023,수원시,팔달구청,2023-05-12 10:52,경기도수원시팔달구화서동 수원시 팔달구 화서동 111-10,보행,2023-12-01,,,
2023,수원시,영통구청,2023-05-12 10:57,이의동 창룡대로298번길,주행형,2023-12-01,,,
2023,수원시,영통구청,2023-05-12 11:29,광교동 광교웰빙타운한양수자인,고정형,2023-12-01,,,
2023,수원시,권선구청,2023-05-12 11:43,곡선동 휴먼푸드 인근,고정형,2023-12-01,,,
2023,수원시,영통구청,2023-05-12 13:19,망포동 E-마트 에브리데이 앞,고정형,2023-12-01,37.2361017468141,127.060345496536,
2023,수원시,영통구청,2023-05-12 13:36,영통동 롯데마트 뒤,고정형,2023-12-01,37.27220279535416,127.10856729001851,
2023,수원시,팔달구청,2023-05-12 13:42,고등동 수원초등학교 정문 좌측 사거리,고정형,2023-12-01,,,
2023,수원시,영통구청,2023-05-12 14:08,영통동 롯데마트 뒤,고정형,2023-12-01,37.27220279535416,127.10856729001851,
2023,수원시,권선구청,2023-05-12 14:20,곡선동 휴먼푸드 인근,고정형,2023-12-01,,,
2023,수원시,영통구청,2023-05-12 14:33,이의동 드림스퀘어Ⅱ 앞,고정형,2023-12-01,,,
2023,수원시,팔달구청,2023-05-12 14:34,경기도수원시장안구영화동 수원시 팔달구 팔달문로114번길36,보행,2023-12-01,,,
2023,수원시,영통구청,2023-05-12 14:46,이의동 드림스퀘어Ⅱ 앞,고정형,2023-12-01,,,
2023,수원시,팔달구청,2023-05-12 14:46,매산동 팅스몰 주차장 출구 옆,고정형,2023-12-01,,,
2023,수원시,권선구청,2023-05-12 15:21,서둔동 가온팰리스옆2,고정형,2023-12-01,,,
2023,수원시,팔달구청,2023-05-12 15:33,인계동 드림캐슬주상복합,고정형,2023-12-01,,,
2023,수원시,팔달구청,2023-05-12 15:33,인계동 한국씨티은행,고정형,2023-12-01,,,
2023,수원시,영통구청,2023-05-12 15:33,경기도수원시영통구원천동 수원시 영통구 원천동 18,보행,2023-12-01,,,
2023,수원시,팔달구청,2023-05-12 15:44,고등동 고등동 141-22 횡단보도,국민신문고,2023-12-01,,,
2023,수원시,팔달구청,2023-05-12 15:52,매산동 팅스몰 주차장 출구 옆,고정형,2023-12-01,,,
2023,수원시,팔달구청,2023-05-12 15:52,매산동 팅스몰 주차장 출구 옆,고정형,2023-12-01,,,
2023,수원시,팔달구청,2023-05-12 15:54,고등동 고등동 226-58 소화전,국민신문고,2023-12-01,,,
2023,수원시,권선구청,2023-05-12 15:55,곡반정동 562-2,국민신문고,2023-12-01,,,
2023,수원시,팔달구청,2023-05-12 16:04,화서1동 수원역푸르지오자이 북문 우측,고정형,2023-12-01,,,
2023,수원시,팔달구청,2023-05-12 16:20,인계동 경인통계청,고정형,2023-12-01,,,
2023,수원시,팔달구청,2023-05-12 16:35,매산동 팅스몰 주차장 출구 옆,고정형,2023-12-01,,,
2023,수원시,팔달구청,2023-05-12 16:43,인계동 드림캐슬주상복합,고정형,2023-12-01,,,
2023,수원시,권선구청,2023-05-12 17:09,서둔동 수원역한라비발디퍼스트 앞1,고정형,2023-12-01,,,
2023,수원시,팔달구청,2023-05-12 17:13,인계동 드림캐슬주상복합,고정형,2023-12-01,,,
2023,수원시,팔달구청,2023-05-12 17:21,인계동 드림캐슬주상복합,고정형,2023-12-01,,,
2023,수원시,팔달구청,2023-05-12 17:27,신풍동 제일교회부설주차장 부근,고정형,2023-12-01,,,
2023,수원시,팔달구청,2023-05-12 17:38,인계동 한국씨티은행,고정형,2023-12-01,,,
2023,수원시,팔달구청,2023-05-12 17:46,화서1동 화서초등학교 둘레길 중간지점,고정형,2023-12-01,,,
2023,수원시,팔달구청,2023-05-12 17:46,화서1동 화서초등학교 둘레길 중간지점,고정형,2023-12-01,,,
2023,수원시,팔달구청,2023-05-12 18:24,인계동 드림캐슬주상복합,고정형,2023-12-01,,,
2023,수원시,영통구청,2023-05-12 18:41,영통동 매영로365번길,주행형,2023-12-01,,,
2023,수원시,영통구청,2023-05-12 18:42,영통동 매영로365번길,주행형,2023-12-01,,,
2023,수원시,영통구청,2023-05-12 18:42,영통동 매영로365번길,주행형,2023-12-01,,,
2023,수원시,영통구청,2023-05-12 18:42,영통동 매영로365번길,주행형,2023-12-01,,,
2023,수원시,영통구청,2023-05-12 18:42,영통동 매영로365번길,주행형,2023-12-01,,,
2023,수원시,영통구청,2023-05-12 18:42,영통동 매영로365번길,주행형,2023-12-01,,,
2023,수원시,영통구청,2023-05-12 18:42,영통동 매영로365번길,주행형,2023-12-01,,,
2023,수원시,영통구청,2023-05-12 18:42,영통동 매영로365번길,주행형,2023-12-01,,,
2023,수원시,영통구청,2023-05-12 18:43,영통동 매영로365번길,주행형,2023-12-01,,,
2023,수원시,영통구청,2023-05-12 18:43,영통동 매영로365번길,주행형,2023-12-01,,,
2023,수원시,영통구청,2023-05-12 19:13,경기도수원시영통구영통동 수원시 영통구 영통동 1057,보행,2023-12-01,,,
2023,수원시,팔달구청,2023-05-12 19:17,인계동 드림캐슬주상복합,고정형,2023-12-01,,,
2023,수원시,팔달구청,2023-05-12 19:17,인계동 드림캐슬주상복합,고정형,2023-12-01,,,
2023,수원시,팔달구청,2023-05-12 19:23,화서1동 수원역푸르지오자이 북문 우측,고정형,2023-12-01,,,
2023,수원시,팔달구청,2023-05-12 19:33,인계동 드림캐슬주상복합,고정형,2023-12-01,,,
2023,수원시,팔달구청,2023-05-12 19:44,매산동 팅스몰 주차장 출구 옆,고정형,2023-12-01,,,
2023,수원시,팔달구청,2023-05-12 19:46,화서1동 수원역푸르지오자이 북문 우측,고정형,2023-12-01,,,
2023,수원시,팔달구청,2023-05-12 19:58,화서1동 수원역푸르지오자이 북문 우측,고정형,2023-12-01,,,
2023,수원시,팔달구청,2023-05-12 20:10,인계동 드림캐슬주상복합,고정형,2023-12-01,,,
2023,수원시,영통구청,2023-05-12 20:14,영통동 마사회뒷길,고정형,2023-12-01,,,
2023,수원시,영통구청,2023-05-12 20:21,망포동 방죽공원 교차 삼거리,고정형,2023-12-01,,,
2023,수원시,팔달구청,2023-05-12 20:31,고등동 푸르지오자이 북문 CU 앞 횡단보도,고정형,2023-12-01,,,
2023,수원시,팔달구청,2023-05-12 20:32,교동 수원향교 앞 팔달보건소 뒤,고정형,2023-12-01,,,
2023,수원시,팔달구청,2023-05-12 20:40,매산동 역전농협,고정형,2023-12-01,,,
2023,수원시,팔달구청,2023-05-12 20:45,화서1동 수원역푸르지오자이 북문 우측,고정형,2023-12-01,,,
2023,수원시,팔달구청,2023-05-12 20:56,인계동 드림캐슬주상복합,고정형,2023-12-01,,,
2023,수원시,팔달구청,2023-05-12 21:08,인계동 드림캐슬주상복합,고정형,2023-12-01,,,
2023,수원시,팔달구청,2023-05-12 21:24,매산동 역전농협,고정형,2023-12-01,,,
2023,수원시,권선구청,2023-05-13 0:14,곡반정동 562-2,국민신문고,2023-12-01,,,
2023,수원시,권선구청,2023-05-13 7:02,오목천동 527-5,국민신문고,2023-12-01,,,
2023,수원시,팔달구청,2023-05-13 9:02,인계동 드림캐슬주상복합,고정형,2023-12-01,,,
2023,수원시,팔달구청,2023-05-13 9:02,인계동 드림캐슬주상복합,고정형,2023-12-01,,,
2023,수원시,권선구청,2023-05-13 9:03,곡반정동 하나로마트한국빌딩앞,고정형,2023-12-01,,,
2023,수원시,권선구청,2023-05-13 9:03,서둔동 가온팰리스옆2,고정형,2023-12-01,,,
2023,수원시,권선구청,2023-05-13 9:03,곡반정동 하나로마트한국빌딩앞,고정형,2023-12-01,,,
2023,수원시,권선구청,2023-05-13 9:04,서둔동 가온팰리스옆2,고정형,2023-12-01,,,
2023,수원시,권선구청,2023-05-13 9:04,서둔동 가온팰리스옆2,고정형,2023-12-01,,,
2023,수원시,팔달구청,2023-05-13 9:05,인계동 경인통계청,고정형,2023-12-01,,,
2023,수원시,팔달구청,2023-05-13 9:05,인계동 경인통계청,고정형,2023-12-01,,,
2023,수원시,권선구청,2023-05-13 9:05,서둔동 가온팰리스옆1,고정형,2023-12-01,,,
2023,수원시,팔달구청,2023-05-13 9:06,인계동 경인통계청,고정형,2023-12-01,,,
2023,수원시,팔달구청,2023-05-13 9:07,인계동 경인통계청,고정형,2023-12-01,,,
2023,수원시,권선구청,2023-05-13 9:09,곡반정동 하나로마트한국빌딩앞,고정형,2023-12-01,,,
2023,수원시,팔달구청,2023-05-13 9:10,화서1동 푸르지오자이 북문 CU 앞 횡단보도,고정형,2023-12-01,,,
2023,수원시,팔달구청,2023-05-13 9:18,인계동 드림캐슬주상복합,고정형,2023-12-01,,,
2023,수원시,팔달구청,2023-05-13 9:42,매산동 팅스몰 주차장 출구 옆,고정형,2023-12-01,,,
2023,수원시,권선구청,2023-05-13 9:46,서둔동 수원역한라비발디퍼스트 앞1,고정형,2023-12-01,,,
2023,수원시,팔달구청,2023-05-13 10:08,지동 지동 팔달문로32번길,주행형,2023-12-01,,,
2023,수원시,팔달구청,2023-05-13 10:08,지동 지동 팔달문로32번길,주행형,2023-12-01,,,
2023,수원시,권선구청,2023-05-13 10:10,곡반정동 하나로마트한국빌딩앞,고정형,2023-12-01,,,
2023,수원시,팔달구청,2023-05-13 10:44,인계동 드림캐슬주상복합,고정형,2023-12-01,,,
2023,수원시,팔달구청,2023-05-13 11:35,화서1동 수원역푸르지오자이 북문 우측,고정형,2023-12-01,,,
2023,수원시,팔달구청,2023-05-13 12:14,화서1동 푸르지오자이 북문 CU 앞 횡단보도,고정형,2023-12-01,,,
2023,수원시,팔달구청,2023-05-13 13:03,화서1동 수원역푸르지오자이 북문 우측,고정형,2023-12-01,,,
2023,수원시,권선구청,2023-05-13 13:15,권선동 NC터미널점 버스정류장 앞,고정형,2023-12-01,,,
2023,수원시,영통구청,2023-05-13 13:41,망포동 E-마트 에브리데이 앞,고정형,2023-12-01,37.2361017468141,127.060345496536,
2023,수원시,팔달구청,2023-05-13 14:32,매산동 팅스몰 주차장 출구 옆,고정형,2023-12-01,,,
2023,수원시,권선구청,2023-05-13 14:32,서둔동 수원역한라비발디퍼스트 앞1,고정형,2023-12-01,,,
2023,수원시,권선구청,2023-05-13 14:32,서둔동 가온팰리스옆2,고정형,2023-12-01,,,
2023,수원시,권선구청,2023-05-13 14:33,곡선동 권선중앙약국 건너편,고정형,2023-12-01,,,
2023,수원시,팔달구청,2023-05-13 14:33,매산동 팔달로 10번길 8,고정형,2023-12-01,,,
2023,수원시,팔달구청,2023-05-13 14:33,매산동 팔달로 10번길 8,고정형,2023-12-01,,,
2023,수원시,팔달구청,2023-05-13 14:33,인계동 드림캐슬주상복합,고정형,2023-12-01,,,
2023,수원시,팔달구청,2023-05-13 14:33,인계동 드림캐슬주상복합,고정형,2023-12-01,,,
2023,수원시,팔달구청,2023-05-13 14:34,인계동 경인통계청,고정형,2023-12-01,,,
2023,수원시,팔달구청,2023-05-13 14:34,인계동 경인통계청,고정형,2023-12-01,,,
2023,수원시,권선구청,2023-05-13 14:34,서둔동 가온팰리스옆2,고정형,2023-12-01,,,
2023,수원시,권선구청,2023-05-13 14:34,서둔동 가온팰리스옆2,고정형,2023-12-01,,,
2023,수원시,팔달구청,2023-05-13 14:35,매산동 팅스몰 주차장 출구 옆,고정형,2023-12-01,,,
2023,수원시,팔달구청,2023-05-13 14:41,인계동 드림캐슬주상복합,고정형,2023-12-01,,,
2023,수원시,팔달구청,2023-05-13 14:54,매산동 팅스몰 주차장 출구 옆,고정형,2023-12-01,,,
2023,수원시,영통구청,2023-05-13 14:55,이의동 드림스퀘어Ⅱ 앞,고정형,2023-12-01,,,
2023,수원시,권선구청,2023-05-13 15:05,서둔동 수원역한라비발디퍼스트 앞1,고정형,2023-12-01,,,
2023,수원시,팔달구청,2023-05-13 15:07,행궁동 화홍사랑채,고정형,2023-12-01,,,
2023,수원시,영통구청,2023-05-13 15:25,이의동 광교가재울마을사거리,고정형,2023-12-01,,,
2023,수원시,권선구청,2023-05-13 15:29,서둔동 가온팰리스옆2,고정형,2023-12-01,,,
2023,수원시,팔달구청,2023-05-13 15:37,인계동 경인통계청,고정형,2023-12-01,,,
2023,수원시,권선구청,2023-05-13 15:37,서둔동 가온팰리스옆1,고정형,2023-12-01,,,
2023,수원시,팔달구청,2023-05-13 15:42,행궁동 화홍사랑채,고정형,2023-12-01,,,
2023,수원시,팔달구청,2023-05-13 16:01,행궁동 화홍사랑채,고정형,2023-12-01,,,
2023,수원시,팔달구청,2023-05-13 16:08,매교동 매교동 287-349 인도,국민신문고,2023-12-01,,,
2023,수원시,권선구청,2023-05-13 16:12,권선동 권선동 한라비발디앞 놀이터,고정형,2023-12-01,,,
2023,수원시,권선구청,2023-05-13 16:16,서둔동 수원역한라비발디퍼스트 앞1,고정형,2023-12-01,,,
2023,수원시,팔달구청,2023-05-13 16:17,화서1동 푸르지오자이 북문 CU 앞 횡단보도,고정형,2023-12-01,,,
2023,수원시,팔달구청,2023-05-13 16:18,인계동 한국씨티은행,고정형,2023-12-01,,,
2023,수원시,영통구청,2023-05-13 16:28,영통동 마사회뒷길,고정형,2023-12-01,,,
2023,수원시,팔달구청,2023-05-13 16:37,매산동 팅스몰 주차장 출구 옆,고정형,2023-12-01,,,
2023,수원시,팔달구청,2023-05-13 16:39,행궁동 화홍사랑채,고정형,2023-12-01,,,
2023,수원시,팔달구청,2023-05-13 16:42,인계동 한국씨티은행,고정형,2023-12-01,,,
2023,수원시,팔달구청,2023-05-13 16:42,인계동 경인통계청,고정형,2023-12-01,,,
2023,수원시,권선구청,2023-05-13 16:42,호매실동 금호프라자 대각 맞은편,고정형,2023-12-01,,,
2023,수원시,팔달구청,2023-05-13 16:46,매산동 팔달로 10번길 8,고정형,2023-12-01,,,
2023,수원시,팔달구청,2023-05-13 16:54,행궁동 화홍사랑채,고정형,2023-12-01,,,
2023,수원시,권선구청,2023-05-13 17:03,호매실동 금호프라자 대각 맞은편,고정형,2023-12-01,,,
2023,수원시,팔달구청,2023-05-13 17:04,매산동 팅스몰 주차장 출구 옆,고정형,2023-12-01,,,
2023,수원시,권선구청,2023-05-13 17:16,곡반정동 하나로마트한국빌딩앞,고정형,2023-12-01,,,
2023,수원시,권선구청,2023-05-13 17:18,곡반정동 하나로마트한국빌딩앞,고정형,2023-12-01,,,
2023,수원시,팔달구청,2023-05-13 17:18,인계동 경인통계청,고정형,2023-12-01,,,
2023,수원시,팔달구청,2023-05-13 17:21,매산동 팅스몰 주차장 출구 옆,고정형,2023-12-01,,,
2023,수원시,팔달구청,2023-05-13 17:33,인계동 한국씨티은행,고정형,2023-12-01,,,
2023,수원시,팔달구청,2023-05-13 17:56,화서1동 수원역푸르지오자이 북문 우측,고정형,2023-12-01,,,
2023,수원시,팔달구청,2023-05-13 18:16,인계동 드림캐슬주상복합,고정형,2023-12-01,,,
2023,수원시,팔달구청,2023-05-13 18:22,매산동 역전농협,고정형,2023-12-01,,,
2023,수원시,팔달구청,2023-05-13 18:39,매산동 팅스몰 주차장 출구 옆,고정형,2023-12-01,,,
2023,수원시,팔달구청,2023-05-13 18:59,매산동 팅스몰 주차장 출구 옆,고정형,2023-12-01,,,
2023,수원시,팔달구청,2023-05-13 19:16,화서1동 수원역푸르지오자이 북문 우측,고정형,2023-12-01,,,
2023,수원시,팔달구청,2023-05-13 19:17,매산동 팅스몰 주차장 출구 옆,고정형,2023-12-01,,,
2023,수원시,팔달구청,2023-05-13 19:43,인계동 드림캐슬주상복합,고정형,2023-12-01,,,
2023,수원시,팔달구청,2023-05-13 20:21,매산동 팅스몰 주차장 출구 옆,고정형,2023-12-01,,,
2023,수원시,팔달구청,2023-05-13 20:23,매교동 매교동 88-18 소화전,국민신문고,2023-12-01,,,
2023,수원시,팔달구청,2023-05-13 20:24,매교동 매교동 92-36 소화전,국민신문고,2023-12-01,,,
2023,수원시,팔달구청,2023-05-13 20:27,매교동 매교동 120-6 소화전,국민신문고,2023-12-01,,,
2023,수원시,권선구청,2023-05-14 1:47,오목천동 473-2,국민신문고,2023-12-01,,,
2023,수원시,팔달구청,2023-05-14 8:32,행궁동 팔달문 버스정류장,고정형,2023-12-01,,,
2023,수원시,권선구청,2023-05-14 9:02,서둔동 수원역한라비발디퍼스트 앞2,고정형,2023-12-01,,,
2023,수원시,팔달구청,2023-05-14 9:02,화서1동 수원역푸르지오자이 북문 우측,고정형,2023-12-01,,,
2023,수원시,권선구청,2023-05-14 9:02,곡반정동 하나로마트한국빌딩앞,고정형,2023-12-01,,,
2023,수원시,팔달구청,2023-05-14 9:02,매산동 팅스몰 주차장 출구 옆,고정형,2023-12-01,,,
2023,수원시,팔달구청,2023-05-14 9:03,인계동 드림캐슬주상복합,고정형,2023-12-01,,,
2023,수원시,권선구청,2023-05-14 9:03,권선동 권선동 한라비발디앞 놀이터,고정형,2023-12-01,,,
2023,수원시,권선구청,2023-05-14 9:03,서둔동 가온팰리스옆2,고정형,2023-12-01,,,
2023,수원시,권선구청,2023-05-14 9:03,서둔동 가온팰리스옆2,고정형,2023-12-01,,,
2023,수원시,권선구청,2023-05-14 9:03,곡반정동 하나로마트한국빌딩앞,고정형,2023-12-01,,,
2023,수원시,팔달구청,2023-05-14 9:03,매산동 팔달로 10번길 8,고정형,2023-12-01,,,
2023,수원시,권선구청,2023-05-14 9:03,서둔동 수원역한라비발디퍼스트 앞1,고정형,2023-12-01,,,
2023,수원시,권선구청,2023-05-14 9:03,곡반정동 하나로마트한국빌딩앞,고정형,2023-12-01,,,
2023,수원시,팔달구청,2023-05-14 9:04,교동 수원향교 앞 팔달보건소 뒤,고정형,2023-12-01,,,
2023,수원시,팔달구청,2023-05-14 9:05,매산동 팅스몰 주차장 출구 옆,고정형,2023-12-01,,,
2023,수원시,팔달구청,2023-05-14 9:05,인계동 경인통계청,고정형,2023-12-01,,,
2023,수원시,팔달구청,2023-05-14 9:06,화서1동 푸르지오자이 북문 CU 앞 횡단보도,고정형,2023-12-01,,,
2023,수원시,팔달구청,2023-05-14 9:06,화서1동 푸르지오자이 북문 CU 앞 횡단보도,고정형,2023-12-01,,,
2023,수원시,권선구청,2023-05-14 9:06,권선동 권선동 한라비발디앞 놀이터,고정형,2023-12-01,,,
2023,수원시,팔달구청,2023-05-14 9:29,인계동 한국씨티은행,고정형,2023-12-01,,,
2023,수원시,팔달구청,2023-05-14 9:30,매산동 팅스몰 주차장 출구 옆,고정형,2023-12-01,,,
2023,수원시,팔달구청,2023-05-14 9:45,인계동 경인통계청,고정형,2023-12-01,,,
2023,수원시,팔달구청,2023-05-14 10:03,매산동 팅스몰 주차장 출구 옆,고정형,2023-12-01,,,
2023,수원시,팔달구청,2023-05-14 10:05,교동 수원향교 앞 팔달보건소 뒤,고정형,2023-12-01,,,
2023,수원시,팔달구청,2023-05-14 10:27,매산동 팔달로 10번길 8,고정형,2023-12-01,,,
2023,수원시,팔달구청,2023-05-14 10:27,매산동 팔달로 10번길 8,고정형,2023-12-01,,,
2023,수원시,영통구청,2023-05-14 10:33,이의동 광교가재울마을사거리,고정형,2023-12-01,,,
2023,수원시,권선구청,2023-05-14 11:05,권선동 NC터미널점 버스정류장 앞,고정형,2023-12-01,,,
2023,수원시,팔달구청,2023-05-14 11:05,화서1동 수원역푸르지오자이 북문 우측,고정형,2023-12-01,,,
2023,수원시,팔달구청,2023-05-14 11:28,교동 수원향교 앞 팔달보건소 뒤,고정형,2023-12-01,,,
2023,수원시,팔달구청,2023-05-14 11:44,교동 수원향교 앞 팔달보건소 뒤,고정형,2023-12-01,,,
2023,수원시,팔달구청,2023-05-14 11:59,화서1동 수원역푸르지오자이 북문 우측,고정형,2023-12-01,,,
2023,수원시,팔달구청,2023-05-14 12:10,매산동 역전농협,고정형,2023-12-01,,,
2023,수원시,팔달구청,2023-05-14 12:17,교동 수원향교 앞 팔달보건소 뒤,고정형,2023-12-01,,,
2023,수원시,팔달구청,2023-05-14 12:28,화서1동 수원역푸르지오자이 북문 우측,고정형,2023-12-01,,,
2023,수원시,팔달구청,2023-05-14 13:59,화서1동 푸르지오자이 북문 CU 앞 횡단보도,고정형,2023-12-01,,,
2023,수원시,영통구청,2023-05-14 14:23,영통동 마사회뒷길,고정형,2023-12-01,,,
2023,수원시,영통구청,2023-05-14 14:32,이의동 드림스퀘어Ⅱ 앞,고정형,2023-12-01,,,
2023,수원시,권선구청,2023-05-14 14:33,서둔동 수원역한라비발디퍼스트 앞1,고정형,2023-12-01,,,
2023,수원시,팔달구청,2023-05-14 14:33,행궁동 화홍사랑채,고정형,2023-12-01,,,
2023,수원시,권선구청,2023-05-14 14:33,곡반정동 하나로마트한국빌딩앞,고정형,2023-12-01,,,
2023,수원시,팔달구청,2023-05-14 14:33,화서1동 수원역푸르지오자이 북문 우측,고정형,2023-12-01,,,
2023,수원시,팔달구청,2023-05-14 14:33,매산동 팔달로 10번길 8,고정형,2023-12-01,,,
2023,수원시,영통구청,2023-05-14 14:34,이의동 드림스퀘어Ⅱ 앞,고정형,2023-12-01,,,
2023,수원시,권선구청,2023-05-14 14:35,서둔동 가온팰리스옆2,고정형,2023-12-01,,,
2023,수원시,팔달구청,2023-05-14 14:36,매산동 팅스몰 주차장 출구 옆,고정형,2023-12-01,,,
2023,수원시,권선구청,2023-05-14 14:36,곡반정동 하나로마트한국빌딩앞,고정형,2023-12-01,,,
2023,수원시,팔달구청,2023-05-14 14:38,매산동 팅스몰 주차장 출구 옆,고정형,2023-12-01,,,
2023,수원시,팔달구청,2023-05-14 14:38,매산동 팅스몰 주차장 출구 옆,고정형,2023-12-01,,,
2023,수원시,장안구청,2023-05-14 14:42,경기도수원시장안구정자동 수원시 장안구 정자동 376,보행,2023-12-01,,,
2023,수원시,팔달구청,2023-05-14 14:44,매산동 팅스몰 주차장 출구 옆,고정형,2023-12-01,,,
2023,수원시,팔달구청,2023-05-14 14:53,매산동 팅스몰 주차장 출구 옆,고정형,2023-12-01,,,
2023,수원시,팔달구청,2023-05-14 14:54,행궁동 화홍사랑채,고정형,2023-12-01,,,
2023,수원시,팔달구청,2023-05-14 15:00,화서1동 수원역푸르지오자이 북문 우측,고정형,2023-12-01,,,
2023,수원시,팔달구청,2023-05-14 15:03,인계동 경인통계청,고정형,2023-12-01,,,
2023,수원시,권선구청,2023-05-14 15:03,서둔동 가온팰리스옆2,고정형,2023-12-01,,,
2023,수원시,팔달구청,2023-05-14 15:12,행궁동 화홍사랑채,고정형,2023-12-01,,,
2023,수원시,팔달구청,2023-05-14 15:19,행궁동 화홍사랑채,고정형,2023-12-01,,,
2023,수원시,팔달구청,2023-05-14 15:21,행궁동 화홍사랑채,고정형,2023-12-01,,,
2023,수원시,권선구청,2023-05-14 15:26,서둔동 가온팰리스옆1,고정형,2023-12-01,,,
2023,수원시,팔달구청,2023-05-14 15:54,인계동 드림캐슬주상복합,고정형,2023-12-01,,,
2023,수원시,팔달구청,2023-05-14 15:54,인계동 드림캐슬주상복합,고정형,2023-12-01,,,
2023,수원시,팔달구청,2023-05-14 16:02,매산동 팅스몰 주차장 출구 옆,고정형,2023-12-01,,,
2023,수원시,팔달구청,2023-05-14 16:04,매향동 매향동 창룡대로 26,주행형,2023-12-01,,,
2023,수원시,팔달구청,2023-05-14 16:05,매향동 매향동 창룡대로 34,주행형,2023-12-01,,,
2023,수원시,팔달구청,2023-05-14 16:05,매향동 매향동 창룡대로 34,주행형,2023-12-01,,,
2023,수원시,팔달구청,2023-05-14 16:05,매향동 매향동 창룡대로 30,주행형,2023-12-01,,,
2023,수원시,권선구청,2023-05-14 16:06,서둔동 수원역한라비발디퍼스트 앞1,고정형,2023-12-01,,,
2023,수원시,팔달구청,2023-05-14 16:11,북수동 북수동 수원천로 372,주행형,2023-12-01,,,
2023,수원시,권선구청,2023-05-14 16:12,권선동 권선동 한라비발디앞 놀이터,고정형,2023-12-01,,,
2023,수원시,영통구청,2023-05-14 16:13,경기도수원시영통구하동 수원시 영통구 하동 147,보행,2023-12-01,,,
2023,수원시,팔달구청,2023-05-14 16:15,북수동 화홍사랑채,고정형,2023-12-01,,,
2023,수원시,팔달구청,2023-05-14 16:31,화서1동 수원역푸르지오자이 북문 우측,고정형,2023-12-01,,,
2023,수원시,팔달구청,2023-05-14 16:34,행궁동 화홍사랑채,고정형,2023-12-01,,,
2023,수원시,팔달구청,2023-05-14 16:35,인계동 경인통계청,고정형,2023-12-01,,,
2023,수원시,권선구청,2023-05-14 16:38,권선동 NC터미널점 버스정류장 앞,고정형,2023-12-01,,,
2023,수원시,팔달구청,2023-05-14 16:40,인계동 한국씨티은행,고정형,2023-12-01,,,
2023,수원시,팔달구청,2023-05-14 16:46,인계동 경인통계청,고정형,2023-12-01,,,
2023,수원시,권선구청,2023-05-14 16:53,곡반정동 하나로마트한국빌딩앞,고정형,2023-12-01,,,
2023,수원시,팔달구청,2023-05-14 17:01,인계동 경인통계청,고정형,2023-12-01,,,
2023,수원시,팔달구청,2023-05-14 17:15,인계동 경인통계청,고정형,2023-12-01,,,
2023,수원시,팔달구청,2023-05-14 17:37,행궁동 화홍사랑채,고정형,2023-12-01,,,
2023,수원시,팔달구청,2023-05-14 17:45,매산동 팅스몰 주차장 출구 옆,고정형,2023-12-01,,,
2023,수원시,팔달구청,2023-05-14 17:51,인계동 드림캐슬주상복합,고정형,2023-12-01,,,
2023,수원시,팔달구청,2023-05-14 18:32,행궁동 팔달문 버스정류장,고정형,2023-12-01,,,
2023,수원시,팔달구청,2023-05-14 18:39,매산동 팅스몰 주차장 출구 옆,고정형,2023-12-01,,,
2023,수원시,팔달구청,2023-05-14 18:39,매산동 팅스몰 주차장 출구 옆,고정형,2023-12-01,,,
2023,수원시,팔달구청,2023-05-14 19:30,매산동 팅스몰 주차장 출구 옆,고정형,2023-12-01,,,
2023,수원시,팔달구청,2023-05-14 19:33,매산동 팔달로 10번길 8,고정형,2023-12-01,,,
2023,수원시,팔달구청,2023-05-14 19:33,화서1동 수원역푸르지오자이 북문 우측,고정형,2023-12-01,,,
2023,수원시,팔달구청,2023-05-14 19:34,고등동 푸르지오자이 북문 CU 앞 횡단보도,고정형,2023-12-01,,,
2023,수원시,팔달구청,2023-05-14 19:42,인계동 드림캐슬주상복합,고정형,2023-12-01,,,
2023,수원시,권선구청,2023-05-15 5:43,곡반정동 562-2,국민신문고,2023-12-01,,,
2023,수원시,권선구청,2023-05-15 5:43,곡반정동 562-2,국민신문고,2023-12-01,,,
2023,수원시,팔달구청,2023-05-15 7:03,화서1동 푸르지오자이 북문 CU 앞 횡단보도,고정형,2023-12-01,,,
2023,수원시,팔달구청,2023-05-15 7:36,인계동 한국씨티은행,고정형,2023-12-01,,,
2023,수원시,팔달구청,2023-05-15 7:36,인계동 한국씨티은행,고정형,2023-12-01,,,
2023,수원시,팔달구청,2023-05-15 7:45,매산동 팅스몰 주차장 출구 옆,고정형,2023-12-01,,,
2023,수원시,권선구청,2023-05-15 8:04,권선2동 곡정초교 정문 좌측 사거리,고정형,2023-12-01,,,
2023,수원시,권선구청,2023-05-15 8:04,곡반정동 하나로마트한국빌딩앞,고정형,2023-12-01,,,
2023,수원시,권선구청,2023-05-15 8:06,곡반정동 하나로마트한국빌딩앞,고정형,2023-12-01,,,
2023,수원시,권선구청,2023-05-15 8:07,곡반정동 하나로마트한국빌딩앞,고정형,2023-12-01,,,
2023,수원시,권선구청,2023-05-15 8:12,세류3동 신곡초교 후문 좌측 사거리,고정형,2023-12-01,,,
2023,수원시,권선구청,2023-05-15 8:17,곡반정동 하나로마트한국빌딩앞,고정형,2023-12-01,,,
2023,수원시,권선구청,2023-05-15 8:37,서둔동 가온팰리스옆2,고정형,2023-12-01,,,
2023,수원시,팔달구청,2023-05-15 9:27,인계동 드림캐슬주상복합,고정형,2023-12-01,,,
2023,수원시,팔달구청,2023-05-15 9:35,인계동 경인통계청,고정형,2023-12-01,,,
2023,수원시,팔달구청,2023-05-15 9:35,인계동 경인통계청,고정형,2023-12-01,,,
2023,수원시,팔달구청,2023-05-15 9:37,매산동 역전농협,고정형,2023-12-01,,,
2023,수원시,팔달구청,2023-05-15 10:00,인계동 드림캐슬주상복합,고정형,2023-12-01,,,
2023,수원시,권선구청,2023-05-15 10:00,서둔동 가온팰리스옆2,고정형,2023-12-01,,,
2023,수원시,권선구청,2023-05-15 10:09,권선동 권선동 한라비발디앞 놀이터,고정형,2023-12-01,,,
2023,수원시,팔달구청,2023-05-15 10:14,경기도수원시팔달구화서동 수원시 팔달구 화서동 682-1,보행,2023-12-01,37.2876007933791,126.988640579824,
2023,수원시,팔달구청,2023-05-15 10:24,인계동 드림캐슬주상복합,고정형,2023-12-01,,,
2023,수원시,권선구청,2023-05-15 10:44,입북동 당수초교 정문 우측 사거리,고정형,2023-12-01,,,
2023,수원시,팔달구청,2023-05-15 11:05,경기도수원시팔달구매교동 수원시 팔달구 매교동 287-472,보행,2023-12-01,,,
2023,수원시,영통구청,2023-05-15 11:12,하동 광교호반마을한양수자인,고정형,2023-12-01,,,
2023,수원시,영통구청,2023-05-15 11:12,하동 광교호반마을한양수자인,고정형,2023-12-01,,,
2023,수원시,영통구청,2023-05-15 11:39,하동 광교호반마을한양수자인,고정형,2023-12-01,,,
2023,수원시,팔달구청,2023-05-15 13:00,화서1동 푸르지오자이 북문 CU 앞 횡단보도,고정형,2023-12-01,,,
2023,수원시,영통구청,2023-05-15 13:28,광교동 광교이의119안전센터,고정형,2023-12-01,,,
2023,수원시,팔달구청,2023-05-15 13:42,매산동 역전농협,고정형,2023-12-01,,,
2023,수원시,권선구청,2023-05-15 13:45,권선2동 곡정초교 정문 좌측 사거리,고정형,2023-12-01,,,
2023,수원시,팔달구청,2023-05-15 14:22,고등동 수원초등학교 정문 좌측 사거리,고정형,2023-12-01,,,
2023,수원시,팔달구청,2023-05-15 14:25,경기도수원시팔달구매산로1가 수원시 팔달구 매산로1가 16-12,보행,2023-12-01,,,
2023,수원시,권선구청,2023-05-15 14:34,서둔동 가온팰리스옆2,고정형,2023-12-01,,,
2023,수원시,팔달구청,2023-05-15 14:47,행궁동 화홍사랑채,고정형,2023-12-01,,,
2023,수원시,권선구청,2023-05-15 14:49,평동 고현초교 정문 좌측 삼거리,고정형,2023-12-01,,,
2023,수원시,영통구청,2023-05-15 15:01,이의동 광교가재울마을사거리,고정형,2023-12-01,,,
2023,수원시,영통구청,2023-05-15 15:10,광교동 광교이의119안전센터,고정형,2023-12-01,,,
2023,수원시,권선구청,2023-05-15 15:15,서둔동 가온팰리스옆2,고정형,2023-12-01,,,
2023,수원시,팔달구청,2023-05-15 15:22,인계동 드림캐슬주상복합,고정형,2023-12-01,,,
2023,수원시,팔달구청,2023-05-15 15:22,인계동 드림캐슬주상복합,고정형,2023-12-01,,,
2023,수원시,권선구청,2023-05-15 15:27,세류동 1027-2,국민신문고,2023-12-01,,,
2023,수원시,팔달구청,2023-05-15 15:50,인계동 경인통계청,고정형,2023-12-01,,,
2023,수원시,권선구청,2023-05-15 15:52,세류3동 신곡초교 후문 좌측 사거리,고정형,2023-12-01,,,
2023,수원시,권선구청,2023-05-15 16:06,세류3동 신곡초교 후문 좌측 사거리,고정형,2023-12-01,,,
2023,수원시,팔달구청,2023-05-15 16:12,행궁동 화홍사랑채,고정형,2023-12-01,,,
2023,수원시,권선구청,2023-05-15 16:13,입북동 당수초교 정문 우측 사거리,고정형,2023-12-01,,,
2023,수원시,팔달구청,2023-05-15 16:23,화서1동 수원역푸르지오자이 북문 우측,고정형,2023-12-01,,,
2023,수원시,팔달구청,2023-05-15 16:24,고등동 푸르지오자이 북문 CU 앞 횡단보도,고정형,2023-12-01,,,
2023,수원시,권선구청,2023-05-15 16:51,곡반정동 562-2,국민신문고,2023-12-01,,,
2023,수원시,권선구청,2023-05-15 16:57,입북동 당수초교 정문 우측 사거리,고정형,2023-12-01,,,
2023,수원시,영통구청,2023-05-15 17:01,영통동 보보스스포츠센터앞,고정형,2023-12-01,,,
2023,수원시,팔달구청,2023-05-15 17:03,화서1동 수원역푸르지오자이 북문 우측,고정형,2023-12-01,,,
2023,수원시,권선구청,2023-05-15 17:09,서둔동 가온팰리스옆2,고정형,2023-12-01,,,
2023,수원시,팔달구청,2023-05-15 17:14,인계동 경인통계청,고정형,2023-12-01,,,
2023,수원시,팔달구청,2023-05-15 17:18,행궁동 화홍사랑채,고정형,2023-12-01,,,
2023,수원시,팔달구청,2023-05-15 17:27,인계동 드림캐슬주상복합,고정형,2023-12-01,,,
2023,수원시,영통구청,2023-05-15 17:33,영통동 보보스스포츠센터앞,고정형,2023-12-01,,,
2023,수원시,영통구청,2023-05-15 17:34,이의동 드림스퀘어Ⅱ 앞,고정형,2023-12-01,,,
2023,수원시,팔달구청,2023-05-15 17:38,매산동 팔달로 10번길 8,고정형,2023-12-01,,,
2023,수원시,권선구청,2023-05-15 17:58,오목천동 527-5,국민신문고,2023-12-01,,,
2023,수원시,팔달구청,2023-05-15 18:03,화서1동 푸르지오자이 북문 CU 앞 횡단보도,고정형,2023-12-01,,,
2023,수원시,팔달구청,2023-05-15 18:51,인계동 드림캐슬주상복합,고정형,2023-12-01,,,
2023,수원시,팔달구청,2023-05-15 18:51,인계동 드림캐슬주상복합,고정형,2023-12-01,,,
2023,수원시,팔달구청,2023-05-15 19:17,인계동 드림캐슬주상복합,고정형,2023-12-01,,,
2023,수원시,팔달구청,2023-05-15 19:41,매산동 팅스몰 주차장 출구 옆,고정형,2023-12-01,,,
2023,수원시,영통구청,2023-05-15 19:46,영통동 매영로365번길,주행형,2023-12-01,,,
2023,수원시,영통구청,2023-05-15 19:46,영통동 매영로365번길,주행형,2023-12-01,,,
2023,수원시,영통구청,2023-05-15 19:46,영통동 매영로365번길,주행형,2023-12-01,,,
2023,수원시,영통구청,2023-05-15 19:46,영통동 매영로365번길,주행형,2023-12-01,,,
2023,수원시,영통구청,2023-05-15 19:46,영통동 매영로365번길,주행형,2023-12-01,,,
2023,수원시,영통구청,2023-05-15 19:46,영통동 매영로365번길,주행형,2023-12-01,,,
2023,수원시,영통구청,2023-05-15 19:46,영통동 매영로365번길,주행형,2023-12-01,,,
2023,수원시,영통구청,2023-05-15 19:46,영통동 매영로365번길,주행형,2023-12-01,,,
2023,수원시,영통구청,2023-05-15 19:47,영통동 매영로365번길,주행형,2023-12-01,,,
2023,수원시,영통구청,2023-05-15 19:47,영통동 매영로365번길,주행형,2023-12-01,,,
2023,수원시,영통구청,2023-05-15 19:47,영통동 매영로365번길,주행형,2023-12-01,,,
2023,수원시,영통구청,2023-05-15 19:48,광교동 광교이의119안전센터,고정형,2023-12-01,,,
2023,수원시,팔달구청,2023-05-15 20:00,인계동 드림캐슬주상복합,고정형,2023-12-01,,,
2023,수원시,권선구청,2023-05-15 20:19,곡반정동 562-2,국민신문고,2023-12-01,,,
2023,수원시,권선구청,2023-05-15 20:19,곡반정동 562-2,국민신문고,2023-12-01,,,
2023,수원시,팔달구청,2023-05-15 20:28,화서1동 수원역푸르지오자이 북문 우측,고정형,2023-12-01,,,
2023,수원시,권선구청,2023-05-15 20:29,곡반정동 562-2,국민신문고,2023-12-01,,,
2023,수원시,권선구청,2023-05-15 20:33,곡반정동 562-2,국민신문고,2023-12-01,,,
2023,수원시,권선구청,2023-05-16 5:38,곡반정동 562-2,국민신문고,2023-12-01,,,
2023,수원시,팔달구청,2023-05-16 7:03,화서1동 푸르지오자이 북문 CU 앞 횡단보도,고정형,2023-12-01,,,
2023,수원시,팔달구청,2023-05-16 7:24,화서1동 푸르지오자이 북문 CU 앞 횡단보도,고정형,2023-12-01,,,
2023,수원시,팔달구청,2023-05-16 7:31,매산동 역전농협,고정형,2023-12-01,,,
2023,수원시,권선구청,2023-05-16 7:32,곡반정동 562-2,국민신문고,2023-12-01,,,
2023,수원시,팔달구청,2023-05-16 7:33,매산동 팔달로 10번길 8,고정형,2023-12-01,,,
2023,수원시,영통구청,2023-05-16 7:54,이의동 부함식당 앞,고정형,2023-12-01,,,
2023,수원시,영통구청,2023-05-16 7:59,광교동 광교 덴티움지식산업센터 앞 사거리,고정형,2023-12-01,,,
2023,수원시,권선구청,2023-05-16 8:03,곡반정동 하나로마트한국빌딩앞,고정형,2023-12-01,,,
2023,수원시,권선구청,2023-05-16 8:04,서둔동 가온팰리스옆2,고정형,2023-12-01,,,
2023,수원시,권선구청,2023-05-16 9:08,곡반정동 궁촌육교앞,고정형,2023-12-01,,,
2023,수원시,영통구청,2023-05-16 9:29,이의동 도청예정부지,고정형,2023-12-01,,,
2023,수원시,팔달구청,2023-05-16 9:40,매산동 역전농협,고정형,2023-12-01,,,
2023,수원시,팔달구청,2023-05-16 10:04,인계동 드림캐슬주상복합,고정형,2023-12-01,,,
2023,수원시,팔달구청,2023-05-16 10:04,인계동 드림캐슬주상복합,고정형,2023-12-01,,,
2023,수원시,권선구청,2023-05-16 10:21,서둔동 가온팰리스옆2,고정형,2023-12-01,,,
2023,수원시,장안구청,2023-05-16 10:32,정자동 수원시 장안구 정자동 878,보행,2023-12-01,,,
2023,수원시,팔달구청,2023-05-16 10:52,경기도수원시팔달구매교동 수원시 팔달구 매교동 229-4,보행,2023-12-01,,,
2023,수원시,팔달구청,2023-05-16 11:05,고등동 수원초등학교 정문 좌측 사거리,고정형,2023-12-01,,,
2023,수원시,영통구청,2023-05-16 11:40,영통동 롯데마트 뒤,고정형,2023-12-01,37.27220279535416,127.10856729001851,
2023,수원시,팔달구청,2023-05-16 11:47,화서1동 수원역푸르지오자이 북문 우측,고정형,2023-12-01,,,
2023,수원시,영통구청,2023-05-16 12:02,이의동 도청예정부지,고정형,2023-12-01,,,
2023,수원시,영통구청,2023-05-16 13:24,광교동 광교웰빙타운한양수자인,고정형,2023-12-01,,,
2023,수원시,권선구청,2023-05-16 13:59,입북동 당수초교 정문 우측 사거리,고정형,2023-12-01,,,
2023,수원시,팔달구청,2023-05-16 14:05,남수동 남수동 정조로800번길,주행형,2023-12-01,,,
2023,수원시,팔달구청,2023-05-16 14:05,남수동 남수동 정조로800번길,주행형,2023-12-01,,,
2023,수원시,팔달구청,2023-05-16 14:05,남수동 남수동 정조로800번길,주행형,2023-12-01,,,
2023,수원시,팔달구청,2023-05-16 14:05,남수동 남수동 정조로800번길,주행형,2023-12-01,,,
2023,수원시,팔달구청,2023-05-16 14:11,인계동 인계동 매산로169,주행형,2023-12-01,,,
2023,수원시,팔달구청,2023-05-16 14:11,인계동 인계동 매산로169,주행형,2023-12-01,,,
2023,수원시,팔달구청,2023-05-16 14:11,인계동 인계동 수원천로231번길,주행형,2023-12-01,,,
2023,수원시,영통구청,2023-05-16 14:33,이의동 드림스퀘어Ⅱ 앞,고정형,2023-12-01,,,
2023,수원시,팔달구청,2023-05-16 14:34,인계동 경인통계청,고정형,2023-12-01,,,
2023,수원시,팔달구청,2023-05-16 14:34,인계동 경인통계청,고정형,2023-12-01,,,
2023,수원시,팔달구청,2023-05-16 15:09,인계동 경인통계청,고정형,2023-12-01,,,
2023,수원시,권선구청,2023-05-16 15:14,평동 고현초교 정문 좌측 삼거리,고정형,2023-12-01,,,
2023,수원시,권선구청,2023-05-16 15:22,평동 오목초교 정문 우측 삼거리,고정형,2023-12-01,,,
2023,수원시,권선구청,2023-05-16 15:34,서둔동 수원역한라비발디퍼스트 앞1,고정형,2023-12-01,,,
2023,수원시,팔달구청,2023-05-16 15:40,신풍동 미술관로터리,고정형,2023-12-01,,,
2023,수원시,팔달구청,2023-05-16 15:50,인계동 경인통계청,고정형,2023-12-01,,,
2023,수원시,권선구청,2023-05-16 15:57,서둔동 수원역한라비발디퍼스트 앞1,고정형,2023-12-01,,,
2023,수원시,권선구청,2023-05-16 16:00,서둔동 수원역한라비발디퍼스트 앞2,고정형,2023-12-01,,,
2023,수원시,팔달구청,2023-05-16 16:08,화서1동 수원역푸르지오자이 북문 우측,고정형,2023-12-01,,,
2023,수원시,팔달구청,2023-05-16 16:14,인계동 경인통계청,고정형,2023-12-01,,,
2023,수원시,권선구청,2023-05-16 16:31,서둔동 수원역한라비발디퍼스트 앞1,고정형,2023-12-01,,,
2023,수원시,영통구청,2023-05-16 16:54,망포동 힐스테이트 119동 ~방죽공원 삼거리,고정형,2023-12-01,,,
2023,수원시,팔달구청,2023-05-16 17:26,매산동 팔달로 10번길 8,고정형,2023-12-01,,,
2023,수원시,팔달구청,2023-05-16 17:28,매산동 팔달로 10번길 8,고정형,2023-12-01,,,
2023,수원시,팔달구청,2023-05-16 17:28,매산동 팔달로 10번길 8,고정형,2023-12-01,,,
2023,수원시,팔달구청,2023-05-16 18:19,매산동 팅스몰 주차장 출구 옆,고정형,2023-12-01,,,
2023,수원시,영통구청,2023-05-16 19:03,광교동 광교더사랑교회뒷길,고정형,2023-12-01,,,
2023,수원시,팔달구청,2023-05-16 19:16,화서1동 수원역푸르지오자이 북문 우측,고정형,2023-12-01,,,
2023,수원시,영통구청,2023-05-16 19:48,영통동 매영로365번길,주행형,2023-12-01,,,
2023,수원시,영통구청,2023-05-16 19:48,영통동 매영로365번길,주행형,2023-12-01,,,
2023,수원시,영통구청,2023-05-16 19:48,영통동 매영로365번길,주행형,2023-12-01,,,
2023,수원시,영통구청,2023-05-16 19:48,영통동 매영로365번길,주행형,2023-12-01,,,
2023,수원시,영통구청,2023-05-16 19:48,영통동 매영로365번길,주행형,2023-12-01,,,
2023,수원시,영통구청,2023-05-16 19:48,영통동 매영로365번길,주행형,2023-12-01,,,
2023,수원시,영통구청,2023-05-16 19:48,영통동 매영로365번길,주행형,2023-12-01,,,
2023,수원시,장안구청,2023-05-16 19:58,천천동 화산로163번길,주행형,2023-12-01,,,
2023,수원시,영통구청,2023-05-16 20:02,영통동 마사회뒷길,고정형,2023-12-01,,,
2023,수원시,영통구청,2023-05-16 20:12,-1 매탄동 1321,국민신문고,2023-12-01,,,
2023,수원시,팔달구청,2023-05-16 20:36,매산동 팅스몰 주차장 출구 옆,고정형,2023-12-01,,,
2023,수원시,팔달구청,2023-05-16 20:55,화서1동 수원역푸르지오자이 북문 우측,고정형,2023-12-01,,,
2023,수원시,권선구청,2023-05-16 21:42,곡반정동 562-2,국민신문고,2023-12-01,,,
2023,수원시,팔달구청,2023-05-16 21:47,매산동 역전농협,고정형,2023-12-01,,,
2023,수원시,권선구청,2023-05-17 0:03,오목천동 519-1,국민신문고,2023-12-01,,,
2023,수원시,권선구청,2023-05-17 0:10,오목천동 473-3,국민신문고,2023-12-01,,,
2023,수원시,권선구청,2023-05-17 7:15,곡반정동 562-2,국민신문고,2023-12-01,,,
2023,수원시,권선구청,2023-05-17 7:15,곡반정동 562-2,국민신문고,2023-12-01,,,
2023,수원시,팔달구청,2023-05-17 7:32,인계동 경인통계청,고정형,2023-12-01,,,
2023,수원시,팔달구청,2023-05-17 7:33,인계동 드림캐슬주상복합,고정형,2023-12-01,,,
2023,수원시,팔달구청,2023-05-17 7:43,인계동 경인통계청,고정형,2023-12-01,,,
2023,수원시,권선구청,2023-05-17 8:03,서둔동 가온팰리스옆2,고정형,2023-12-01,,,
2023,수원시,권선구청,2023-05-17 8:03,곡반정동 하나로마트한국빌딩앞,고정형,2023-12-01,,,
2023,수원시,권선구청,2023-05-17 8:03,곡반정동 하나로마트한국빌딩앞,고정형,2023-12-01,,,
2023,수원시,권선구청,2023-05-17 8:05,서둔동 수원역한라비발디퍼스트 앞1,고정형,2023-12-01,,,
2023,수원시,권선구청,2023-05-17 8:05,곡선동 권선중앙약국 건너편,고정형,2023-12-01,,,
2023,수원시,팔달구청,2023-05-17 8:08,인계동 경인통계청,고정형,2023-12-01,,,
2023,수원시,영통구청,2023-05-17 8:26,영통동 마사회뒷길,고정형,2023-12-01,,,
2023,수원시,권선구청,2023-05-17 8:42,곡반정동 하나로마트한국빌딩앞,고정형,2023-12-01,,,
2023,수원시,권선구청,2023-05-17 9:30,서둔동 가온팰리스옆2,고정형,2023-12-01,,,
2023,수원시,권선구청,2023-05-17 9:37,오목천동 527-5,국민신문고,2023-12-01,,,
2023,수원시,권선구청,2023-05-17 9:46,권선동 권선동 한라비발디앞 놀이터,고정형,2023-12-01,,,
2023,수원시,권선구청,2023-05-17 10:00,서둔동 가온팰리스옆2,고정형,2023-12-01,,,
2023,수원시,권선구청,2023-05-17 10:00,서둔동 가온팰리스옆2,고정형,2023-12-01,,,
2023,수원시,팔달구청,2023-05-17 10:03,인계동 드림캐슬주상복합,고정형,2023-12-01,,,
2023,수원시,팔달구청,2023-05-17 10:03,인계동 드림캐슬주상복합,고정형,2023-12-01,,,
2023,수원시,권선구청,2023-05-17 10:03,곡반정동 하나로마트한국빌딩앞,고정형,2023-12-01,,,
2023,수원시,영통구청,2023-05-17 10:06,망포동 영통로27번길,주행형,2023-12-01,,,
2023,수원시,팔달구청,2023-05-17 10:08,인계동 드림캐슬주상복합,고정형,2023-12-01,,,
2023,수원시,권선구청,2023-05-17 10:11,서둔동 수원역한라비발디퍼스트 앞1,고정형,2023-12-01,,,
2023,수원시,영통구청,2023-05-17 10:17,광교동 광교이의119안전센터,고정형,2023-12-01,,,
2023,수원시,팔달구청,2023-05-17 10:18,팔달로2가 팔달로2가 정조로796번길,주행형,2023-12-01,,,
2023,수원시,영통구청,2023-05-17 10:19,광교동 광교이의119안전센터,고정형,2023-12-01,,,
2023,수원시,권선구청,2023-05-17 10:27,세류3동 신곡초교 후문 좌측 사거리,고정형,2023-12-01,,,
2023,수원시,권선구청,2023-05-17 10:27,세류3동 신곡초교 후문 좌측 사거리,고정형,2023-12-01,,,
2023,수원시,영통구청,2023-05-17 10:35,광교동 광교이의119안전센터,고정형,2023-12-01,,,
2023,수원시,팔달구청,2023-05-17 10:48,매교동 매교동 효원로93번길,주행형,2023-12-01,,,
2023,수원시,팔달구청,2023-05-17 10:48,매교동 매교동 효원로93번길,주행형,2023-12-01,,,
2023,수원시,팔달구청,2023-05-17 10:48,매교동 매교동 효원로93번길,주행형,2023-12-01,,,
2023,수원시,영통구청,2023-05-17 10:52,광교동 광교더사랑교회뒷길,고정형,2023-12-01,,,
2023,수원시,영통구청,2023-05-17 11:05,망포동 힐스테이트 119동 ~방죽공원 삼거리,고정형,2023-12-01,,,
2023,수원시,영통구청,2023-05-17 11:35,광교동 광교 덴티움지식산업센터 앞 사거리,고정형,2023-12-01,,,
2023,수원시,팔달구청,2023-05-17 13:43,고등동 수원초등학교 정문 좌측 사거리,고정형,2023-12-01,,,
2023,수원시,권선구청,2023-05-17 14:07,입북동 당수초교 정문 우측 사거리,고정형,2023-12-01,,,
2023,수원시,팔달구청,2023-05-17 14:13,고등동 수원초등학교 정문 좌측 사거리,고정형,2023-12-01,,,
2023,수원시,팔달구청,2023-05-17 14:19,매향동 매향동 창룡대로 80,주행형,2023-12-01,,,
2023,수원시,팔달구청,2023-05-17 14:29,고등동 수원초등학교 정문 좌측 사거리,고정형,2023-12-01,,,
2023,수원시,권선구청,2023-05-17 14:33,곡반정동 하나로마트한국빌딩앞,고정형,2023-12-01,,,
2023,수원시,권선구청,2023-05-17 14:33,서둔동 가온팰리스옆2,고정형,2023-12-01,,,
2023,수원시,권선구청,2023-05-17 14:34,서둔동 가온팰리스옆2,고정형,2023-12-01,,,
2023,수원시,권선구청,2023-05-17 14:35,서둔동 가온팰리스옆1,고정형,2023-12-01,,,
2023,수원시,팔달구청,2023-05-17 14:47,인계동 드림캐슬주상복합,고정형,2023-12-01,,,
2023,수원시,팔달구청,2023-05-17 14:56,화서1동 수원역푸르지오자이 북문 우측,고정형,2023-12-01,,,
2023,수원시,영통구청,2023-05-17 15:03,이의동 광교가재울마을사거리,고정형,2023-12-01,,,
2023,수원시,팔달구청,2023-05-17 15:09,매산동 팅스몰 주차장 출구 옆,고정형,2023-12-01,,,
2023,수원시,영통구청,2023-05-17 15:16,영통동 마사회뒷길,고정형,2023-12-01,,,
2023,수원시,팔달구청,2023-05-17 15:19,경기도수원시팔달구교동 수원시 팔달구 교동 171-16,보행,2023-12-01,,,
2023,수원시,팔달구청,2023-05-17 15:24,인계동 드림캐슬주상복합,고정형,2023-12-01,,,
2023,수원시,영통구청,2023-05-17 15:31,영통동 보보스스포츠센터앞,고정형,2023-12-01,,,
2023,수원시,권선구청,2023-05-17 15:40,서둔동 가온팰리스옆1,고정형,2023-12-01,,,
2023,수원시,영통구청,2023-05-17 15:58,광교동 광교이의119안전센터,고정형,2023-12-01,,,
2023,수원시,영통구청,2023-05-17 16:19,광교동 광교이의119안전센터,고정형,2023-12-01,,,
2023,수원시,권선구청,2023-05-17 16:44,입북동 당수초교 정문 우측 사거리,고정형,2023-12-01,,,
2023,수원시,영통구청,2023-05-17 16:59,이의동 드림스퀘어Ⅱ 앞,고정형,2023-12-01,,,
2023,수원시,팔달구청,2023-05-17 17:05,고등동 수원초등학교 정문 좌측 사거리,고정형,2023-12-01,,,
2023,수원시,영통구청,2023-05-17 17:10,망포동 힐스테이트 119동 ~방죽공원 삼거리,고정형,2023-12-01,,,
2023,수원시,팔달구청,2023-05-17 17:32,인계동 드림캐슬주상복합,고정형,2023-12-01,,,
2023,수원시,팔달구청,2023-05-17 17:36,신풍동 미술관로터리,고정형,2023-12-01,,,
2023,수원시,팔달구청,2023-05-17 18:09,인계동 드림캐슬주상복합,고정형,2023-12-01,,,
2023,수원시,팔달구청,2023-05-17 18:52,매산동 팔달로 10번길 8,고정형,2023-12-01,,,
2023,수원시,팔달구청,2023-05-17 18:59,매산동 역전농협,고정형,2023-12-01,,,
2023,수원시,팔달구청,2023-05-17 19:02,인계동 드림캐슬주상복합,고정형,2023-12-01,,,
2023,수원시,팔달구청,2023-05-17 19:26,경기도수원시팔달구북수동 수원시 팔달구 북수동 421-40,보행,2023-12-01,,,
2023,수원시,팔달구청,2023-05-17 19:33,매산동 팅스몰 주차장 출구 옆,고정형,2023-12-01,,,
2023,수원시,팔달구청,2023-05-17 20:18,매산동 역전농협,고정형,2023-12-01,,,
2023,수원시,영통구청,2023-05-17 20:20,광교동 광교이의119안전센터,고정형,2023-12-01,,,
2023,수원시,팔달구청,2023-05-17 20:28,인계동 드림캐슬주상복합,고정형,2023-12-01,,,
2023,수원시,팔달구청,2023-05-17 20:28,인계동 드림캐슬주상복합,고정형,2023-12-01,,,
2023,수원시,팔달구청,2023-05-17 21:08,인계동 드림캐슬주상복합,고정형,2023-12-01,,,
2023,수원시,팔달구청,2023-05-17 21:08,인계동 드림캐슬주상복합,고정형,2023-12-01,,,
2023,수원시,권선구청,2023-05-18 2:58,곡반정동 562-2,국민신문고,2023-12-01,,,
2023,수원시,권선구청,2023-05-18 5:35,곡반정동 562-2,국민신문고,2023-12-01,,,
2023,수원시,권선구청,2023-05-18 5:35,곡반정동 562-2,국민신문고,2023-12-01,,,
2023,수원시,권선구청,2023-05-18 5:37,곡반정동 562-2,국민신문고,2023-12-01,,,
2023,수원시,권선구청,2023-05-18 8:02,곡반정동 하나로마트한국빌딩앞,고정형,2023-12-01,,,
2023,수원시,권선구청,2023-05-18 8:03,곡반정동 하나로마트한국빌딩앞,고정형,2023-12-01,,,
2023,수원시,권선구청,2023-05-18 8:03,곡반정동 하나로마트한국빌딩앞,고정형,2023-12-01,,,
2023,수원시,권선구청,2023-05-18 8:05,서둔동 수원역한라비발디퍼스트 앞1,고정형,2023-12-01,,,
2023,수원시,권선구청,2023-05-18 8:05,오목천동 한화꿈에그린아파트 209동앞,고정형,2023-12-01,,,
2023,수원시,권선구청,2023-05-18 8:05,서둔동 가온팰리스옆2,고정형,2023-12-01,,,
2023,수원시,팔달구청,2023-05-18 8:08,인계동 한국씨티은행,고정형,2023-12-01,,,
2023,수원시,팔달구청,2023-05-18 8:10,고등동 수원초등학교 정문 좌측 사거리,고정형,2023-12-01,,,
2023,수원시,권선구청,2023-05-18 8:42,서둔동 가온팰리스옆2,고정형,2023-12-01,,,
2023,수원시,권선구청,2023-05-18 8:46,서둔동 가온팰리스옆1,고정형,2023-12-01,,,
2023,수원시,권선구청,2023-05-18 9:12,입북동 당수초교 정문 우측 사거리,고정형,2023-12-01,,,
2023,수원시,권선구청,2023-05-18 9:26,곡반정동 562-2,국민신문고,2023-12-01,,,
2023,수원시,팔달구청,2023-05-18 9:33,교동 수원향교 앞 팔달보건소 뒤,고정형,2023-12-01,,,
2023,수원시,팔달구청,2023-05-18 9:59,매산동 팅스몰 주차장 출구 옆,고정형,2023-12-01,,,
2023,수원시,팔달구청,2023-05-18 9:59,매산동 팅스몰 주차장 출구 옆,고정형,2023-12-01,,,
2023,수원시,권선구청,2023-05-18 10:03,곡반정동 하나로마트한국빌딩앞,고정형,2023-12-01,,,
2023,수원시,팔달구청,2023-05-18 10:27,남수동 남수동 수원천로275,주행형,2023-12-01,,,
2023,수원시,팔달구청,2023-05-18 10:27,남수동 남수동 정조로788번길,주행형,2023-12-01,,,
2023,수원시,팔달구청,2023-05-18 10:42,경기도수원시팔달구지동 수원시 팔달구 인계동 982-11,보행,2023-12-01,,,
2023,수원시,영통구청,2023-05-18 10:54,이의동 창룡대로298번길,주행형,2023-12-01,,,
2023,수원시,영통구청,2023-05-18 10:54,이의동 창룡대로298번길,주행형,2023-12-01,,,
2023,수원시,영통구청,2023-05-18 10:54,이의동 창룡대로298번길,주행형,2023-12-01,,,
2023,수원시,영통구청,2023-05-18 10:54,이의동 창룡대로298번길,주행형,2023-12-01,,,
2023,수원시,영통구청,2023-05-18 10:54,이의동 창룡대로298번길,주행형,2023-12-01,,,
2023,수원시,권선구청,2023-05-18 11:59,평동 오현초교 정문 우측 사거리,고정형,2023-12-01,,,
2023,수원시,영통구청,2023-05-18 12:15,이의동 광교가재울마을사거리,고정형,2023-12-01,,,
2023,수원시,팔달구청,2023-05-18 12:15,화서1동 수원역푸르지오자이 북문 우측,고정형,2023-12-01,,,
2023,수원시,권선구청,2023-05-18 13:18,입북동 당수초교 정문 우측 사거리,고정형,2023-12-01,,,
2023,수원시,팔달구청,2023-05-18 14:10,북수동 북수동 창룡대로41번길,주행형,2023-12-01,,,
2023,수원시,팔달구청,2023-05-18 14:13,팔달로2가 팔달로2가 정조로796번길,주행형,2023-12-01,,,
2023,수원시,팔달구청,2023-05-18 14:17,남수동 남수동 정조로800번길,주행형,2023-12-01,,,
2023,수원시,팔달구청,2023-05-18 14:17,남수동 남수동 정조로800번길,주행형,2023-12-01,,,
2023,수원시,영통구청,2023-05-18 14:17,원천동 광교에일린의뜰 북측,고정형,2023-12-01,,,
2023,수원시,팔달구청,2023-05-18 14:34,고등동 수원초등학교 정문 좌측 사거리,고정형,2023-12-01,,,
2023,수원시,팔달구청,2023-05-18 14:34,인계동 한국씨티은행,고정형,2023-12-01,,,
2023,수원시,권선구청,2023-05-18 14:35,평동 오목초교 정문 우측 삼거리,고정형,2023-12-01,,,
2023,수원시,권선구청,2023-05-18 14:35,평동 오목초교 정문 우측 삼거리,고정형,2023-12-01,,,
2023,수원시,팔달구청,2023-05-18 14:36,행궁동 화홍사랑채,고정형,2023-12-01,,,
2023,수원시,팔달구청,2023-05-18 14:39,경기도수원시팔달구우만동 수원시 팔달구 인계동 1134,보행,2023-12-01,,,
2023,수원시,팔달구청,2023-05-18 14:39,경기도수원시팔달구우만동 수원시 팔달구 인계동 1134,보행,2023-12-01,,,
2023,수원시,팔달구청,2023-05-18 14:40,경기도수원시팔달구우만동 수원시 팔달구 인계동 1134,보행,2023-12-01,,,
2023,수원시,팔달구청,2023-05-18 14:40,경기도수원시팔달구우만동 수원시 팔달구 인계동 1134,보행,2023-12-01,,,
2023,수원시,팔달구청,2023-05-18 14:40,경기도수원시팔달구우만동 수원시 팔달구 인계동 1134,보행,2023-12-01,,,
2023,수원시,권선구청,2023-05-18 14:41,입북동 당수초교 정문 우측 사거리,고정형,2023-12-01,,,
2023,수원시,권선구청,2023-05-18 14:43,서둔동 수원역한라비발디퍼스트 앞1,고정형,2023-12-01,,,
2023,수원시,팔달구청,2023-05-18 14:49,경기도수원시팔달구우만동 수원시 팔달구 인계동 1024-5,보행,2023-12-01,,,
2023,수원시,영통구청,2023-05-18 14:52,영통동 매영로365번길,주행형,2023-12-01,,,
2023,수원시,영통구청,2023-05-18 14:53,영통동 매영로365번길,주행형,2023-12-01,,,
2023,수원시,영통구청,2023-05-18 14:53,영통동 매영로365번길,주행형,2023-12-01,,,
2023,수원시,영통구청,2023-05-18 14:53,영통동 매영로365번길,주행형,2023-12-01,,,
2023,수원시,영통구청,2023-05-18 14:53,영통동 매영로365번길,주행형,2023-12-01,,,
2023,수원시,영통구청,2023-05-18 14:53,영통동 매영로365번길,주행형,2023-12-01,,,
2023,수원시,영통구청,2023-05-18 14:53,영통동 매영로365번길,주행형,2023-12-01,,,
2023,수원시,팔달구청,2023-05-18 15:07,인계동 드림캐슬주상복합,고정형,2023-12-01,,,
2023,수원시,팔달구청,2023-05-18 15:10,인계동 드림캐슬주상복합,고정형,2023-12-01,,,
2023,수원시,팔달구청,2023-05-18 15:18,인계동 한국씨티은행,고정형,2023-12-01,,,
2023,수원시,권선구청,2023-05-18 15:20,서둔동 가온팰리스옆1,고정형,2023-12-01,,,
2023,수원시,팔달구청,2023-05-18 15:29,교동 수원향교 앞 팔달보건소 뒤,고정형,2023-12-01,,,
2023,수원시,팔달구청,2023-05-18 15:30,화서1동 수원역푸르지오자이 북문 우측,고정형,2023-12-01,,,
2023,수원시,팔달구청,2023-05-18 15:37,고등동 수원시 팔달구 고등동 198-389,보행,2023-12-01,,,
2023,수원시,권선구청,2023-05-18 15:49,서둔동 가온팰리스옆2,고정형,2023-12-01,,,
2023,수원시,팔달구청,2023-05-18 16:01,인계동 한국씨티은행,고정형,2023-12-01,,,
2023,수원시,팔달구청,2023-05-18 16:01,인계동 드림캐슬주상복합,고정형,2023-12-01,,,
2023,수원시,팔달구청,2023-05-18 16:13,인계동 드림캐슬주상복합,고정형,2023-12-01,,,
2023,수원시,영통구청,2023-05-18 16:39,이의동 드림스퀘어Ⅱ 앞,고정형,2023-12-01,,,
2023,수원시,영통구청,2023-05-18 17:11,이의동 드림스퀘어Ⅱ 앞,고정형,2023-12-01,,,
2023,수원시,팔달구청,2023-05-18 17:29,화서1동 화서초등학교 둘레길 중간지점,고정형,2023-12-01,,,
2023,수원시,팔달구청,2023-05-18 17:29,화서1동 화서초등학교 둘레길 중간지점,고정형,2023-12-01,,,
2023,수원시,장안구청,2023-05-18 17:42,상광교동 광교버스정류장종점,고정형,2023-12-01,,,
2023,수원시,영통구청,2023-05-18 18:16,이의동 도청예정부지,고정형,2023-12-01,,,
2023,수원시,팔달구청,2023-05-18 18:16,인계동 드림캐슬주상복합,고정형,2023-12-01,,,
2023,수원시,팔달구청,2023-05-18 18:16,인계동 드림캐슬주상복합,고정형,2023-12-01,,,
2023,수원시,팔달구청,2023-05-18 19:08,매산동 팔달로 10번길 8,고정형,2023-12-01,,,
2023,수원시,팔달구청,2023-05-18 19:35,매산동 역전농협,고정형,2023-12-01,,,
2023,수원시,영통구청,2023-05-18 19:35,망포동 힐스테이트 119동 ~방죽공원 삼거리,고정형,2023-12-01,,,
2023,수원시,영통구청,2023-05-18 19:35,망포동 힐스테이트 119동 ~방죽공원 삼거리,고정형,2023-12-01,,,
2023,수원시,영통구청,2023-05-18 19:44,경기도수원시영통구망포동 수원시 영통구 망포동 688,보행,2023-12-01,,,
2023,수원시,영통구청,2023-05-18 19:46,경기도수원시영통구망포동 수원시 영통구 망포동 688,보행,2023-12-01,,,
2023,수원시,영통구청,2023-05-18 19:57,영통동 마사회뒷길,고정형,2023-12-01,,,
2023,수원시,팔달구청,2023-05-18 19:59,매산동 팅스몰 주차장 출구 옆,고정형,2023-12-01,,,
2023,수원시,팔달구청,2023-05-18 20:20,매산동 역전농협,고정형,2023-12-01,,,
2023,수원시,팔달구청,2023-05-18 20:21,매산동 팅스몰 주차장 출구 옆,고정형,2023-12-01,,,
2023,수원시,팔달구청,2023-05-18 20:22,화서1동 수원역푸르지오자이 북문 우측,고정형,2023-12-01,,,
2023,수원시,권선구청,2023-05-18 20:26,경기도수원시권선구오목천동 수원시 권선구 오목천동 428-10,보행,2023-12-01,,,
2023,수원시,팔달구청,2023-05-18 20:39,인계동 드림캐슬주상복합,고정형,2023-12-01,,,
2023,수원시,팔달구청,2023-05-18 20:48,인계동 드림캐슬주상복합,고정형,2023-12-01,,,
2023,수원시,권선구청,2023-05-19 5:50,곡반정동 562-2,국민신문고,2023-12-01,,,
2023,수원시,권선구청,2023-05-19 5:51,곡반정동 562-2,국민신문고,2023-12-01,,,
2023,수원시,장안구청,2023-05-19 8:17,정자동 장안로301번길,주행형,2023-12-01,,,
2023,수원시,장안구청,2023-05-19 8:17,정자동 장안로301번길,주행형,2023-12-01,,,
2023,수원시,권선구청,2023-05-19 8:18,권선2동 곡정초교 정문 좌측 사거리,고정형,2023-12-01,,,
2023,수원시,권선구청,2023-05-19 8:28,곡반정동 하나로마트한국빌딩앞,고정형,2023-12-01,,,
2023,수원시,팔달구청,2023-05-19 8:40,화서1동 화서초등학교 둘레길 중간지점,고정형,2023-12-01,,,
2023,수원시,영통구청,2023-05-19 8:49,경기도수원시영통구매탄동 수원시 영통구 매탄동 436,보행,2023-12-01,,,
2023,수원시,팔달구청,2023-05-19 9:11,매산동 팔달로 10번길 8,고정형,2023-12-01,,,
2023,수원시,영통구청,2023-05-19 9:12,이의동 드림스퀘어Ⅱ 앞,고정형,2023-12-01,,,
2023,수원시,팔달구청,2023-05-19 9:16,인계동 드림캐슬주상복합,고정형,2023-12-01,,,
2023,수원시,권선구청,2023-05-19 9:28,서둔동 가온팰리스옆2,고정형,2023-12-01,,,
2023,수원시,영통구청,2023-05-19 9:59,원천동 광교 한화겔러리아 앞,고정형,2023-12-01,,,
2023,수원시,팔달구청,2023-05-19 10:02,인계동 드림캐슬주상복합,고정형,2023-12-01,,,
2023,수원시,팔달구청,2023-05-19 10:05,인계동 드림캐슬주상복합,고정형,2023-12-01,,,
2023,수원시,영통구청,2023-05-19 10:19,영통동 매영로365번길,주행형,2023-12-01,,,
2023,수원시,영통구청,2023-05-19 10:19,영통동 매영로365번길,주행형,2023-12-01,,,
2023,수원시,영통구청,2023-05-19 10:19,영통동 매영로365번길,주행형,2023-12-01,,,
2023,수원시,영통구청,2023-05-19 10:19,영통동 매영로365번길,주행형,2023-12-01,,,
2023,수원시,팔달구청,2023-05-19 10:19,인계동 드림캐슬주상복합,고정형,2023-12-01,,,
2023,수원시,영통구청,2023-05-19 10:21,이의동 창룡대로298번길,주행형,2023-12-01,,,
2023,수원시,팔달구청,2023-05-19 10:30,교동 수원향교 앞 팔달보건소 뒤,고정형,2023-12-01,,,
2023,수원시,팔달구청,2023-05-19 10:30,교동 수원향교 앞 팔달보건소 뒤,고정형,2023-12-01,,,
2023,수원시,권선구청,2023-05-19 10:32,서둔동 수원역한라비발디퍼스트 앞1,고정형,2023-12-01,,,
2023,수원시,권선구청,2023-05-19 10:32,서둔동 수원역한라비발디퍼스트 앞1,고정형,2023-12-01,,,
2023,수원시,팔달구청,2023-05-19 10:32,인계동 드림캐슬주상복합,고정형,2023-12-01,,,
2023,수원시,영통구청,2023-05-19 10:48,원천동 광교 한화겔러리아 앞,고정형,2023-12-01,,,
2023,수원시,영통구청,2023-05-19 11:11,영통동 롯데마트 뒤,고정형,2023-12-01,37.27220279535416,127.10856729001851,
2023,수원시,영통구청,2023-05-19 11:41,이의동 광교가재울마을사거리,고정형,2023-12-01,,,
2023,수원시,팔달구청,2023-05-19 11:44,교동 수원향교 앞 팔달보건소 뒤,고정형,2023-12-01,,,
2023,수원시,팔달구청,2023-05-19 12:48,화서1동 수원역푸르지오자이 북문 우측,고정형,2023-12-01,,,
2023,수원시,팔달구청,2023-05-19 13:22,화서1동 수원역푸르지오자이 북문 우측,고정형,2023-12-01,,,
2023,수원시,권선구청,2023-05-19 13:32,평동 오현초교 정문 우측 사거리,고정형,2023-12-01,,,
2023,수원시,권선구청,2023-05-19 13:32,곡반정동 196-10,국민신문고,2023-12-01,,,
2023,수원시,영통구청,2023-05-19 13:35,광교동 광교더사랑교회뒷길,고정형,2023-12-01,,,
2023,수원시,팔달구청,2023-05-19 14:22,남수동 남수동 팔달문로3번길,주행형,2023-12-01,,,
2023,수원시,팔달구청,2023-05-19 14:22,남수동 남수동 정조로800번길,주행형,2023-12-01,,,
2023,수원시,팔달구청,2023-05-19 14:22,남수동 남수동 정조로800번길,주행형,2023-12-01,,,
2023,수원시,팔달구청,2023-05-19 14:22,남수동 남수동 정조로800번길,주행형,2023-12-01,,,
2023,수원시,영통구청,2023-05-19 14:23,망포동 영통로27번길,주행형,2023-12-01,,,
2023,수원시,영통구청,2023-05-19 14:23,망포동 영통로27번길,주행형,2023-12-01,,,
2023,수원시,영통구청,2023-05-19 14:23,반월동 영통로27번길,주행형,2023-12-01,,,
2023,수원시,팔달구청,2023-05-19 14:24,팔달로2가 팔달로2가 정조로796번길,주행형,2023-12-01,,,
2023,수원시,팔달구청,2023-05-19 14:26,영동 영동 수원천로 246,주행형,2023-12-01,,,
2023,수원시,팔달구청,2023-05-19 14:28,인계동 인계동 수원천로231번길,주행형,2023-12-01,,,
2023,수원시,팔달구청,2023-05-19 14:29,인계동 인계동 매산로169,주행형,2023-12-01,,,
2023,수원시,팔달구청,2023-05-19 14:31,고등동 수원초등학교 정문 좌측 사거리,고정형,2023-12-01,,,
2023,수원시,권선구청,2023-05-19 14:33,곡반정동 하나로마트한국빌딩앞,고정형,2023-12-01,,,
2023,수원시,팔달구청,2023-05-19 14:34,화서1동 푸르지오자이 북문 CU 앞 횡단보도,고정형,2023-12-01,,,
2023,수원시,팔달구청,2023-05-19 14:36,인계동 드림캐슬주상복합,고정형,2023-12-01,,,
2023,수원시,권선구청,2023-05-19 14:46,서둔동 가온팰리스옆2,고정형,2023-12-01,,,
2023,수원시,영통구청,2023-05-19 14:50,영통동 보보스스포츠센터앞,고정형,2023-12-01,,,
2023,수원시,팔달구청,2023-05-19 15:19,매교동 매교동 114-89 횡단보도,국민신문고,2023-12-01,,,
2023,수원시,팔달구청,2023-05-19 15:19,매교동 매교동 120-12 소화전,국민신문고,2023-12-01,,,
2023,수원시,권선구청,2023-05-19 15:24,입북동 율전로37번길,주행형,2023-12-01,,,
2023,수원시,권선구청,2023-05-19 15:24,입북동 율전로37번길,주행형,2023-12-01,,,
2023,수원시,권선구청,2023-05-19 15:24,입북동 율전로37번길,주행형,2023-12-01,,,
2023,수원시,권선구청,2023-05-19 15:25,입북동 율전로37번길,주행형,2023-12-01,,,
2023,수원시,권선구청,2023-05-19 15:25,입북동 율전로37번길,주행형,2023-12-01,,,
2023,수원시,팔달구청,2023-05-19 15:27,경기도수원시팔달구매산로2가 수원시 팔달구 덕영대로757번길 13,보행,2023-12-01,,,
2023,수원시,팔달구청,2023-05-19 15:27,경기도수원시팔달구매산로2가 수원시 팔달구 덕영대로757번길 13,보행,2023-12-01,,,
2023,수원시,팔달구청,2023-05-19 15:52,인계동 드림캐슬주상복합,고정형,2023-12-01,,,
2023,수원시,권선구청,2023-05-19 16:02,고색동 도이치 고객주차장 출입구,고정형,2023-12-01,,,
2023,수원시,영통구청,2023-05-19 16:14,망포동 E-마트 에브리데이 앞,고정형,2023-12-01,37.2361017468141,127.060345496536,
2023,수원시,팔달구청,2023-05-19 16:18,인계동 드림캐슬주상복합,고정형,2023-12-01,,,
2023,수원시,팔달구청,2023-05-19 16:21,인계동 드림캐슬주상복합,고정형,2023-12-01,,,
2023,수원시,팔달구청,2023-05-19 16:21,인계동 드림캐슬주상복합,고정형,2023-12-01,,,
2023,수원시,권선구청,2023-05-19 16:34,서둔동 가온팰리스옆2,고정형,2023-12-01,,,
2023,수원시,팔달구청,2023-05-19 16:43,행궁동 화홍사랑채,고정형,2023-12-01,,,
2023,수원시,권선구청,2023-05-19 16:50,평동 수원역고가밑 (애경뒷길),고정형,2023-12-01,,,
2023,수원시,팔달구청,2023-05-19 17:18,매산동 팅스몰 주차장 출구 옆,고정형,2023-12-01,,,
2023,수원시,팔달구청,2023-05-19 17:57,매산동 팅스몰 주차장 출구 옆,고정형,2023-12-01,,,
2023,수원시,팔달구청,2023-05-19 18:07,인계동 드림캐슬주상복합,고정형,2023-12-01,,,
2023,수원시,팔달구청,2023-05-19 18:40,매산동 팅스몰 주차장 출구 옆,고정형,2023-12-01,,,
2023,수원시,팔달구청,2023-05-19 18:50,매산동 팅스몰 주차장 출구 옆,고정형,2023-12-01,,,
2023,수원시,팔달구청,2023-05-19 18:58,매산동 팅스몰 주차장 출구 옆,고정형,2023-12-01,,,
2023,수원시,팔달구청,2023-05-19 19:20,매산동 팅스몰 주차장 출구 옆,고정형,2023-12-01,,,
2023,수원시,팔달구청,2023-05-19 19:24,매산동 팅스몰 주차장 출구 옆,고정형,2023-12-01,,,
2023,수원시,팔달구청,2023-05-19 19:53,매산동 팅스몰 주차장 출구 옆,고정형,2023-12-01,,,
2023,수원시,영통구청,2023-05-19 19:54,영통동 마사회뒷길,고정형,2023-12-01,,,
2023,수원시,장안구청,2023-05-19 20:22,천천동 화산로163번길,주행형,2023-12-01,,,
2023,수원시,팔달구청,2023-05-19 20:38,매산동 팅스몰 주차장 출구 옆,고정형,2023-12-01,,,
2023,수원시,팔달구청,2023-05-19 20:46,인계동 드림캐슬주상복합,고정형,2023-12-01,,,
2023,수원시,팔달구청,2023-05-19 20:48,매산동 역전농협,고정형,2023-12-01,,,
2023,수원시,팔달구청,2023-05-19 21:01,인계동 드림캐슬주상복합,고정형,2023-12-01,,,
2023,수원시,권선구청,2023-05-20 9:02,서둔동 수원역한라비발디퍼스트 앞1,고정형,2023-12-01,,,
2023,수원시,권선구청,2023-05-20 9:03,곡반정동 하나로마트한국빌딩앞,고정형,2023-12-01,,,
2023,수원시,권선구청,2023-05-20 9:03,서둔동 수원역한라비발디퍼스트 앞1,고정형,2023-12-01,,,
2023,수원시,팔달구청,2023-05-20 9:04,인계동 드림캐슬주상복합,고정형,2023-12-01,,,
2023,수원시,권선구청,2023-05-20 9:04,곡반정동 하나로마트한국빌딩앞,고정형,2023-12-01,,,
2023,수원시,권선구청,2023-05-20 9:04,곡선동 권선중앙약국 건너편,고정형,2023-12-01,,,
2023,수원시,권선구청,2023-05-20 9:04,서둔동 가온팰리스옆2,고정형,2023-12-01,,,
2023,수원시,권선구청,2023-05-20 9:04,서둔동 가온팰리스옆2,고정형,2023-12-01,,,
2023,수원시,팔달구청,2023-05-20 9:05,매산동 팔달로 10번길 8,고정형,2023-12-01,,,
2023,수원시,팔달구청,2023-05-20 9:07,매산동 팅스몰 주차장 출구 옆,고정형,2023-12-01,,,
2023,수원시,팔달구청,2023-05-20 9:14,화서1동 수원역푸르지오자이 북문 우측,고정형,2023-12-01,,,
2023,수원시,팔달구청,2023-05-20 9:16,행궁동 화홍사랑채,고정형,2023-12-01,,,
2023,수원시,팔달구청,2023-05-20 9:16,인계동 드림캐슬주상복합,고정형,2023-12-01,,,
2023,수원시,팔달구청,2023-05-20 9:32,인계동 드림캐슬주상복합,고정형,2023-12-01,,,
2023,수원시,팔달구청,2023-05-20 9:38,인계동 드림캐슬주상복합,고정형,2023-12-01,,,
2023,수원시,권선구청,2023-05-20 10:02,서둔동 수원역한라비발디퍼스트 앞1,고정형,2023-12-01,,,
2023,수원시,권선구청,2023-05-20 10:07,곡반정동 하나로마트한국빌딩앞,고정형,2023-12-01,,,
2023,수원시,팔달구청,2023-05-20 10:09,매산동 역전농협,고정형,2023-12-01,,,
2023,수원시,영통구청,2023-05-20 10:44,이의동 광교가재울마을사거리,고정형,2023-12-01,,,
2023,수원시,팔달구청,2023-05-20 11:09,화서1동 수원역푸르지오자이 북문 우측,고정형,2023-12-01,,,
2023,수원시,팔달구청,2023-05-20 11:12,경기도수원시팔달구우만동 수원시 팔달구 인계동 1126,보행,2023-12-01,,,
2023,수원시,영통구청,2023-05-20 11:24,이의동 광교가재울마을사거리,고정형,2023-12-01,,,
2023,수원시,팔달구청,2023-05-20 11:32,인계동 인계동 매산로169,주행형,2023-12-01,,,
2023,수원시,영통구청,2023-05-20 11:46,광교동 광교 덴티움지식산업센터 앞 사거리,고정형,2023-12-01,,,
2023,수원시,영통구청,2023-05-20 11:56,영통동 마사회뒷길,고정형,2023-12-01,,,
2023,수원시,팔달구청,2023-05-20 12:02,화서1동 푸르지오자이 북문 CU 앞 횡단보도,고정형,2023-12-01,,,
2023,수원시,팔달구청,2023-05-20 12:03,경기도수원시팔달구인계동 수원시 팔달구 지동 134-34,보행,2023-12-01,,,
2023,수원시,영통구청,2023-05-20 12:09,망포동 힐스테이트 119동 ~방죽공원 삼거리,고정형,2023-12-01,,,
2023,수원시,팔달구청,2023-05-20 12:26,화서1동 수원역푸르지오자이 북문 우측,고정형,2023-12-01,,,
2023,수원시,영통구청,2023-05-20 12:35,망포동 E-마트 에브리데이 앞,고정형,2023-12-01,37.2361017468141,127.060345496536,
2023,수원시,팔달구청,2023-05-20 12:35,화서1동 수원역푸르지오자이 북문 우측,고정형,2023-12-01,,,
2023,수원시,영통구청,2023-05-20 12:38,하동 광교호반마을한양수자인,고정형,2023-12-01,,,
2023,수원시,팔달구청,2023-05-20 12:38,화서1동 수원역푸르지오자이 북문 우측,고정형,2023-12-01,,,
2023,수원시,팔달구청,2023-05-20 12:38,화서1동 수원역푸르지오자이 북문 우측,고정형,2023-12-01,,,
2023,수원시,영통구청,2023-05-20 12:41,광교동 광교더사랑교회뒷길,고정형,2023-12-01,,,
2023,수원시,팔달구청,2023-05-20 12:42,화서1동 수원역푸르지오자이 북문 우측,고정형,2023-12-01,,,
2023,수원시,팔달구청,2023-05-20 13:35,화서1동 푸르지오자이 북문 CU 앞 횡단보도,고정형,2023-12-01,,,
2023,수원시,영통구청,2023-05-20 14:01,광교동 광교 덴티움지식산업센터 앞 사거리,고정형,2023-12-01,,,
2023,수원시,영통구청,2023-05-20 14:07,영통동 마사회뒷길,고정형,2023-12-01,,,
2023,수원시,권선구청,2023-05-20 14:33,서둔동 수원역한라비발디퍼스트 앞1,고정형,2023-12-01,,,
2023,수원시,권선구청,2023-05-20 14:33,서둔동 수원역한라비발디퍼스트 앞2,고정형,2023-12-01,,,
2023,수원시,팔달구청,2023-05-20 14:33,매산동 팔달로 10번길 8,고정형,2023-12-01,,,
2023,수원시,권선구청,2023-05-20 14:33,서둔동 가온팰리스옆2,고정형,2023-12-01,,,
2023,수원시,팔달구청,2023-05-20 14:33,행궁동 화홍사랑채,고정형,2023-12-01,,,
2023,수원시,팔달구청,2023-05-20 14:34,인계동 드림캐슬주상복합,고정형,2023-12-01,,,
2023,수원시,권선구청,2023-05-20 14:34,곡반정동 하나로마트한국빌딩앞,고정형,2023-12-01,,,
2023,수원시,권선구청,2023-05-20 14:34,곡반정동 하나로마트한국빌딩앞,고정형,2023-12-01,,,
2023,수원시,팔달구청,2023-05-20 14:34,인계동 드림캐슬주상복합,고정형,2023-12-01,,,
2023,수원시,팔달구청,2023-05-20 14:35,인계동 드림캐슬주상복합,고정형,2023-12-01,,,
2023,수원시,팔달구청,2023-05-20 14:36,인계동 경인통계청,고정형,2023-12-01,,,
2023,수원시,영통구청,2023-05-20 14:36,원천동 광교매원초등학교,고정형,2023-12-01,,,
2023,수원시,팔달구청,2023-05-20 14:36,인계동 경인통계청,고정형,2023-12-01,,,
2023,수원시,팔달구청,2023-05-20 14:37,행궁동 화홍사랑채,고정형,2023-12-01,,,
2023,수원시,팔달구청,2023-05-20 14:37,행궁동 화홍사랑채,고정형,2023-12-01,,,
2023,수원시,팔달구청,2023-05-20 14:38,매산동 팅스몰 주차장 출구 옆,고정형,2023-12-01,,,
2023,수원시,팔달구청,2023-05-20 14:38,매산동 팅스몰 주차장 출구 옆,고정형,2023-12-01,,,
2023,수원시,권선구청,2023-05-20 14:39,서둔동 수원역한라비발디퍼스트 앞2,고정형,2023-12-01,,,
2023,수원시,영통구청,2023-05-20 14:44,영통동 보보스스포츠센터앞,고정형,2023-12-01,,,
2023,수원시,권선구청,2023-05-20 14:50,서둔동 가온팰리스옆2,고정형,2023-12-01,,,
2023,수원시,팔달구청,2023-05-20 14:54,신풍동 미술관로터리,고정형,2023-12-01,,,
2023,수원시,팔달구청,2023-05-20 15:07,매산동 팔달로 10번길 8,고정형,2023-12-01,,,
2023,수원시,팔달구청,2023-05-20 15:13,인계동 경인통계청,고정형,2023-12-01,,,
2023,수원시,팔달구청,2023-05-20 15:13,매산동 팅스몰 주차장 출구 옆,고정형,2023-12-01,,,
2023,수원시,권선구청,2023-05-20 15:13,서둔동 수원역한라비발디퍼스트 앞1,고정형,2023-12-01,,,
2023,수원시,팔달구청,2023-05-20 15:15,인계동 한국씨티은행,고정형,2023-12-01,,,
2023,수원시,팔달구청,2023-05-20 15:15,고등동 고등동 갓매산로 85,주행형,2023-12-01,,,
2023,수원시,권선구청,2023-05-20 15:20,서둔동 수원역한라비발디퍼스트 앞2,고정형,2023-12-01,,,
2023,수원시,팔달구청,2023-05-20 15:21,매산동 팅스몰 주차장 출구 옆,고정형,2023-12-01,,,
2023,수원시,권선구청,2023-05-20 15:28,서둔동 수원역한라비발디퍼스트 앞1,고정형,2023-12-01,,,
2023,수원시,팔달구청,2023-05-20 15:33,화서1동 수원역푸르지오자이 북문 우측,고정형,2023-12-01,,,
2023,수원시,권선구청,2023-05-20 16:02,오목천동 한화꿈에그린아파트 214동앞,고정형,2023-12-01,,,
2023,수원시,권선구청,2023-05-20 16:04,서둔동 가온팰리스옆2,고정형,2023-12-01,,,
2023,수원시,팔달구청,2023-05-20 16:07,매산동 팅스몰 주차장 출구 옆,고정형,2023-12-01,,,
2023,수원시,팔달구청,2023-05-20 16:12,매산동 팔달로 10번길 8,고정형,2023-12-01,,,
2023,수원시,권선구청,2023-05-20 16:19,구운동 구운동 명품닭갈비,고정형,2023-12-01,,,
2023,수원시,권선구청,2023-05-20 16:22,서둔동 수원역한라비발디퍼스트 앞1,고정형,2023-12-01,,,
2023,수원시,팔달구청,2023-05-20 16:26,매산동 팅스몰 주차장 출구 옆,고정형,2023-12-01,,,
2023,수원시,영통구청,2023-05-20 16:28,영통동 보보스스포츠센터앞,고정형,2023-12-01,,,
2023,수원시,팔달구청,2023-05-20 16:33,인계동 경인통계청,고정형,2023-12-01,,,
2023,수원시,팔달구청,2023-05-20 16:33,매산동 팅스몰 주차장 출구 옆,고정형,2023-12-01,,,
2023,수원시,팔달구청,2023-05-20 16:37,인계동 한국씨티은행,고정형,2023-12-01,,,
2023,수원시,팔달구청,2023-05-20 16:44,행궁동 화홍사랑채,고정형,2023-12-01,,,
2023,수원시,팔달구청,2023-05-20 16:45,인계동 경인통계청,고정형,2023-12-01,,,
2023,수원시,팔달구청,2023-05-20 16:45,인계동 경인통계청,고정형,2023-12-01,,,
2023,수원시,권선구청,2023-05-20 16:56,서둔동 가온팰리스옆2,고정형,2023-12-01,,,
2023,수원시,권선구청,2023-05-20 17:03,서둔동 수원역한라비발디퍼스트 앞2,고정형,2023-12-01,,,
2023,수원시,권선구청,2023-05-20 17:20,서둔동 수원역한라비발디퍼스트 앞1,고정형,2023-12-01,,,
2023,수원시,팔달구청,2023-05-20 17:21,고등동 고등동 219-2 횡단보도,국민신문고,2023-12-01,,,
2023,수원시,팔달구청,2023-05-20 17:28,화서1동 수원역푸르지오자이 북문 우측,고정형,2023-12-01,,,
2023,수원시,팔달구청,2023-05-20 17:28,인계동 드림캐슬주상복합,고정형,2023-12-01,,,
2023,수원시,팔달구청,2023-05-20 17:59,인계동 드림캐슬주상복합,고정형,2023-12-01,,,
2023,수원시,팔달구청,2023-05-20 18:03,화서1동 수원역푸르지오자이 북문 우측,고정형,2023-12-01,,,
2023,수원시,팔달구청,2023-05-20 18:06,화서1동 푸르지오자이 북문 CU 앞 횡단보도,고정형,2023-12-01,,,
2023,수원시,팔달구청,2023-05-20 18:13,인계동 드림캐슬주상복합,고정형,2023-12-01,,,
2023,수원시,팔달구청,2023-05-20 18:46,매산동 역전농협,고정형,2023-12-01,,,
2023,수원시,팔달구청,2023-05-20 18:52,인계동 드림캐슬주상복합,고정형,2023-12-01,,,
2023,수원시,팔달구청,2023-05-20 19:05,매산동 팅스몰 주차장 출구 옆,고정형,2023-12-01,,,
2023,수원시,팔달구청,2023-05-20 19:05,매산동 팅스몰 주차장 출구 옆,고정형,2023-12-01,,,
2023,수원시,팔달구청,2023-05-20 19:11,매산동 팅스몰 주차장 출구 옆,고정형,2023-12-01,,,
2023,수원시,팔달구청,2023-05-20 19:28,인계동 드림캐슬주상복합,고정형,2023-12-01,,,
2023,수원시,팔달구청,2023-05-20 19:54,인계동 드림캐슬주상복합,고정형,2023-12-01,,,
2023,수원시,팔달구청,2023-05-20 19:58,매산동 팔달로 10번길 8,고정형,2023-12-01,,,
2023,수원시,팔달구청,2023-05-20 20:05,인계동 드림캐슬주상복합,고정형,2023-12-01,,,
2023,수원시,팔달구청,2023-05-20 20:09,화서1동 푸르지오자이 북문 CU 앞 횡단보도,고정형,2023-12-01,,,
2023,수원시,팔달구청,2023-05-20 20:25,매산동 팅스몰 주차장 출구 옆,고정형,2023-12-01,,,
2023,수원시,팔달구청,2023-05-21 9:02,매산동 팅스몰 주차장 출구 옆,고정형,2023-12-01,,,
2023,수원시,팔달구청,2023-05-21 9:02,인계동 경인통계청,고정형,2023-12-01,,,
2023,수원시,팔달구청,2023-05-21 9:03,화서1동 푸르지오자이 북문 CU 앞 횡단보도,고정형,2023-12-01,,,
2023,수원시,권선구청,2023-05-21 9:03,곡반정동 하나로마트한국빌딩앞,고정형,2023-12-01,,,
2023,수원시,팔달구청,2023-05-21 9:03,인계동 경인통계청,고정형,2023-12-01,,,
2023,수원시,권선구청,2023-05-21 9:03,서둔동 가온팰리스옆2,고정형,2023-12-01,,,
2023,수원시,권선구청,2023-05-21 9:03,곡반정동 하나로마트한국빌딩앞,고정형,2023-12-01,,,
2023,수원시,권선구청,2023-05-21 9:03,서둔동 수원역한라비발디퍼스트 앞1,고정형,2023-12-01,,,
2023,수원시,영통구청,2023-05-21 9:03,이의동 드림스퀘어Ⅱ 앞,고정형,2023-12-01,,,
2023,수원시,팔달구청,2023-05-21 9:03,매산동 팅스몰 주차장 출구 옆,고정형,2023-12-01,,,
2023,수원시,팔달구청,2023-05-21 9:04,매산동 팅스몰 주차장 출구 옆,고정형,2023-12-01,,,
2023,수원시,팔달구청,2023-05-21 9:04,매산동 팅스몰 주차장 출구 옆,고정형,2023-12-01,,,
2023,수원시,팔달구청,2023-05-21 9:04,인계동 드림캐슬주상복합,고정형,2023-12-01,,,
2023,수원시,팔달구청,2023-05-21 9:04,매산동 팅스몰 주차장 출구 옆,고정형,2023-12-01,,,
2023,수원시,권선구청,2023-05-21 9:04,서둔동 가온팰리스옆2,고정형,2023-12-01,,,
2023,수원시,권선구청,2023-05-21 9:05,곡반정동 궁촌육교앞,고정형,2023-12-01,,,
2023,수원시,권선구청,2023-05-21 9:05,서둔동 가온팰리스옆1,고정형,2023-12-01,,,
2023,수원시,권선구청,2023-05-21 9:08,권선동 권선동 한라비발디앞 놀이터,고정형,2023-12-01,,,
2023,수원시,팔달구청,2023-05-21 9:08,인계동 경인통계청,고정형,2023-12-01,,,
2023,수원시,팔달구청,2023-05-21 9:09,인계동 경인통계청,고정형,2023-12-01,,,
2023,수원시,권선구청,2023-05-21 9:11,서둔동 수원역한라비발디퍼스트 앞1,고정형,2023-12-01,,,
2023,수원시,팔달구청,2023-05-21 9:25,인계동 드림캐슬주상복합,고정형,2023-12-01,,,
2023,수원시,권선구청,2023-05-21 9:29,권선동 권선동 한라비발디앞 놀이터,고정형,2023-12-01,,,
2023,수원시,권선구청,2023-05-21 9:38,곡반정동 하나로마트한국빌딩앞,고정형,2023-12-01,,,
2023,수원시,장안구청,2023-05-21 9:40,상광교동 송죽동 509,국민신문고,2023-12-01,,,
2023,수원시,팔달구청,2023-05-21 10:01,화서1동 수원역푸르지오자이 북문 우측,고정형,2023-12-01,,,
2023,수원시,권선구청,2023-05-21 10:05,권선동 NC터미널점 버스정류장 앞,고정형,2023-12-01,,,
2023,수원시,권선구청,2023-05-21 10:10,서둔동 가온팰리스옆2,고정형,2023-12-01,,,
2023,수원시,권선구청,2023-05-21 10:20,권선동 NC터미널점 버스정류장 앞,고정형,2023-12-01,,,
2023,수원시,권선구청,2023-05-21 10:26,평동 수원역고가밑 (애경뒷길),고정형,2023-12-01,,,
2023,수원시,권선구청,2023-05-21 10:29,권선동 NC터미널점 버스정류장 앞,고정형,2023-12-01,,,
2023,수원시,팔달구청,2023-05-21 10:31,인계동 드림캐슬주상복합,고정형,2023-12-01,,,
2023,수원시,권선구청,2023-05-21 10:35,권선동 권선동 한라비발디앞 놀이터,고정형,2023-12-01,,,
2023,수원시,팔달구청,2023-05-21 11:21,화서1동 수원역푸르지오자이 북문 우측,고정형,2023-12-01,,,
2023,수원시,팔달구청,2023-05-21 11:24,화서1동 수원역푸르지오자이 북문 우측,고정형,2023-12-01,,,
2023,수원시,팔달구청,2023-05-21 11:27,화서1동 푸르지오자이 북문 CU 앞 횡단보도,고정형,2023-12-01,,,
2023,수원시,팔달구청,2023-05-21 11:31,화서1동 수원역푸르지오자이 북문 우측,고정형,2023-12-01,,,
2023,수원시,팔달구청,2023-05-21 11:41,매산동 역전농협,고정형,2023-12-01,,,
2023,수원시,영통구청,2023-05-21 11:51,영통동 마사회뒷길,고정형,2023-12-01,,,
2023,수원시,팔달구청,2023-05-21 13:09,화서1동 수원역푸르지오자이 북문 우측,고정형,2023-12-01,,,
2023,수원시,팔달구청,2023-05-21 13:15,화서1동 수원역푸르지오자이 북문 우측,고정형,2023-12-01,,,
2023,수원시,권선구청,2023-05-21 13:34,권선동 NC터미널점 버스정류장 앞,고정형,2023-12-01,,,
2023,수원시,권선구청,2023-05-21 13:50,고색동 도이치 고객주차장 출입구,고정형,2023-12-01,,,
2023,수원시,팔달구청,2023-05-21 14:06,화서1동 푸르지오자이 북문 CU 앞 횡단보도,고정형,2023-12-01,,,
2023,수원시,권선구청,2023-05-21 14:14,오목천동 454-1,국민신문고,2023-12-01,,,
2023,수원시,팔달구청,2023-05-21 14:21,화서1동 수원역푸르지오자이 북문 우측,고정형,2023-12-01,,,
2023,수원시,영통구청,2023-05-21 14:30,망포동 E-마트 에브리데이 앞,고정형,2023-12-01,37.2361017468141,127.060345496536,
2023,수원시,팔달구청,2023-05-21 14:33,매산동 팔달로 10번길 8,고정형,2023-12-01,,,
2023,수원시,권선구청,2023-05-21 14:33,곡반정동 하나로마트한국빌딩앞,고정형,2023-12-01,,,
2023,수원시,권선구청,2023-05-21 14:33,곡반정동 하나로마트한국빌딩앞,고정형,2023-12-01,,,
2023,수원시,권선구청,2023-05-21 14:33,서둔동 수원역한라비발디퍼스트 앞1,고정형,2023-12-01,,,
2023,수원시,팔달구청,2023-05-21 14:34,매산동 팅스몰 주차장 출구 옆,고정형,2023-12-01,,,
2023,수원시,권선구청,2023-05-21 14:35,서둔동 가온팰리스옆2,고정형,2023-12-01,,,
2023,수원시,권선구청,2023-05-21 14:36,서둔동 수원역한라비발디퍼스트 앞1,고정형,2023-12-01,,,
2023,수원시,팔달구청,2023-05-21 14:37,매산동 팅스몰 주차장 출구 옆,고정형,2023-12-01,,,
2023,수원시,팔달구청,2023-05-21 14:37,매산동 팅스몰 주차장 출구 옆,고정형,2023-12-01,,,
2023,수원시,팔달구청,2023-05-21 14:40,행궁동 화홍사랑채,고정형,2023-12-01,,,
2023,수원시,권선구청,2023-05-21 14:42,서둔동 가온팰리스옆2,고정형,2023-12-01,,,
2023,수원시,팔달구청,2023-05-21 14:46,인계동 경인통계청,고정형,2023-12-01,,,
2023,수원시,팔달구청,2023-05-21 14:48,인계동 드림캐슬주상복합,고정형,2023-12-01,,,
2023,수원시,팔달구청,2023-05-21 14:50,행궁동 화홍사랑채,고정형,2023-12-01,,,
2023,수원시,팔달구청,2023-05-21 14:54,매산동 팅스몰 주차장 출구 옆,고정형,2023-12-01,,,
2023,수원시,영통구청,2023-05-21 14:58,광교동 광교이의119안전센터,고정형,2023-12-01,,,
2023,수원시,팔달구청,2023-05-21 14:59,팔달로2가 팔달로2가 수원천로283,주행형,2023-12-01,,,
2023,수원시,팔달구청,2023-05-21 15:07,인계동 경인통계청,고정형,2023-12-01,,,
2023,수원시,팔달구청,2023-05-21 15:07,인계동 경인통계청,고정형,2023-12-01,,,
2023,수원시,권선구청,2023-05-21 15:07,서둔동 가온팰리스옆2,고정형,2023-12-01,,,
2023,수원시,팔달구청,2023-05-21 15:13,행궁동 화홍사랑채,고정형,2023-12-01,,,
2023,수원시,권선구청,2023-05-21 15:14,서둔동 수원역한라비발디퍼스트 앞1,고정형,2023-12-01,,,
2023,수원시,팔달구청,2023-05-21 15:16,매산동 팅스몰 주차장 출구 옆,고정형,2023-12-01,,,
2023,수원시,권선구청,2023-05-21 15:22,권선동 NC터미널점 버스정류장 앞,고정형,2023-12-01,,,
2023,수원시,권선구청,2023-05-21 15:24,곡반정동 궁촌육교앞,고정형,2023-12-01,,,
2023,수원시,권선구청,2023-05-21 15:24,서둔동 수원역한라비발디퍼스트 앞1,고정형,2023-12-01,,,
2023,수원시,권선구청,2023-05-21 15:27,오목천동 한화꿈에그린아파트 209동앞,고정형,2023-12-01,,,
2023,수원시,권선구청,2023-05-21 15:27,서둔동 수원역한라비발디퍼스트 앞1,고정형,2023-12-01,,,
2023,수원시,팔달구청,2023-05-21 15:50,매산동 팅스몰 주차장 출구 옆,고정형,2023-12-01,,,
2023,수원시,팔달구청,2023-05-21 15:53,인계동 경인통계청,고정형,2023-12-01,,,
2023,수원시,권선구청,2023-05-21 15:57,서둔동 수원역한라비발디퍼스트 앞1,고정형,2023-12-01,,,
2023,수원시,팔달구청,2023-05-21 16:04,인계동 드림캐슬주상복합,고정형,2023-12-01,,,
2023,수원시,영통구청,2023-05-21 16:12,이의동 드림스퀘어Ⅱ 앞,고정형,2023-12-01,,,
2023,수원시,팔달구청,2023-05-21 16:17,인계동 경인통계청,고정형,2023-12-01,,,
2023,수원시,영통구청,2023-05-21 16:20,영통동 보보스스포츠센터앞,고정형,2023-12-01,,,
2023,수원시,팔달구청,2023-05-21 16:27,매산동 팅스몰 주차장 출구 옆,고정형,2023-12-01,,,
2023,수원시,권선구청,2023-05-21 16:28,평동 수원역고가밑 (애경뒷길),고정형,2023-12-01,,,
2023,수원시,권선구청,2023-05-21 16:28,평동 수원역고가밑 (애경뒷길),고정형,2023-12-01,,,
2023,수원시,팔달구청,2023-05-21 16:32,매산동 팅스몰 주차장 출구 옆,고정형,2023-12-01,,,
2023,수원시,팔달구청,2023-05-21 16:38,매산동 팔달로 10번길 8,고정형,2023-12-01,,,
2023,수원시,권선구청,2023-05-21 16:43,권선동 NC터미널점 버스정류장 앞,고정형,2023-12-01,,,
2023,수원시,권선구청,2023-05-21 16:48,곡반정동 하나로마트한국빌딩앞,고정형,2023-12-01,,,
2023,수원시,팔달구청,2023-05-21 16:50,인계동 한국씨티은행,고정형,2023-12-01,,,
2023,수원시,권선구청,2023-05-21 16:53,곡반정동 하나로마트한국빌딩앞,고정형,2023-12-01,,,
2023,수원시,팔달구청,2023-05-21 16:55,매교동 매교동 120-5 소화전,국민신문고,2023-12-01,,,
2023,수원시,팔달구청,2023-05-21 17:00,인계동 경인통계청,고정형,2023-12-01,,,
2023,수원시,팔달구청,2023-05-21 17:01,매산동 팅스몰 주차장 출구 옆,고정형,2023-12-01,,,
2023,수원시,권선구청,2023-05-21 17:02,곡반정동 하나로마트한국빌딩앞,고정형,2023-12-01,,,
2023,수원시,권선구청,2023-05-21 17:03,서둔동 수원역한라비발디퍼스트 앞1,고정형,2023-12-01,,,
2023,수원시,팔달구청,2023-05-21 17:14,인계동 드림캐슬주상복합,고정형,2023-12-01,,,
2023,수원시,권선구청,2023-05-21 17:21,서둔동 수원역한라비발디퍼스트 앞1,고정형,2023-12-01,,,
2023,수원시,권선구청,2023-05-21 17:21,서둔동 수원역한라비발디퍼스트 앞1,고정형,2023-12-01,,,
2023,수원시,팔달구청,2023-05-21 17:21,행궁동 화홍사랑채,고정형,2023-12-01,,,
2023,수원시,팔달구청,2023-05-21 17:21,-1 화홍사랑채,고정형,2023-12-01,,,
2023,수원시,팔달구청,2023-05-21 17:25,행궁동 화홍사랑채,고정형,2023-12-01,,,
2023,수원시,팔달구청,2023-05-21 17:25,화서1동 수원역푸르지오자이 북문 우측,고정형,2023-12-01,,,
2023,수원시,권선구청,2023-05-21 17:39,곡반정동 하나로마트한국빌딩앞,고정형,2023-12-01,,,
2023,수원시,팔달구청,2023-05-21 17:45,화서1동 푸르지오자이 북문 CU 앞 횡단보도,고정형,2023-12-01,,,
2023,수원시,영통구청,2023-05-21 17:48,원천동 광교매원초등학교,고정형,2023-12-01,,,
2023,수원시,팔달구청,2023-05-21 18:01,매산동 팅스몰 주차장 출구 옆,고정형,2023-12-01,,,
2023,수원시,팔달구청,2023-05-21 18:10,인계동 드림캐슬주상복합,고정형,2023-12-01,,,
2023,수원시,팔달구청,2023-05-21 18:12,매산동 팅스몰 주차장 출구 옆,고정형,2023-12-01,,,
2023,수원시,팔달구청,2023-05-21 18:39,매산동 팅스몰 주차장 출구 옆,고정형,2023-12-01,,,
2023,수원시,팔달구청,2023-05-21 18:48,매산동 역전농협,고정형,2023-12-01,,,
2023,수원시,팔달구청,2023-05-21 18:53,화서1동 수원역푸르지오자이 북문 우측,고정형,2023-12-01,,,
2023,수원시,팔달구청,2023-05-21 18:59,매산동 팅스몰 주차장 출구 옆,고정형,2023-12-01,,,
2023,수원시,팔달구청,2023-05-21 19:27,인계동 드림캐슬주상복합,고정형,2023-12-01,,,
2023,수원시,팔달구청,2023-05-21 19:27,화서1동 수원역푸르지오자이 북문 우측,고정형,2023-12-01,,,
2023,수원시,권선구청,2023-05-21 19:44,곡반정동 562-2,국민신문고,2023-12-01,,,
2023,수원시,팔달구청,2023-05-21 20:06,인계동 드림캐슬주상복합,고정형,2023-12-01,,,
2023,수원시,팔달구청,2023-05-21 20:16,매산동 팅스몰 주차장 출구 옆,고정형,2023-12-01,,,
2023,수원시,팔달구청,2023-05-21 20:16,매산동 팅스몰 주차장 출구 옆,고정형,2023-12-01,,,
2023,수원시,팔달구청,2023-05-21 22:51,매교동 매교동 122-38 소화전,국민신문고,2023-12-01,,,
2023,수원시,권선구청,2023-05-22 0:32,오목천동 536,국민신문고,2023-12-01,,,
2023,수원시,권선구청,2023-05-22 5:35,곡반정동 562-2,국민신문고,2023-12-01,,,
2023,수원시,권선구청,2023-05-22 5:35,곡반정동 562-2,국민신문고,2023-12-01,,,
2023,수원시,권선구청,2023-05-22 5:38,곡반정동 562-2,국민신문고,2023-12-01,,,
2023,수원시,팔달구청,2023-05-22 7:02,화서1동 수원역푸르지오자이 북문 우측,고정형,2023-12-01,,,
2023,수원시,팔달구청,2023-05-22 7:03,화서1동 수원역푸르지오자이 북문 우측,고정형,2023-12-01,,,
2023,수원시,팔달구청,2023-05-22 7:34,인계동 경인통계청,고정형,2023-12-01,,,
2023,수원시,팔달구청,2023-05-22 7:35,매산동 팅스몰 주차장 출구 옆,고정형,2023-12-01,,,
2023,수원시,팔달구청,2023-05-22 7:37,인계동 경인통계청,고정형,2023-12-01,,,
2023,수원시,권선구청,2023-05-22 8:02,곡반정동 궁촌육교앞,고정형,2023-12-01,,,
2023,수원시,권선구청,2023-05-22 8:03,서둔동 가온팰리스옆2,고정형,2023-12-01,,,
2023,수원시,권선구청,2023-05-22 8:03,서둔동 가온팰리스옆2,고정형,2023-12-01,,,
2023,수원시,권선구청,2023-05-22 8:03,-1 권선파출소,고정형,2023-12-01,,,
2023,수원시,권선구청,2023-05-22 8:03,-1 권선파출소,고정형,2023-12-01,,,
2023,수원시,권선구청,2023-05-22 8:04,곡반정동 하나로마트한국빌딩앞,고정형,2023-12-01,,,
2023,수원시,팔달구청,2023-05-22 8:04,장안동 장안동 화서문로 59,주행형,2023-12-01,,,
2023,수원시,권선구청,2023-05-22 8:04,서둔동 가온팰리스옆1,고정형,2023-12-01,,,
2023,수원시,권선구청,2023-05-22 8:05,곡반정동 하나로마트한국빌딩앞,고정형,2023-12-01,,,
2023,수원시,권선구청,2023-05-22 8:05,평동 오목초교 정문 우측 삼거리,고정형,2023-12-01,,,
2023,수원시,권선구청,2023-05-22 8:11,서둔동 가온팰리스옆2,고정형,2023-12-01,,,
2023,수원시,팔달구청,2023-05-22 8:14,인계동 드림캐슬주상복합,고정형,2023-12-01,,,
2023,수원시,팔달구청,2023-05-22 8:33,화서1동 화서초등학교 둘레길 중간지점,고정형,2023-12-01,,,
2023,수원시,영통구청,2023-05-22 8:39,경기도수원시영통구원천동 수원시 영통구 원천동 348,보행,2023-12-01,,,
2023,수원시,팔달구청,2023-05-22 9:18,매산동 역전농협,고정형,2023-12-01,,,
2023,수원시,영통구청,2023-05-22 9:28,이의동 드림스퀘어Ⅱ 앞,고정형,2023-12-01,,,
2023,수원시,권선구청,2023-05-22 9:51,서둔동 수원역한라비발디퍼스트 앞1,고정형,2023-12-01,,,
2023,수원시,팔달구청,2023-05-22 10:00,인계동 드림캐슬주상복합,고정형,2023-12-01,,,
2023,수원시,팔달구청,2023-05-22 10:00,인계동 드림캐슬주상복합,고정형,2023-12-01,,,
2023,수원시,팔달구청,2023-05-22 10:00,매산동 역전농협,고정형,2023-12-01,,,
2023,수원시,권선구청,2023-05-22 10:02,서둔동 수원역한라비발디퍼스트 앞1,고정형,2023-12-01,,,
2023,수원시,권선구청,2023-05-22 10:07,곡반정동 하나로마트한국빌딩앞,고정형,2023-12-01,,,
2023,수원시,팔달구청,2023-05-22 10:12,인계동 드림캐슬주상복합,고정형,2023-12-01,,,
2023,수원시,영통구청,2023-05-22 10:34,영통동 롯데마트 뒤,고정형,2023-12-01,37.27220279535416,127.10856729001851,
2023,수원시,영통구청,2023-05-22 10:34,영통동 롯데마트 뒤,고정형,2023-12-01,37.27220279535416,127.10856729001851,
2023,수원시,팔달구청,2023-05-22 10:40,인계동 드림캐슬주상복합,고정형,2023-12-01,,,
2023,수원시,영통구청,2023-05-22 10:46,광교동 광교 덴티움지식산업센터 앞 사거리,고정형,2023-12-01,,,
2023,수원시,팔달구청,2023-05-22 10:49,인계동 드림캐슬주상복합,고정형,2023-12-01,,,
2023,수원시,팔달구청,2023-05-22 10:50,매산동 역전농협,고정형,2023-12-01,,,
2023,수원시,권선구청,2023-05-22 11:42,입북동 당수초교 정문 우측 사거리,고정형,2023-12-01,,,
2023,수원시,영통구청,2023-05-22 11:45,망포동 힐스테이트 119동 ~방죽공원 삼거리,고정형,2023-12-01,,,
2023,수원시,영통구청,2023-05-22 12:32,망포동 E-마트 에브리데이 앞,고정형,2023-12-01,37.2361017468141,127.060345496536,
2023,수원시,영통구청,2023-05-22 13:29,광교동 광교웰빙타운한양수자인,고정형,2023-12-01,,,
2023,수원시,영통구청,2023-05-22 13:37,망포동 힐스테이트 119동 ~방죽공원 삼거리,고정형,2023-12-01,,,
2023,수원시,팔달구청,2023-05-22 13:45,화서1동 수원역푸르지오자이 북문 우측,고정형,2023-12-01,,,
2023,수원시,팔달구청,2023-05-22 13:45,화서1동 수원역푸르지오자이 북문 우측,고정형,2023-12-01,,,
2023,수원시,팔달구청,2023-05-22 14:00,고등동 수원초등학교 정문 좌측 사거리,고정형,2023-12-01,,,
2023,수원시,영통구청,2023-05-22 14:02,광교동 광교 덴티움지식산업센터 앞 사거리,고정형,2023-12-01,,,
2023,수원시,권선구청,2023-05-22 14:11,권선2동 곡정초교 정문 좌측 사거리,고정형,2023-12-01,,,
2023,수원시,팔달구청,2023-05-22 14:26,고등동 수원초등학교 정문 좌측 사거리,고정형,2023-12-01,,,
2023,수원시,팔달구청,2023-05-22 14:29,영동 영동 팔달문로9,주행형,2023-12-01,,,
2023,수원시,팔달구청,2023-05-22 14:29,영동 영동 팔달문로9,주행형,2023-12-01,,,
2023,수원시,영통구청,2023-05-22 14:34,이의동 드림스퀘어Ⅱ 앞,고정형,2023-12-01,,,
2023,수원시,영통구청,2023-05-22 14:34,이의동 드림스퀘어Ⅱ 앞,고정형,2023-12-01,,,
2023,수원시,팔달구청,2023-05-22 14:35,인계동 경인통계청,고정형,2023-12-01,,,
2023,수원시,영통구청,2023-05-22 14:38,이의동 드림스퀘어Ⅱ 앞,고정형,2023-12-01,,,
2023,수원시,팔달구청,2023-05-22 14:38,매산동 팅스몰 주차장 출구 옆,고정형,2023-12-01,,,
2023,수원시,팔달구청,2023-05-22 14:39,매산동 팅스몰 주차장 출구 옆,고정형,2023-12-01,,,
2023,수원시,팔달구청,2023-05-22 14:49,고등동 수원초등학교 정문 좌측 사거리,고정형,2023-12-01,,,
2023,수원시,팔달구청,2023-05-22 15:10,팔달로2가 팔달로2가 정조로796번길,주행형,2023-12-01,,,
2023,수원시,팔달구청,2023-05-22 15:10,남수동 남수동 정조로796번길,주행형,2023-12-01,,,
2023,수원시,팔달구청,2023-05-22 15:10,인계동 경인통계청,고정형,2023-12-01,,,
2023,수원시,팔달구청,2023-05-22 15:11,매산동 역전농협,고정형,2023-12-01,,,
2023,수원시,팔달구청,2023-05-22 15:59,인계동 한국씨티은행,고정형,2023-12-01,,,
2023,수원시,팔달구청,2023-05-22 16:00,화서1동 푸르지오자이 북문 CU 앞 횡단보도,고정형,2023-12-01,,,
2023,수원시,팔달구청,2023-05-22 16:11,인계동 드림캐슬주상복합,고정형,2023-12-01,,,
2023,수원시,영통구청,2023-05-22 16:45,이의동 드림스퀘어Ⅱ 앞,고정형,2023-12-01,,,
2023,수원시,팔달구청,2023-05-22 16:47,매산동 팅스몰 주차장 출구 옆,고정형,2023-12-01,,,
2023,수원시,팔달구청,2023-05-22 17:05,고등동 수원초등학교 정문 좌측 사거리,고정형,2023-12-01,,,
2023,수원시,권선구청,2023-05-22 17:08,서둔동 가온팰리스옆2,고정형,2023-12-01,,,
2023,수원시,팔달구청,2023-05-22 17:15,신풍동 미술관로터리,고정형,2023-12-01,,,
2023,수원시,영통구청,2023-05-22 17:27,원천동 광교아이파크올웨이즈앞,고정형,2023-12-01,,,
2023,수원시,영통구청,2023-05-22 17:32,망포동 힐스테이트 119동 ~방죽공원 삼거리,고정형,2023-12-01,,,
2023,수원시,영통구청,2023-05-22 18:00,망포동 E-마트 에브리데이 앞,고정형,2023-12-01,37.2361017468141,127.060345496536,
2023,수원시,팔달구청,2023-05-22 18:24,화서1동 수원역푸르지오자이 북문 우측,고정형,2023-12-01,,,
2023,수원시,영통구청,2023-05-22 18:44,망포동 E-마트 에브리데이 앞,고정형,2023-12-01,37.2361017468141,127.060345496536,
2023,수원시,영통구청,2023-05-22 18:46,원천동 삼성전자중문,고정형,2023-12-01,,,
2023,수원시,영통구청,2023-05-22 19:02,망포동 E-마트 에브리데이 앞,고정형,2023-12-01,37.2361017468141,127.060345496536,
2023,수원시,팔달구청,2023-05-22 19:43,매산동 팅스몰 주차장 출구 옆,고정형,2023-12-01,,,
2023,수원시,팔달구청,2023-05-22 21:23,인계동 드림캐슬주상복합,고정형,2023-12-01,,,
2023,수원시,권선구청,2023-05-23 0:04,오목천동 527-5,국민신문고,2023-12-01,,,
2023,수원시,팔달구청,2023-05-23 7:33,인계동 드림캐슬주상복합,고정형,2023-12-01,,,
2023,수원시,팔달구청,2023-05-23 7:38,매산동 팅스몰 주차장 출구 옆,고정형,2023-12-01,,,
2023,수원시,팔달구청,2023-05-23 7:43,인계동 경인통계청,고정형,2023-12-01,,,
2023,수원시,권선구청,2023-05-23 8:03,곡반정동 하나로마트한국빌딩앞,고정형,2023-12-01,,,
2023,수원시,권선구청,2023-05-23 8:03,평동 오목초교 정문 우측 삼거리,고정형,2023-12-01,,,
2023,수원시,권선구청,2023-05-23 8:04,곡반정동 하나로마트한국빌딩앞,고정형,2023-12-01,,,
2023,수원시,권선구청,2023-05-23 8:05,서둔동 가온팰리스옆1,고정형,2023-12-01,,,
2023,수원시,권선구청,2023-05-23 8:06,서둔동 가온팰리스옆2,고정형,2023-12-01,,,
2023,수원시,권선구청,2023-05-23 8:06,서둔동 가온팰리스옆2,고정형,2023-12-01,,,
2023,수원시,권선구청,2023-05-23 8:06,서둔동 가온팰리스옆2,고정형,2023-12-01,,,
2023,수원시,권선구청,2023-05-23 8:47,권선동 NC터미널점 버스정류장 앞,고정형,2023-12-01,,,
2023,수원시,권선구청,2023-05-23 9:11,서둔동 가온팰리스옆2,고정형,2023-12-01,,,
2023,수원시,팔달구청,2023-05-23 9:19,인계동 드림캐슬주상복합,고정형,2023-12-01,,,
2023,수원시,권선구청,2023-05-23 9:20,서둔동 가온팰리스옆2,고정형,2023-12-01,,,
2023,수원시,팔달구청,2023-05-23 10:06,영동 영동 팔달문로9,주행형,2023-12-01,,,
2023,수원시,팔달구청,2023-05-23 10:06,영동 영동 팔달문로9,주행형,2023-12-01,,,
2023,수원시,팔달구청,2023-05-23 10:10,구천동 구천동 수원천로232-2,주행형,2023-12-01,,,
2023,수원시,팔달구청,2023-05-23 10:27,경기도수원시팔달구우만동 수원시 팔달구 인계동 1126-7,보행,2023-12-01,,,
2023,수원시,팔달구청,2023-05-23 10:30,경기도수원시팔달구우만동 수원시 팔달구 인계동 1126-7,보행,2023-12-01,,,
2023,수원시,팔달구청,2023-05-23 10:30,경기도수원시팔달구우만동 수원시 팔달구 인계동 1126-7,보행,2023-12-01,,,
2023,수원시,팔달구청,2023-05-23 10:30,경기도수원시팔달구우만동 수원시 팔달구 인계동 1126-7,보행,2023-12-01,,,
2023,수원시,팔달구청,2023-05-23 10:31,경기도수원시팔달구우만동 수원시 팔달구 인계동 1126-7,보행,2023-12-01,,,
2023,수원시,팔달구청,2023-05-23 10:31,경기도수원시팔달구우만동 수원시 팔달구 인계동 1126-7,보행,2023-12-01,,,
2023,수원시,팔달구청,2023-05-23 10:31,경기도수원시팔달구우만동 수원시 팔달구 인계동 1126-7,보행,2023-12-01,,,
2023,수원시,팔달구청,2023-05-23 11:07,화서1동 수원역푸르지오자이 북문 우측,고정형,2023-12-01,,,
2023,수원시,팔달구청,2023-05-23 11:12,화서1동 수원역푸르지오자이 북문 우측,고정형,2023-12-01,,,
2023,수원시,팔달구청,2023-05-23 11:12,화서1동 수원역푸르지오자이 북문 우측,고정형,2023-12-01,,,
2023,수원시,팔달구청,2023-05-23 11:26,행궁동 팔달문 버스정류장,고정형,2023-12-01,,,
2023,수원시,팔달구청,2023-05-23 11:38,매교동 매교동 84-6 교차로모퉁이,국민신문고,2023-12-01,,,
2023,수원시,팔달구청,2023-05-23 12:24,화서1동 수원역푸르지오자이 북문 우측,고정형,2023-12-01,,,
2023,수원시,팔달구청,2023-05-23 12:29,화서1동 푸르지오자이 북문 CU 앞 횡단보도,고정형,2023-12-01,,,
2023,수원시,팔달구청,2023-05-23 12:50,화서1동 푸르지오자이 북문 CU 앞 횡단보도,고정형,2023-12-01,,,
2023,수원시,권선구청,2023-05-23 13:00,입북동 당수초교 정문 우측 사거리,고정형,2023-12-01,,,
2023,수원시,팔달구청,2023-05-23 13:12,화서1동 수원역푸르지오자이 북문 우측,고정형,2023-12-01,,,
2023,수원시,팔달구청,2023-05-23 13:27,고등동 수원초등학교 정문 좌측 사거리,고정형,2023-12-01,,,
2023,수원시,권선구청,2023-05-23 14:33,평동 오목초교 정문 우측 삼거리,고정형,2023-12-01,,,
2023,수원시,팔달구청,2023-05-23 14:34,인계동 드림캐슬주상복합,고정형,2023-12-01,,,
2023,수원시,권선구청,2023-05-23 14:34,평동 고현초교 정문 좌측 삼거리,고정형,2023-12-01,,,
2023,수원시,팔달구청,2023-05-23 14:42,행궁동 화홍사랑채,고정형,2023-12-01,,,
2023,수원시,영통구청,2023-05-23 14:49,경기도수원시영통구영통동 수원시 영통구 영통동 991,보행,2023-12-01,,,
2023,수원시,영통구청,2023-05-23 14:50,경기도수원시영통구영통동 수원시 영통구 영통동 991,보행,2023-12-01,,,
2023,수원시,영통구청,2023-05-23 14:51,경기도수원시영통구영통동 수원시 영통구 영통동 991,보행,2023-12-01,,,
2023,수원시,영통구청,2023-05-23 14:52,경기도수원시영통구영통동 수원시 영통구 영통동 991,보행,2023-12-01,,,
2023,수원시,팔달구청,2023-05-23 14:56,인계동 드림캐슬주상복합,고정형,2023-12-01,,,
2023,수원시,권선구청,2023-05-23 14:57,서둔동 가온팰리스옆1,고정형,2023-12-01,,,
2023,수원시,권선구청,2023-05-23 14:58,권선동 NC터미널점 버스정류장 앞,고정형,2023-12-01,,,
2023,수원시,팔달구청,2023-05-23 15:08,매산동 팅스몰 주차장 출구 옆,고정형,2023-12-01,,,
2023,수원시,팔달구청,2023-05-23 15:12,매교동 매교동 114-89 횡단보도,국민신문고,2023-12-01,,,
2023,수원시,권선구청,2023-05-23 15:20,평동 고현초교 정문 좌측 삼거리,고정형,2023-12-01,,,
2023,수원시,팔달구청,2023-05-23 15:39,화서1동 수원역푸르지오자이 북문 우측,고정형,2023-12-01,,,
2023,수원시,팔달구청,2023-05-23 15:41,인계동 드림캐슬주상복합,고정형,2023-12-01,,,
2023,수원시,팔달구청,2023-05-23 15:59,교동 수원향교 앞 팔달보건소 뒤,고정형,2023-12-01,,,
2023,수원시,팔달구청,2023-05-23 16:08,인계동 경인통계청,고정형,2023-12-01,,,
2023,수원시,팔달구청,2023-05-23 16:13,인계동 경인통계청,고정형,2023-12-01,,,
2023,수원시,팔달구청,2023-05-23 16:25,매산동 팔달로 10번길 8,고정형,2023-12-01,,,
2023,수원시,권선구청,2023-05-23 16:34,입북동 당수초교 정문 우측 사거리,고정형,2023-12-01,,,
2023,수원시,팔달구청,2023-05-23 16:47,인계동 드림캐슬주상복합,고정형,2023-12-01,,,
2023,수원시,권선구청,2023-05-23 16:49,곡반정동 궁촌육교앞,고정형,2023-12-01,,,
2023,수원시,권선구청,2023-05-23 16:55,서둔동 가온팰리스옆2,고정형,2023-12-01,,,
2023,수원시,권선구청,2023-05-23 17:20,서둔동 가온팰리스옆2,고정형,2023-12-01,,,
2023,수원시,팔달구청,2023-05-23 18:05,매산동 팅스몰 주차장 출구 옆,고정형,2023-12-01,,,
2023,수원시,팔달구청,2023-05-23 18:11,화서1동 수원역푸르지오자이 북문 우측,고정형,2023-12-01,,,
2023,수원시,팔달구청,2023-05-23 18:11,화서1동 수원역푸르지오자이 북문 우측,고정형,2023-12-01,,,
2023,수원시,팔달구청,2023-05-23 18:14,행궁동 팔달문 버스정류장,고정형,2023-12-01,,,
2023,수원시,팔달구청,2023-05-23 18:16,인계동 드림캐슬주상복합,고정형,2023-12-01,,,
2023,수원시,팔달구청,2023-05-23 18:30,매산동 팅스몰 주차장 출구 옆,고정형,2023-12-01,,,
2023,수원시,팔달구청,2023-05-23 18:54,매산동 팔달로 10번길 8,고정형,2023-12-01,,,
2023,수원시,팔달구청,2023-05-23 19:14,인계동 드림캐슬주상복합,고정형,2023-12-01,,,
2023,수원시,권선구청,2023-05-23 19:22,곡반정동 150-6,국민신문고,2023-12-01,,,
2023,수원시,팔달구청,2023-05-23 19:44,매산동 팅스몰 주차장 출구 옆,고정형,2023-12-01,,,
2023,수원시,팔달구청,2023-05-23 20:02,인계동 드림캐슬주상복합,고정형,2023-12-01,,,
2023,수원시,팔달구청,2023-05-23 20:10,매교동 매교동 287-486 어린이보호구역,국민신문고,2023-12-01,,,
2023,수원시,영통구청,2023-05-23 20:24,경기도수원시영통구망포동 수원시 영통구 망포동 78,보행,2023-12-01,,,
2023,수원시,영통구청,2023-05-23 20:25,경기도수원시영통구망포동 수원시 영통구 망포동 78,보행,2023-12-01,,,
2023,수원시,팔달구청,2023-05-23 20:33,매교동 매교동 114-89 횡단보도,국민신문고,2023-12-01,,,
2023,수원시,팔달구청,2023-05-23 20:34,매교동 매교동 121 횡단보도,국민신문고,2023-12-01,,,
2023,수원시,팔달구청,2023-05-23 20:38,매산동 팅스몰 주차장 출구 옆,고정형,2023-12-01,,,
2023,수원시,팔달구청,2023-05-23 20:47,인계동 드림캐슬주상복합,고정형,2023-12-01,,,
2023,수원시,팔달구청,2023-05-23 21:07,매산동 역전농협,고정형,2023-12-01,,,
2023,수원시,팔달구청,2023-05-23 21:24,매산동 역전농협,고정형,2023-12-01,,,
2023,수원시,팔달구청,2023-05-23 21:29,인계동 드림캐슬주상복합,고정형,2023-12-01,,,
2023,수원시,권선구청,2023-05-24 5:36,곡반정동 562-2,국민신문고,2023-12-01,,,
2023,수원시,팔달구청,2023-05-24 7:32,인계동 경인통계청,고정형,2023-12-01,,,
2023,수원시,팔달구청,2023-05-24 7:32,인계동 드림캐슬주상복합,고정형,2023-12-01,,,
2023,수원시,팔달구청,2023-05-24 7:34,매산동 팅스몰 주차장 출구 옆,고정형,2023-12-01,,,
2023,수원시,권선구청,2023-05-24 8:04,곡반정동 하나로마트한국빌딩앞,고정형,2023-12-01,,,
2023,수원시,권선구청,2023-05-24 8:04,서둔동 가온팰리스옆1,고정형,2023-12-01,,,
2023,수원시,권선구청,2023-05-24 8:05,서둔동 가온팰리스옆2,고정형,2023-12-01,,,
2023,수원시,권선구청,2023-05-24 8:06,오목천동 한화꿈에그린아파트 209동앞,고정형,2023-12-01,,,
2023,수원시,권선구청,2023-05-24 8:15,서둔동 가온팰리스옆2,고정형,2023-12-01,,,
2023,수원시,팔달구청,2023-05-24 8:25,매산동 팅스몰 주차장 출구 옆,고정형,2023-12-01,,,
2023,수원시,팔달구청,2023-05-24 8:32,화서1동 화서초등학교 둘레길 중간지점,고정형,2023-12-01,,,
2023,수원시,팔달구청,2023-05-24 8:44,화서1동 푸르지오자이 북문 CU 앞 횡단보도,고정형,2023-12-01,,,
2023,수원시,영통구청,2023-05-24 8:56,영통구 이의동 177-1,국민신문고,2023-12-01,,,
2023,수원시,팔달구청,2023-05-24 9:09,인계동 경인통계청,고정형,2023-12-01,,,
2023,수원시,팔달구청,2023-05-24 9:29,인계동 드림캐슬주상복합,고정형,2023-12-01,,,
2023,수원시,팔달구청,2023-05-24 9:58,매산동 역전농협,고정형,2023-12-01,,,
2023,수원시,권선구청,2023-05-24 10:03,곡반정동 하나로마트한국빌딩앞,고정형,2023-12-01,,,
2023,수원시,팔달구청,2023-05-24 10:11,인계동 드림캐슬주상복합,고정형,2023-12-01,,,
2023,수원시,팔달구청,2023-05-24 11:17,화서1동 수원역푸르지오자이 북문 우측,고정형,2023-12-01,,,
2023,수원시,권선구청,2023-05-24 12:51,입북동 당수초교 정문 우측 사거리,고정형,2023-12-01,,,
2023,수원시,팔달구청,2023-05-24 13:04,화서1동 수원역푸르지오자이 북문 우측,고정형,2023-12-01,,,
2023,수원시,팔달구청,2023-05-24 13:35,매산동 역전농협,고정형,2023-12-01,,,
2023,수원시,팔달구청,2023-05-24 14:28,남수동 남수동 정조로800번길,주행형,2023-12-01,,,
2023,수원시,팔달구청,2023-05-24 14:30,화서1동 수원역푸르지오자이 북문 우측,고정형,2023-12-01,,,
2023,수원시,권선구청,2023-05-24 14:31,평동 자동차매매센터2,고정형,2023-12-01,,,
2023,수원시,팔달구청,2023-05-24 14:31,영동 영동 팔달문로 9,주행형,2023-12-01,,,
2023,수원시,팔달구청,2023-05-24 14:31,영동 영동 팔달문로 9,주행형,2023-12-01,,,
2023,수원시,팔달구청,2023-05-24 14:32,지동 지동 팔달문로32번길,주행형,2023-12-01,,,
2023,수원시,권선구청,2023-05-24 14:34,서둔동 수원역한라비발디퍼스트 앞2,고정형,2023-12-01,,,
2023,수원시,팔달구청,2023-05-24 14:42,인계동 경인통계청,고정형,2023-12-01,,,
2023,수원시,권선구청,2023-05-24 14:46,서둔동 가온팰리스옆2,고정형,2023-12-01,,,
2023,수원시,권선구청,2023-05-24 14:49,서둔동 수원역한라비발디퍼스트 앞2,고정형,2023-12-01,,,
2023,수원시,권선구청,2023-05-24 14:57,입북동 당수초교 정문 우측 사거리,고정형,2023-12-01,,,
2023,수원시,권선구청,2023-05-24 15:09,서둔동 수원역한라비발디퍼스트 앞1,고정형,2023-12-01,,,
2023,수원시,권선구청,2023-05-24 15:23,평동 수원역고가밑 (애경뒷길),고정형,2023-12-01,,,
2023,수원시,팔달구청,2023-05-24 15:24,행궁동 팔달문 버스정류장,고정형,2023-12-01,,,
2023,수원시,팔달구청,2023-05-24 15:40,인계동 드림캐슬주상복합,고정형,2023-12-01,,,
2023,수원시,팔달구청,2023-05-24 15:56,인계동 경인통계청,고정형,2023-12-01,,,
2023,수원시,권선구청,2023-05-24 15:57,평동 오목초교 정문 우측 삼거리,고정형,2023-12-01,,,
2023,수원시,권선구청,2023-05-24 15:57,평동 오목초교 정문 우측 삼거리,고정형,2023-12-01,,,
2023,수원시,권선구청,2023-05-24 16:06,서둔동 가온팰리스옆1,고정형,2023-12-01,,,
2023,수원시,팔달구청,2023-05-24 16:26,매산동 역전농협,고정형,2023-12-01,,,
2023,수원시,팔달구청,2023-05-24 16:41,인계동 경인통계청,고정형,2023-12-01,,,
2023,수원시,팔달구청,2023-05-24 17:25,인계동 경인통계청,고정형,2023-12-01,,,
2023,수원시,팔달구청,2023-05-24 17:25,인계동 경인통계청,고정형,2023-12-01,,,
2023,수원시,권선구청,2023-05-24 17:30,세류3동 신곡초교 후문 좌측 사거리,고정형,2023-12-01,,,
2023,수원시,팔달구청,2023-05-24 17:34,화서1동 수원역푸르지오자이 북문 우측,고정형,2023-12-01,,,
2023,수원시,팔달구청,2023-05-24 17:35,인계동 드림캐슬주상복합,고정형,2023-12-01,,,
2023,수원시,팔달구청,2023-05-24 18:21,화서1동 푸르지오자이 북문 CU 앞 횡단보도,고정형,2023-12-01,,,
2023,수원시,팔달구청,2023-05-24 18:21,화서1동 푸르지오자이 북문 CU 앞 횡단보도,고정형,2023-12-01,,,
2023,수원시,팔달구청,2023-05-24 18:42,인계동 드림캐슬주상복합,고정형,2023-12-01,,,
2023,수원시,팔달구청,2023-05-24 20:07,매산동 팅스몰 주차장 출구 옆,고정형,2023-12-01,,,
2023,수원시,팔달구청,2023-05-24 20:07,매산동 팅스몰 주차장 출구 옆,고정형,2023-12-01,,,
2023,수원시,팔달구청,2023-05-24 20:25,인계동 드림캐슬주상복합,고정형,2023-12-01,,,
2023,수원시,권선구청,2023-05-24 23:02,곡반정동 562-2,국민신문고,2023-12-01,,,
2023,수원시,권선구청,2023-05-25 1:15,오목천동 473-3,국민신문고,2023-12-01,,,
2023,수원시,권선구청,2023-05-25 3:28,곡반정동 156-8,국민신문고,2023-12-01,,,
2023,수원시,영통구청,2023-05-25 6:33,영통구 영통동 1061-1,국민신문고,2023-12-01,37.2586986865866,127.066879751907,
2023,수원시,팔달구청,2023-05-25 7:03,화서1동 수원역푸르지오자이 북문 우측,고정형,2023-12-01,,,
2023,수원시,팔달구청,2023-05-25 7:03,화서1동 수원역푸르지오자이 북문 우측,고정형,2023-12-01,,,
2023,수원시,영통구청,2023-05-25 7:03,영통동 마사회뒷길,고정형,2023-12-01,,,
2023,수원시,팔달구청,2023-05-25 7:32,인계동 경인통계청,고정형,2023-12-01,,,
2023,수원시,팔달구청,2023-05-25 7:35,인계동 경인통계청,고정형,2023-12-01,,,
2023,수원시,팔달구청,2023-05-25 7:48,인계동 경인통계청,고정형,2023-12-01,,,
2023,수원시,팔달구청,2023-05-25 7:54,인계동 경인통계청,고정형,2023-12-01,,,
2023,수원시,권선구청,2023-05-25 8:03,곡반정동 하나로마트한국빌딩앞,고정형,2023-12-01,,,
2023,수원시,권선구청,2023-05-25 8:03,곡반정동 562-2,국민신문고,2023-12-01,,,
2023,수원시,권선구청,2023-05-25 8:07,서둔동 가온팰리스옆2,고정형,2023-12-01,,,
2023,수원시,권선구청,2023-05-25 8:07,서둔동 가온팰리스옆2,고정형,2023-12-01,,,
2023,수원시,팔달구청,2023-05-25 8:30,인계동 푸르지오자이 북문 CU 앞 횡단보도,고정형,2023-12-01,,,
2023,수원시,팔달구청,2023-05-25 9:21,교동 수원향교 앞 팔달보건소 뒤,고정형,2023-12-01,,,
2023,수원시,팔달구청,2023-05-25 9:31,인계동 드림캐슬주상복합,고정형,2023-12-01,,,
2023,수원시,영통구청,2023-05-25 10:03,광교동 광교이의119안전센터,고정형,2023-12-01,,,
2023,수원시,팔달구청,2023-05-25 10:08,팔달로2가 팔달로2가 정조로796번길,주행형,2023-12-01,,,
2023,수원시,팔달구청,2023-05-25 10:11,인계동 드림캐슬주상복합,고정형,2023-12-01,,,
2023,수원시,팔달구청,2023-05-25 10:36,화서1동 수원역푸르지오자이 북문 우측,고정형,2023-12-01,,,
2023,수원시,영통구청,2023-05-25 10:37,영통동 롯데마트 뒤,고정형,2023-12-01,37.27220279535416,127.10856729001851,
2023,수원시,팔달구청,2023-05-25 10:43,팔달로2가 팔달로2가 정조로796번길,주행형,2023-12-01,,,
2023,수원시,영통구청,2023-05-25 11:17,광교동 광교이의119안전센터,고정형,2023-12-01,,,
2023,수원시,영통구청,2023-05-25 11:22,광교동 광교 덴티움지식산업센터 앞 사거리,고정형,2023-12-01,,,
2023,수원시,팔달구청,2023-05-25 12:52,고등동 수원초등학교 정문 좌측 사거리,고정형,2023-12-01,,,
2023,수원시,팔달구청,2023-05-25 13:25,매산동 역전농협,고정형,2023-12-01,,,
2023,수원시,팔달구청,2023-05-25 13:30,교동 수원향교 앞 팔달보건소 뒤,고정형,2023-12-01,,,
2023,수원시,팔달구청,2023-05-25 13:42,매산동 역전농협,고정형,2023-12-01,,,
2023,수원시,팔달구청,2023-05-25 13:51,화서1동 수원역푸르지오자이 북문 우측,고정형,2023-12-01,,,
2023,수원시,영통구청,2023-05-25 13:57,이의동 도청예정부지,고정형,2023-12-01,,,
2023,수원시,영통구청,2023-05-25 14:11,이의동 광교호반베르디움 103동 앞,고정형,2023-12-01,,,
2023,수원시,영통구청,2023-05-25 14:11,이의동 광교호반베르디움 103동 앞,고정형,2023-12-01,,,
2023,수원시,팔달구청,2023-05-25 14:17,우만동 우만동 월드컵로366번길,주행형,2023-12-01,,,
2023,수원시,팔달구청,2023-05-25 14:19,우만동 우만동 광교로 32,주행형,2023-12-01,,,
2023,수원시,팔달구청,2023-05-25 14:19,우만동 우만동 광교로 32,주행형,2023-12-01,,,
2023,수원시,팔달구청,2023-05-25 14:19,우만동 우만동 광교로 32,주행형,2023-12-01,,,
2023,수원시,팔달구청,2023-05-25 14:21,우만동 우만동 월드컵로366번길,주행형,2023-12-01,,,
2023,수원시,팔달구청,2023-05-25 14:24,남수동 남수동 정조로796번길,주행형,2023-12-01,,,
2023,수원시,권선구청,2023-05-25 14:32,서둔동 수원역한라비발디퍼스트 앞1,고정형,2023-12-01,,,
2023,수원시,권선구청,2023-05-25 14:32,서둔동 수원역한라비발디퍼스트 앞1,고정형,2023-12-01,,,
2023,수원시,영통구청,2023-05-25 14:33,이의동 드림스퀘어Ⅱ 앞,고정형,2023-12-01,,,
2023,수원시,권선구청,2023-05-25 14:33,서둔동 수원역한라비발디퍼스트 앞1,고정형,2023-12-01,,,
2023,수원시,팔달구청,2023-05-25 14:34,매산로3가 매산로3가 향교로61,주행형,2023-12-01,,,
2023,수원시,팔달구청,2023-05-25 14:34,매산로3가 매산로3가 향교로57번길,주행형,2023-12-01,,,
2023,수원시,팔달구청,2023-05-25 14:34,매산로2가 매산로2가 향교로 56-1,주행형,2023-12-01,,,
2023,수원시,권선구청,2023-05-25 14:34,평동 오목초교 정문 우측 삼거리,고정형,2023-12-01,,,
2023,수원시,팔달구청,2023-05-25 14:41,매산동 팅스몰 주차장 출구 옆,고정형,2023-12-01,,,
2023,수원시,영통구청,2023-05-25 14:56,원천동 광교 한화겔러리아 앞,고정형,2023-12-01,,,
2023,수원시,팔달구청,2023-05-25 15:00,남수동 남수동 정조로800번길,주행형,2023-12-01,,,
2023,수원시,팔달구청,2023-05-25 15:01,팔달로2가 팔달로2가 정조로796번길,주행형,2023-12-01,,,
2023,수원시,팔달구청,2023-05-25 15:01,남수동 남수동 정조로796번길,주행형,2023-12-01,,,
2023,수원시,권선구청,2023-05-25 15:04,권선2동 곡정초교 정문 좌측 사거리,고정형,2023-12-01,,,
2023,수원시,권선구청,2023-05-25 15:04,권선2동 곡정초교 정문 좌측 사거리,고정형,2023-12-01,,,
2023,수원시,권선구청,2023-05-25 15:08,평동 고현초교 정문 좌측 삼거리,고정형,2023-12-01,,,
2023,수원시,영통구청,2023-05-25 15:10,영통동 보보스스포츠센터앞,고정형,2023-12-01,,,
2023,수원시,영통구청,2023-05-25 15:10,영통동 보보스스포츠센터앞,고정형,2023-12-01,,,
2023,수원시,영통구청,2023-05-25 15:19,원천동 삼성전자중문,고정형,2023-12-01,,,
2023,수원시,권선구청,2023-05-25 15:24,서둔동 수원역한라비발디퍼스트 앞1,고정형,2023-12-01,,,
2023,수원시,권선구청,2023-05-25 15:27,서둔동 가온팰리스옆2,고정형,2023-12-01,,,
2023,수원시,권선구청,2023-05-25 15:49,서둔동 가온팰리스옆2,고정형,2023-12-01,,,
2023,수원시,권선구청,2023-05-25 15:50,호매실동 금호프라자 대각 맞은편,고정형,2023-12-01,,,
2023,수원시,영통구청,2023-05-25 16:18,망포동 힐스테이트 119동 ~방죽공원 삼거리,고정형,2023-12-01,,,
2023,수원시,팔달구청,2023-05-25 16:20,화서1동 푸르지오자이 북문 CU 앞 횡단보도,고정형,2023-12-01,,,
2023,수원시,영통구청,2023-05-25 16:25,광교동 광교이의119안전센터,고정형,2023-12-01,,,
2023,수원시,팔달구청,2023-05-25 16:30,화서1동 화서초등학교 둘레길 중간지점,고정형,2023-12-01,,,
2023,수원시,팔달구청,2023-05-25 16:30,화서1동 화서초등학교 둘레길 중간지점,고정형,2023-12-01,,,
2023,수원시,권선구청,2023-05-25 16:43,서둔동 가온팰리스옆2,고정형,2023-12-01,,,
2023,수원시,영통구청,2023-05-25 16:47,이의동 드림스퀘어Ⅱ 앞,고정형,2023-12-01,,,
2023,수원시,팔달구청,2023-05-25 16:52,매산동 팅스몰 주차장 출구 옆,고정형,2023-12-01,,,
2023,수원시,팔달구청,2023-05-25 17:06,인계동 드림캐슬주상복합,고정형,2023-12-01,,,
2023,수원시,팔달구청,2023-05-25 17:07,매산동 팅스몰 주차장 출구 옆,고정형,2023-12-01,,,
2023,수원시,팔달구청,2023-05-25 17:23,화서1동 수원역푸르지오자이 북문 우측,고정형,2023-12-01,,,
2023,수원시,팔달구청,2023-05-25 17:44,인계동 드림캐슬주상복합,고정형,2023-12-01,,,
2023,수원시,팔달구청,2023-05-25 17:44,화서1동 화서초등학교 둘레길 중간지점,고정형,2023-12-01,,,
2023,수원시,팔달구청,2023-05-25 17:44,화서1동 화서초등학교 둘레길 중간지점,고정형,2023-12-01,,,
2023,수원시,팔달구청,2023-05-25 18:03,매산동 팅스몰 주차장 출구 옆,고정형,2023-12-01,,,
2023,수원시,팔달구청,2023-05-25 18:03,매산동 팅스몰 주차장 출구 옆,고정형,2023-12-01,,,
2023,수원시,팔달구청,2023-05-25 18:07,인계동 드림캐슬주상복합,고정형,2023-12-01,,,
2023,수원시,영통구청,2023-05-25 18:51,원천동 삼성전자중문,고정형,2023-12-01,,,
2023,수원시,팔달구청,2023-05-25 19:48,경기도수원시팔달구인계동 수원시 팔달구 인계동 867-1,보행,2023-12-01,,,
2023,수원시,팔달구청,2023-05-25 19:56,교동 수원향교 앞 팔달보건소 뒤,고정형,2023-12-01,,,
2023,수원시,팔달구청,2023-05-25 19:57,인계동 드림캐슬주상복합,고정형,2023-12-01,,,
2023,수원시,팔달구청,2023-05-25 19:57,인계동 드림캐슬주상복합,고정형,2023-12-01,,,
2023,수원시,팔달구청,2023-05-25 20:07,인계동 드림캐슬주상복합,고정형,2023-12-01,,,
2023,수원시,팔달구청,2023-05-25 20:09,화서1동 푸르지오자이 북문 CU 앞 횡단보도,고정형,2023-12-01,,,
2023,수원시,팔달구청,2023-05-25 20:24,인계동 드림캐슬주상복합,고정형,2023-12-01,,,
2023,수원시,팔달구청,2023-05-25 20:24,매산동 팅스몰 주차장 출구 옆,고정형,2023-12-01,,,
2023,수원시,팔달구청,2023-05-25 20:27,매산동 팅스몰 주차장 출구 옆,고정형,2023-12-01,,,
2023,수원시,팔달구청,2023-05-25 20:47,매교동 매교동 91-19 횡단보도,국민신문고,2023-12-01,,,
2023,수원시,팔달구청,2023-05-25 20:55,인계동 드림캐슬주상복합,고정형,2023-12-01,,,
2023,수원시,팔달구청,2023-05-25 21:34,인계동 드림캐슬주상복합,고정형,2023-12-01,,,
2023,수원시,팔달구청,2023-05-25 21:34,인계동 드림캐슬주상복합,고정형,2023-12-01,,,
2023,수원시,권선구청,2023-05-26 7:07,곡반정동 156-1,국민신문고,2023-12-01,,,
2023,수원시,팔달구청,2023-05-26 7:35,인계동 한국씨티은행,고정형,2023-12-01,,,
2023,수원시,팔달구청,2023-05-26 7:36,매산동 역전농협,고정형,2023-12-01,,,
2023,수원시,팔달구청,2023-05-26 7:37,인계동 드림캐슬주상복합,고정형,2023-12-01,,,
2023,수원시,팔달구청,2023-05-26 7:38,매산동 팔달로 10번길 8,고정형,2023-12-01,,,
2023,수원시,영통구청,2023-05-26 7:56,원천동 광교매원초등학교,고정형,2023-12-01,,,
2023,수원시,권선구청,2023-05-26 8:01,권선동 NC터미널점 버스정류장 앞,고정형,2023-12-01,,,
2023,수원시,권선구청,2023-05-26 8:03,서둔동 가온팰리스옆2,고정형,2023-12-01,,,
2023,수원시,권선구청,2023-05-26 8:04,서둔동 수원역한라비발디퍼스트 앞1,고정형,2023-12-01,,,
2023,수원시,권선구청,2023-05-26 8:04,곡반정동 하나로마트한국빌딩앞,고정형,2023-12-01,,,
2023,수원시,권선구청,2023-05-26 8:04,곡반정동 하나로마트한국빌딩앞,고정형,2023-12-01,,,
2023,수원시,권선구청,2023-05-26 8:05,서둔동 수원역한라비발디퍼스트 앞1,고정형,2023-12-01,,,
2023,수원시,권선구청,2023-05-26 8:06,권선2동 곡정초교 정문 좌측 사거리,고정형,2023-12-01,,,
2023,수원시,영통구청,2023-05-26 8:40,원천동 광교 한화겔러리아 앞,고정형,2023-12-01,,,
2023,수원시,팔달구청,2023-05-26 8:41,화서1동 화서초등학교 둘레길 중간지점,고정형,2023-12-01,,,
2023,수원시,팔달구청,2023-05-26 8:41,화서1동 화서초등학교 둘레길 중간지점,고정형,2023-12-01,,,
2023,수원시,영통구청,2023-05-26 8:46,망포동 힐스테이트 119동 ~방죽공원 삼거리,고정형,2023-12-01,,,
2023,수원시,권선구청,2023-05-26 8:49,곡반정동 하나로마트한국빌딩앞,고정형,2023-12-01,,,
2023,수원시,권선구청,2023-05-26 8:55,서둔동 수원역한라비발디퍼스트 앞1,고정형,2023-12-01,,,
2023,수원시,권선구청,2023-05-26 8:55,서둔동 수원역한라비발디퍼스트 앞1,고정형,2023-12-01,,,
2023,수원시,영통구청,2023-05-26 8:56,영통동 롯데마트 뒤,고정형,2023-12-01,37.27220279535416,127.10856729001851,
2023,수원시,영통구청,2023-05-26 9:32,광교동 광교 덴티움지식산업센터 앞 사거리,고정형,2023-12-01,,,
2023,수원시,권선구청,2023-05-26 10:05,서둔동 수원역한라비발디퍼스트 앞1,고정형,2023-12-01,,,
2023,수원시,팔달구청,2023-05-26 10:11,인계동 드림캐슬주상복합,고정형,2023-12-01,,,
2023,수원시,팔달구청,2023-05-26 10:27,인계동 드림캐슬주상복합,고정형,2023-12-01,,,
2023,수원시,영통구청,2023-05-26 11:36,광교동 광교 덴티움지식산업센터 앞 사거리,고정형,2023-12-01,,,
2023,수원시,영통구청,2023-05-26 11:51,망포동 E-마트 에브리데이 앞,고정형,2023-12-01,37.2361017468141,127.060345496536,
2023,수원시,영통구청,2023-05-26 11:51,망포동 E-마트 에브리데이 앞,고정형,2023-12-01,37.2361017468141,127.060345496536,
2023,수원시,영통구청,2023-05-26 12:16,망포동 힐스테이트 119동 ~방죽공원 삼거리,고정형,2023-12-01,,,
2023,수원시,영통구청,2023-05-26 12:16,망포동 힐스테이트 119동 ~방죽공원 삼거리,고정형,2023-12-01,,,
2023,수원시,영통구청,2023-05-26 13:23,광교동 광교웰빙타운한양수자인,고정형,2023-12-01,,,
2023,수원시,권선구청,2023-05-26 13:33,평동 SK모터스 고가 옆,고정형,2023-12-01,,,
2023,수원시,팔달구청,2023-05-26 14:08,고등동 수원초등학교 정문 좌측 사거리,고정형,2023-12-01,,,
2023,수원시,권선구청,2023-05-26 14:35,서둔동 수원역한라비발디퍼스트 앞1,고정형,2023-12-01,,,
2023,수원시,권선구청,2023-05-26 14:35,서둔동 수원역한라비발디퍼스트 앞1,고정형,2023-12-01,,,
2023,수원시,권선구청,2023-05-26 14:35,서둔동 수원역한라비발디퍼스트 앞1,고정형,2023-12-01,,,
2023,수원시,팔달구청,2023-05-26 14:37,남수동 남수동 정조로796번길,주행형,2023-12-01,,,
2023,수원시,팔달구청,2023-05-26 14:39,북수동 쌈지공원 앞,고정형,2023-12-01,,,
2023,수원시,권선구청,2023-05-26 14:40,서둔동 가온팰리스옆2,고정형,2023-12-01,,,
2023,수원시,권선구청,2023-05-26 14:40,서둔동 가온팰리스옆2,고정형,2023-12-01,,,
2023,수원시,영통구청,2023-05-26 14:41,원천동 삼성전자중문,고정형,2023-12-01,,,
2023,수원시,팔달구청,2023-05-26 15:07,매산동 팔달로 10번길 8,고정형,2023-12-01,,,
2023,수원시,권선구청,2023-05-26 15:12,서둔동 수원역한라비발디퍼스트 앞1,고정형,2023-12-01,,,
2023,수원시,권선구청,2023-05-26 15:13,입북동 당수초교 정문 우측 사거리,고정형,2023-12-01,,,
2023,수원시,팔달구청,2023-05-26 16:02,매산동 팅스몰 주차장 출구 옆,고정형,2023-12-01,,,
2023,수원시,영통구청,2023-05-26 16:33,이의동 광교가재울마을사거리,고정형,2023-12-01,,,
2023,수원시,권선구청,2023-05-26 16:34,서둔동 가온팰리스옆2,고정형,2023-12-01,,,
2023,수원시,권선구청,2023-05-26 16:34,호매실동 금호프라자 대각 맞은편,고정형,2023-12-01,,,
2023,수원시,팔달구청,2023-05-26 16:59,인계동 드림캐슬주상복합,고정형,2023-12-01,,,
2023,수원시,팔달구청,2023-05-26 16:59,인계동 드림캐슬주상복합,고정형,2023-12-01,,,
2023,수원시,권선구청,2023-05-26 17:04,금곡동 일신건영아파트 앞 놀이터,고정형,2023-12-01,,,
2023,수원시,팔달구청,2023-05-26 17:10,매산동 팅스몰 주차장 출구 옆,고정형,2023-12-01,,,
2023,수원시,영통구청,2023-05-26 17:11,이의동 드림스퀘어Ⅱ 앞,고정형,2023-12-01,,,
2023,수원시,영통구청,2023-05-26 17:27,이의동 드림스퀘어Ⅱ 앞,고정형,2023-12-01,,,
2023,수원시,팔달구청,2023-05-26 17:35,인계동 경인통계청,고정형,2023-12-01,,,
2023,수원시,영통구청,2023-05-26 17:38,이의동 도청예정부지,고정형,2023-12-01,,,
2023,수원시,팔달구청,2023-05-26 17:39,화서1동 화서초등학교 둘레길 중간지점,고정형,2023-12-01,,,
2023,수원시,팔달구청,2023-05-26 17:41,인계동 경인통계청,고정형,2023-12-01,,,
2023,수원시,팔달구청,2023-05-26 18:07,화서1동 푸르지오자이 북문 CU 앞 횡단보도,고정형,2023-12-01,,,
2023,수원시,팔달구청,2023-05-26 18:18,고등동 수원초등학교 정문 좌측 사거리,고정형,2023-12-01,,,
2023,수원시,팔달구청,2023-05-26 18:18,고등동 수원초등학교 정문 좌측 사거리,고정형,2023-12-01,,,
2023,수원시,권선구청,2023-05-26 19:27,곡반정동 562-2,국민신문고,2023-12-01,,,
2023,수원시,팔달구청,2023-05-26 19:32,매산동 팅스몰 주차장 출구 옆,고정형,2023-12-01,,,
2023,수원시,팔달구청,2023-05-26 20:39,인계동 드림캐슬주상복합,고정형,2023-12-01,,,
2023,수원시,팔달구청,2023-05-26 20:39,인계동 드림캐슬주상복합,고정형,2023-12-01,,,
2023,수원시,팔달구청,2023-05-26 20:58,인계동 드림캐슬주상복합,고정형,2023-12-01,,,
2023,수원시,팔달구청,2023-05-26 21:29,인계동 드림캐슬주상복합,고정형,2023-12-01,,,
2023,수원시,권선구청,2023-05-27 2:18,곡반정동 562-2,국민신문고,2023-12-01,,,
2023,수원시,팔달구청,2023-05-27 9:02,인계동 드림캐슬주상복합,고정형,2023-12-01,,,
2023,수원시,권선구청,2023-05-27 9:03,곡반정동 하나로마트한국빌딩앞,고정형,2023-12-01,,,
2023,수원시,팔달구청,2023-05-27 9:03,화서1동 수원역푸르지오자이 북문 우측,고정형,2023-12-01,,,
2023,수원시,권선구청,2023-05-27 9:03,서둔동 가온팰리스옆2,고정형,2023-12-01,,,
2023,수원시,권선구청,2023-05-27 9:03,서둔동 가온팰리스옆2,고정형,2023-12-01,,,
2023,수원시,팔달구청,2023-05-27 9:03,화서1동 푸르지오자이 북문 CU 앞 횡단보도,고정형,2023-12-01,,,
2023,수원시,팔달구청,2023-05-27 9:04,매산동 팅스몰 주차장 출구 옆,고정형,2023-12-01,,,
2023,수원시,권선구청,2023-05-27 9:04,서둔동 수원역한라비발디퍼스트 앞2,고정형,2023-12-01,,,
2023,수원시,권선구청,2023-05-27 9:04,서둔동 가온팰리스옆2,고정형,2023-12-01,,,
2023,수원시,권선구청,2023-05-27 9:04,서둔동 가온팰리스옆2,고정형,2023-12-01,,,
2023,수원시,팔달구청,2023-05-27 9:06,인계동 드림캐슬주상복합,고정형,2023-12-01,,,
2023,수원시,권선구청,2023-05-27 9:07,곡반정동 하나로마트한국빌딩앞,고정형,2023-12-01,,,
2023,수원시,권선구청,2023-05-27 9:07,곡반정동 하나로마트한국빌딩앞,고정형,2023-12-01,,,
2023,수원시,영통구청,2023-05-27 9:21,망포동 E-마트 에브리데이 앞,고정형,2023-12-01,37.2361017468141,127.060345496536,
2023,수원시,권선구청,2023-05-27 9:34,곡반정동 하나로마트한국빌딩앞,고정형,2023-12-01,,,
2023,수원시,영통구청,2023-05-27 10:20,영통동 롯데마트 뒤,고정형,2023-12-01,37.27220279535416,127.10856729001851,
2023,수원시,팔달구청,2023-05-27 11:55,화서1동 수원역푸르지오자이 북문 우측,고정형,2023-12-01,,,
2023,수원시,권선구청,2023-05-27 12:14,경기도수원시권선구고색동 수원시 권선구 고색동 626-4,보행,2023-12-01,,,
2023,수원시,권선구청,2023-05-27 12:15,경기도수원시권선구고색동 수원시 권선구 고색동 626-4,보행,2023-12-01,,,
2023,수원시,권선구청,2023-05-27 12:16,경기도수원시권선구고색동 수원시 권선구 고색동 626-4,보행,2023-12-01,,,
2023,수원시,팔달구청,2023-05-27 12:28,매산동 역전농협,고정형,2023-12-01,,,
2023,수원시,팔달구청,2023-05-27 12:47,화서1동 수원역푸르지오자이 북문 우측,고정형,2023-12-01,,,
2023,수원시,팔달구청,2023-05-27 13:08,화서1동 수원역푸르지오자이 북문 우측,고정형,2023-12-01,,,
2023,수원시,권선구청,2023-05-27 14:32,서둔동 수원역한라비발디퍼스트 앞1,고정형,2023-12-01,,,
2023,수원시,권선구청,2023-05-27 14:33,서둔동 가온팰리스옆2,고정형,2023-12-01,,,
2023,수원시,권선구청,2023-05-27 14:33,권선동 권선동 한라비발디앞 놀이터,고정형,2023-12-01,,,
2023,수원시,권선구청,2023-05-27 14:33,서둔동 가온팰리스옆1,고정형,2023-12-01,,,
2023,수원시,팔달구청,2023-05-27 14:34,북수동 쌈지공원 앞,고정형,2023-12-01,,,
2023,수원시,권선구청,2023-05-27 14:35,서둔동 수원역한라비발디퍼스트 앞1,고정형,2023-12-01,,,
2023,수원시,권선구청,2023-05-27 14:35,서둔동 수원역한라비발디퍼스트 앞1,고정형,2023-12-01,,,
2023,수원시,팔달구청,2023-05-27 14:37,매산동 팔달로 10번길 8,고정형,2023-12-01,,,
2023,수원시,팔달구청,2023-05-27 14:42,인계동 경인통계청,고정형,2023-12-01,,,
2023,수원시,영통구청,2023-05-27 14:47,이의동 광교가재울마을사거리,고정형,2023-12-01,,,
2023,수원시,팔달구청,2023-05-27 15:00,행궁동 화홍사랑채,고정형,2023-12-01,,,
2023,수원시,팔달구청,2023-05-27 15:07,북수동 남수동 수원천로 317,주행형,2023-12-01,,,
2023,수원시,팔달구청,2023-05-27 15:08,남수동 남수동 창룡대로8번길,주행형,2023-12-01,,,
2023,수원시,팔달구청,2023-05-27 15:08,남수동 남수동 정조로800번길,주행형,2023-12-01,,,
2023,수원시,팔달구청,2023-05-27 15:08,남수동 남수동 정조로800번길,주행형,2023-12-01,,,
2023,수원시,팔달구청,2023-05-27 15:08,남수동 남수동 정조로800번길,주행형,2023-12-01,,,
2023,수원시,팔달구청,2023-05-27 15:08,남수동 남수동 정조로800번길,주행형,2023-12-01,,,
2023,수원시,팔달구청,2023-05-27 15:10,팔달로2가 팔달로2가 정조로796번길,주행형,2023-12-01,,,
2023,수원시,팔달구청,2023-05-27 15:10,남수동 남수동 정조로796번길,주행형,2023-12-01,,,
2023,수원시,팔달구청,2023-05-27 15:10,남수동 남수동 정조로800번길,주행형,2023-12-01,,,
2023,수원시,팔달구청,2023-05-27 15:11,매산동 팅스몰 주차장 출구 옆,고정형,2023-12-01,,,
2023,수원시,팔달구청,2023-05-27 15:11,팔달로2가 팔달로2가 정조로796번길,주행형,2023-12-01,,,
2023,수원시,팔달구청,2023-05-27 15:12,영동 영동 팔달문로 9,주행형,2023-12-01,,,
2023,수원시,권선구청,2023-05-27 15:14,서둔동 수원역한라비발디퍼스트 앞1,고정형,2023-12-01,,,
2023,수원시,팔달구청,2023-05-27 15:18,매향동 매향동 창룡대로30번길,주행형,2023-12-01,,,
2023,수원시,팔달구청,2023-05-27 15:19,매향동 매향동 창룡대로 34,주행형,2023-12-01,,,
2023,수원시,팔달구청,2023-05-27 15:20,매산동 팅스몰 주차장 출구 옆,고정형,2023-12-01,,,
2023,수원시,권선구청,2023-05-27 15:20,권선동 NC터미널점 버스정류장 앞,고정형,2023-12-01,,,
2023,수원시,권선구청,2023-05-27 15:24,서둔동 가온팰리스옆2,고정형,2023-12-01,,,
2023,수원시,팔달구청,2023-05-27 15:31,인계동 드림캐슬주상복합,고정형,2023-12-01,,,
2023,수원시,팔달구청,2023-05-27 15:31,인계동 드림캐슬주상복합,고정형,2023-12-01,,,
2023,수원시,권선구청,2023-05-27 15:40,서둔동 수원역한라비발디퍼스트 앞2,고정형,2023-12-01,,,
2023,수원시,팔달구청,2023-05-27 15:42,화서1동 수원역푸르지오자이 북문 우측,고정형,2023-12-01,,,
2023,수원시,팔달구청,2023-05-27 15:44,매산동 역전농협,고정형,2023-12-01,,,
2023,수원시,팔달구청,2023-05-27 15:48,남창동 남창동 정조로777번길,주행형,2023-12-01,,,
2023,수원시,영통구청,2023-05-27 15:49,영덕동 삼성로,주행형,2023-12-01,,,
2023,수원시,영통구청,2023-05-27 15:49,영덕동 삼성로,주행형,2023-12-01,,,
2023,수원시,팔달구청,2023-05-27 15:55,인계동 수원시 팔달구 인계동 548-48,보행,2023-12-01,,,
2023,수원시,팔달구청,2023-05-27 16:01,북수동 쌈지공원 앞,고정형,2023-12-01,,,
2023,수원시,팔달구청,2023-05-27 16:07,행궁동 화홍사랑채,고정형,2023-12-01,,,
2023,수원시,권선구청,2023-05-27 16:09,서둔동 롯데몰9번출구앞주변,고정형,2023-12-01,,,
2023,수원시,팔달구청,2023-05-27 16:09,매산동 팔달로 10번길 8,고정형,2023-12-01,,,
2023,수원시,권선구청,2023-05-27 16:10,서둔동 수원역한라비발디퍼스트 앞1,고정형,2023-12-01,,,
2023,수원시,영통구청,2023-05-27 16:12,이의동 광교가재울마을사거리,고정형,2023-12-01,,,
2023,수원시,영통구청,2023-05-27 16:13,영통동 롯데마트 뒤,고정형,2023-12-01,37.27220279535416,127.10856729001851,
2023,수원시,권선구청,2023-05-27 16:14,서둔동 롯데몰9번출구앞주변,고정형,2023-12-01,,,
2023,수원시,팔달구청,2023-05-27 16:14,매산동 팅스몰 주차장 출구 옆,고정형,2023-12-01,,,
2023,수원시,팔달구청,2023-05-27 16:15,화서1동 수원역푸르지오자이 북문 우측,고정형,2023-12-01,,,
2023,수원시,팔달구청,2023-05-27 16:16,인계동 드림캐슬주상복합,고정형,2023-12-01,,,
2023,수원시,권선구청,2023-05-27 16:24,서둔동 수원역한라비발디퍼스트 앞1,고정형,2023-12-01,,,
2023,수원시,권선구청,2023-05-27 16:24,서둔동 수원역한라비발디퍼스트 앞1,고정형,2023-12-01,,,
2023,수원시,권선구청,2023-05-27 16:24,곡반정동 하나로마트한국빌딩앞,고정형,2023-12-01,,,
2023,수원시,팔달구청,2023-05-27 16:29,행궁동 화홍사랑채,고정형,2023-12-01,,,
2023,수원시,팔달구청,2023-05-27 16:33,매산동 팔달로 10번길 8,고정형,2023-12-01,,,
2023,수원시,팔달구청,2023-05-27 16:37,인계동 한국씨티은행,고정형,2023-12-01,,,
2023,수원시,팔달구청,2023-05-27 16:37,매교동 매교동 114-11 소화전,국민신문고,2023-12-01,,,
2023,수원시,팔달구청,2023-05-27 16:40,인계동 경인통계청,고정형,2023-12-01,,,
2023,수원시,팔달구청,2023-05-27 16:41,행궁동 화홍사랑채,고정형,2023-12-01,,,
2023,수원시,팔달구청,2023-05-27 16:51,인계동 경인통계청,고정형,2023-12-01,,,
2023,수원시,팔달구청,2023-05-27 17:00,북수동 쌈지공원 앞,고정형,2023-12-01,,,
2023,수원시,권선구청,2023-05-27 17:04,서둔동 수원역한라비발디퍼스트 앞1,고정형,2023-12-01,,,
2023,수원시,팔달구청,2023-05-27 17:07,행궁동 화홍사랑채,고정형,2023-12-01,,,
2023,수원시,팔달구청,2023-05-27 17:13,매산동 팅스몰 주차장 출구 옆,고정형,2023-12-01,,,
2023,수원시,팔달구청,2023-05-27 17:13,인계동 경인통계청,고정형,2023-12-01,,,
2023,수원시,팔달구청,2023-05-27 17:21,화서1동 푸르지오자이 북문 CU 앞 횡단보도,고정형,2023-12-01,,,
2023,수원시,권선구청,2023-05-27 17:22,구운동 구운동 명품닭갈비,고정형,2023-12-01,,,
2023,수원시,팔달구청,2023-05-27 17:26,매산동 팅스몰 주차장 출구 옆,고정형,2023-12-01,,,
2023,수원시,팔달구청,2023-05-27 17:26,인계동 수원역푸르지오자이 북문 우측,고정형,2023-12-01,,,
2023,수원시,팔달구청,2023-05-27 17:29,인계동 드림캐슬주상복합,고정형,2023-12-01,,,
2023,수원시,권선구청,2023-05-27 17:39,곡반정동 하나로마트한국빌딩앞,고정형,2023-12-01,,,
2023,수원시,팔달구청,2023-05-27 17:42,매산동 팅스몰 주차장 출구 옆,고정형,2023-12-01,,,
2023,수원시,팔달구청,2023-05-27 17:48,매산동 팅스몰 주차장 출구 옆,고정형,2023-12-01,,,
2023,수원시,팔달구청,2023-05-27 18:02,화서1동 수원역푸르지오자이 북문 우측,고정형,2023-12-01,,,
2023,수원시,팔달구청,2023-05-27 18:45,매산동 팅스몰 주차장 출구 옆,고정형,2023-12-01,,,
2023,수원시,팔달구청,2023-05-27 18:55,매산동 팅스몰 주차장 출구 옆,고정형,2023-12-01,,,
2023,수원시,팔달구청,2023-05-27 19:25,매산동 팔달로 10번길 8,고정형,2023-12-01,,,
2023,수원시,팔달구청,2023-05-27 19:27,인계동 드림캐슬주상복합,고정형,2023-12-01,,,
2023,수원시,팔달구청,2023-05-27 19:27,인계동 드림캐슬주상복합,고정형,2023-12-01,,,
2023,수원시,팔달구청,2023-05-27 20:17,화서1동 수원역푸르지오자이 북문 우측,고정형,2023-12-01,,,
2023,수원시,팔달구청,2023-05-27 20:22,매산동 팔달로 10번길 8,고정형,2023-12-01,,,
2023,수원시,팔달구청,2023-05-27 20:34,인계동 드림캐슬주상복합,고정형,2023-12-01,,,
2023,수원시,팔달구청,2023-05-28 9:00,매산동 역전농협,고정형,2023-12-01,,,
2023,수원시,권선구청,2023-05-28 9:02,곡반정동 궁촌육교앞,고정형,2023-12-01,,,
2023,수원시,팔달구청,2023-05-28 9:02,인계동 드림캐슬주상복합,고정형,2023-12-01,,,
2023,수원시,권선구청,2023-05-28 9:02,권선동 권선동 한라비발디앞 놀이터,고정형,2023-12-01,,,
2023,수원시,권선구청,2023-05-28 9:02,곡반정동 하나로마트한국빌딩앞,고정형,2023-12-01,,,
2023,수원시,권선구청,2023-05-28 9:02,곡반정동 하나로마트한국빌딩앞,고정형,2023-12-01,,,
2023,수원시,팔달구청,2023-05-28 9:03,매산동 팅스몰 주차장 출구 옆,고정형,2023-12-01,,,
2023,수원시,팔달구청,2023-05-28 9:03,매산동 팔달로 10번길 8,고정형,2023-12-01,,,
2023,수원시,팔달구청,2023-05-28 9:03,인계동 경인통계청,고정형,2023-12-01,,,
2023,수원시,권선구청,2023-05-28 9:03,곡선동 권선중앙약국 건너편,고정형,2023-12-01,,,
2023,수원시,팔달구청,2023-05-28 9:03,매산동 팔달로 10번길 8,고정형,2023-12-01,,,
2023,수원시,권선구청,2023-05-28 9:04,곡반정동 하나로마트한국빌딩앞,고정형,2023-12-01,,,
2023,수원시,팔달구청,2023-05-28 9:04,화서1동 푸르지오자이 북문 CU 앞 횡단보도,고정형,2023-12-01,,,
2023,수원시,팔달구청,2023-05-28 9:05,인계동 드림캐슬주상복합,고정형,2023-12-01,,,
2023,수원시,팔달구청,2023-05-28 9:05,인계동 드림캐슬주상복합,고정형,2023-12-01,,,
2023,수원시,권선구청,2023-05-28 9:05,서둔동 가온팰리스옆2,고정형,2023-12-01,,,
2023,수원시,권선구청,2023-05-28 9:05,서둔동 가온팰리스옆2,고정형,2023-12-01,,,
2023,수원시,권선구청,2023-05-28 9:05,서둔동 가온팰리스옆2,고정형,2023-12-01,,,
2023,수원시,팔달구청,2023-05-28 9:05,매산동 팅스몰 주차장 출구 옆,고정형,2023-12-01,,,
2023,수원시,팔달구청,2023-05-28 9:06,화서1동 수원역푸르지오자이 북문 우측,고정형,2023-12-01,,,
2023,수원시,권선구청,2023-05-28 9:07,서둔동 가온팰리스옆1,고정형,2023-12-01,,,
2023,수원시,팔달구청,2023-05-28 9:07,매산동 팅스몰 주차장 출구 옆,고정형,2023-12-01,,,
2023,수원시,팔달구청,2023-05-28 9:09,인계동 드림캐슬주상복합,고정형,2023-12-01,,,
2023,수원시,팔달구청,2023-05-28 9:26,매산동 팅스몰 주차장 출구 옆,고정형,2023-12-01,,,
2023,수원시,영통구청,2023-05-28 9:34,이의동 드림스퀘어Ⅱ 앞,고정형,2023-12-01,,,
2023,수원시,팔달구청,2023-05-28 9:35,매산동 팅스몰 주차장 출구 옆,고정형,2023-12-01,,,
2023,수원시,팔달구청,2023-05-28 9:35,매산동 팅스몰 주차장 출구 옆,고정형,2023-12-01,,,
2023,수원시,권선구청,2023-05-28 9:38,서둔동 수원역한라비발디퍼스트 앞2,고정형,2023-12-01,,,
2023,수원시,팔달구청,2023-05-28 9:40,매산동 팔달로 10번길 8,고정형,2023-12-01,,,
2023,수원시,권선구청,2023-05-28 9:43,서둔동 가온팰리스옆2,고정형,2023-12-01,,,
2023,수원시,팔달구청,2023-05-28 9:59,인계동 경인통계청,고정형,2023-12-01,,,
2023,수원시,팔달구청,2023-05-28 9:59,인계동 경인통계청,고정형,2023-12-01,,,
2023,수원시,영통구청,2023-05-28 10:00,이의동 드림스퀘어Ⅱ 앞,고정형,2023-12-01,,,
2023,수원시,영통구청,2023-05-28 10:00,이의동 드림스퀘어Ⅱ 앞,고정형,2023-12-01,,,
2023,수원시,영통구청,2023-05-28 10:13,이의동 드림스퀘어Ⅱ 앞,고정형,2023-12-01,,,
2023,수원시,영통구청,2023-05-28 10:30,이의동 드림스퀘어Ⅱ 앞,고정형,2023-12-01,,,
2023,수원시,팔달구청,2023-05-28 10:41,화서1동 푸르지오자이 북문 CU 앞 횡단보도,고정형,2023-12-01,,,
2023,수원시,영통구청,2023-05-28 11:04,영통동 마사회뒷길,고정형,2023-12-01,,,
2023,수원시,팔달구청,2023-05-28 11:29,화서1동 수원역푸르지오자이 북문 우측,고정형,2023-12-01,,,
2023,수원시,영통구청,2023-05-28 12:10,이의동 광교호반베르디움 103동 앞,고정형,2023-12-01,,,
2023,수원시,팔달구청,2023-05-28 12:47,화서1동 수원역푸르지오자이 북문 우측,고정형,2023-12-01,,,
2023,수원시,영통구청,2023-05-28 13:11,영통동 마사회뒷길,고정형,2023-12-01,,,
2023,수원시,영통구청,2023-05-28 13:47,영통동 마사회뒷길,고정형,2023-12-01,,,
2023,수원시,팔달구청,2023-05-28 14:11,인계동 인계동 권광로 302,주행형,2023-12-01,,,
2023,수원시,팔달구청,2023-05-28 14:12,인계동 인계동 권광로 302,주행형,2023-12-01,,,
2023,수원시,권선구청,2023-05-28 14:32,곡반정동 궁촌육교앞,고정형,2023-12-01,,,
2023,수원시,팔달구청,2023-05-28 14:34,인계동 드림캐슬주상복합,고정형,2023-12-01,,,
2023,수원시,팔달구청,2023-05-28 14:35,행궁동 화홍사랑채,고정형,2023-12-01,,,
2023,수원시,팔달구청,2023-05-28 14:35,매산동 팔달로 10번길 8,고정형,2023-12-01,,,
2023,수원시,팔달구청,2023-05-28 14:36,매산동 팅스몰 주차장 출구 옆,고정형,2023-12-01,,,
2023,수원시,권선구청,2023-05-28 14:37,곡반정동 하나로마트한국빌딩앞,고정형,2023-12-01,,,
2023,수원시,권선구청,2023-05-28 14:37,곡반정동 하나로마트한국빌딩앞,고정형,2023-12-01,,,
2023,수원시,팔달구청,2023-05-28 14:41,매산동 팅스몰 주차장 출구 옆,고정형,2023-12-01,,,
2023,수원시,팔달구청,2023-05-28 14:42,매산동 팔달로 10번길 8,고정형,2023-12-01,,,
2023,수원시,권선구청,2023-05-28 14:42,서둔동 수원역한라비발디퍼스트 앞1,고정형,2023-12-01,,,
2023,수원시,팔달구청,2023-05-28 14:43,매산동 팅스몰 주차장 출구 옆,고정형,2023-12-01,,,
2023,수원시,권선구청,2023-05-28 14:47,구운동 구운동 명품닭갈비,고정형,2023-12-01,,,
2023,수원시,팔달구청,2023-05-28 14:54,인계동 경인통계청,고정형,2023-12-01,,,
2023,수원시,권선구청,2023-05-28 14:55,서둔동 수원역한라비발디퍼스트 앞2,고정형,2023-12-01,,,
2023,수원시,팔달구청,2023-05-28 15:03,행궁동 팔달문 버스정류장,고정형,2023-12-01,,,
2023,수원시,팔달구청,2023-05-28 15:11,매산동 팅스몰 주차장 출구 옆,고정형,2023-12-01,,,
2023,수원시,팔달구청,2023-05-28 15:12,매산동 팅스몰 주차장 출구 옆,고정형,2023-12-01,,,
2023,수원시,팔달구청,2023-05-28 15:24,행궁동 화홍사랑채,고정형,2023-12-01,,,
2023,수원시,팔달구청,2023-05-28 15:25,인계동 경인통계청,고정형,2023-12-01,,,
2023,수원시,팔달구청,2023-05-28 15:26,인계동 한국씨티은행,고정형,2023-12-01,,,
2023,수원시,팔달구청,2023-05-28 15:28,매산동 팅스몰 주차장 출구 옆,고정형,2023-12-01,,,
2023,수원시,권선구청,2023-05-28 15:33,서둔동 가온팰리스옆2,고정형,2023-12-01,,,
2023,수원시,팔달구청,2023-05-28 15:48,매산동 팅스몰 주차장 출구 옆,고정형,2023-12-01,,,
2023,수원시,팔달구청,2023-05-28 15:55,인계동 경인통계청,고정형,2023-12-01,,,
2023,수원시,팔달구청,2023-05-28 16:04,화서1동 수원역푸르지오자이 북문 우측,고정형,2023-12-01,,,
2023,수원시,권선구청,2023-05-28 16:06,서둔동 수원역한라비발디퍼스트 앞2,고정형,2023-12-01,,,
2023,수원시,권선구청,2023-05-28 16:22,서둔동 수원역한라비발디퍼스트 앞2,고정형,2023-12-01,,,
2023,수원시,권선구청,2023-05-28 16:32,서둔동 수원역한라비발디퍼스트 앞1,고정형,2023-12-01,,,
2023,수원시,팔달구청,2023-05-28 16:35,행궁동 화홍사랑채,고정형,2023-12-01,,,
2023,수원시,권선구청,2023-05-28 16:41,평동 수원역고가밑 정류장,고정형,2023-12-01,,,
2023,수원시,팔달구청,2023-05-28 16:51,화서1동 수원역푸르지오자이 북문 우측,고정형,2023-12-01,,,
2023,수원시,팔달구청,2023-05-28 17:00,화서1동 푸르지오자이 북문 CU 앞 횡단보도,고정형,2023-12-01,,,
2023,수원시,팔달구청,2023-05-28 17:09,매산동 팔달로 10번길 8,고정형,2023-12-01,,,
2023,수원시,영통구청,2023-05-28 17:14,영통동 롯데마트 뒤,고정형,2023-12-01,37.27220279535416,127.10856729001851,
2023,수원시,팔달구청,2023-05-28 17:29,인계동 드림캐슬주상복합,고정형,2023-12-01,,,
2023,수원시,영통구청,2023-05-28 17:33,영통동 마사회뒷길,고정형,2023-12-01,,,
2023,수원시,팔달구청,2023-05-28 17:34,행궁동 화홍사랑채,고정형,2023-12-01,,,
2023,수원시,팔달구청,2023-05-28 17:40,인계동 드림캐슬주상복합,고정형,2023-12-01,,,
2023,수원시,팔달구청,2023-05-28 17:40,인계동 드림캐슬주상복합,고정형,2023-12-01,,,
2023,수원시,팔달구청,2023-05-28 17:42,인계동 경인통계청,고정형,2023-12-01,,,
2023,수원시,팔달구청,2023-05-28 17:44,인계동 드림캐슬주상복합,고정형,2023-12-01,,,
2023,수원시,팔달구청,2023-05-28 18:00,매산동 팅스몰 주차장 출구 옆,고정형,2023-12-01,,,
2023,수원시,팔달구청,2023-05-28 18:25,인계동 드림캐슬주상복합,고정형,2023-12-01,,,
2023,수원시,팔달구청,2023-05-28 18:30,화서1동 푸르지오자이 북문 CU 앞 횡단보도,고정형,2023-12-01,,,
2023,수원시,팔달구청,2023-05-28 19:01,매산동 팅스몰 주차장 출구 옆,고정형,2023-12-01,,,
2023,수원시,팔달구청,2023-05-28 19:28,매산동 팅스몰 주차장 출구 옆,고정형,2023-12-01,,,
2023,수원시,팔달구청,2023-05-28 19:33,인계동 드림캐슬주상복합,고정형,2023-12-01,,,
2023,수원시,팔달구청,2023-05-28 19:59,화서1동 수원역푸르지오자이 북문 우측,고정형,2023-12-01,,,
2023,수원시,팔달구청,2023-05-28 20:03,매산동 팔달로 10번길 8,고정형,2023-12-01,,,
2023,수원시,팔달구청,2023-05-28 20:20,매산동 팅스몰 주차장 출구 옆,고정형,2023-12-01,,,
2023,수원시,팔달구청,2023-05-29 7:07,화서1동 푸르지오자이 북문 CU 앞 횡단보도,고정형,2023-12-01,,,
2023,수원시,팔달구청,2023-05-29 7:32,매산동 역전농협,고정형,2023-12-01,,,
2023,수원시,팔달구청,2023-05-29 7:33,매산동 팅스몰 주차장 출구 옆,고정형,2023-12-01,,,
2023,수원시,팔달구청,2023-05-29 7:34,화서1동 수원역푸르지오자이 북문 우측,고정형,2023-12-01,,,
2023,수원시,팔달구청,2023-05-29 7:35,인계동 한국씨티은행,고정형,2023-12-01,,,
2023,수원시,팔달구청,2023-05-29 7:37,매산동 팅스몰 주차장 출구 옆,고정형,2023-12-01,,,
2023,수원시,팔달구청,2023-05-29 9:14,매산동 역전농협,고정형,2023-12-01,,,
2023,수원시,팔달구청,2023-05-29 9:15,화서1동 수원역푸르지오자이 북문 우측,고정형,2023-12-01,,,
2023,수원시,팔달구청,2023-05-29 9:16,매산동 역전농협,고정형,2023-12-01,,,
2023,수원시,권선구청,2023-05-29 9:21,서둔동 가온팰리스옆1,고정형,2023-12-01,,,
2023,수원시,팔달구청,2023-05-29 9:46,인계동 경인통계청,고정형,2023-12-01,,,
2023,수원시,권선구청,2023-05-29 9:48,서둔동 가온팰리스옆2,고정형,2023-12-01,,,
2023,수원시,권선구청,2023-05-29 10:04,오목천동 527-5,국민신문고,2023-12-01,,,
2023,수원시,권선구청,2023-05-29 10:05,오목천동 527-5,국민신문고,2023-12-01,,,
2023,수원시,팔달구청,2023-05-29 10:08,매산동 팅스몰 주차장 출구 옆,고정형,2023-12-01,,,
2023,수원시,팔달구청,2023-05-29 10:21,매산동 팅스몰 주차장 출구 옆,고정형,2023-12-01,,,
2023,수원시,팔달구청,2023-05-29 10:23,인계동 드림캐슬주상복합,고정형,2023-12-01,,,
2023,수원시,영통구청,2023-05-29 10:26,원천동 광교매원초등학교,고정형,2023-12-01,,,
2023,수원시,팔달구청,2023-05-29 10:32,화서1동 푸르지오자이 북문 CU 앞 횡단보도,고정형,2023-12-01,,,
2023,수원시,권선구청,2023-05-29 10:35,서둔동 가온팰리스옆2,고정형,2023-12-01,,,
2023,수원시,팔달구청,2023-05-29 10:39,화서1동 수원역푸르지오자이 북문 우측,고정형,2023-12-01,,,
2023,수원시,영통구청,2023-05-29 11:00,망포동 E-마트 에브리데이 앞,고정형,2023-12-01,37.2361017468141,127.060345496536,
2023,수원시,영통구청,2023-05-29 11:11,광교동 광교이의119안전센터,고정형,2023-12-01,,,
2023,수원시,팔달구청,2023-05-29 11:42,화서1동 수원역푸르지오자이 북문 우측,고정형,2023-12-01,,,
2023,수원시,영통구청,2023-05-29 11:54,망포동 E-마트 에브리데이 앞,고정형,2023-12-01,37.2361017468141,127.060345496536,
2023,수원시,팔달구청,2023-05-29 12:46,화서1동 수원역푸르지오자이 북문 우측,고정형,2023-12-01,,,
2023,수원시,팔달구청,2023-05-29 13:13,행궁동 팔달문 버스정류장,고정형,2023-12-01,,,
2023,수원시,권선구청,2023-05-29 14:33,곡반정동 하나로마트한국빌딩앞,고정형,2023-12-01,,,
2023,수원시,팔달구청,2023-05-29 14:41,화서1동 푸르지오자이 북문 CU 앞 횡단보도,고정형,2023-12-01,,,
2023,수원시,팔달구청,2023-05-29 14:41,행궁동 팔달문 버스정류장,고정형,2023-12-01,,,
2023,수원시,권선구청,2023-05-29 14:44,서둔동 가온팰리스옆2,고정형,2023-12-01,,,
2023,수원시,팔달구청,2023-05-29 14:44,화서동 수원역푸르지오자이 북문 우측,고정형,2023-12-01,,,
2023,수원시,영통구청,2023-05-29 14:58,이의동 드림스퀘어Ⅱ 앞,고정형,2023-12-01,,,
2023,수원시,영통구청,2023-05-29 14:58,이의동 드림스퀘어Ⅱ 앞,고정형,2023-12-01,,,
2023,수원시,팔달구청,2023-05-29 14:59,행궁동 화홍사랑채,고정형,2023-12-01,,,
2023,수원시,영통구청,2023-05-29 15:08,망포동 E-마트 에브리데이 앞,고정형,2023-12-01,37.2361017468141,127.060345496536,
2023,수원시,영통구청,2023-05-29 15:08,망포동 E-마트 에브리데이 앞,고정형,2023-12-01,37.2361017468141,127.060345496536,
2023,수원시,팔달구청,2023-05-29 15:12,매산동 팅스몰 주차장 출구 옆,고정형,2023-12-01,,,
2023,수원시,팔달구청,2023-05-29 15:12,매산동 팅스몰 주차장 출구 옆,고정형,2023-12-01,,,
2023,수원시,팔달구청,2023-05-29 15:22,매향동 매향동 창룡대로 56,주행형,2023-12-01,,,
2023,수원시,팔달구청,2023-05-29 15:22,매향동 매향동 창룡대로 56,주행형,2023-12-01,,,
2023,수원시,팔달구청,2023-05-29 15:22,매향동 매향동 창룡대로 46,주행형,2023-12-01,,,
2023,수원시,팔달구청,2023-05-29 15:30,인계동 한국씨티은행,고정형,2023-12-01,,,
2023,수원시,권선구청,2023-05-29 15:33,곡반정동 하나로마트한국빌딩앞,고정형,2023-12-01,,,
2023,수원시,권선구청,2023-05-29 15:41,곡반정동 하나로마트한국빌딩앞,고정형,2023-12-01,,,
2023,수원시,팔달구청,2023-05-29 15:47,매산동 팔달로 10번길 8,고정형,2023-12-01,,,
2023,수원시,팔달구청,2023-05-29 15:56,인계동 경인통계청,고정형,2023-12-01,,,
2023,수원시,권선구청,2023-05-29 15:58,곡반정동 하나로마트한국빌딩앞,고정형,2023-12-01,,,
2023,수원시,권선구청,2023-05-29 15:58,곡반정동 하나로마트한국빌딩앞,고정형,2023-12-01,,,
2023,수원시,권선구청,2023-05-29 15:58,평동 롯데몰야외주차장 출입구,고정형,2023-12-01,,,
2023,수원시,권선구청,2023-05-29 16:00,호매실동 금호프라자 대각 맞은편,고정형,2023-12-01,,,
2023,수원시,팔달구청,2023-05-29 16:03,행궁동 화홍사랑채,고정형,2023-12-01,,,
2023,수원시,팔달구청,2023-05-29 16:03,행궁동 화홍사랑채,고정형,2023-12-01,,,
2023,수원시,팔달구청,2023-05-29 16:25,인계동 경인통계청,고정형,2023-12-01,,,
2023,수원시,팔달구청,2023-05-29 16:31,인계동 한국씨티은행,고정형,2023-12-01,,,
2023,수원시,팔달구청,2023-05-29 16:48,매산동 팔달로 10번길 8,고정형,2023-12-01,,,
2023,수원시,팔달구청,2023-05-29 16:50,매산동 팅스몰 주차장 출구 옆,고정형,2023-12-01,,,
2023,수원시,권선구청,2023-05-29 17:11,서둔동 가온팰리스옆2,고정형,2023-12-01,,,
2023,수원시,권선구청,2023-05-29 17:11,서둔동 가온팰리스옆2,고정형,2023-12-01,,,
2023,수원시,권선구청,2023-05-29 17:16,서둔동 가온팰리스옆2,고정형,2023-12-01,,,
2023,수원시,팔달구청,2023-05-29 17:30,화서1동 수원역푸르지오자이 북문 우측,고정형,2023-12-01,,,
2023,수원시,팔달구청,2023-05-29 18:17,매교동 매교동 287-480 횡단보도,국민신문고,2023-12-01,,,
2023,수원시,팔달구청,2023-05-29 18:26,매산동 팔달로 10번길 8,고정형,2023-12-01,,,
2023,수원시,팔달구청,2023-05-29 18:58,매산동 팅스몰 주차장 출구 옆,고정형,2023-12-01,,,
2023,수원시,팔달구청,2023-05-29 19:11,화서1동 수원역푸르지오자이 북문 우측,고정형,2023-12-01,,,
2023,수원시,영통구청,2023-05-29 19:25,이의동 부함식당 앞,고정형,2023-12-01,,,
2023,수원시,영통구청,2023-05-29 19:25,이의동 부함식당 앞,고정형,2023-12-01,,,
2023,수원시,팔달구청,2023-05-29 20:12,매산동 팅스몰 주차장 출구 옆,고정형,2023-12-01,,,
2023,수원시,팔달구청,2023-05-29 20:29,인계동 드림캐슬주상복합,고정형,2023-12-01,,,
2023,수원시,팔달구청,2023-05-29 21:14,인계동 드림캐슬주상복합,고정형,2023-12-01,,,
2023,수원시,팔달구청,2023-05-29 21:21,화서1동 수원역푸르지오자이 북문 우측,고정형,2023-12-01,,,
2023,수원시,권선구청,2023-05-30 5:47,곡반정동 562-2,국민신문고,2023-12-01,,,
2023,수원시,팔달구청,2023-05-30 7:02,화서1동 수원역푸르지오자이 북문 우측,고정형,2023-12-01,,,
2023,수원시,팔달구청,2023-05-30 7:04,화서1동 푸르지오자이 북문 CU 앞 횡단보도,고정형,2023-12-01,,,
2023,수원시,영통구청,2023-05-30 7:27,이의동 드림스퀘어Ⅱ 앞,고정형,2023-12-01,,,
2023,수원시,팔달구청,2023-05-30 7:33,매산동 팅스몰 주차장 출구 옆,고정형,2023-12-01,,,
2023,수원시,팔달구청,2023-05-30 7:33,인계동 경인통계청,고정형,2023-12-01,,,
2023,수원시,팔달구청,2023-05-30 7:34,인계동 경인통계청,고정형,2023-12-01,,,
2023,수원시,팔달구청,2023-05-30 7:49,인계동 경인통계청,고정형,2023-12-01,,,
2023,수원시,권선구청,2023-05-30 8:03,곡반정동 하나로마트한국빌딩앞,고정형,2023-12-01,,,
2023,수원시,권선구청,2023-05-30 8:03,곡반정동 하나로마트한국빌딩앞,고정형,2023-12-01,,,
2023,수원시,팔달구청,2023-05-30 8:06,인계동 경인통계청,고정형,2023-12-01,,,
2023,수원시,권선구청,2023-05-30 8:06,오목천동 한화꿈에그린아파트 209동앞,고정형,2023-12-01,,,
2023,수원시,권선구청,2023-05-30 8:08,권선2동 곡정초교 정문 좌측 사거리,고정형,2023-12-01,,,
2023,수원시,장안구청,2023-05-30 8:57,정자동 정자동111-31,국민신문고,2023-12-01,,,
2023,수원시,팔달구청,2023-05-30 8:58,인계동 드림캐슬주상복합,고정형,2023-12-01,,,
2023,수원시,장안구청,2023-05-30 8:58,정자동 정자동111-31,국민신문고,2023-12-01,,,
2023,수원시,영통구청,2023-05-30 8:59,영통동 롯데마트 뒤,고정형,2023-12-01,37.27220279535416,127.10856729001851,
2023,수원시,영통구청,2023-05-30 9:14,이의동 부함식당 앞,고정형,2023-12-01,,,
2023,수원시,장안구청,2023-05-30 9:31,정자동 장안로301번길,주행형,2023-12-01,,,
2023,수원시,팔달구청,2023-05-30 10:12,북수동 쌈지공원 앞,고정형,2023-12-01,,,
2023,수원시,팔달구청,2023-05-30 10:17,매산동 역전농협,고정형,2023-12-01,,,
2023,수원시,팔달구청,2023-05-30 10:19,인계동 드림캐슬주상복합,고정형,2023-12-01,,,
2023,수원시,영통구청,2023-05-30 10:22,이의동 창룡대로298번길,주행형,2023-12-01,,,
2023,수원시,영통구청,2023-05-30 10:22,이의동 창룡대로298번길,주행형,2023-12-01,,,
2023,수원시,팔달구청,2023-05-30 10:36,인계동 드림캐슬주상복합,고정형,2023-12-01,,,
2023,수원시,팔달구청,2023-05-30 11:50,고등동 수원초등학교 정문 좌측 사거리,고정형,2023-12-01,,,
2023,수원시,영통구청,2023-05-30 12:20,이의동 광교호반베르디움 103동 앞,고정형,2023-12-01,,,
2023,수원시,영통구청,2023-05-30 12:55,이의동 광교가재울마을사거리,고정형,2023-12-01,,,
2023,수원시,영통구청,2023-05-30 13:00,영통구 20230530 1300,국민신문고,2023-12-01,,,
2023,수원시,팔달구청,2023-05-30 13:08,고등동 수원초등학교 정문 좌측 사거리,고정형,2023-12-01,,,
2023,수원시,영통구청,2023-05-30 13:25,이의동 광교가재울마을사거리,고정형,2023-12-01,,,
2023,수원시,영통구청,2023-05-30 13:41,이의동 광교호반베르디움 103동 앞,고정형,2023-12-01,,,
2023,수원시,팔달구청,2023-05-30 14:15,남수동 남수동 정조로800번길,주행형,2023-12-01,,,
2023,수원시,팔달구청,2023-05-30 14:15,남수동 남수동 정조로800번길,주행형,2023-12-01,,,
2023,수원시,팔달구청,2023-05-30 14:16,경기도수원시장안구영화동 수원시 팔달구 팔달로2가69-2,보행,2023-12-01,,,
2023,수원시,팔달구청,2023-05-30 14:22,화서1동 수원역푸르지오자이 북문 우측,고정형,2023-12-01,,,
2023,수원시,팔달구청,2023-05-30 14:29,인계동 인계동 수원천로231번길3,주행형,2023-12-01,,,
2023,수원시,팔달구청,2023-05-30 14:46,인계동 한국씨티은행,고정형,2023-12-01,,,
2023,수원시,팔달구청,2023-05-30 14:53,인계동 한국씨티은행,고정형,2023-12-01,,,
2023,수원시,장안구청,2023-05-30 14:54,천천동 화산로163번길,주행형,2023-12-01,,,
2023,수원시,팔달구청,2023-05-30 14:54,인계동 드림캐슬주상복합,고정형,2023-12-01,,,
2023,수원시,팔달구청,2023-05-30 15:04,인계동 경인통계청,고정형,2023-12-01,,,
2023,수원시,영통구청,2023-05-30 15:10,이의동 드림스퀘어Ⅱ 앞,고정형,2023-12-01,,,
2023,수원시,영통구청,2023-05-30 15:17,광교동 광교 덴티움지식산업센터 앞 사거리,고정형,2023-12-01,,,
2023,수원시,팔달구청,2023-05-30 15:36,인계동 경인통계청,고정형,2023-12-01,,,
2023,수원시,팔달구청,2023-05-30 15:51,매산동 역전농협,고정형,2023-12-01,,,
2023,수원시,팔달구청,2023-05-30 15:51,매산동 역전농협,고정형,2023-12-01,,,
2023,수원시,팔달구청,2023-05-30 16:16,인계동 드림캐슬주상복합,고정형,2023-12-01,,,
2023,수원시,팔달구청,2023-05-30 16:18,인계동 드림캐슬주상복합,고정형,2023-12-01,,,
2023,수원시,권선구청,2023-05-30 16:24,세류3동 신곡초교 후문 좌측 사거리,고정형,2023-12-01,,,
2023,수원시,팔달구청,2023-05-30 16:26,행궁동 팔달문 버스정류장,고정형,2023-12-01,,,
2023,수원시,팔달구청,2023-05-30 16:35,매산동 팅스몰 주차장 출구 옆,고정형,2023-12-01,,,
2023,수원시,권선구청,2023-05-30 16:48,평동 오현초교 정문 우측 사거리,고정형,2023-12-01,,,
2023,수원시,팔달구청,2023-05-30 16:51,인계동 드림캐슬주상복합,고정형,2023-12-01,,,
2023,수원시,팔달구청,2023-05-30 17:42,인계동 드림캐슬주상복합,고정형,2023-12-01,,,
2023,수원시,장안구청,2023-05-30 17:43,상광교동 광교버스정류장종점,고정형,2023-12-01,,,
2023,수원시,팔달구청,2023-05-30 17:50,교동 수원향교 앞 팔달보건소 뒤,고정형,2023-12-01,,,
2023,수원시,영통구청,2023-05-30 18:02,이의동 도청예정부지,고정형,2023-12-01,,,
2023,수원시,영통구청,2023-05-30 18:18,원천동 삼성전자중문,고정형,2023-12-01,,,
2023,수원시,장안구청,2023-05-30 18:40,영화동 영호하동368-4,국민신문고,2023-12-01,,,
2023,수원시,권선구청,2023-05-30 18:59,오목천동 527-5,국민신문고,2023-12-01,,,
2023,수원시,권선구청,2023-05-30 18:59,오목천동 527-5,국민신문고,2023-12-01,,,
2023,수원시,팔달구청,2023-05-30 19:35,매산동 역전농협,고정형,2023-12-01,,,
2023,수원시,팔달구청,2023-05-30 20:27,매산동 팅스몰 주차장 출구 옆,고정형,2023-12-01,,,
2023,수원시,팔달구청,2023-05-30 21:13,인계동 드림캐슬주상복합,고정형,2023-12-01,,,
2023,수원시,팔달구청,2023-05-30 21:20,매산동 역전농협,고정형,2023-12-01,,,
2023,수원시,팔달구청,2023-05-30 23:13,매교동 매교동 114-89 횡단보도,국민신문고,2023-12-01,,,
2023,수원시,권선구청,2023-05-31 5:35,곡반정동 562-2,국민신문고,2023-12-01,,,
2023,수원시,권선구청,2023-05-31 5:37,곡반정동 562-2,국민신문고,2023-12-01,,,
2023,수원시,영통구청,2023-05-31 7:12,광교동 광교 덴티움지식산업센터 앞 사거리,고정형,2023-12-01,,,
2023,수원시,권선구청,2023-05-31 8:03,곡반정동 궁촌육교앞,고정형,2023-12-01,,,
2023,수원시,권선구청,2023-05-31 8:03,곡반정동 하나로마트한국빌딩앞,고정형,2023-12-01,,,
2023,수원시,권선구청,2023-05-31 8:03,서둔동 가온팰리스옆2,고정형,2023-12-01,,,
2023,수원시,권선구청,2023-05-31 8:04,서둔동 가온팰리스옆2,고정형,2023-12-01,,,
2023,수원시,권선구청,2023-05-31 8:09,서둔동 가온팰리스옆1,고정형,2023-12-01,,,
2023,수원시,팔달구청,2023-05-31 8:12,매산동 역전농협,고정형,2023-12-01,,,
2023,수원시,영통구청,2023-05-31 8:28,이의동 창룡대로298번길,주행형,2023-12-01,,,
2023,수원시,권선구청,2023-05-31 8:28,오목천동 824,국민신문고,2023-12-01,,,
2023,수원시,영통구청,2023-05-31 8:34,이의동 도청예정부지,고정형,2023-12-01,,,
2023,수원시,팔달구청,2023-05-31 8:35,화서1동 수원역푸르지오자이 북문 우측,고정형,2023-12-01,,,
2023,수원시,영통구청,2023-05-31 8:39,경기도수원시영통구매탄동 수원시 영통구 매탄동 398,보행,2023-12-01,,,
2023,수원시,영통구청,2023-05-31 8:39,경기도수원시영통구매탄동 수원시 영통구 매탄동 398,보행,2023-12-01,,,
2023,수원시,영통구청,2023-05-31 8:40,경기도수원시영통구매탄동 수원시 영통구 매탄동 398,보행,2023-12-01,,,
2023,수원시,영통구청,2023-05-31 9:02,영통동 롯데마트 뒤,고정형,2023-12-01,37.27220279535416,127.10856729001851,
2023,수원시,영통구청,2023-05-31 9:40,광교동 광교이의119안전센터,고정형,2023-12-01,,,
2023,수원시,권선구청,2023-05-31 9:41,서둔동 가온팰리스옆2,고정형,2023-12-01,,,
2023,수원시,영통구청,2023-05-31 9:41,광교동 광교이의119안전센터,고정형,2023-12-01,,,
2023,수원시,영통구청,2023-05-31 9:43,영통동 롯데마트 뒤,고정형,2023-12-01,37.27220279535416,127.10856729001851,
2023,수원시,팔달구청,2023-05-31 9:56,행궁동 팔달문 버스정류장,고정형,2023-12-01,,,
2023,수원시,영통구청,2023-05-31 10:11,이의동 광교가재울마을사거리,고정형,2023-12-01,,,
2023,수원시,권선구청,2023-05-31 10:11,서둔동 가온팰리스옆2,고정형,2023-12-01,,,
2023,수원시,권선구청,2023-05-31 10:12,권선2동 곡정초교 정문 좌측 사거리,고정형,2023-12-01,,,
2023,수원시,권선구청,2023-05-31 10:15,서둔동 가온팰리스옆2,고정형,2023-12-01,,,
2023,수원시,팔달구청,2023-05-31 10:16,인계동 경인통계청,고정형,2023-12-01,,,
2023,수원시,팔달구청,2023-05-31 10:18,인계동 경인통계청,고정형,2023-12-01,,,
2023,수원시,팔달구청,2023-05-31 10:18,인계동 팔달로 10번길 8,고정형,2023-12-01,,,
2023,수원시,권선구청,2023-05-31 10:19,오목천동 한화꿈에그린아파트 209동앞,고정형,2023-12-01,,,
2023,수원시,팔달구청,2023-05-31 10:29,경기도수원시팔달구인계동 수원시 팔달구 매교동 288-725,보행,2023-12-01,,,
2023,수원시,영통구청,2023-05-31 10:30,이의동 도청예정부지,고정형,2023-12-01,,,
2023,수원시,권선구청,2023-05-31 10:34,서둔동 롯데몰 평동로입구,고정형,2023-12-01,,,
2023,수원시,권선구청,2023-05-31 10:34,서둔동 롯데몰 평동로입구,고정형,2023-12-01,,,
2023,수원시,권선구청,2023-05-31 10:35,평동 고현초교 정문 좌측 삼거리,고정형,2023-12-01,,,
2023,수원시,영통구청,2023-05-31 12:13,광교동 광교이의119안전센터,고정형,2023-12-01,,,
2023,수원시,권선구청,2023-05-31 12:27,입북동 당수초교 정문 우측 사거리,고정형,2023-12-01,,,
2023,수원시,영통구청,2023-05-31 12:41,이의동 광교가재울마을사거리,고정형,2023-12-01,,,
2023,수원시,권선구청,2023-05-31 12:51,평동 오현초교 정문 우측 사거리,고정형,2023-12-01,,,
2023,수원시,권선구청,2023-05-31 12:56,권선2동 곡정초교 정문 좌측 사거리,고정형,2023-12-01,,,
2023,수원시,영통구청,2023-05-31 13:17,광교동 광교웰빙타운한양수자인,고정형,2023-12-01,,,
2023,수원시,영통구청,2023-05-31 13:52,광교동 광교이의119안전센터,고정형,2023-12-01,,,
2023,수원시,영통구청,2023-05-31 13:52,광교동 광교이의119안전센터,고정형,2023-12-01,,,
2023,수원시,팔달구청,2023-05-31 14:18,남수동 남수동 정조로800번길,주행형,2023-12-01,,,
2023,수원시,팔달구청,2023-05-31 14:18,남수동 남수동 정조로800번길,주행형,2023-12-01,,,
2023,수원시,팔달구청,2023-05-31 14:20,팔달로2가 팔달로2가 정조로796번길,주행형,2023-12-01,,,
2023,수원시,팔달구청,2023-05-31 14:20,남수동 남수동 정조로796번길,주행형,2023-12-01,,,
2023,수원시,팔달구청,2023-05-31 14:21,영동 영동 수원천로275,주행형,2023-12-01,,,
2023,수원시,팔달구청,2023-05-31 14:21,영동 영동 수원천로275,주행형,2023-12-01,,,
2023,수원시,팔달구청,2023-05-31 14:22,지동 지동 팔달문로32번길,주행형,2023-12-01,,,
2023,수원시,팔달구청,2023-05-31 14:25,영동 영동 정조로796번길21,주행형,2023-12-01,,,
2023,수원시,팔달구청,2023-05-31 14:26,인계동 인계동 수원천로231번길,주행형,2023-12-01,,,
2023,수원시,팔달구청,2023-05-31 14:26,인계동 인계동 수원천로235,주행형,2023-12-01,,,
2023,수원시,팔달구청,2023-05-31 14:29,인계동 인계동 수원천로229,주행형,2023-12-01,,,
2023,수원시,팔달구청,2023-05-31 14:29,인계동 인계동 수원천로229,주행형,2023-12-01,,,
2023,수원시,팔달구청,2023-05-31 14:34,인계동 경인통계청,고정형,2023-12-01,,,
2023,수원시,권선구청,2023-05-31 14:48,서둔동 수원역한라비발디퍼스트 앞1,고정형,2023-12-01,,,
2023,수원시,권선구청,2023-05-31 14:48,서둔동 수원역한라비발디퍼스트 앞1,고정형,2023-12-01,,,
2023,수원시,팔달구청,2023-05-31 14:58,경기도수원시팔달구매교동 수원시 팔달구 매교동 114-11,보행,2023-12-01,,,
2023,수원시,팔달구청,2023-05-31 14:58,경기도수원시팔달구매교동 수원시 팔달구 매교동 114-11,보행,2023-12-01,,,
2023,수원시,팔달구청,2023-05-31 14:59,경기도수원시팔달구매교동 수원시 팔달구 매교동 114-11,보행,2023-12-01,,,
2023,수원시,팔달구청,2023-05-31 14:59,경기도수원시팔달구매교동 수원시 팔달구 매교동 114-11,보행,2023-12-01,,,
2023,수원시,팔달구청,2023-05-31 14:59,경기도수원시팔달구매교동 수원시 팔달구 매교동 114-11,보행,2023-12-01,,,
2023,수원시,팔달구청,2023-05-31 15:00,경기도수원시팔달구매교동 수원시 팔달구 매교동 114-11,보행,2023-12-01,,,
2023,수원시,팔달구청,2023-05-31 15:00,경기도수원시팔달구매교동 수원시 팔달구 매교동 114-11,보행,2023-12-01,,,
2023,수원시,팔달구청,2023-05-31 15:01,경기도수원시팔달구매교동 수원시 팔달구 매교동 114-11,보행,2023-12-01,,,
2023,수원시,팔달구청,2023-05-31 15:03,경기도수원시팔달구매교동 수원시 팔달구 매교동 84-6,보행,2023-12-01,,,
2023,수원시,팔달구청,2023-05-31 15:03,경기도수원시팔달구매교동 수원시 팔달구 매교동 84-6,보행,2023-12-01,,,
2023,수원시,권선구청,2023-05-31 15:22,서둔동 롯데마트 하역장입구,고정형,2023-12-01,,,
2023,수원시,팔달구청,2023-05-31 15:26,경기도수원시팔달구고등동 수원시 팔달구 팔달로 120번길,보행,2023-12-01,,,
2023,수원시,권선구청,2023-05-31 15:47,곡반정동 562-2,국민신문고,2023-12-01,,,
2023,수원시,팔달구청,2023-05-31 16:08,인계동 경인통계청,고정형,2023-12-01,,,
2023,수원시,팔달구청,2023-05-31 16:31,인계동 경인통계청,고정형,2023-12-01,,,
2023,수원시,권선구청,2023-05-31 17:07,입북동 당수초교 정문 우측 사거리,고정형,2023-12-01,,,
2023,수원시,영통구청,2023-05-31 17:20,이의동 도청예정부지,고정형,2023-12-01,,,
2023,수원시,팔달구청,2023-05-31 17:21,매산동 팅스몰 주차장 출구 옆,고정형,2023-12-01,,,
2023,수원시,영통구청,2023-05-31 17:34,이의동 드림스퀘어Ⅱ 앞,고정형,2023-12-01,,,
2023,수원시,팔달구청,2023-05-31 17:39,인계동 경인통계청,고정형,2023-12-01,,,
2023,수원시,팔달구청,2023-05-31 17:56,인계동 드림캐슬주상복합,고정형,2023-12-01,,,
2023,수원시,팔달구청,2023-05-31 17:56,인계동 드림캐슬주상복합,고정형,2023-12-01,,,
2023,수원시,팔달구청,2023-05-31 18:03,인계동 드림캐슬주상복합,고정형,2023-12-01,,,
2023,수원시,팔달구청,2023-05-31 18:14,매산동 팅스몰 주차장 출구 옆,고정형,2023-12-01,,,
2023,수원시,팔달구청,2023-05-31 18:23,인계동 드림캐슬주상복합,고정형,2023-12-01,,,
2023,수원시,팔달구청,2023-05-31 18:23,인계동 드림캐슬주상복합,고정형,2023-12-01,,,
2023,수원시,팔달구청,2023-05-31 18:25,교동 수원향교 앞 팔달보건소 뒤,고정형,2023-12-01,,,
2023,수원시,팔달구청,2023-05-31 18:33,매산동 팔달로 10번길 8,고정형,2023-12-01,,,
2023,수원시,팔달구청,2023-05-31 18:34,매산동 팅스몰 주차장 출구 옆,고정형,2023-12-01,,,
2023,수원시,장안구청,2023-05-31 18:44,율전동 율전동507,국민신문고,2023-12-01,,,
2023,수원시,팔달구청,2023-05-31 18:52,매산동 팅스몰 주차장 출구 옆,고정형,2023-12-01,,,
2023,수원시,팔달구청,2023-05-31 19:00,매산동 역전농협,고정형,2023-12-01,,,
2023,수원시,팔달구청,2023-05-31 19:38,화서1동 수원역푸르지오자이 북문 우측,고정형,2023-12-01,,,
2023,수원시,영통구청,2023-05-31 19:48,경기도수원시영통구망포동 수원시 영통구 망포동 78,보행,2023-12-01,,,
2023,수원시,영통구청,2023-05-31 19:54,영통동 마사회뒷길,고정형,2023-12-01,,,
2023,수원시,팔달구청,2023-05-31 19:56,매산동 팅스몰 주차장 출구 옆,고정형,2023-12-01,,,
2023,수원시,팔달구청,2023-05-31 20:10,인계동 드림캐슬주상복합,고정형,2023-12-01,,,
2023,수원시,팔달구청,2023-05-31 20:26,인계동 드림캐슬주상복합,고정형,2023-12-01,,,
2023,수원시,팔달구청,2023-05-31 20:26,인계동 드림캐슬주상복합,고정형,2023-12-01,,,
2023,수원시,팔달구청,2023-05-31 21:28,인계동 드림캐슬주상복합,고정형,2023-12-01,,,
2023,수원시,팔달구청,2023-05-31 21:28,인계동 드림캐슬주상복합,고정형,2023-12-01,,,
2023,수원시,팔달구청,2023-05-31 21:40,인계동 드림캐슬주상복합,고정형,2023-12-01,,,
2023,수원시,팔달구청,2023-05-31 21:40,인계동 드림캐슬주상복합,고정형,2023-12-01,,,
2023,수원시,권선구청,2023-06-01 5:43,곡반정동 562-2,국민신문고,2023-12-01,,,
2023,수원시,영통구청,2023-06-01 7:22,영통동 롯데마트 뒤,고정형,2023-12-01,37.27220279535416,127.10856729001851,
2023,수원시,영통구청,2023-06-01 7:22,영통동 롯데마트 뒤,고정형,2023-12-01,37.27220279535416,127.10856729001851,
2023,수원시,팔달구청,2023-06-01 7:33,매산동 팅스몰 주차장 출구 옆,고정형,2023-12-01,,,
2023,수원시,팔달구청,2023-06-01 7:34,인계동 경인통계청,고정형,2023-12-01,,,
2023,수원시,팔달구청,2023-06-01 7:37,인계동 국민건강보험공단(중부일보),고정형,2023-12-01,,,
2023,수원시,팔달구청,2023-06-01 7:58,인계동 경인통계청,고정형,2023-12-01,,,
2023,수원시,권선구청,2023-06-01 8:03,곡반정동 하나로마트한국빌딩앞,고정형,2023-12-01,,,
2023,수원시,권선구청,2023-06-01 8:03,서둔동 가온팰리스옆1,고정형,2023-12-01,,,
2023,수원시,권선구청,2023-06-01 8:04,곡반정동 하나로마트한국빌딩앞,고정형,2023-12-01,,,
2023,수원시,권선구청,2023-06-01 8:04,곡반정동 하나로마트한국빌딩앞,고정형,2023-12-01,,,
2023,수원시,권선구청,2023-06-01 8:05,서둔동 가온팰리스옆2,고정형,2023-12-01,,,
2023,수원시,팔달구청,2023-06-01 8:14,인계동 드림캐슬주상복합,고정형,2023-12-01,,,
2023,수원시,권선구청,2023-06-01 8:22,곡반정동 하나로마트한국빌딩앞,고정형,2023-12-01,,,
2023,수원시,권선구청,2023-06-01 8:26,서둔동 가온팰리스옆2,고정형,2023-12-01,,,
2023,수원시,장안구청,2023-06-01 8:26,정자동 장안로287번길,주행형,2023-12-01,,,
2023,수원시,장안구청,2023-06-01 8:26,정자동 장안로301번길,주행형,2023-12-01,,,
2023,수원시,팔달구청,2023-06-01 8:38,화서1동 화서초등학교 둘레길 중간지점,고정형,2023-12-01,,,
2023,수원시,권선구청,2023-06-01 9:00,곡선동 휴먼푸드 인근,고정형,2023-12-01,,,
2023,수원시,권선구청,2023-06-01 9:02,세류3동 신곡초교 후문 좌측 사거리,고정형,2023-12-01,,,
2023,수원시,팔달구청,2023-06-01 9:05,인계동 드림캐슬주상복합,고정형,2023-12-01,,,
2023,수원시,권선구청,2023-06-01 9:15,권선동 권선동 한라비발디앞 놀이터,고정형,2023-12-01,,,
2023,수원시,권선구청,2023-06-01 9:19,곡선동 휴먼푸드 인근,고정형,2023-12-01,,,
2023,수원시,영통구청,2023-06-01 9:30,원천동 광교 한화겔러리아 앞,고정형,2023-12-01,,,
2023,수원시,팔달구청,2023-06-01 9:30,인계동 드림캐슬주상복합,고정형,2023-12-01,,,
2023,수원시,팔달구청,2023-06-01 9:31,매산동 덕영대로 895번길 9-8,고정형,2023-12-01,,,
2023,수원시,영통구청,2023-06-01 10:05,null 수원시 영통구 삼성로 277번길 41-5,보행,2023-12-01,,,
2023,수원시,영통구청,2023-06-01 10:05,null 수원시 영통구 삼성로 277번길 41-5,보행,2023-12-01,,,
2023,수원시,팔달구청,2023-06-01 10:09,인계동 드림캐슬주상복합,고정형,2023-12-01,,,
2023,수원시,영통구청,2023-06-01 10:13,원천동 아주로39번길,주행형,2023-12-01,,,
2023,수원시,영통구청,2023-06-01 10:13,원천동 아주로39번길,주행형,2023-12-01,,,
2023,수원시,팔달구청,2023-06-01 10:18,남수동 남수동 정조로810번길,주행형,2023-12-01,,,
2023,수원시,팔달구청,2023-06-01 10:21,남수동 남수동 정조로796번길,주행형,2023-12-01,,,
2023,수원시,권선구청,2023-06-01 10:29,곡반정동 하나로마트한국빌딩앞,고정형,2023-12-01,,,
2023,수원시,권선구청,2023-06-01 10:45,입북동 당수초교 정문 우측 사거리,고정형,2023-12-01,,,
2023,수원시,권선구청,2023-06-01 11:11,입북동 당수초교 정문 우측 사거리,고정형,2023-12-01,,,
2023,수원시,권선구청,2023-06-01 11:25,권선동 NC터미널점 버스정류장 앞,고정형,2023-12-01,,,
2023,수원시,팔달구청,2023-06-01 11:32,화서1동 수원역푸르지오자이 북문 우측,고정형,2023-12-01,,,
2023,수원시,영통구청,2023-06-01 11:33,이의동 광교가재울마을사거리,고정형,2023-12-01,,,
2023,수원시,권선구청,2023-06-01 12:02,입북동 당수초교 정문 우측 사거리,고정형,2023-12-01,,,
2023,수원시,영통구청,2023-06-01 12:25,이의동 광교가재울마을사거리,고정형,2023-12-01,,,
2023,수원시,팔달구청,2023-06-01 12:26,행궁동 팔달문 버스정류장,고정형,2023-12-01,,,
2023,수원시,영통구청,2023-06-01 12:41,망포동 E-마트 에브리데이 앞,고정형,2023-12-01,37.2361017468141,127.060345496536,
2023,수원시,팔달구청,2023-06-01 14:12,남수동 남수동 정조로800번길,주행형,2023-12-01,,,
2023,수원시,팔달구청,2023-06-01 14:13,남수동 남수동 정조로800번길,주행형,2023-12-01,,,
2023,수원시,팔달구청,2023-06-01 14:13,남수동 남수동 정조로800번길,주행형,2023-12-01,,,
2023,수원시,팔달구청,2023-06-01 14:14,남수동 남수동 창룡대로8번길,주행형,2023-12-01,,,
2023,수원시,팔달구청,2023-06-01 14:14,남수동 남수동 창룡대로8번길,주행형,2023-12-01,,,
2023,수원시,팔달구청,2023-06-01 14:17,팔달로2가 팔달로2가 정조로796번길,주행형,2023-12-01,,,
2023,수원시,팔달구청,2023-06-01 14:19,지동 지동 팔달문로32번길,주행형,2023-12-01,,,
2023,수원시,팔달구청,2023-06-01 14:19,지동 지동 팔달문로32번길,주행형,2023-12-01,,,
2023,수원시,팔달구청,2023-06-01 14:20,경기도수원시팔달구고등동 수원시 팔달구 갓매산로71번길20,보행,2023-12-01,,,
2023,수원시,권선구청,2023-06-01 14:27,평동 오목초교 정문 우측 삼거리,고정형,2023-12-01,,,
2023,수원시,영통구청,2023-06-01 14:32,광교동 광교 덴티움지식산업센터 앞 사거리,고정형,2023-12-01,,,
2023,수원시,권선구청,2023-06-01 14:34,서둔동 수원역한라비발디퍼스트 앞1,고정형,2023-12-01,,,
2023,수원시,권선구청,2023-06-01 14:35,서둔동 수원역한라비발디퍼스트 앞1,고정형,2023-12-01,,,
2023,수원시,장안구청,2023-06-01 14:35,율전동 율전동507,국민신문고,2023-12-01,,,
2023,수원시,권선구청,2023-06-01 14:39,서둔동 수원역한라비발디퍼스트 앞1,고정형,2023-12-01,,,
2023,수원시,권선구청,2023-06-01 14:39,구운동 구운동 명품닭갈비,고정형,2023-12-01,,,
2023,수원시,팔달구청,2023-06-01 14:40,인계동 드림캐슬주상복합,고정형,2023-12-01,,,
2023,수원시,권선구청,2023-06-01 14:44,세류3동 신곡초교 후문 좌측 사거리,고정형,2023-12-01,,,
2023,수원시,팔달구청,2023-06-01 14:45,인계동 한국씨티은행,고정형,2023-12-01,,,
2023,수원시,권선구청,2023-06-01 14:49,권선동 NC터미널점 버스정류장 앞,고정형,2023-12-01,,,
2023,수원시,권선구청,2023-06-01 15:01,평동 고현초교 정문 좌측 삼거리,고정형,2023-12-01,,,
2023,수원시,권선구청,2023-06-01 15:22,평동 오현초교 정문 우측 사거리,고정형,2023-12-01,,,
2023,수원시,권선구청,2023-06-01 15:29,호매실동 금호프라자 대각 맞은편,고정형,2023-12-01,,,
2023,수원시,권선구청,2023-06-01 15:29,세류3동 신곡초교 후문 좌측 사거리,고정형,2023-12-01,,,
2023,수원시,팔달구청,2023-06-01 15:31,인계동 드림캐슬주상복합,고정형,2023-12-01,,,
2023,수원시,영통구청,2023-06-01 15:45,이의동 드림스퀘어Ⅱ 앞,고정형,2023-12-01,,,
2023,수원시,영통구청,2023-06-01 15:45,이의동 드림스퀘어Ⅱ 앞,고정형,2023-12-01,,,
2023,수원시,영통구청,2023-06-01 15:55,이의동 도청예정부지,고정형,2023-12-01,,,
2023,수원시,권선구청,2023-06-01 15:56,평동 고현초교 정문 좌측 삼거리,고정형,2023-12-01,,,
2023,수원시,권선구청,2023-06-01 16:01,오목천동 한화꿈에그린아파트 209동앞,고정형,2023-12-01,,,
2023,수원시,팔달구청,2023-06-01 16:18,화서1동 수원역푸르지오자이 북문 우측,고정형,2023-12-01,,,
2023,수원시,팔달구청,2023-06-01 16:26,인계동 경인통계청,고정형,2023-12-01,,,
2023,수원시,팔달구청,2023-06-01 16:41,매산동 팅스몰 주차장 출구 옆,고정형,2023-12-01,,,
2023,수원시,팔달구청,2023-06-01 16:56,화서1동 수원역푸르지오자이 북문 우측,고정형,2023-12-01,,,
2023,수원시,영통구청,2023-06-01 16:58,하동 원천동 77-89,국민신문고,2023-12-01,,,
2023,수원시,권선구청,2023-06-01 16:59,세류3동 신곡초교 후문 좌측 사거리,고정형,2023-12-01,,,
2023,수원시,권선구청,2023-06-01 17:02,곡반정동 하나로마트한국빌딩앞,고정형,2023-12-01,,,
2023,수원시,팔달구청,2023-06-01 17:22,교동 수원향교 앞 팔달보건소 뒤,고정형,2023-12-01,,,
2023,수원시,팔달구청,2023-06-01 17:32,신풍동 미술관로터리,고정형,2023-12-01,,,
2023,수원시,팔달구청,2023-06-01 17:38,인계동 드림캐슬주상복합,고정형,2023-12-01,,,
2023,수원시,영통구청,2023-06-01 17:48,망포동 힐스테이트 119동 ~방죽공원 삼거리,고정형,2023-12-01,,,
2023,수원시,팔달구청,2023-06-01 18:00,매산로2가 매산로3가 122-38 횡단보도,국민신문고,2023-12-01,,,
2023,수원시,팔달구청,2023-06-01 18:11,화서1동 수원역푸르지오자이 북문 우측,고정형,2023-12-01,,,
2023,수원시,영통구청,2023-06-01 18:14,망포동 E-마트 에브리데이 앞,고정형,2023-12-01,37.2361017468141,127.060345496536,
2023,수원시,영통구청,2023-06-01 18:24,망포동 힐스테이트 119동 ~방죽공원 삼거리,고정형,2023-12-01,,,
2023,수원시,팔달구청,2023-06-01 18:39,매산동 팅스몰 주차장 출구 옆,고정형,2023-12-01,,,
2023,수원시,영통구청,2023-06-01 18:58,망포동 힐스테이트 119동 ~방죽공원 삼거리,고정형,2023-12-01,,,
2023,수원시,권선구청,2023-06-01 19:42,서둔동 세화로135번길,주행형,2023-12-01,,,
2023,수원시,권선구청,2023-06-01 19:42,서둔동 세화로135번길,주행형,2023-12-01,,,
2023,수원시,권선구청,2023-06-01 19:42,서둔동 세화로135번길,주행형,2023-12-01,,,
2023,수원시,팔달구청,2023-06-01 19:55,인계동 드림캐슬주상복합,고정형,2023-12-01,,,
2023,수원시,팔달구청,2023-06-01 20:12,인계동 드림캐슬주상복합,고정형,2023-12-01,,,
2023,수원시,팔달구청,2023-06-01 20:32,인계동 드림캐슬주상복합,고정형,2023-12-01,,,
2023,수원시,권선구청,2023-06-01 20:32,오목천동 527-5,국민신문고,2023-12-01,,,
2023,수원시,팔달구청,2023-06-01 21:02,인계동 드림캐슬주상복합,고정형,2023-12-01,,,
2023,수원시,팔달구청,2023-06-01 22:01,매교동 매교동 287-486 횡단보도,국민신문고,2023-12-01,,,
2023,수원시,팔달구청,2023-06-02 7:33,매산동 팅스몰 주차장 출구 옆,고정형,2023-12-01,,,
2023,수원시,권선구청,2023-06-02 8:02,곡반정동 하나로마트한국빌딩앞,고정형,2023-12-01,,,
2023,수원시,권선구청,2023-06-02 8:03,곡반정동 하나로마트한국빌딩앞,고정형,2023-12-01,,,
2023,수원시,권선구청,2023-06-02 8:03,곡반정동 하나로마트한국빌딩앞,고정형,2023-12-01,,,
2023,수원시,권선구청,2023-06-02 8:03,서둔동 가온팰리스옆1,고정형,2023-12-01,,,
2023,수원시,권선구청,2023-06-02 8:03,서둔동 가온팰리스옆2,고정형,2023-12-01,,,
2023,수원시,권선구청,2023-06-02 8:04,곡반정동 하나로마트한국빌딩앞,고정형,2023-12-01,,,
2023,수원시,권선구청,2023-06-02 8:04,서둔동 가온팰리스옆2,고정형,2023-12-01,,,
2023,수원시,권선구청,2023-06-02 8:04,오목천동 한화꿈에그린아파트 209동앞,고정형,2023-12-01,,,
2023,수원시,권선구청,2023-06-02 8:06,권선2동 곡정초교 정문 좌측 사거리,고정형,2023-12-01,,,
2023,수원시,권선구청,2023-06-02 8:06,권선2동 곡정초교 정문 좌측 사거리,고정형,2023-12-01,,,
2023,수원시,팔달구청,2023-06-02 8:12,인계동 드림캐슬주상복합,고정형,2023-12-01,,,
2023,수원시,팔달구청,2023-06-02 8:59,인계동 드림캐슬주상복합,고정형,2023-12-01,,,
2023,수원시,팔달구청,2023-06-02 9:03,화서1동 푸르지오자이 북문 CU 앞 횡단보도,고정형,2023-12-01,,,
2023,수원시,권선구청,2023-06-02 9:06,세류3동 신곡초교 후문 좌측 사거리,고정형,2023-12-01,,,
2023,수원시,권선구청,2023-06-02 9:07,세류3동 신곡초교 후문 좌측 사거리,고정형,2023-12-01,,,
2023,수원시,권선구청,2023-06-02 9:34,곡반정동 하나로마트한국빌딩앞,고정형,2023-12-01,,,
2023,수원시,권선구청,2023-06-02 9:36,세류3동 신곡초교 후문 좌측 사거리,고정형,2023-12-01,,,
2023,수원시,팔달구청,2023-06-02 10:06,인계동 경인통계청,고정형,2023-12-01,,,
2023,수원시,팔달구청,2023-06-02 10:18,팔달로2가 팔달로2가 정조로796번길,주행형,2023-12-01,,,
2023,수원시,팔달구청,2023-06-02 10:18,남수동 남수동 정조로796번길,주행형,2023-12-01,,,
2023,수원시,팔달구청,2023-06-02 10:18,남수동 남수동 정조로796번길,주행형,2023-12-01,,,
2023,수원시,팔달구청,2023-06-02 10:26,매산동 역전농협,고정형,2023-12-01,,,
2023,수원시,권선구청,2023-06-02 10:28,서둔동 가온팰리스옆2,고정형,2023-12-01,,,
2023,수원시,팔달구청,2023-06-02 11:49,화서1동 푸르지오자이 북문 CU 앞 횡단보도,고정형,2023-12-01,,,
2023,수원시,팔달구청,2023-06-02 11:51,매산동 역전농협,고정형,2023-12-01,,,
2023,수원시,권선구청,2023-06-02 12:51,고색동 도이치 고객주차장 출입구,고정형,2023-12-01,,,
2023,수원시,권선구청,2023-06-02 13:08,곡선동 휴먼푸드 인근,고정형,2023-12-01,,,
2023,수원시,권선구청,2023-06-02 13:19,입북동 당수초교 정문 우측 사거리,고정형,2023-12-01,,,
2023,수원시,팔달구청,2023-06-02 13:33,화서1동 수원역푸르지오자이 북문 우측,고정형,2023-12-01,,,
2023,수원시,권선구청,2023-06-02 13:52,입북동 당수초교 정문 우측 사거리,고정형,2023-12-01,,,
2023,수원시,팔달구청,2023-06-02 14:10,화서1동 푸르지오자이 북문 CU 앞 횡단보도,고정형,2023-12-01,,,
2023,수원시,영통구청,2023-06-02 14:11,망포동 E-마트 에브리데이 앞,고정형,2023-12-01,37.2361017468141,127.060345496536,
2023,수원시,팔달구청,2023-06-02 14:30,화서동 수원역푸르지오자이 북문 우측,고정형,2023-12-01,,,
2023,수원시,팔달구청,2023-06-02 14:31,경기도수원시팔달구고등동 수원시 팔달구 매산로2가 13-5,보행,2023-12-01,,,
2023,수원시,팔달구청,2023-06-02 14:33,경기도수원시팔달구고등동 수원시 팔달구 매산로2가 12-5,보행,2023-12-01,,,
2023,수원시,팔달구청,2023-06-02 14:33,경기도수원시팔달구고등동 수원시 팔달구 매산로2가 13-5,보행,2023-12-01,,,
2023,수원시,팔달구청,2023-06-02 14:36,화서1동 수원역푸르지오자이 북문 우측,고정형,2023-12-01,,,
2023,수원시,팔달구청,2023-06-02 14:36,매산동 팅스몰 주차장 출구 옆,고정형,2023-12-01,,,
2023,수원시,팔달구청,2023-06-02 14:45,인계동 경인통계청,고정형,2023-12-01,,,
2023,수원시,영통구청,2023-06-02 14:46,원천동 광교매원초등학교,고정형,2023-12-01,,,
2023,수원시,팔달구청,2023-06-02 14:50,팔달로2가 팔달로2가 정조로796번길,주행형,2023-12-01,,,
2023,수원시,팔달구청,2023-06-02 14:50,팔달로2가 팔달로2가 정조로796번길,주행형,2023-12-01,,,
2023,수원시,팔달구청,2023-06-02 15:12,인계동 한국씨티은행,고정형,2023-12-01,,,
2023,수원시,팔달구청,2023-06-02 15:17,인계동 드림캐슬주상복합,고정형,2023-12-01,,,
2023,수원시,팔달구청,2023-06-02 15:23,인계동 드림캐슬주상복합,고정형,2023-12-01,,,
2023,수원시,권선구청,2023-06-02 15:25,서둔동 롯데몰9번출구앞주변,고정형,2023-12-01,,,
2023,수원시,팔달구청,2023-06-02 15:27,경기도수원시팔달구매교동 수원시 팔달구 매교동 264-5,보행,2023-12-01,,,
2023,수원시,권선구청,2023-06-02 16:08,세류3동 신곡초교 후문 좌측 사거리,고정형,2023-12-01,,,
2023,수원시,팔달구청,2023-06-02 16:30,매산동 역전농협,고정형,2023-12-01,,,
2023,수원시,권선구청,2023-06-02 16:46,곡선동 휴먼푸드 인근,고정형,2023-12-01,,,
2023,수원시,권선구청,2023-06-02 16:53,곡반정동 하나로마트한국빌딩앞,고정형,2023-12-01,,,
2023,수원시,권선구청,2023-06-02 16:56,서둔동 수원역한라비발디퍼스트 앞2,고정형,2023-12-01,,,
2023,수원시,팔달구청,2023-06-02 17:02,매산동 팔달로 10번길 8,고정형,2023-12-01,,,
2023,수원시,영통구청,2023-06-02 17:09,영통동 롯데마트 뒤,고정형,2023-12-01,37.27220279535416,127.10856729001851,
2023,수원시,권선구청,2023-06-02 17:10,곡반정동 하나로마트한국빌딩앞,고정형,2023-12-01,,,
2023,수원시,권선구청,2023-06-02 17:11,서둔동 수원역한라비발디퍼스트 앞1,고정형,2023-12-01,,,
2023,수원시,권선구청,2023-06-02 17:18,평동 수원역고가밑 (애경뒷길),고정형,2023-12-01,,,
2023,수원시,영통구청,2023-06-02 17:30,영통동 마사회뒷길,고정형,2023-12-01,,,
2023,수원시,팔달구청,2023-06-02 17:32,매산동 덕영대로 895번길 9-8,고정형,2023-12-01,,,
2023,수원시,영통구청,2023-06-02 17:43,광교동 광교이의119안전센터,고정형,2023-12-01,,,
2023,수원시,권선구청,2023-06-02 17:59,경기도수원시권선구호매실동 수원시 권선구 호매실동 7-6,보행,2023-12-01,,,
2023,수원시,권선구청,2023-06-02 18:00,경기도수원시권선구호매실동 수원시 권선구 호매실동 7-6,보행,2023-12-01,,,
2023,수원시,팔달구청,2023-06-02 18:12,매산동 팅스몰 주차장 출구 옆,고정형,2023-12-01,,,
2023,수원시,팔달구청,2023-06-02 18:13,인계동 드림캐슬주상복합,고정형,2023-12-01,,,
2023,수원시,팔달구청,2023-06-02 18:13,인계동 드림캐슬주상복합,고정형,2023-12-01,,,
2023,수원시,영통구청,2023-06-02 18:34,영통동 매영로365번길,주행형,2023-12-01,,,
2023,수원시,영통구청,2023-06-02 18:34,영통동 매영로365번길,주행형,2023-12-01,,,
2023,수원시,영통구청,2023-06-02 18:34,영통동 매영로365번길,주행형,2023-12-01,,,
2023,수원시,영통구청,2023-06-02 18:34,영통동 매영로365번길,주행형,2023-12-01,,,
2023,수원시,영통구청,2023-06-02 18:34,영통동 매영로365번길,주행형,2023-12-01,,,
2023,수원시,영통구청,2023-06-02 18:34,영통동 매영로365번길,주행형,2023-12-01,,,
2023,수원시,영통구청,2023-06-02 18:34,영통동 매영로365번길,주행형,2023-12-01,,,
2023,수원시,영통구청,2023-06-02 18:35,영통동 매영로365번길,주행형,2023-12-01,,,
2023,수원시,영통구청,2023-06-02 18:35,영통동 매영로365번길,주행형,2023-12-01,,,
2023,수원시,영통구청,2023-06-02 18:35,영통동 매영로365번길,주행형,2023-12-01,,,
2023,수원시,영통구청,2023-06-02 18:35,영통동 매영로365번길,주행형,2023-12-01,,,
2023,수원시,팔달구청,2023-06-02 18:38,교동 수원향교 앞 팔달보건소 뒤,고정형,2023-12-01,,,
2023,수원시,팔달구청,2023-06-02 19:22,인계동 드림캐슬주상복합,고정형,2023-12-01,,,
2023,수원시,팔달구청,2023-06-02 19:39,매산동 팔달로 10번길 8,고정형,2023-12-01,,,
2023,수원시,팔달구청,2023-06-02 19:39,매산동 팔달로 10번길 8,고정형,2023-12-01,,,
2023,수원시,팔달구청,2023-06-02 19:50,인계동 드림캐슬주상복합,고정형,2023-12-01,,,
2023,수원시,팔달구청,2023-06-02 19:50,인계동 드림캐슬주상복합,고정형,2023-12-01,,,
2023,수원시,팔달구청,2023-06-02 19:52,매산동 팅스몰 주차장 출구 옆,고정형,2023-12-01,,,
2023,수원시,팔달구청,2023-06-02 19:56,인계동 드림캐슬주상복합,고정형,2023-12-01,,,
2023,수원시,팔달구청,2023-06-02 19:56,매산동 팅스몰 주차장 출구 옆,고정형,2023-12-01,,,
2023,수원시,팔달구청,2023-06-02 20:44,매산동 역전농협,고정형,2023-12-01,,,
2023,수원시,팔달구청,2023-06-02 20:50,화서1동 푸르지오자이 북문 CU 앞 횡단보도,고정형,2023-12-01,,,
2023,수원시,팔달구청,2023-06-02 20:50,화서1동 푸르지오자이 북문 CU 앞 횡단보도,고정형,2023-12-01,,,
2023,수원시,팔달구청,2023-06-02 21:49,매산동 역전농협,고정형,2023-12-01,,,
2023,수원시,권선구청,2023-06-03 7:09,오목천동 527-5,국민신문고,2023-12-01,,,
2023,수원시,영통구청,2023-06-03 9:02,이의동 드림스퀘어Ⅱ 앞,고정형,2023-12-01,,,
2023,수원시,영통구청,2023-06-03 9:02,이의동 드림스퀘어Ⅱ 앞,고정형,2023-12-01,,,
2023,수원시,권선구청,2023-06-03 9:03,곡반정동 하나로마트한국빌딩앞,고정형,2023-12-01,,,
2023,수원시,권선구청,2023-06-03 9:03,서둔동 가온팰리스옆2,고정형,2023-12-01,,,
2023,수원시,권선구청,2023-06-03 9:03,곡반정동 하나로마트한국빌딩앞,고정형,2023-12-01,,,
2023,수원시,팔달구청,2023-06-03 9:03,매산동 팅스몰 주차장 출구 옆,고정형,2023-12-01,,,
2023,수원시,권선구청,2023-06-03 9:03,곡반정동 하나로마트한국빌딩앞,고정형,2023-12-01,,,
2023,수원시,권선구청,2023-06-03 9:04,서둔동 가온팰리스옆1,고정형,2023-12-01,,,
2023,수원시,권선구청,2023-06-03 9:04,곡반정동 하나로마트한국빌딩앞,고정형,2023-12-01,,,
2023,수원시,권선구청,2023-06-03 9:04,곡반정동 하나로마트한국빌딩앞,고정형,2023-12-01,,,
2023,수원시,권선구청,2023-06-03 9:04,서둔동 가온팰리스옆2,고정형,2023-12-01,,,
2023,수원시,권선구청,2023-06-03 9:04,서둔동 가온팰리스옆2,고정형,2023-12-01,,,
2023,수원시,권선구청,2023-06-03 9:07,서둔동 가온팰리스옆2,고정형,2023-12-01,,,
2023,수원시,팔달구청,2023-06-03 9:11,매산동 팅스몰 주차장 출구 옆,고정형,2023-12-01,,,
2023,수원시,팔달구청,2023-06-03 9:17,매산동 팔달로 10번길 8,고정형,2023-12-01,,,
2023,수원시,권선구청,2023-06-03 9:26,권선동 NC터미널점 버스정류장 앞,고정형,2023-12-01,,,
2023,수원시,권선구청,2023-06-03 9:55,곡선동 휴먼푸드 인근,고정형,2023-12-01,,,
2023,수원시,팔달구청,2023-06-03 10:01,인계동 경인통계청,고정형,2023-12-01,,,
2023,수원시,영통구청,2023-06-03 10:05,광교동 광교 덴티움지식산업센터 앞 사거리,고정형,2023-12-01,,,
2023,수원시,권선구청,2023-06-03 10:21,곡반정동 하나로마트한국빌딩앞,고정형,2023-12-01,,,
2023,수원시,팔달구청,2023-06-03 10:23,매산동 팅스몰 주차장 출구 옆,고정형,2023-12-01,,,
2023,수원시,팔달구청,2023-06-03 10:30,매산동 팔달로 10번길 8,고정형,2023-12-01,,,
2023,수원시,팔달구청,2023-06-03 10:39,인계동 한국씨티은행,고정형,2023-12-01,,,
2023,수원시,권선구청,2023-06-03 11:20,권선동 NC터미널점 버스정류장 앞,고정형,2023-12-01,,,
2023,수원시,영통구청,2023-06-03 11:20,이의동 광교가재울마을사거리,고정형,2023-12-01,,,
2023,수원시,팔달구청,2023-06-03 11:22,화서1동 푸르지오자이 북문 CU 앞 횡단보도,고정형,2023-12-01,,,
2023,수원시,팔달구청,2023-06-03 12:35,화서1동 수원역푸르지오자이 북문 우측,고정형,2023-12-01,,,
2023,수원시,팔달구청,2023-06-03 12:35,화서1동 수원역푸르지오자이 북문 우측,고정형,2023-12-01,,,
2023,수원시,팔달구청,2023-06-03 12:38,화서1동 수원역푸르지오자이 북문 우측,고정형,2023-12-01,,,
2023,수원시,영통구청,2023-06-03 12:50,영통동 마사회뒷길,고정형,2023-12-01,,,
2023,수원시,팔달구청,2023-06-03 13:13,화서1동 수원역푸르지오자이 북문 우측,고정형,2023-12-01,,,
2023,수원시,팔달구청,2023-06-03 13:46,화서1동 수원역푸르지오자이 북문 우측,고정형,2023-12-01,,,
2023,수원시,영통구청,2023-06-03 13:49,망포동 힐스테이트 119동 ~방죽공원 삼거리,고정형,2023-12-01,,,
2023,수원시,영통구청,2023-06-03 13:50,원천동 광교에일린의뜰 북측,고정형,2023-12-01,,,
2023,수원시,팔달구청,2023-06-03 14:08,화서1동 푸르지오자이 북문 CU 앞 횡단보도,고정형,2023-12-01,,,
2023,수원시,팔달구청,2023-06-03 14:22,화서1동 수원역푸르지오자이 북문 우측,고정형,2023-12-01,,,
2023,수원시,팔달구청,2023-06-03 14:27,화서1동 수원역푸르지오자이 북문 우측,고정형,2023-12-01,,,
2023,수원시,권선구청,2023-06-03 14:32,서둔동 가온팰리스옆1,고정형,2023-12-01,,,
2023,수원시,권선구청,2023-06-03 14:33,서둔동 수원역한라비발디퍼스트 앞1,고정형,2023-12-01,,,
2023,수원시,권선구청,2023-06-03 14:33,서둔동 수원역한라비발디퍼스트 앞1,고정형,2023-12-01,,,
2023,수원시,팔달구청,2023-06-03 14:33,인계동 드림캐슬주상복합,고정형,2023-12-01,,,
2023,수원시,팔달구청,2023-06-03 14:36,매산동 팅스몰 주차장 출구 옆,고정형,2023-12-01,,,
2023,수원시,권선구청,2023-06-03 14:41,서둔동 가온팰리스옆2,고정형,2023-12-01,,,
2023,수원시,권선구청,2023-06-03 14:41,서둔동 가온팰리스옆2,고정형,2023-12-01,,,
2023,수원시,팔달구청,2023-06-03 14:44,행궁동 화홍사랑채,고정형,2023-12-01,,,
2023,수원시,팔달구청,2023-06-03 14:49,매산동 팅스몰 주차장 출구 옆,고정형,2023-12-01,,,
2023,수원시,팔달구청,2023-06-03 14:49,팔달로2가 팔달로2가 행궁로 57,주행형,2023-12-01,,,
2023,수원시,팔달구청,2023-06-03 14:52,남수동 남수동 정조로800번길,주행형,2023-12-01,,,
2023,수원시,팔달구청,2023-06-03 14:53,팔달로2가 팔달로2가 정조로796번길,주행형,2023-12-01,,,
2023,수원시,팔달구청,2023-06-03 14:53,남수동 남수동 정조로796번길,주행형,2023-12-01,,,
2023,수원시,팔달구청,2023-06-03 14:56,인계동 경인통계청,고정형,2023-12-01,,,
2023,수원시,팔달구청,2023-06-03 14:58,매산동 팅스몰 주차장 출구 옆,고정형,2023-12-01,,,
2023,수원시,권선구청,2023-06-03 15:06,권선동 NC터미널점 버스정류장 앞,고정형,2023-12-01,,,
2023,수원시,팔달구청,2023-06-03 15:15,매향동 매향동 창룡대로 48,주행형,2023-12-01,,,
2023,수원시,권선구청,2023-06-03 15:15,서둔동 수원역한라비발디퍼스트 앞2,고정형,2023-12-01,,,
2023,수원시,팔달구청,2023-06-03 15:16,매향동 매향동 창룡대로 86,주행형,2023-12-01,,,
2023,수원시,팔달구청,2023-06-03 15:16,매향동 매향동 창룡대로 68-1,주행형,2023-12-01,,,
2023,수원시,팔달구청,2023-06-03 15:16,매향동 매향동 창룡대로 56,주행형,2023-12-01,,,
2023,수원시,팔달구청,2023-06-03 15:16,매향동 매향동 창룡대로 56,주행형,2023-12-01,,,
2023,수원시,팔달구청,2023-06-03 15:16,매향동 매향동 창룡대로 56,주행형,2023-12-01,,,
2023,수원시,팔달구청,2023-06-03 15:22,인계동 경인통계청,고정형,2023-12-01,,,
2023,수원시,권선구청,2023-06-03 15:23,권선동 경기80배2990,국민신문고,2023-12-01,,,
2023,수원시,팔달구청,2023-06-03 15:28,인계동 경인통계청,고정형,2023-12-01,,,
2023,수원시,권선구청,2023-06-03 15:34,서둔동 가온팰리스옆2,고정형,2023-12-01,,,
2023,수원시,팔달구청,2023-06-03 15:42,매산동 팔달로 10번길 8,고정형,2023-12-01,,,
2023,수원시,권선구청,2023-06-03 15:43,곡반정동 하나로마트한국빌딩앞,고정형,2023-12-01,,,
2023,수원시,팔달구청,2023-06-03 15:44,매교동 매교동 287-110 인도,국민신문고,2023-12-01,,,
2023,수원시,팔달구청,2023-06-03 15:49,행궁동 화홍사랑채,고정형,2023-12-01,,,
2023,수원시,권선구청,2023-06-03 15:49,곡반정동 154-1,국민신문고,2023-12-01,,,
2023,수원시,권선구청,2023-06-03 15:49,곡반정동 154-1,국민신문고,2023-12-01,,,
2023,수원시,권선구청,2023-06-03 15:55,곡반정동 562-2,국민신문고,2023-12-01,,,
2023,수원시,권선구청,2023-06-03 15:55,곡반정동 562-2,국민신문고,2023-12-01,,,
2023,수원시,팔달구청,2023-06-03 16:09,경기도수원시팔달구인계동 수원시 팔달구 인계로 118,보행,2023-12-01,,,
2023,수원시,팔달구청,2023-06-03 16:11,경기도수원시팔달구인계동 수원시 팔달구 인계로 118,보행,2023-12-01,,,
2023,수원시,영통구청,2023-06-03 16:27,영통동 매영로365번길,주행형,2023-12-01,,,
2023,수원시,영통구청,2023-06-03 16:27,영통동 매영로365번길,주행형,2023-12-01,,,
2023,수원시,영통구청,2023-06-03 16:27,영통동 매영로365번길,주행형,2023-12-01,,,
2023,수원시,영통구청,2023-06-03 16:27,영통동 매영로365번길,주행형,2023-12-01,,,
2023,수원시,영통구청,2023-06-03 16:27,영통동 매영로365번길,주행형,2023-12-01,,,
2023,수원시,팔달구청,2023-06-03 16:29,화서1동 푸르지오자이 북문 CU 앞 횡단보도,고정형,2023-12-01,,,
2023,수원시,권선구청,2023-06-03 16:33,서둔동 수원역한라비발디퍼스트 앞1,고정형,2023-12-01,,,
2023,수원시,권선구청,2023-06-03 16:33,서둔동 수원역한라비발디퍼스트 앞1,고정형,2023-12-01,,,
2023,수원시,팔달구청,2023-06-03 16:38,경기도수원시팔달구고등동 수원시 팔달구 팔달로120번길,보행,2023-12-01,,,
2023,수원시,팔달구청,2023-06-03 16:44,화서1동 수원역푸르지오자이 북문 우측,고정형,2023-12-01,,,
2023,수원시,권선구청,2023-06-03 16:45,호매실동 금호프라자 대각 맞은편,고정형,2023-12-01,,,
2023,수원시,팔달구청,2023-06-03 16:53,매산동 팅스몰 주차장 출구 옆,고정형,2023-12-01,,,
2023,수원시,권선구청,2023-06-03 17:00,권선동 NC터미널점 버스정류장 앞,고정형,2023-12-01,,,
2023,수원시,영통구청,2023-06-03 17:01,경기도용인시수지구상현동 용인시 수지구 광교중앙로 296번길 6,보행,2023-12-01,,,
2023,수원시,권선구청,2023-06-03 17:05,서둔동 수원역한라비발디퍼스트 앞1,고정형,2023-12-01,,,
2023,수원시,권선구청,2023-06-03 17:07,호매실동 금호프라자 대각 맞은편,고정형,2023-12-01,,,
2023,수원시,권선구청,2023-06-03 17:12,서둔동 가온팰리스옆2,고정형,2023-12-01,,,
2023,수원시,팔달구청,2023-06-03 17:14,인계동 경인통계청,고정형,2023-12-01,,,
2023,수원시,팔달구청,2023-06-03 17:14,인계동 경인통계청,고정형,2023-12-01,,,
2023,수원시,권선구청,2023-06-03 17:20,평동 수원역고가밑 (애경뒷길),고정형,2023-12-01,,,
2023,수원시,팔달구청,2023-06-03 17:45,화서1동 수원역푸르지오자이 북문 우측,고정형,2023-12-01,,,
2023,수원시,팔달구청,2023-06-03 17:55,화서동 수원역푸르지오자이 북문 우측,고정형,2023-12-01,,,
2023,수원시,팔달구청,2023-06-03 18:10,우만동 우만동 534 소화전,국민신문고,2023-12-01,,,
2023,수원시,팔달구청,2023-06-03 18:11,-1 세진브론즈빌,고정형,2023-12-01,,,
2023,수원시,팔달구청,2023-06-03 18:21,매산동 팅스몰 주차장 출구 옆,고정형,2023-12-01,,,
2023,수원시,팔달구청,2023-06-03 19:03,매산동 팅스몰 주차장 출구 옆,고정형,2023-12-01,,,
2023,수원시,팔달구청,2023-06-03 19:22,인계동 드림캐슬주상복합,고정형,2023-12-01,,,
2023,수원시,팔달구청,2023-06-03 20:16,화서1동 수원역푸르지오자이 북문 우측,고정형,2023-12-01,,,
2023,수원시,팔달구청,2023-06-03 21:30,행궁동 팔달문 버스정류장,고정형,2023-12-01,,,
2023,수원시,장안구청,2023-06-03 22:11,영화동 영화동348-7,국민신문고,2023-12-01,,,
2023,수원시,권선구청,2023-06-04 9:02,서둔동 가온팰리스옆2,고정형,2023-12-01,,,
2023,수원시,권선구청,2023-06-04 9:02,서둔동 가온팰리스옆2,고정형,2023-12-01,,,
2023,수원시,권선구청,2023-06-04 9:02,서둔동 수원역한라비발디퍼스트 앞1,고정형,2023-12-01,,,
2023,수원시,권선구청,2023-06-04 9:03,곡반정동 하나로마트한국빌딩앞,고정형,2023-12-01,,,
2023,수원시,팔달구청,2023-06-04 9:03,인계동 경인통계청,고정형,2023-12-01,,,
2023,수원시,권선구청,2023-06-04 9:03,권선동 권선동 한라비발디앞 놀이터,고정형,2023-12-01,,,
2023,수원시,권선구청,2023-06-04 9:03,권선동 권선동 한라비발디앞 놀이터,고정형,2023-12-01,,,
2023,수원시,권선구청,2023-06-04 9:03,서둔동 가온팰리스옆2,고정형,2023-12-01,,,
2023,수원시,권선구청,2023-06-04 9:03,서둔동 가온팰리스옆2,고정형,2023-12-01,,,
2023,수원시,권선구청,2023-06-04 9:03,서둔동 수원역한라비발디퍼스트 앞1,고정형,2023-12-01,,,
2023,수원시,팔달구청,2023-06-04 9:04,인계동 드림캐슬주상복합,고정형,2023-12-01,,,
2023,수원시,권선구청,2023-06-04 9:04,서둔동 가온팰리스옆1,고정형,2023-12-01,,,
2023,수원시,권선구청,2023-06-04 9:04,곡반정동 하나로마트한국빌딩앞,고정형,2023-12-01,,,
2023,수원시,팔달구청,2023-06-04 9:04,매산동 팔달로 10번길 8,고정형,2023-12-01,,,
2023,수원시,팔달구청,2023-06-04 9:05,매산동 팅스몰 주차장 출구 옆,고정형,2023-12-01,,,
2023,수원시,권선구청,2023-06-04 9:07,권선동 권선동 한라비발디앞 놀이터,고정형,2023-12-01,,,
2023,수원시,팔달구청,2023-06-04 9:11,화서1동 수원역푸르지오자이 북문 우측,고정형,2023-12-01,,,
2023,수원시,권선구청,2023-06-04 9:12,구운동 구운동 명품닭갈비,고정형,2023-12-01,,,
2023,수원시,권선구청,2023-06-04 9:13,곡반정동 하나로마트한국빌딩앞,고정형,2023-12-01,,,
2023,수원시,권선구청,2023-06-04 9:24,곡반정동 하나로마트한국빌딩앞,주민신고제,2023-12-01,,,
2023,수원시,영통구청,2023-06-04 9:27,원천동 광교매원초등학교,고정형,2023-12-01,,,
2023,수원시,권선구청,2023-06-04 9:51,곡반정동 하나로마트한국빌딩앞,고정형,2023-12-01,,,
2023,수원시,영통구청,2023-06-04 9:55,이의동 도청예정부지,고정형,2023-12-01,,,
2023,수원시,권선구청,2023-06-04 10:19,곡반정동 하나로마트한국빌딩앞,고정형,2023-12-01,,,
2023,수원시,팔달구청,2023-06-04 10:36,매산동 팅스몰 주차장 출구 옆,고정형,2023-12-01,,,
2023,수원시,영통구청,2023-06-04 10:47,영통동 롯데마트 뒤,고정형,2023-12-01,37.27220279535416,127.10856729001851,
2023,수원시,팔달구청,2023-06-04 11:38,화서1동 수원역푸르지오자이 북문 우측,고정형,2023-12-01,,,
2023,수원시,영통구청,2023-06-04 11:48,영통동 롯데마트 뒤,고정형,2023-12-01,37.27220279535416,127.10856729001851,
2023,수원시,팔달구청,2023-06-04 11:51,북수동 북수동 수원천로 372,주행형,2023-12-01,,,
2023,수원시,팔달구청,2023-06-04 11:51,북수동 북수동 수원천로 372,주행형,2023-12-01,,,
2023,수원시,팔달구청,2023-06-04 12:23,매산동 역전농협,고정형,2023-12-01,,,
2023,수원시,팔달구청,2023-06-04 12:43,화서1동 수원역푸르지오자이 북문 우측,고정형,2023-12-01,,,
2023,수원시,팔달구청,2023-06-04 12:48,행궁동 팔달문 버스정류장,고정형,2023-12-01,,,
2023,수원시,팔달구청,2023-06-04 13:00,화서1동 푸르지오자이 북문 CU 앞 횡단보도,고정형,2023-12-01,,,
2023,수원시,권선구청,2023-06-04 13:30,탑동 889,국민신문고,2023-12-01,,,
2023,수원시,권선구청,2023-06-04 13:31,고색동 도이치 고객주차장 출입구,고정형,2023-12-01,,,
2023,수원시,팔달구청,2023-06-04 13:33,화서1동 수원역푸르지오자이 북문 우측,고정형,2023-12-01,,,
2023,수원시,팔달구청,2023-06-04 14:33,행궁동 화홍사랑채,고정형,2023-12-01,,,
2023,수원시,팔달구청,2023-06-04 14:33,매산동 팔달로 10번길 8,고정형,2023-12-01,,,
2023,수원시,권선구청,2023-06-04 14:34,서둔동 가온팰리스옆2,고정형,2023-12-01,,,
2023,수원시,팔달구청,2023-06-04 14:34,매산동 팅스몰 주차장 출구 옆,고정형,2023-12-01,,,
2023,수원시,권선구청,2023-06-04 14:34,서둔동 가온팰리스옆1,고정형,2023-12-01,,,
2023,수원시,팔달구청,2023-06-04 14:35,인계동 경인통계청,고정형,2023-12-01,,,
2023,수원시,팔달구청,2023-06-04 14:36,매산동 팅스몰 주차장 출구 옆,고정형,2023-12-01,,,
2023,수원시,권선구청,2023-06-04 14:36,오목천동 한화꿈에그린아파트 209동앞,고정형,2023-12-01,,,
2023,수원시,팔달구청,2023-06-04 14:45,인계동 경인통계청,고정형,2023-12-01,,,
2023,수원시,권선구청,2023-06-04 14:46,곡선동 권선중앙약국 건너편,고정형,2023-12-01,,,
2023,수원시,팔달구청,2023-06-04 14:49,매산동 팅스몰 주차장 출구 옆,고정형,2023-12-01,,,
2023,수원시,권선구청,2023-06-04 14:57,곡반정동 하나로마트한국빌딩앞,고정형,2023-12-01,,,
2023,수원시,영통구청,2023-06-04 14:59,영통동 보보스스포츠센터앞,고정형,2023-12-01,,,
2023,수원시,팔달구청,2023-06-04 15:02,인계동 드림캐슬주상복합,고정형,2023-12-01,,,
2023,수원시,팔달구청,2023-06-04 15:04,인계동 경인통계청,고정형,2023-12-01,,,
2023,수원시,팔달구청,2023-06-04 15:07,북수동 북수동 수원천로 372,주행형,2023-12-01,,,
2023,수원시,팔달구청,2023-06-04 15:11,인계동 드림캐슬주상복합,고정형,2023-12-01,,,
2023,수원시,팔달구청,2023-06-04 15:25,매산동 팅스몰 주차장 출구 옆,고정형,2023-12-01,,,
2023,수원시,팔달구청,2023-06-04 15:26,남수동 남수동 정조로810번길,주행형,2023-12-01,,,
2023,수원시,팔달구청,2023-06-04 15:28,매향동 매향동 창룡대로 56,주행형,2023-12-01,,,
2023,수원시,팔달구청,2023-06-04 15:28,매향동 매향동 창룡대로 56,주행형,2023-12-01,,,
2023,수원시,팔달구청,2023-06-04 15:28,매향동 매향동 창룡대로 56,주행형,2023-12-01,,,
2023,수원시,팔달구청,2023-06-04 15:29,매향동 매향동 창룡대로 86,주행형,2023-12-01,,,
2023,수원시,영통구청,2023-06-04 15:29,경기도수원시영통구하동 수원시 영통구 하동 147,보행,2023-12-01,,,
2023,수원시,영통구청,2023-06-04 15:41,망포동 국민은행신영통지점(태장동),고정형,2023-12-01,,,
2023,수원시,팔달구청,2023-06-04 15:43,교동 수원향교 앞 팔달보건소 뒤,고정형,2023-12-01,,,
2023,수원시,권선구청,2023-06-04 15:52,서둔동 가온팰리스옆1,고정형,2023-12-01,,,
2023,수원시,영통구청,2023-06-04 16:02,영통동 매영로365번길,주행형,2023-12-01,,,
2023,수원시,영통구청,2023-06-04 16:02,영통동 매영로365번길,주행형,2023-12-01,,,
2023,수원시,영통구청,2023-06-04 16:02,영통동 매영로365번길,주행형,2023-12-01,,,
2023,수원시,영통구청,2023-06-04 16:02,영통동 매영로365번길,주행형,2023-12-01,,,
2023,수원시,영통구청,2023-06-04 16:02,영통동 매영로365번길,주행형,2023-12-01,,,
2023,수원시,영통구청,2023-06-04 16:02,영통동 매영로365번길,주행형,2023-12-01,,,
2023,수원시,영통구청,2023-06-04 16:02,영통동 매영로365번길,주행형,2023-12-01,,,
2023,수원시,영통구청,2023-06-04 16:02,영통동 매영로365번길,주행형,2023-12-01,,,
2023,수원시,영통구청,2023-06-04 16:02,영통동 매영로365번길,주행형,2023-12-01,,,
2023,수원시,영통구청,2023-06-04 16:02,영통동 매영로365번길,주행형,2023-12-01,,,
2023,수원시,영통구청,2023-06-04 16:02,영통동 매영로365번길,주행형,2023-12-01,,,
2023,수원시,영통구청,2023-06-04 16:04,영통동 매영로365번길,주행형,2023-12-01,,,
2023,수원시,영통구청,2023-06-04 16:04,영통동 매영로365번길,주행형,2023-12-01,,,
2023,수원시,영통구청,2023-06-04 16:04,영통동 매영로365번길,주행형,2023-12-01,,,
2023,수원시,영통구청,2023-06-04 16:04,영통동 매영로365번길,주행형,2023-12-01,,,
2023,수원시,영통구청,2023-06-04 16:04,영통동 매영로365번길,주행형,2023-12-01,,,
2023,수원시,영통구청,2023-06-04 16:05,영통동 매영로365번길,주행형,2023-12-01,,,
2023,수원시,영통구청,2023-06-04 16:05,영통동 매영로365번길,주행형,2023-12-01,,,
2023,수원시,영통구청,2023-06-04 16:05,영통동 매영로365번길,주행형,2023-12-01,,,
2023,수원시,영통구청,2023-06-04 16:05,영통동 매영로365번길,주행형,2023-12-01,,,
2023,수원시,영통구청,2023-06-04 16:05,영통동 매영로365번길,주행형,2023-12-01,,,
2023,수원시,영통구청,2023-06-04 16:05,영통동 매영로365번길,주행형,2023-12-01,,,
2023,수원시,영통구청,2023-06-04 16:05,영통동 매영로365번길,주행형,2023-12-01,,,
2023,수원시,영통구청,2023-06-04 16:05,영통동 매영로365번길,주행형,2023-12-01,,,
2023,수원시,권선구청,2023-06-04 16:08,서둔동 가온팰리스옆2,고정형,2023-12-01,,,
2023,수원시,팔달구청,2023-06-04 16:10,매산동 팅스몰 주차장 출구 옆,고정형,2023-12-01,,,
2023,수원시,팔달구청,2023-06-04 16:12,매산동 역전농협,고정형,2023-12-01,,,
2023,수원시,팔달구청,2023-06-04 16:21,인계동 경인통계청,고정형,2023-12-01,,,
2023,수원시,팔달구청,2023-06-04 16:23,행궁동 화홍사랑채,고정형,2023-12-01,,,
2023,수원시,영통구청,2023-06-04 16:25,영통동 롯데마트 뒤,고정형,2023-12-01,37.27220279535416,127.10856729001851,
2023,수원시,권선구청,2023-06-04 16:27,금곡동 일신건영아파트 앞 놀이터,고정형,2023-12-01,,,
2023,수원시,권선구청,2023-06-04 16:30,서둔동 가온팰리스옆2,고정형,2023-12-01,,,
2023,수원시,권선구청,2023-06-04 16:30,서둔동 가온팰리스옆2,고정형,2023-12-01,,,
2023,수원시,팔달구청,2023-06-04 16:40,매산동 팅스몰 주차장 출구 옆,고정형,2023-12-01,,,
2023,수원시,팔달구청,2023-06-04 17:16,행궁동 화홍사랑채,고정형,2023-12-01,,,
2023,수원시,팔달구청,2023-06-04 17:16,행궁동 화홍사랑채,고정형,2023-12-01,,,
2023,수원시,권선구청,2023-06-04 17:21,권선동 NC터미널점 버스정류장 앞,고정형,2023-12-01,,,
2023,수원시,팔달구청,2023-06-04 18:13,화서1동 수원역푸르지오자이 북문 우측,고정형,2023-12-01,,,
2023,수원시,팔달구청,2023-06-04 18:38,매산동 팅스몰 주차장 출구 옆,고정형,2023-12-01,,,
2023,수원시,팔달구청,2023-06-04 18:40,매산동 팅스몰 주차장 출구 옆,고정형,2023-12-01,,,
2023,수원시,권선구청,2023-06-04 18:41,오목천동 527-5,국민신문고,2023-12-01,,,
2023,수원시,팔달구청,2023-06-04 18:48,고등동 고등동 180-170 교차로모퉁이,국민신문고,2023-12-01,,,
2023,수원시,팔달구청,2023-06-04 19:47,화서1동 수원역푸르지오자이 북문 우측,고정형,2023-12-01,,,
2023,수원시,팔달구청,2023-06-04 19:50,매산동 팅스몰 주차장 출구 옆,고정형,2023-12-01,,,
2023,수원시,팔달구청,2023-06-04 19:51,인계동 드림캐슬주상복합,고정형,2023-12-01,,,
2023,수원시,팔달구청,2023-06-04 19:53,매산동 팅스몰 주차장 출구 옆,고정형,2023-12-01,,,
2023,수원시,팔달구청,2023-06-04 20:01,매산동 팅스몰 주차장 출구 옆,고정형,2023-12-01,,,
2023,수원시,팔달구청,2023-06-04 20:06,매산동 팅스몰 주차장 출구 옆,고정형,2023-12-01,,,
2023,수원시,팔달구청,2023-06-04 20:11,인계동 드림캐슬주상복합,고정형,2023-12-01,,,
2023,수원시,팔달구청,2023-06-04 20:34,인계동 드림캐슬주상복합,고정형,2023-12-01,,,
2023,수원시,팔달구청,2023-06-05 7:32,매산동 팅스몰 주차장 출구 옆,고정형,2023-12-01,,,
2023,수원시,팔달구청,2023-06-05 7:32,매산동 팅스몰 주차장 출구 옆,고정형,2023-12-01,,,
2023,수원시,팔달구청,2023-06-05 7:34,인계동 경인통계청,고정형,2023-12-01,,,
2023,수원시,팔달구청,2023-06-05 7:39,매산동 팅스몰 주차장 출구 옆,고정형,2023-12-01,,,
2023,수원시,팔달구청,2023-06-05 8:33,화서1동 화서초등학교 둘레길 중간지점,고정형,2023-12-01,,,
2023,수원시,팔달구청,2023-06-05 8:33,화서1동 화서초등학교 둘레길 중간지점,고정형,2023-12-01,,,
2023,수원시,장안구청,2023-06-05 9:13,천천동 화산로163번길,주행형,2023-12-01,,,
2023,수원시,영통구청,2023-06-05 9:17,광교동 광교이의119안전센터,고정형,2023-12-01,,,
2023,수원시,팔달구청,2023-06-05 10:06,인계동 드림캐슬주상복합,고정형,2023-12-01,,,
2023,수원시,권선구청,2023-06-05 10:08,권선동 덕영대로1246번길,주행형,2023-12-01,,,
2023,수원시,팔달구청,2023-06-05 10:11,남수동 남수동 정조로796번길,주행형,2023-12-01,,,
2023,수원시,팔달구청,2023-06-05 10:16,인계동 인계동 매산로169,주행형,2023-12-01,,,
2023,수원시,팔달구청,2023-06-05 10:16,인계동 인계동 매산로169,주행형,2023-12-01,,,
2023,수원시,팔달구청,2023-06-05 10:16,인계동 인계동 매산로169,주행형,2023-12-01,,,
2023,수원시,팔달구청,2023-06-05 10:16,인계동 인계동 매산로169,주행형,2023-12-01,,,
2023,수원시,팔달구청,2023-06-05 10:16,인계동 인계동 매산로169,주행형,2023-12-01,,,
2023,수원시,팔달구청,2023-06-05 10:16,인계동 인계동 매산로169,주행형,2023-12-01,,,
2023,수원시,팔달구청,2023-06-05 10:16,인계동 인계동 매산로169,주행형,2023-12-01,,,
2023,수원시,팔달구청,2023-06-05 10:20,인계동 드림캐슬주상복합,고정형,2023-12-01,,,
2023,수원시,팔달구청,2023-06-05 12:31,화서1동 수원역푸르지오자이 북문 우측,고정형,2023-12-01,,,
2023,수원시,영통구청,2023-06-05 13:16,원천동 광교매원초등학교,고정형,2023-12-01,,,
2023,수원시,권선구청,2023-06-05 13:34,권선동 NC터미널점 버스정류장 앞,고정형,2023-12-01,,,
2023,수원시,영통구청,2023-06-05 13:37,광교동 광교웰빙타운한양수자인,고정형,2023-12-01,,,
2023,수원시,팔달구청,2023-06-05 14:18,남수동 남수동 정조로800번길,주행형,2023-12-01,,,
2023,수원시,팔달구청,2023-06-05 14:18,남수동 남수동 정조로800번길,주행형,2023-12-01,,,
2023,수원시,영통구청,2023-06-05 14:30,영통동 매영로365번길,주행형,2023-12-01,,,
2023,수원시,팔달구청,2023-06-05 14:36,매산동 팅스몰 주차장 출구 옆,고정형,2023-12-01,,,
2023,수원시,팔달구청,2023-06-05 14:36,매산동 팅스몰 주차장 출구 옆,고정형,2023-12-01,,,
2023,수원시,팔달구청,2023-06-05 14:44,행궁동 화홍사랑채,고정형,2023-12-01,,,
2023,수원시,팔달구청,2023-06-05 15:01,고등동 수원초등학교 정문 좌측 사거리,고정형,2023-12-01,,,
2023,수원시,팔달구청,2023-06-05 15:16,화서1동 수원역푸르지오자이 북문 우측,고정형,2023-12-01,,,
2023,수원시,팔달구청,2023-06-05 15:49,인계동 드림캐슬주상복합,고정형,2023-12-01,,,
2023,수원시,팔달구청,2023-06-05 15:55,인계동 드림캐슬주상복합,고정형,2023-12-01,,,
2023,수원시,권선구청,2023-06-05 15:59,평동 수원역고가밑 (애경뒷길),고정형,2023-12-01,,,
2023,수원시,권선구청,2023-06-05 16:17,호매실동 금호프라자 대각 맞은편,고정형,2023-12-01,,,
2023,수원시,권선구청,2023-06-05 16:17,호매실동 금호프라자 대각 맞은편(고형형),보행,2023-12-01,,,
2023,수원시,팔달구청,2023-06-05 16:26,북수동 쌈지공원 앞,고정형,2023-12-01,,,
2023,수원시,팔달구청,2023-06-05 16:45,화서1동 푸르지오자이 북문 CU 앞 횡단보도,고정형,2023-12-01,,,
2023,수원시,팔달구청,2023-06-05 16:49,고등동 수원초등학교 정문 좌측 사거리,고정형,2023-12-01,,,
2023,수원시,영통구청,2023-06-05 16:52,이의동 드림스퀘어Ⅱ 앞,고정형,2023-12-01,,,
2023,수원시,팔달구청,2023-06-05 16:55,화서1동 수원역푸르지오자이 북문 우측,고정형,2023-12-01,,,
2023,수원시,팔달구청,2023-06-05 17:22,매산동 역전농협,고정형,2023-12-01,,,
2023,수원시,팔달구청,2023-06-05 17:22,북수동 쌈지공원 앞,고정형,2023-12-01,,,
2023,수원시,팔달구청,2023-06-05 17:32,매산동 팅스몰 주차장 출구 옆,고정형,2023-12-01,,,
2023,수원시,영통구청,2023-06-05 18:33,원천동 삼성전자중문,고정형,2023-12-01,,,
2023,수원시,팔달구청,2023-06-05 19:06,인계동 드림캐슬주상복합,고정형,2023-12-01,,,
2023,수원시,팔달구청,2023-06-05 19:14,인계동 드림캐슬주상복합,고정형,2023-12-01,,,
2023,수원시,팔달구청,2023-06-05 19:25,화서1동 수원역푸르지오자이 북문 우측,고정형,2023-12-01,,,
2023,수원시,팔달구청,2023-06-05 20:04,화서1동 수원역푸르지오자이 북문 우측,고정형,2023-12-01,,,
2023,수원시,팔달구청,2023-06-05 20:10,매산동 팅스몰 주차장 출구 옆,고정형,2023-12-01,,,
2023,수원시,팔달구청,2023-06-05 20:28,인계동 팔달로 10번길 8,고정형,2023-12-01,,,
2023,수원시,팔달구청,2023-06-05 20:33,화서1동 수원역푸르지오자이 북문 우측,고정형,2023-12-01,,,
2023,수원시,팔달구청,2023-06-05 21:38,인계동 드림캐슬주상복합,고정형,2023-12-01,,,
2023,수원시,팔달구청,2023-06-05 21:40,인계동 드림캐슬주상복합,고정형,2023-12-01,,,
2023,수원시,권선구청,2023-06-06 0:34,오목천동 527-5,국민신문고,2023-12-01,,,
2023,수원시,팔달구청,2023-06-06 7:10,화서1동 수원역푸르지오자이 북문 우측,고정형,2023-12-01,,,
2023,수원시,영통구청,2023-06-06 7:11,광교동 광교 덴티움지식산업센터 앞 사거리,고정형,2023-12-01,,,
2023,수원시,팔달구청,2023-06-06 7:33,매산동 팅스몰 주차장 출구 옆,고정형,2023-12-01,,,
2023,수원시,팔달구청,2023-06-06 7:33,매산동 팅스몰 주차장 출구 옆,고정형,2023-12-01,,,
2023,수원시,팔달구청,2023-06-06 7:33,매산동 팅스몰 주차장 출구 옆,고정형,2023-12-01,,,
2023,수원시,팔달구청,2023-06-06 7:38,인계동 한국씨티은행,고정형,2023-12-01,,,
2023,수원시,팔달구청,2023-06-06 7:43,인계동 경인통계청,고정형,2023-12-01,,,
2023,수원시,팔달구청,2023-06-06 7:43,화서1동 푸르지오자이 북문 CU 앞 횡단보도,고정형,2023-12-01,,,
2023,수원시,권선구청,2023-06-06 7:56,오목천동 527-5,국민신문고,2023-12-01,,,
2023,수원시,팔달구청,2023-06-06 8:02,북수동 쌈지공원 앞,고정형,2023-12-01,,,
2023,수원시,팔달구청,2023-06-06 8:52,인계동 한국씨티은행,고정형,2023-12-01,,,
2023,수원시,영통구청,2023-06-06 9:21,망포동 국민은행신영통지점(태장동),고정형,2023-12-01,,,
2023,수원시,팔달구청,2023-06-06 9:21,매산동 팅스몰 주차장 출구 옆,고정형,2023-12-01,,,
2023,수원시,팔달구청,2023-06-06 9:24,인계동 경인통계청,고정형,2023-12-01,,,
2023,수원시,팔달구청,2023-06-06 9:43,인계동 경인통계청,고정형,2023-12-01,,,
2023,수원시,영통구청,2023-06-06 9:59,망포동 힐스테이트 119동 ~방죽공원 삼거리,고정형,2023-12-01,,,
2023,수원시,영통구청,2023-06-06 9:59,망포동 힐스테이트 119동 ~방죽공원 삼거리,고정형,2023-12-01,,,
2023,수원시,팔달구청,2023-06-06 10:01,인계동 경인통계청,고정형,2023-12-01,,,
2023,수원시,팔달구청,2023-06-06 10:11,경기도수원시팔달구인계동 수원시 팔달구 매교동 288-934,보행,2023-12-01,,,
2023,수원시,팔달구청,2023-06-06 10:17,경기도수원시팔달구인계동 수원시 팔달구 고등동 62-1,보행,2023-12-01,,,
2023,수원시,팔달구청,2023-06-06 10:25,인계동 경인통계청,고정형,2023-12-01,,,
2023,수원시,영통구청,2023-06-06 11:01,영통동 롯데마트 뒤,고정형,2023-12-01,37.27220279535416,127.10856729001851,
2023,수원시,영통구청,2023-06-06 13:36,영통동 285.34,주행형,2023-12-01,,,
2023,수원시,영통구청,2023-06-06 13:36,영통동 284.97,주행형,2023-12-01,,,
2023,수원시,영통구청,2023-06-06 13:36,영통동 287.24,주행형,2023-12-01,,,
2023,수원시,영통구청,2023-06-06 13:37,영통동 247.68,주행형,2023-12-01,,,
2023,수원시,영통구청,2023-06-06 13:37,영통동 262.47,주행형,2023-12-01,,,
2023,수원시,영통구청,2023-06-06 13:37,영통동 271.36,주행형,2023-12-01,,,
2023,수원시,영통구청,2023-06-06 13:37,영통동 270.99,주행형,2023-12-01,,,
2023,수원시,영통구청,2023-06-06 13:37,영통동 268.27,주행형,2023-12-01,,,
2023,수원시,영통구청,2023-06-06 13:37,영통동 269.13,주행형,2023-12-01,,,
2023,수원시,영통구청,2023-06-06 13:37,영통동 283.52,주행형,2023-12-01,,,
2023,수원시,영통구청,2023-06-06 13:37,영통동 293.77,주행형,2023-12-01,,,
2023,수원시,영통구청,2023-06-06 13:45,영통동 91.59,주행형,2023-12-01,,,
2023,수원시,영통구청,2023-06-06 13:45,영통동 90.42,주행형,2023-12-01,,,
2023,수원시,영통구청,2023-06-06 13:45,영통동 92.04,주행형,2023-12-01,,,
2023,수원시,영통구청,2023-06-06 13:45,영통동 91.58,주행형,2023-12-01,,,
2023,수원시,영통구청,2023-06-06 13:45,영통동 91.08,주행형,2023-12-01,,,
2023,수원시,영통구청,2023-06-06 13:45,영통동 83.7,주행형,2023-12-01,,,
2023,수원시,영통구청,2023-06-06 13:45,영통동 75.42,주행형,2023-12-01,,,
2023,수원시,영통구청,2023-06-06 13:45,영통동 65.29,주행형,2023-12-01,,,
2023,수원시,영통구청,2023-06-06 13:46,영통동 88.69,주행형,2023-12-01,,,
2023,수원시,영통구청,2023-06-06 14:05,이의동 광교가재울마을사거리,고정형,2023-12-01,,,
2023,수원시,팔달구청,2023-06-06 14:06,행궁동 팔달문 버스정류장,고정형,2023-12-01,,,
2023,수원시,영통구청,2023-06-06 14:25,영통동 매영로365번길,주행형,2023-12-01,,,
2023,수원시,영통구청,2023-06-06 14:25,영통동 매영로365번길,주행형,2023-12-01,,,
2023,수원시,영통구청,2023-06-06 14:25,영통동 매영로365번길,주행형,2023-12-01,,,
2023,수원시,영통구청,2023-06-06 14:25,영통동 매영로365번길,주행형,2023-12-01,,,
2023,수원시,영통구청,2023-06-06 14:25,영통동 매영로365번길,주행형,2023-12-01,,,
2023,수원시,영통구청,2023-06-06 14:25,영통동 매영로365번길,주행형,2023-12-01,,,
2023,수원시,영통구청,2023-06-06 14:25,영통동 매영로365번길,주행형,2023-12-01,,,
2023,수원시,영통구청,2023-06-06 14:25,영통동 매영로365번길,주행형,2023-12-01,,,
2023,수원시,영통구청,2023-06-06 14:25,영통동 매영로365번길,주행형,2023-12-01,,,
2023,수원시,팔달구청,2023-06-06 14:33,매산동 팅스몰 주차장 출구 옆,고정형,2023-12-01,,,
2023,수원시,팔달구청,2023-06-06 14:33,북수동 쌈지공원 앞,고정형,2023-12-01,,,
2023,수원시,팔달구청,2023-06-06 14:33,매산동 팅스몰 주차장 출구 옆,고정형,2023-12-01,,,
2023,수원시,팔달구청,2023-06-06 14:33,매산동 팔달로 10번길 8,고정형,2023-12-01,,,
2023,수원시,팔달구청,2023-06-06 14:35,인계동 경인통계청,고정형,2023-12-01,,,
2023,수원시,팔달구청,2023-06-06 14:35,행궁동 화홍사랑채,고정형,2023-12-01,,,
2023,수원시,팔달구청,2023-06-06 14:38,인계동 드림캐슬주상복합,고정형,2023-12-01,,,
2023,수원시,팔달구청,2023-06-06 14:42,매산동 팅스몰 주차장 출구 옆,고정형,2023-12-01,,,
2023,수원시,팔달구청,2023-06-06 15:02,남수동 남수동 정조로810번길,주행형,2023-12-01,,,
2023,수원시,팔달구청,2023-06-06 15:04,행궁동 화홍사랑채,고정형,2023-12-01,,,
2023,수원시,팔달구청,2023-06-06 15:05,남수동 남수동 정조로796번길,주행형,2023-12-01,,,
2023,수원시,팔달구청,2023-06-06 15:05,남수동 남수동 정조로796번길,주행형,2023-12-01,,,
2023,수원시,영통구청,2023-06-06 15:09,광교동 광교 덴티움지식산업센터 앞 사거리,고정형,2023-12-01,,,
2023,수원시,팔달구청,2023-06-06 15:10,매산동 팅스몰 주차장 출구 옆,고정형,2023-12-01,,,
2023,수원시,팔달구청,2023-06-06 15:18,행궁동 화홍사랑채,고정형,2023-12-01,,,
2023,수원시,영통구청,2023-06-06 15:18,광교동 광교이의119안전센터,고정형,2023-12-01,,,
2023,수원시,권선구청,2023-06-06 15:33,평동 수원역고가밑 정류장,고정형,2023-12-01,,,
2023,수원시,팔달구청,2023-06-06 15:34,매산동 팅스몰 주차장 출구 옆,고정형,2023-12-01,,,
2023,수원시,팔달구청,2023-06-06 15:36,북수동 쌈지공원 앞,고정형,2023-12-01,,,
2023,수원시,팔달구청,2023-06-06 15:36,인계동 드림캐슬주상복합,고정형,2023-12-01,,,
2023,수원시,권선구청,2023-06-06 15:44,서둔동 롯데마트 하역장입구,고정형,2023-12-01,,,
2023,수원시,팔달구청,2023-06-06 15:44,북수동 쌈지공원 앞,고정형,2023-12-01,,,
2023,수원시,팔달구청,2023-06-06 15:46,화서1동 수원역푸르지오자이 북문 우측,고정형,2023-12-01,,,
2023,수원시,팔달구청,2023-06-06 15:46,화서1동 수원역푸르지오자이 북문 우측,고정형,2023-12-01,,,
2023,수원시,팔달구청,2023-06-06 15:52,인계동 드림캐슬주상복합,고정형,2023-12-01,,,
2023,수원시,영통구청,2023-06-06 15:57,경기도수원시영통구하동 수원시 영통구 하동 147,보행,2023-12-01,,,
2023,수원시,팔달구청,2023-06-06 16:05,행궁동 화홍사랑채,고정형,2023-12-01,,,
2023,수원시,팔달구청,2023-06-06 16:37,매산동 팅스몰 주차장 출구 옆,고정형,2023-12-01,,,
2023,수원시,팔달구청,2023-06-06 16:37,매산동 팅스몰 주차장 출구 옆,고정형,2023-12-01,,,
2023,수원시,팔달구청,2023-06-06 16:37,매교동 매교동 287-110 소화전,국민신문고,2023-12-01,,,
2023,수원시,팔달구청,2023-06-06 16:37,매교동 매교동 287-110 소화전,국민신문고,2023-12-01,,,
2023,수원시,팔달구청,2023-06-06 16:38,매교동 매교동 114-89 횡단보도,국민신문고,2023-12-01,,,
2023,수원시,팔달구청,2023-06-06 16:39,매산동 팅스몰 주차장 출구 옆,고정형,2023-12-01,,,
2023,수원시,영통구청,2023-06-06 17:06,영통동 보보스스포츠센터앞,고정형,2023-12-01,,,
2023,수원시,팔달구청,2023-06-06 17:11,고등동 고등동 215-47 소화전,국민신문고,2023-12-01,,,
2023,수원시,영통구청,2023-06-06 17:16,광교동 광교웰빙타운한양수자인,고정형,2023-12-01,,,
2023,수원시,팔달구청,2023-06-06 17:16,화서1동 수원역푸르지오자이 북문 우측,고정형,2023-12-01,,,
2023,수원시,팔달구청,2023-06-06 17:31,매산동 역전농협,고정형,2023-12-01,,,
2023,수원시,팔달구청,2023-06-06 17:31,매산동 역전농협,고정형,2023-12-01,,,
2023,수원시,팔달구청,2023-06-06 17:49,매산동 팅스몰 주차장 출구 옆,고정형,2023-12-01,,,
2023,수원시,팔달구청,2023-06-06 17:53,매산동 팅스몰 주차장 출구 옆,고정형,2023-12-01,,,
2023,수원시,팔달구청,2023-06-06 17:57,매산동 팅스몰 주차장 출구 옆,고정형,2023-12-01,,,
2023,수원시,팔달구청,2023-06-06 18:11,행궁동 팔달문 버스정류장,고정형,2023-12-01,,,
2023,수원시,팔달구청,2023-06-06 18:11,인계동 수원역푸르지오자이 북문 우측,고정형,2023-12-01,,,
2023,수원시,팔달구청,2023-06-06 18:14,매산동 팅스몰 주차장 출구 옆,고정형,2023-12-01,,,
2023,수원시,팔달구청,2023-06-06 18:23,매산동 팔달로 10번길 8,고정형,2023-12-01,,,
2023,수원시,팔달구청,2023-06-06 18:53,매산동 팅스몰 주차장 출구 옆,고정형,2023-12-01,,,
2023,수원시,팔달구청,2023-06-06 18:59,행궁동 팔달문 버스정류장,고정형,2023-12-01,,,
2023,수원시,영통구청,2023-06-06 19:06,망포동 힐스테이트 119동 ~방죽공원 삼거리,고정형,2023-12-01,,,
2023,수원시,팔달구청,2023-06-06 19:20,매산동 팅스몰 주차장 출구 옆,고정형,2023-12-01,,,
2023,수원시,팔달구청,2023-06-06 19:35,인계동 드림캐슬주상복합,고정형,2023-12-01,,,
2023,수원시,영통구청,2023-06-06 19:47,이의동 광교가재울마을사거리,고정형,2023-12-01,,,
2023,수원시,영통구청,2023-06-06 19:51,원천동 광교매원초등학교,고정형,2023-12-01,,,
2023,수원시,팔달구청,2023-06-06 19:58,화서1동 푸르지오자이 북문 CU 앞 횡단보도,고정형,2023-12-01,,,
2023,수원시,팔달구청,2023-06-06 20:32,매산동 팅스몰 주차장 출구 옆,고정형,2023-12-01,,,
2023,수원시,팔달구청,2023-06-06 20:53,인계동 드림캐슬주상복합,고정형,2023-12-01,,,
2023,수원시,팔달구청,2023-06-06 21:22,화서1동 수원역푸르지오자이 북문 우측,고정형,2023-12-01,,,
2023,수원시,권선구청,2023-06-07 5:50,곡반정동 562-2,국민신문고,2023-12-01,,,
2023,수원시,팔달구청,2023-06-07 7:33,매산동 팅스몰 주차장 출구 옆,고정형,2023-12-01,,,
2023,수원시,팔달구청,2023-06-07 7:33,매산동 팅스몰 주차장 출구 옆,고정형,2023-12-01,,,
2023,수원시,팔달구청,2023-06-07 7:33,매산동 팅스몰 주차장 출구 옆,고정형,2023-12-01,,,
2023,수원시,팔달구청,2023-06-07 7:33,매산동 팅스몰 주차장 출구 옆,고정형,2023-12-01,,,
2023,수원시,팔달구청,2023-06-07 7:34,인계동 경인통계청,고정형,2023-12-01,,,
2023,수원시,팔달구청,2023-06-07 8:41,화서1동 수원역푸르지오자이 북문 우측,고정형,2023-12-01,,,
2023,수원시,팔달구청,2023-06-07 9:23,북수동 쌈지공원 앞,고정형,2023-12-01,,,
2023,수원시,영통구청,2023-06-07 9:51,이의동 광교가재울마을사거리,고정형,2023-12-01,,,
2023,수원시,팔달구청,2023-06-07 10:13,팔달로2가 팔달로2가 정조로796번길,주행형,2023-12-01,,,
2023,수원시,팔달구청,2023-06-07 10:22,북수동 쌈지공원 앞,고정형,2023-12-01,,,
2023,수원시,장안구청,2023-06-07 10:44,경기도수원시장안구이목동 수원시 장안구 이목동 330,보행,2023-12-01,,,
2023,수원시,장안구청,2023-06-07 10:46,경기도수원시장안구이목동 수원시 장안구 이목동 338,보행,2023-12-01,,,
2023,수원시,장안구청,2023-06-07 10:48,경기도수원시장안구이목동 수원시 장안구 이목동 330,보행,2023-12-01,,,
2023,수원시,장안구청,2023-06-07 10:49,경기도수원시장안구이목동 수원시 장안구 이목동 330,보행,2023-12-01,,,
2023,수원시,장안구청,2023-06-07 10:51,경기도수원시장안구이목동 수원시 장안구 이목동 330,보행,2023-12-01,,,
2023,수원시,장안구청,2023-06-07 10:53,경기도수원시장안구이목동 수원시 장안구 이목동 330,보행,2023-12-01,,,
2023,수원시,팔달구청,2023-06-07 10:57,화서동 우만초등학교 정문 앞 삼거리,고정형,2023-12-01,,,
2023,수원시,영통구청,2023-06-07 12:16,이의동 광교가재울마을사거리,고정형,2023-12-01,,,
2023,수원시,영통구청,2023-06-07 13:26,광교동 광교웰빙타운한양수자인,고정형,2023-12-01,,,
2023,수원시,영통구청,2023-06-07 13:33,하동 광교호반마을한양수자인,고정형,2023-12-01,,,
2023,수원시,팔달구청,2023-06-07 14:15,팔달로2가 팔달로2가 정조로796번길,주행형,2023-12-01,,,
2023,수원시,팔달구청,2023-06-07 14:15,팔달로2가 팔달로2가 정조로796번길,주행형,2023-12-01,,,
2023,수원시,팔달구청,2023-06-07 14:15,팔달로2가 팔달로2가 정조로796번길,주행형,2023-12-01,,,
2023,수원시,팔달구청,2023-06-07 14:15,남수동 남수동 정조로796번길,주행형,2023-12-01,,,
2023,수원시,팔달구청,2023-06-07 14:15,남수동 남수동 정조로796번길,주행형,2023-12-01,,,
2023,수원시,권선구청,2023-06-07 14:19,권선동 NC터미널점 버스정류장 앞,고정형,2023-12-01,,,
2023,수원시,팔달구청,2023-06-07 14:33,인계동 드림캐슬주상복합,고정형,2023-12-01,,,
2023,수원시,팔달구청,2023-06-07 14:33,인계동 드림캐슬주상복합,고정형,2023-12-01,,,
2023,수원시,팔달구청,2023-06-07 14:34,인계동 경인통계청,고정형,2023-12-01,,,
2023,수원시,팔달구청,2023-06-07 14:35,우만동 우만동 월드컵로366번길,주행형,2023-12-01,,,
2023,수원시,팔달구청,2023-06-07 14:36,우만동 우만동 월드컵로366번길,주행형,2023-12-01,,,
2023,수원시,팔달구청,2023-06-07 14:36,우만동 우만동 월드컵로366번길,주행형,2023-12-01,,,
2023,수원시,팔달구청,2023-06-07 14:36,우만동 우만동 월드컵로366번길,주행형,2023-12-01,,,
2023,수원시,팔달구청,2023-06-07 14:36,우만동 우만동 월드컵로366번길,주행형,2023-12-01,,,
2023,수원시,권선구청,2023-06-07 14:42,경기도수원시권선구호매실동 수원시 권선구 호매실동 5-9,보행,2023-12-01,,,
2023,수원시,영통구청,2023-06-07 15:08,이의동 드림스퀘어Ⅱ 앞,고정형,2023-12-01,,,
2023,수원시,영통구청,2023-06-07 15:22,광교동 광교이의119안전센터,고정형,2023-12-01,,,
2023,수원시,팔달구청,2023-06-07 15:24,화서1동 수원역푸르지오자이 북문 우측,고정형,2023-12-01,,,
2023,수원시,팔달구청,2023-06-07 15:31,인계동 드림캐슬주상복합,고정형,2023-12-01,,,
2023,수원시,팔달구청,2023-06-07 15:36,매교동 매교동 120-9 소화전,국민신문고,2023-12-01,,,
2023,수원시,팔달구청,2023-06-07 15:49,화서1동 수원역푸르지오자이 북문 우측,고정형,2023-12-01,,,
2023,수원시,팔달구청,2023-06-07 15:59,교동 수원향교 앞 팔달보건소 뒤,고정형,2023-12-01,,,
2023,수원시,팔달구청,2023-06-07 16:18,화서1동 수원역푸르지오자이 북문 우측,고정형,2023-12-01,,,
2023,수원시,영통구청,2023-06-07 16:29,이의동 드림스퀘어Ⅱ 앞,고정형,2023-12-01,,,
2023,수원시,팔달구청,2023-06-07 16:47,화서1동 푸르지오자이 북문 CU 앞 횡단보도,고정형,2023-12-01,,,
2023,수원시,팔달구청,2023-06-07 16:47,화서1동 푸르지오자이 북문 CU 앞 횡단보도,고정형,2023-12-01,,,
2023,수원시,팔달구청,2023-06-07 16:47,매산동 팔달로 10번길 8,고정형,2023-12-01,,,
2023,수원시,권선구청,2023-06-07 16:59,권선동 NC터미널점 버스정류장 앞,고정형,2023-12-01,,,
2023,수원시,영통구청,2023-06-07 17:22,이의동 드림스퀘어Ⅱ 앞,고정형,2023-12-01,,,
2023,수원시,팔달구청,2023-06-07 17:35,화서1동 푸르지오자이 북문 CU 앞 횡단보도,고정형,2023-12-01,,,
2023,수원시,권선구청,2023-06-07 17:35,서둔동 롯데몰9번출구앞주변,고정형,2023-12-01,,,
2023,수원시,팔달구청,2023-06-07 17:41,화서1동 수원역푸르지오자이 북문 우측,고정형,2023-12-01,,,
2023,수원시,팔달구청,2023-06-07 17:54,인계동 드림캐슬주상복합,고정형,2023-12-01,,,
2023,수원시,팔달구청,2023-06-07 18:30,매산동 팅스몰 주차장 출구 옆,고정형,2023-12-01,,,
2023,수원시,팔달구청,2023-06-07 18:49,인계동 드림캐슬주상복합,고정형,2023-12-01,,,
2023,수원시,영통구청,2023-06-07 18:57,원천동 삼성전자중문,고정형,2023-12-01,,,
2023,수원시,권선구청,2023-06-07 18:59,곡반정동 562-7,국민신문고,2023-12-01,,,
2023,수원시,팔달구청,2023-06-07 19:16,화서1동 수원역푸르지오자이 북문 우측,고정형,2023-12-01,,,
2023,수원시,팔달구청,2023-06-07 19:48,화서1동 수원역푸르지오자이 북문 우측,고정형,2023-12-01,,,
2023,수원시,영통구청,2023-06-07 20:55,영통구 서촌동 1,주민신고제,2023-12-01,,,
2023,수원시,권선구청,2023-06-08 7:12,곡반정동 562-2,국민신문고,2023-12-01,,,
2023,수원시,권선구청,2023-06-08 7:20,곡반정동 562-2,국민신문고,2023-12-01,,,
2023,수원시,권선구청,2023-06-08 7:20,곡반정동 562-2,국민신문고,2023-12-01,,,
2023,수원시,팔달구청,2023-06-08 7:34,매산동 팅스몰 주차장 출구 옆,고정형,2023-12-01,,,
2023,수원시,팔달구청,2023-06-08 7:34,매산동 팅스몰 주차장 출구 옆,고정형,2023-12-01,,,
2023,수원시,권선구청,2023-06-08 8:02,곡반정동 하나로마트한국빌딩앞,고정형,2023-12-01,,,
2023,수원시,팔달구청,2023-06-08 8:02,인계동 경인통계청,고정형,2023-12-01,,,
2023,수원시,권선구청,2023-06-08 8:03,곡반정동 하나로마트한국빌딩앞,고정형,2023-12-01,,,
2023,수원시,권선구청,2023-06-08 8:03,곡선동 휴먼푸드 인근,고정형,2023-12-01,,,
2023,수원시,권선구청,2023-06-08 8:04,곡반정동 하나로마트한국빌딩앞,고정형,2023-12-01,,,
2023,수원시,권선구청,2023-06-08 8:06,서둔동 가온팰리스옆1,고정형,2023-12-01,,,
2023,수원시,권선구청,2023-06-08 8:07,권선2동 곡정초교 정문 좌측 사거리,고정형,2023-12-01,,,
2023,수원시,권선구청,2023-06-08 8:09,서둔동 가온팰리스옆2,고정형,2023-12-01,,,
2023,수원시,권선구청,2023-06-08 8:17,서둔동 가온팰리스옆2,고정형,2023-12-01,,,
2023,수원시,권선구청,2023-06-08 8:17,서둔동 가온팰리스옆2,고정형,2023-12-01,,,
2023,수원시,팔달구청,2023-06-08 8:30,매산동 팅스몰 주차장 출구 옆,고정형,2023-12-01,,,
2023,수원시,권선구청,2023-06-08 8:40,권선2동 곡정초교 정문 좌측 사거리,고정형,2023-12-01,,,
2023,수원시,팔달구청,2023-06-08 8:46,매산동 팅스몰 주차장 출구 옆,고정형,2023-12-01,,,
2023,수원시,권선구청,2023-06-08 9:06,서둔동 가온팰리스옆1,고정형,2023-12-01,,,
2023,수원시,권선구청,2023-06-08 9:10,구운동 구운동 명품닭갈비,고정형,2023-12-01,,,
2023,수원시,권선구청,2023-06-08 9:13,입북동 당수초교 정문 우측 사거리,고정형,2023-12-01,,,
2023,수원시,영통구청,2023-06-08 9:25,이의동 부함식당 앞,고정형,2023-12-01,,,
2023,수원시,영통구청,2023-06-08 9:25,이의동 부함식당 앞,고정형,2023-12-01,,,
2023,수원시,권선구청,2023-06-08 9:44,입북동 당수초교 정문 우측 사거리,고정형,2023-12-01,,,
2023,수원시,권선구청,2023-06-08 9:53,권선동 NC터미널점 버스정류장 앞,고정형,2023-12-01,,,
2023,수원시,권선구청,2023-06-08 9:56,서둔동 가온팰리스옆1,고정형,2023-12-01,,,
2023,수원시,팔달구청,2023-06-08 10:15,경기도수원시팔달구남창동 수원시 팔달구 매산로151번길20,보행,2023-12-01,,,
2023,수원시,팔달구청,2023-06-08 10:16,경기도수원시팔달구남창동 수원시 팔달구 매산로151번길20,보행,2023-12-01,,,
2023,수원시,권선구청,2023-06-08 10:19,서둔동 가온팰리스옆2,고정형,2023-12-01,,,
2023,수원시,팔달구청,2023-06-08 10:22,화서1동 수원역푸르지오자이 북문 우측,고정형,2023-12-01,,,
2023,수원시,팔달구청,2023-06-08 10:22,북수동 쌈지공원 앞,고정형,2023-12-01,,,
2023,수원시,영통구청,2023-06-08 10:33,영통동 롯데마트 뒤,고정형,2023-12-01,37.27220279535416,127.10856729001851,
2023,수원시,영통구청,2023-06-08 10:39,망포동 E-마트 에브리데이 앞,고정형,2023-12-01,37.2361017468141,127.060345496536,
2023,수원시,권선구청,2023-06-08 10:45,입북동 당수초교 정문 우측 사거리,고정형,2023-12-01,,,
2023,수원시,팔달구청,2023-06-08 10:50,행궁동 팔달문 버스정류장,고정형,2023-12-01,,,
2023,수원시,팔달구청,2023-06-08 11:00,교동 수원향교 앞 팔달보건소 뒤,고정형,2023-12-01,,,
2023,수원시,권선구청,2023-06-08 11:21,곡반정동 562-2,국민신문고,2023-12-01,,,
2023,수원시,권선구청,2023-06-08 11:35,구운동 구운초교 정문 우측 삼거리,고정형,2023-12-01,,,
2023,수원시,권선구청,2023-06-08 11:58,입북동 당수초교 정문 우측 사거리,고정형,2023-12-01,,,
2023,수원시,팔달구청,2023-06-08 12:38,매산동 역전농협,고정형,2023-12-01,,,
2023,수원시,팔달구청,2023-06-08 13:03,화서1동 수원역푸르지오자이 북문 우측,고정형,2023-12-01,,,
2023,수원시,권선구청,2023-06-08 13:40,권선동 NC터미널점 버스정류장 앞,고정형,2023-12-01,,,
2023,수원시,팔달구청,2023-06-08 14:20,고등동 수원초등학교 정문 좌측 사거리,고정형,2023-12-01,,,
2023,수원시,영통구청,2023-06-08 14:22,망포동 영통로27번길,주행형,2023-12-01,,,
2023,수원시,영통구청,2023-06-08 14:22,망포동 영통로27번길,주행형,2023-12-01,,,
2023,수원시,영통구청,2023-06-08 14:22,망포동 영통로27번길,주행형,2023-12-01,,,
2023,수원시,팔달구청,2023-06-08 14:23,행궁동 팔달문 버스정류장,고정형,2023-12-01,,,
2023,수원시,팔달구청,2023-06-08 14:23,매산동 역전농협,고정형,2023-12-01,,,
2023,수원시,팔달구청,2023-06-08 14:23,매산동 역전농협,고정형,2023-12-01,,,
2023,수원시,팔달구청,2023-06-08 14:29,고등동 수원초등학교 정문 좌측 사거리,고정형,2023-12-01,,,
2023,수원시,권선구청,2023-06-08 14:32,서둔동 가온팰리스옆2,고정형,2023-12-01,,,
2023,수원시,권선구청,2023-06-08 14:36,곡선동 휴먼푸드 인근,고정형,2023-12-01,,,
2023,수원시,권선구청,2023-06-08 14:36,서둔동 가온팰리스옆2,고정형,2023-12-01,,,
2023,수원시,팔달구청,2023-06-08 14:36,행궁동 화홍사랑채,고정형,2023-12-01,,,
2023,수원시,팔달구청,2023-06-08 14:36,인계동 한국씨티은행,고정형,2023-12-01,,,
2023,수원시,영통구청,2023-06-08 14:53,망포동 힐스테이트 119동 ~방죽공원 삼거리,고정형,2023-12-01,,,
2023,수원시,팔달구청,2023-06-08 14:56,매산동 팔달로 10번길 8,고정형,2023-12-01,,,
2023,수원시,권선구청,2023-06-08 15:04,서둔동 가온팰리스옆2,고정형,2023-12-01,,,
2023,수원시,권선구청,2023-06-08 15:04,서둔동 가온팰리스옆2,고정형,2023-12-01,,,
2023,수원시,팔달구청,2023-06-08 15:06,인계동 경인통계청,고정형,2023-12-01,,,
2023,수원시,권선구청,2023-06-08 15:39,호매실동 금호프라자 대각 맞은편,고정형,2023-12-01,,,
2023,수원시,권선구청,2023-06-08 15:44,입북동 당수초교 정문 우측 사거리,고정형,2023-12-01,,,
2023,수원시,권선구청,2023-06-08 15:52,서둔동 가온팰리스옆2,고정형,2023-12-01,,,
2023,수원시,팔달구청,2023-06-08 15:57,인계동 경인통계청,고정형,2023-12-01,,,
2023,수원시,팔달구청,2023-06-08 16:24,인계동 경인통계청,고정형,2023-12-01,,,
2023,수원시,권선구청,2023-06-08 16:35,입북동 당수초교 정문 우측 사거리,고정형,2023-12-01,,,
2023,수원시,팔달구청,2023-06-08 16:44,인계동 드림캐슬주상복합,고정형,2023-12-01,,,
2023,수원시,권선구청,2023-06-08 16:51,서둔동 롯데몰9번출구앞주변,고정형,2023-12-01,,,
2023,수원시,권선구청,2023-06-08 16:53,서둔동 가온팰리스옆1,고정형,2023-12-01,,,
2023,수원시,팔달구청,2023-06-08 17:03,화서1동 수원역푸르지오자이 북문 우측,고정형,2023-12-01,,,
2023,수원시,팔달구청,2023-06-08 17:05,화서동 푸르지오자이 북문 CU 앞 횡단보도,고정형,2023-12-01,,,
2023,수원시,권선구청,2023-06-08 17:06,세류3동 신곡초교 후문 좌측 사거리,고정형,2023-12-01,,,
2023,수원시,팔달구청,2023-06-08 17:16,화서1동 수원역푸르지오자이 북문 우측,고정형,2023-12-01,,,
2023,수원시,팔달구청,2023-06-08 17:24,북수동 쌈지공원 앞,고정형,2023-12-01,,,
2023,수원시,권선구청,2023-06-08 17:29,구운동 구운초교 정문 우측 삼거리,고정형,2023-12-01,,,
2023,수원시,영통구청,2023-06-08 17:34,영통동 보보스스포츠센터앞,고정형,2023-12-01,,,
2023,수원시,팔달구청,2023-06-08 17:35,인계동 드림캐슬주상복합,고정형,2023-12-01,,,
2023,수원시,팔달구청,2023-06-08 17:48,화서1동 푸르지오자이 북문 CU 앞 횡단보도,고정형,2023-12-01,,,
2023,수원시,팔달구청,2023-06-08 17:49,화서1동 수원역푸르지오자이 북문 우측,고정형,2023-12-01,,,
2023,수원시,팔달구청,2023-06-08 18:03,인계동 드림캐슬주상복합,고정형,2023-12-01,,,
2023,수원시,팔달구청,2023-06-08 18:07,매산동 팅스몰 주차장 출구 옆,고정형,2023-12-01,,,
2023,수원시,권선구청,2023-06-08 18:25,세류동 52-10,국민신문고,2023-12-01,,,
2023,수원시,팔달구청,2023-06-08 18:44,인계동 드림캐슬주상복합,고정형,2023-12-01,,,
2023,수원시,팔달구청,2023-06-08 18:44,인계동 드림캐슬주상복합,고정형,2023-12-01,,,
2023,수원시,팔달구청,2023-06-08 19:09,화서1동 수원역푸르지오자이 북문 우측,고정형,2023-12-01,,,
2023,수원시,팔달구청,2023-06-08 19:27,화서1동 푸르지오자이 북문 CU 앞 횡단보도,고정형,2023-12-01,,,
2023,수원시,팔달구청,2023-06-08 19:40,매교동 매교동 287-110 어린이보호구역,국민신문고,2023-12-01,,,
2023,수원시,팔달구청,2023-06-08 20:29,매산동 팅스몰 주차장 출구 옆,고정형,2023-12-01,,,
2023,수원시,팔달구청,2023-06-08 20:38,교동 수원향교 앞 팔달보건소 뒤,고정형,2023-12-01,,,
2023,수원시,팔달구청,2023-06-08 21:17,고등동 고등동 217-5 횡단보도,국민신문고,2023-12-01,,,
2023,수원시,팔달구청,2023-06-08 21:38,인계동 드림캐슬주상복합,고정형,2023-12-01,,,
2023,수원시,팔달구청,2023-06-08 21:38,인계동 드림캐슬주상복합,고정형,2023-12-01,,,
2023,수원시,권선구청,2023-06-08 22:48,오목천동 474-1,국민신문고,2023-12-01,,,
2023,수원시,권선구청,2023-06-09 5:46,곡반정동 562-2,국민신문고,2023-12-01,,,
2023,수원시,팔달구청,2023-06-09 7:03,화서1동 수원역푸르지오자이 북문 우측,고정형,2023-12-01,,,
2023,수원시,영통구청,2023-06-09 7:24,이의동 드림스퀘어Ⅱ 앞,고정형,2023-12-01,,,
2023,수원시,팔달구청,2023-06-09 7:34,매산동 팅스몰 주차장 출구 옆,고정형,2023-12-01,,,
2023,수원시,팔달구청,2023-06-09 7:34,매산동 팅스몰 주차장 출구 옆,고정형,2023-12-01,,,
2023,수원시,영통구청,2023-06-09 7:35,영통구 매탄동 918-2,국민신문고,2023-12-01,37.263984003712,127.047743588655,
2023,수원시,팔달구청,2023-06-09 7:39,인계동 경인통계청,고정형,2023-12-01,,,
2023,수원시,권선구청,2023-06-09 8:02,곡반정동 하나로마트한국빌딩앞,고정형,2023-12-01,,,
2023,수원시,팔달구청,2023-06-09 8:02,북수동 쌈지공원 앞,고정형,2023-12-01,,,
2023,수원시,권선구청,2023-06-09 8:03,곡반정동 하나로마트한국빌딩앞,고정형,2023-12-01,,,
2023,수원시,권선구청,2023-06-09 8:03,곡반정동 하나로마트한국빌딩앞,고정형,2023-12-01,,,
2023,수원시,영통구청,2023-06-09 8:05,이의동 광교가재울마을사거리,고정형,2023-12-01,,,
2023,수원시,팔달구청,2023-06-09 8:06,인계동 경인통계청,고정형,2023-12-01,,,
2023,수원시,팔달구청,2023-06-09 8:15,화서1동 푸르지오자이 북문 CU 앞 횡단보도,고정형,2023-12-01,,,
2023,수원시,권선구청,2023-06-09 8:37,곡반정동 하나로마트한국빌딩앞,고정형,2023-12-01,,,
2023,수원시,영통구청,2023-06-09 8:38,망포동 힐스테이트 119동 ~방죽공원 삼거리,고정형,2023-12-01,,,
2023,수원시,권선구청,2023-06-09 8:44,서둔동 가온팰리스옆2,고정형,2023-12-01,,,
2023,수원시,권선구청,2023-06-09 8:45,평동 수원역고가밑 (애경뒷길),고정형,2023-12-01,,,
2023,수원시,권선구청,2023-06-09 8:51,평동 오목초교 정문 우측 삼거리,고정형,2023-12-01,,,
2023,수원시,장안구청,2023-06-09 9:00,율전동 율전파출소,고정형,2023-12-01,,,
2023,수원시,권선구청,2023-06-09 9:03,서둔동 수원역한라비발디퍼스트 앞1,고정형,2023-12-01,,,
2023,수원시,권선구청,2023-06-09 9:05,세류3동 신곡초교 후문 좌측 사거리,고정형,2023-12-01,,,
2023,수원시,팔달구청,2023-06-09 9:10,인계동 경인통계청,고정형,2023-12-01,,,
2023,수원시,권선구청,2023-06-09 9:27,입북동 당수초교 정문 우측 사거리,고정형,2023-12-01,,,
2023,수원시,팔달구청,2023-06-09 9:34,인계동 드림캐슬주상복합,고정형,2023-12-01,,,
2023,수원시,권선구청,2023-06-09 9:47,권선동 권선동 한라비발디앞 놀이터,고정형,2023-12-01,,,
2023,수원시,권선구청,2023-06-09 10:03,서둔동 가온팰리스옆2,고정형,2023-12-01,,,
2023,수원시,권선구청,2023-06-09 10:13,서둔동 가온팰리스옆2,고정형,2023-12-01,,,
2023,수원시,권선구청,2023-06-09 10:15,권선동 권선동 한라비발디앞 놀이터,고정형,2023-12-01,,,
2023,수원시,영통구청,2023-06-09 10:16,이의동 드림스퀘어Ⅱ 앞,고정형,2023-12-01,,,
2023,수원시,권선구청,2023-06-09 10:32,서둔동 가온팰리스옆2,고정형,2023-12-01,,,
2023,수원시,팔달구청,2023-06-09 10:59,교동 수원향교 앞 팔달보건소 뒤,고정형,2023-12-01,,,
2023,수원시,팔달구청,2023-06-09 11:21,교동 수원향교 앞 팔달보건소 뒤,고정형,2023-12-01,,,
2023,수원시,팔달구청,2023-06-09 12:06,매교동 매교동 287-455 어린이보호구역,국민신문고,2023-12-01,,,
2023,수원시,팔달구청,2023-06-09 12:08,화서1동 수원역푸르지오자이 북문 우측,고정형,2023-12-01,,,
2023,수원시,팔달구청,2023-06-09 13:06,교동 수원향교 앞 팔달보건소 뒤,고정형,2023-12-01,,,
2023,수원시,팔달구청,2023-06-09 13:10,고등동 고등동 161-4 횡단보도,국민신문고,2023-12-01,,,
2023,수원시,영통구청,2023-06-09 13:12,이의동 광교가재울마을사거리,고정형,2023-12-01,,,
2023,수원시,팔달구청,2023-06-09 13:42,화서1동 수원역푸르지오자이 북문 우측,고정형,2023-12-01,,,
2023,수원시,팔달구청,2023-06-09 13:49,고등동 고등동 180-171 횡단보도,국민신문고,2023-12-01,,,
2023,수원시,팔달구청,2023-06-09 13:50,교동 수원향교 앞 팔달보건소 뒤,고정형,2023-12-01,,,
2023,수원시,팔달구청,2023-06-09 14:21,남수동 남수동 정조로796번길,주행형,2023-12-01,,,
2023,수원시,영통구청,2023-06-09 14:33,광교동 광교더사랑교회뒷길,고정형,2023-12-01,,,
2023,수원시,권선구청,2023-06-09 14:35,권선2동 곡정초교 정문 좌측 사거리,고정형,2023-12-01,,,
2023,수원시,팔달구청,2023-06-09 14:42,북수동 쌈지공원 앞,고정형,2023-12-01,,,
2023,수원시,권선구청,2023-06-09 14:50,곡선동 휴먼푸드 인근,고정형,2023-12-01,,,
2023,수원시,팔달구청,2023-06-09 14:52,행궁동 화홍사랑채,고정형,2023-12-01,,,
2023,수원시,팔달구청,2023-06-09 15:05,인계동 드림캐슬주상복합,고정형,2023-12-01,,,
2023,수원시,권선구청,2023-06-09 15:06,호매실동 금호프라자 대각 맞은편,고정형,2023-12-01,,,
2023,수원시,권선구청,2023-06-09 15:10,서둔동 가온팰리스옆2,고정형,2023-12-01,,,
2023,수원시,팔달구청,2023-06-09 15:13,인계동 경인통계청,고정형,2023-12-01,,,
2023,수원시,팔달구청,2023-06-09 15:13,인계동 경인통계청,고정형,2023-12-01,,,
2023,수원시,영통구청,2023-06-09 15:16,이의동 드림스퀘어Ⅱ 앞,고정형,2023-12-01,,,
2023,수원시,팔달구청,2023-06-09 15:21,경기도수원시팔달구화서동 수원시 팔달구 화서동 95-1,보행,2023-12-01,,,
2023,수원시,팔달구청,2023-06-09 15:22,인계동 수원시 팔달구 화서동 95-1,보행,2023-12-01,,,
2023,수원시,팔달구청,2023-06-09 15:22,경기도수원시팔달구화서동 수원시 팔달구 화서동 95-1,보행,2023-12-01,,,
2023,수원시,팔달구청,2023-06-09 15:34,행궁동 화홍사랑채,고정형,2023-12-01,,,
2023,수원시,권선구청,2023-06-09 15:48,입북동 당수초교 정문 우측 사거리,고정형,2023-12-01,,,
2023,수원시,팔달구청,2023-06-09 15:50,인계동 경인통계청,고정형,2023-12-01,,,
2023,수원시,팔달구청,2023-06-09 15:51,행궁동 화홍사랑채,고정형,2023-12-01,,,
2023,수원시,팔달구청,2023-06-09 15:51,인계동 드림캐슬주상복합,고정형,2023-12-01,,,
2023,수원시,팔달구청,2023-06-09 15:55,인계동 한국씨티은행,고정형,2023-12-01,,,
2023,수원시,팔달구청,2023-06-09 16:01,화서1동 수원역푸르지오자이 북문 우측,고정형,2023-12-01,,,
2023,수원시,영통구청,2023-06-09 16:04,망포동 E-마트 에브리데이 앞,고정형,2023-12-01,37.2361017468141,127.060345496536,
2023,수원시,팔달구청,2023-06-09 16:08,화서1동 수원역푸르지오자이 북문 우측,고정형,2023-12-01,,,
2023,수원시,팔달구청,2023-06-09 16:20,행궁동 화홍사랑채,고정형,2023-12-01,,,
2023,수원시,영통구청,2023-06-09 16:24,영통동 롯데마트 뒤,고정형,2023-12-01,37.27220279535416,127.10856729001851,
2023,수원시,영통구청,2023-06-09 16:24,영통동 롯데마트 뒤,고정형,2023-12-01,37.27220279535416,127.10856729001851,
2023,수원시,권선구청,2023-06-09 16:24,서둔동 가온팰리스옆2,고정형,2023-12-01,,,
2023,수원시,권선구청,2023-06-09 16:28,권선동 권선동 한라비발디앞 놀이터,고정형,2023-12-01,,,
2023,수원시,팔달구청,2023-06-09 16:28,인계동 경인통계청,고정형,2023-12-01,,,
2023,수원시,권선구청,2023-06-09 16:32,오목천동 527-5,국민신문고,2023-12-01,,,
2023,수원시,영통구청,2023-06-09 16:35,영통동 롯데마트 뒤,고정형,2023-12-01,37.27220279535416,127.10856729001851,
2023,수원시,영통구청,2023-06-09 16:36,원천동 광교에일린의뜰 북측,고정형,2023-12-01,,,
2023,수원시,팔달구청,2023-06-09 16:40,화서1동 푸르지오자이 북문 CU 앞 횡단보도,고정형,2023-12-01,,,
2023,수원시,권선구청,2023-06-09 16:43,구운동 구운동 명품닭갈비,고정형,2023-12-01,,,
2023,수원시,팔달구청,2023-06-09 17:03,북수동 쌈지공원 앞,고정형,2023-12-01,,,
2023,수원시,권선구청,2023-06-09 17:13,서둔동 수원역한라비발디퍼스트 앞1,고정형,2023-12-01,,,
2023,수원시,팔달구청,2023-06-09 17:30,인계동 드림캐슬주상복합,고정형,2023-12-01,,,
2023,수원시,팔달구청,2023-06-09 17:45,인계동 한국씨티은행,고정형,2023-12-01,,,
2023,수원시,팔달구청,2023-06-09 18:28,매산동 팅스몰 주차장 출구 옆,고정형,2023-12-01,,,
2023,수원시,팔달구청,2023-06-09 18:30,고등동 고등동 180-170 교차로모퉁이,국민신문고,2023-12-01,,,
2023,수원시,팔달구청,2023-06-09 18:46,매산동 팅스몰 주차장 출구 옆,고정형,2023-12-01,,,
2023,수원시,영통구청,2023-06-09 18:57,원천동 삼성전자중문,고정형,2023-12-01,,,
2023,수원시,팔달구청,2023-06-09 19:09,경기도수원시팔달구매교동 수원시 팔달구 매교동 99-3,보행,2023-12-01,,,
2023,수원시,팔달구청,2023-06-09 19:11,경기도수원시팔달구매교동 수원시 팔달구 매교동 99-3,보행,2023-12-01,,,
2023,수원시,팔달구청,2023-06-09 19:18,매산동 팅스몰 주차장 출구 옆,고정형,2023-12-01,,,
2023,수원시,팔달구청,2023-06-09 19:19,인계동 드림캐슬주상복합,고정형,2023-12-01,,,
2023,수원시,팔달구청,2023-06-09 19:35,매산동 팔달로 10번길 8,고정형,2023-12-01,,,
2023,수원시,팔달구청,2023-06-09 19:35,매산동 팔달로 10번길 8,고정형,2023-12-01,,,
2023,수원시,팔달구청,2023-06-09 19:53,인계동 드림캐슬주상복합,고정형,2023-12-01,,,
2023,수원시,영통구청,2023-06-09 20:18,원천동 광교매원초등학교,고정형,2023-12-01,,,
2023,수원시,팔달구청,2023-06-09 21:32,인계동 드림캐슬주상복합,고정형,2023-12-01,,,
2023,수원시,팔달구청,2023-06-09 21:34,인계동 드림캐슬주상복합,고정형,2023-12-01,,,
2023,수원시,권선구청,2023-06-10 3:53,곡반정동 562-2,국민신문고,2023-12-01,,,
2023,수원시,권선구청,2023-06-10 3:53,곡반정동 562-2,국민신문고,2023-12-01,,,
2023,수원시,권선구청,2023-06-10 9:01,권선동 NC터미널점 버스정류장 앞,고정형,2023-12-01,,,
2023,수원시,권선구청,2023-06-10 9:02,서둔동 수원역한라비발디퍼스트 앞1,고정형,2023-12-01,,,
2023,수원시,팔달구청,2023-06-10 9:03,매산동 팔달로 10번길 8,고정형,2023-12-01,,,
2023,수원시,팔달구청,2023-06-10 9:03,매산동 팔달로 10번길 8,고정형,2023-12-01,,,
2023,수원시,팔달구청,2023-06-10 9:03,화서1동 푸르지오자이 북문 CU 앞 횡단보도,고정형,2023-12-01,,,
2023,수원시,권선구청,2023-06-10 9:04,서둔동 가온팰리스옆2,고정형,2023-12-01,,,
2023,수원시,팔달구청,2023-06-10 9:04,화서1동 수원역푸르지오자이 북문 우측,고정형,2023-12-01,,,
2023,수원시,권선구청,2023-06-10 9:04,곡선동 휴먼푸드 인근,고정형,2023-12-01,,,
2023,수원시,권선구청,2023-06-10 9:04,곡반정동 하나로마트한국빌딩앞,고정형,2023-12-01,,,
2023,수원시,팔달구청,2023-06-10 9:05,매산동 팔달로 10번길 8,고정형,2023-12-01,,,
2023,수원시,권선구청,2023-06-10 9:05,금곡동 일신건영아파트 앞 놀이터,고정형,2023-12-01,,,
2023,수원시,영통구청,2023-06-10 9:06,광교동 광교 덴티움지식산업센터 앞 사거리,고정형,2023-12-01,,,
2023,수원시,권선구청,2023-06-10 9:07,곡반정동 하나로마트한국빌딩앞,고정형,2023-12-01,,,
2023,수원시,팔달구청,2023-06-10 9:12,행궁동 화홍사랑채,고정형,2023-12-01,,,
2023,수원시,팔달구청,2023-06-10 9:14,북수동 쌈지공원 앞,고정형,2023-12-01,,,
2023,수원시,팔달구청,2023-06-10 9:15,매산동 팅스몰 주차장 출구 옆,고정형,2023-12-01,,,
2023,수원시,팔달구청,2023-06-10 9:17,매산동 팅스몰 주차장 출구 옆,고정형,2023-12-01,,,
2023,수원시,팔달구청,2023-06-10 9:17,인계동 경인통계청,고정형,2023-12-01,,,
2023,수원시,팔달구청,2023-06-10 9:17,인계동 경인통계청,고정형,2023-12-01,,,
2023,수원시,권선구청,2023-06-10 9:24,서둔동 가온팰리스옆1,고정형,2023-12-01,,,
2023,수원시,권선구청,2023-06-10 9:24,서둔동 가온팰리스옆1,고정형,2023-12-01,,,
2023,수원시,팔달구청,2023-06-10 9:31,화서1동 수원역푸르지오자이 북문 우측,고정형,2023-12-01,,,
2023,수원시,팔달구청,2023-06-10 9:35,화서1동 수원역푸르지오자이 북문 우측,고정형,2023-12-01,,,
2023,수원시,권선구청,2023-06-10 9:41,권선동 NC터미널점 버스정류장 앞,고정형,2023-12-01,,,
2023,수원시,영통구청,2023-06-10 9:58,광교동 광교이의119안전센터,고정형,2023-12-01,,,
2023,수원시,권선구청,2023-06-10 10:07,서둔동 수원역한라비발디퍼스트 앞1,고정형,2023-12-01,,,
2023,수원시,영통구청,2023-06-10 10:10,영통동 마사회뒷길,고정형,2023-12-01,,,
2023,수원시,영통구청,2023-06-10 10:10,영통동 마사회뒷길,고정형,2023-12-01,,,
2023,수원시,팔달구청,2023-06-10 10:21,인계동 한국씨티은행,고정형,2023-12-01,,,
2023,수원시,팔달구청,2023-06-10 10:21,인계동 한국씨티은행,고정형,2023-12-01,,,
2023,수원시,권선구청,2023-06-10 10:28,서둔동 수원역한라비발디퍼스트 앞1,고정형,2023-12-01,,,
2023,수원시,팔달구청,2023-06-10 11:06,행궁동 팔달문 버스정류장,고정형,2023-12-01,,,
2023,수원시,팔달구청,2023-06-10 11:10,행궁동 팔달문 버스정류장,고정형,2023-12-01,,,
2023,수원시,영통구청,2023-06-10 11:32,영통동 매영로365번길,주행형,2023-12-01,,,
2023,수원시,영통구청,2023-06-10 11:32,영통동 매영로365번길,주행형,2023-12-01,,,
2023,수원시,영통구청,2023-06-10 11:32,영통동 매영로365번길,주행형,2023-12-01,,,
2023,수원시,영통구청,2023-06-10 11:32,영통동 매영로365번길,주행형,2023-12-01,,,
2023,수원시,영통구청,2023-06-10 11:32,영통동 매영로365번길,주행형,2023-12-01,,,
2023,수원시,영통구청,2023-06-10 11:32,영통동 매영로365번길,주행형,2023-12-01,,,
2023,수원시,영통구청,2023-06-10 11:32,영통동 매영로365번길,주행형,2023-12-01,,,
2023,수원시,영통구청,2023-06-10 11:32,영통동 매영로365번길,주행형,2023-12-01,,,
2023,수원시,영통구청,2023-06-10 11:42,영통동 매영로365번길,주행형,2023-12-01,,,
2023,수원시,영통구청,2023-06-10 11:42,영통동 매영로365번길,주행형,2023-12-01,,,
2023,수원시,영통구청,2023-06-10 11:42,영통동 매영로365번길,주행형,2023-12-01,,,
2023,수원시,영통구청,2023-06-10 11:43,영통동 매영로365번길,주행형,2023-12-01,,,
2023,수원시,영통구청,2023-06-10 11:43,영통동 매영로365번길,주행형,2023-12-01,,,
2023,수원시,영통구청,2023-06-10 11:43,영통동 매영로365번길,주행형,2023-12-01,,,
2023,수원시,영통구청,2023-06-10 11:43,영통동 매영로365번길,주행형,2023-12-01,,,
2023,수원시,영통구청,2023-06-10 11:43,영통동 매영로365번길,주행형,2023-12-01,,,
2023,수원시,영통구청,2023-06-10 11:43,영통동 매영로365번길,주행형,2023-12-01,,,
2023,수원시,영통구청,2023-06-10 11:43,영통동 매영로365번길,주행형,2023-12-01,,,
2023,수원시,영통구청,2023-06-10 11:43,영통동 매영로365번길,주행형,2023-12-01,,,
2023,수원시,영통구청,2023-06-10 11:43,영통동 매영로365번길,주행형,2023-12-01,,,
2023,수원시,영통구청,2023-06-10 11:43,영통동 매영로365번길,주행형,2023-12-01,,,
2023,수원시,영통구청,2023-06-10 11:48,영통동 롯데마트 뒤,고정형,2023-12-01,37.27220279535416,127.10856729001851,
2023,수원시,팔달구청,2023-06-10 12:04,교동 수원향교 앞 팔달보건소 뒤,고정형,2023-12-01,,,
2023,수원시,팔달구청,2023-06-10 12:16,화서1동 수원역푸르지오자이 북문 우측,고정형,2023-12-01,,,
2023,수원시,영통구청,2023-06-10 12:22,원천동 광교에일린의뜰 북측,고정형,2023-12-01,,,
2023,수원시,영통구청,2023-06-10 12:42,망포동 힐스테이트 119동 ~방죽공원 삼거리,고정형,2023-12-01,,,
2023,수원시,장안구청,2023-06-10 13:38,이목동 이목동 산27-8,국민신문고,2023-12-01,,,
2023,수원시,팔달구청,2023-06-10 13:41,화서1동 수원역푸르지오자이 북문 우측,고정형,2023-12-01,,,
2023,수원시,영통구청,2023-06-10 13:49,광교동 광교 덴티움지식산업센터 앞 사거리,고정형,2023-12-01,,,
2023,수원시,팔달구청,2023-06-10 13:54,화서1동 수원역푸르지오자이 북문 우측,고정형,2023-12-01,,,
2023,수원시,영통구청,2023-06-10 14:24,망포동 힐스테이트 119동 ~방죽공원 삼거리,고정형,2023-12-01,,,
2023,수원시,권선구청,2023-06-10 14:33,곡반정동 하나로마트한국빌딩앞,고정형,2023-12-01,,,
2023,수원시,권선구청,2023-06-10 14:33,서둔동 수원역한라비발디퍼스트 앞1,고정형,2023-12-01,,,
2023,수원시,권선구청,2023-06-10 14:33,서둔동 가온팰리스옆1,고정형,2023-12-01,,,
2023,수원시,팔달구청,2023-06-10 14:34,인계동 경인통계청,고정형,2023-12-01,,,
2023,수원시,권선구청,2023-06-10 14:34,서둔동 수원역한라비발디퍼스트 앞1,고정형,2023-12-01,,,
2023,수원시,권선구청,2023-06-10 14:35,서둔동 수원역한라비발디퍼스트 앞2,고정형,2023-12-01,,,
2023,수원시,팔달구청,2023-06-10 14:36,인계동 경인통계청,고정형,2023-12-01,,,
2023,수원시,영통구청,2023-06-10 14:42,영통동 마사회뒷길,고정형,2023-12-01,,,
2023,수원시,권선구청,2023-06-10 14:46,서둔동 롯데몰9번출구앞주변,고정형,2023-12-01,,,
2023,수원시,팔달구청,2023-06-10 14:48,매향동 매향동 창룡대로 34,주행형,2023-12-01,,,
2023,수원시,팔달구청,2023-06-10 14:53,인계동 경인통계청,고정형,2023-12-01,,,
2023,수원시,권선구청,2023-06-10 14:54,곡반정동 하나로마트한국빌딩앞,고정형,2023-12-01,,,
2023,수원시,팔달구청,2023-06-10 14:56,행궁동 화홍사랑채,고정형,2023-12-01,,,
2023,수원시,팔달구청,2023-06-10 14:58,매산동 팅스몰 주차장 출구 옆,고정형,2023-12-01,,,
2023,수원시,장안구청,2023-06-10 14:58,천천동 화산로163번길,주행형,2023-12-01,,,
2023,수원시,장안구청,2023-06-10 14:58,천천동 화산로163번길,주행형,2023-12-01,,,
2023,수원시,장안구청,2023-06-10 14:58,천천동 화산로163번길,주행형,2023-12-01,,,
2023,수원시,장안구청,2023-06-10 14:58,천천동 화산로163번길,주행형,2023-12-01,,,
2023,수원시,장안구청,2023-06-10 14:58,천천동 화산로163번길,주행형,2023-12-01,,,
2023,수원시,장안구청,2023-06-10 14:58,천천동 화산로163번길,주행형,2023-12-01,,,
2023,수원시,장안구청,2023-06-10 14:58,천천동 화산로163번길,주행형,2023-12-01,,,
2023,수원시,팔달구청,2023-06-10 14:59,화서1동 수원역푸르지오자이 북문 우측,고정형,2023-12-01,,,
2023,수원시,장안구청,2023-06-10 14:59,천천동 화산로163번길,주행형,2023-12-01,,,
2023,수원시,장안구청,2023-06-10 14:59,천천동 화산로163번길,주행형,2023-12-01,,,
2023,수원시,장안구청,2023-06-10 14:59,천천동 화산로163번길,주행형,2023-12-01,,,
2023,수원시,팔달구청,2023-06-10 15:00,인계동 경인통계청,고정형,2023-12-01,,,
2023,수원시,권선구청,2023-06-10 15:06,서둔동 수원역한라비발디퍼스트 앞1,고정형,2023-12-01,,,
2023,수원시,권선구청,2023-06-10 15:06,서둔동 수원역한라비발디퍼스트 앞1,고정형,2023-12-01,,,
2023,수원시,권선구청,2023-06-10 15:07,곡반정동 하나로마트한국빌딩앞,고정형,2023-12-01,,,
2023,수원시,권선구청,2023-06-10 15:07,평동 수원역고가밑 (애경뒷길),고정형,2023-12-01,,,
2023,수원시,권선구청,2023-06-10 15:08,서둔동 가온팰리스옆1,고정형,2023-12-01,,,
2023,수원시,영통구청,2023-06-10 15:11,이의동 드림스퀘어Ⅱ 앞,고정형,2023-12-01,,,
2023,수원시,권선구청,2023-06-10 15:15,권선동 NC터미널점 버스정류장 앞,고정형,2023-12-01,,,
2023,수원시,팔달구청,2023-06-10 15:22,북수동 쌈지공원 앞,고정형,2023-12-01,,,
2023,수원시,영통구청,2023-06-10 15:22,광교동 광교 덴티움지식산업센터 앞 사거리,고정형,2023-12-01,,,
2023,수원시,영통구청,2023-06-10 15:22,광교동 광교 덴티움지식산업센터 앞 사거리,고정형,2023-12-01,,,
2023,수원시,권선구청,2023-06-10 15:24,서둔동 수원역한라비발디퍼스트 앞1,고정형,2023-12-01,,,
2023,수원시,권선구청,2023-06-10 15:34,오목천동 한화꿈에그린아파트 214동앞,고정형,2023-12-01,,,
2023,수원시,권선구청,2023-06-10 15:36,서둔동 수원역한라비발디퍼스트 앞1,고정형,2023-12-01,,,
2023,수원시,권선구청,2023-06-10 15:37,곡반정동 하나로마트한국빌딩앞,고정형,2023-12-01,,,
2023,수원시,팔달구청,2023-06-10 15:39,인계동 드림캐슬주상복합,고정형,2023-12-01,,,
2023,수원시,권선구청,2023-06-10 15:40,서둔동 수원역한라비발디퍼스트 앞1,고정형,2023-12-01,,,
2023,수원시,영통구청,2023-06-10 15:42,망포동 E-마트 에브리데이 앞,고정형,2023-12-01,37.2361017468141,127.060345496536,
2023,수원시,팔달구청,2023-06-10 15:50,매산동 역전농협,고정형,2023-12-01,,,
2023,수원시,팔달구청,2023-06-10 16:03,화서1동 수원역푸르지오자이 북문 우측,고정형,2023-12-01,,,
2023,수원시,팔달구청,2023-06-10 16:04,인계동 경인통계청,고정형,2023-12-01,,,
2023,수원시,권선구청,2023-06-10 16:05,서둔동 가온팰리스옆2,고정형,2023-12-01,,,
2023,수원시,권선구청,2023-06-10 16:09,서둔동 수원역한라비발디퍼스트 앞1,고정형,2023-12-01,,,
2023,수원시,팔달구청,2023-06-10 16:11,북수동 쌈지공원 앞,고정형,2023-12-01,,,
2023,수원시,권선구청,2023-06-10 16:12,평동 수원역고가밑 (애경뒷길),고정형,2023-12-01,,,
2023,수원시,권선구청,2023-06-10 16:19,서둔동 수원역한라비발디퍼스트 앞2,고정형,2023-12-01,,,
2023,수원시,권선구청,2023-06-10 16:19,서둔동 수원역한라비발디퍼스트 앞2,고정형,2023-12-01,,,
2023,수원시,팔달구청,2023-06-10 16:20,매산동 팅스몰 주차장 출구 옆,고정형,2023-12-01,,,
2023,수원시,권선구청,2023-06-10 16:21,서둔동 수원역한라비발디퍼스트 앞1,고정형,2023-12-01,,,
2023,수원시,권선구청,2023-06-10 16:28,권선동 권선동 한라비발디앞 놀이터,고정형,2023-12-01,,,
2023,수원시,팔달구청,2023-06-10 16:36,매산동 팔달로 10번길 8,고정형,2023-12-01,,,
2023,수원시,권선구청,2023-06-10 16:39,서둔동 수원역한라비발디퍼스트 앞1,고정형,2023-12-01,,,
2023,수원시,팔달구청,2023-06-10 16:41,화서1동 푸르지오자이 북문 CU 앞 횡단보도,고정형,2023-12-01,,,
2023,수원시,권선구청,2023-06-10 16:42,서둔동 수원역한라비발디퍼스트 앞1,고정형,2023-12-01,,,
2023,수원시,권선구청,2023-06-10 16:42,서둔동 수원역한라비발디퍼스트 앞1,고정형,2023-12-01,,,
2023,수원시,팔달구청,2023-06-10 16:45,매교동 매교동 122-38 소화전,국민신문고,2023-12-01,,,
2023,수원시,팔달구청,2023-06-10 16:46,인계동 경인통계청,고정형,2023-12-01,,,
2023,수원시,팔달구청,2023-06-10 16:53,매산동 팅스몰 주차장 출구 옆,고정형,2023-12-01,,,
2023,수원시,팔달구청,2023-06-10 16:53,북수동 쌈지공원 앞,고정형,2023-12-01,,,
2023,수원시,영통구청,2023-06-10 16:58,광교동 광교 덴티움지식산업센터 앞 사거리,고정형,2023-12-01,,,
2023,수원시,권선구청,2023-06-10 17:00,서둔동 수원역한라비발디퍼스트 앞1,고정형,2023-12-01,,,
2023,수원시,권선구청,2023-06-10 17:05,서둔동 롯데마트 하역장입구,고정형,2023-12-01,,,
2023,수원시,권선구청,2023-06-10 17:06,서둔동 가온팰리스옆2,고정형,2023-12-01,,,
2023,수원시,팔달구청,2023-06-10 17:06,인계동 경인통계청,고정형,2023-12-01,,,
2023,수원시,팔달구청,2023-06-10 17:11,매교동 매교동 88-18 소화전,국민신문고,2023-12-01,,,
2023,수원시,권선구청,2023-06-10 17:22,권선동 NC터미널점 버스정류장 앞,고정형,2023-12-01,,,
2023,수원시,팔달구청,2023-06-10 17:27,행궁동 화홍사랑채,고정형,2023-12-01,,,
2023,수원시,권선구청,2023-06-10 17:31,서둔동 가온팰리스옆2,고정형,2023-12-01,,,
2023,수원시,팔달구청,2023-06-10 17:35,매산동 팔달로 10번길 8,고정형,2023-12-01,,,
2023,수원시,권선구청,2023-06-10 17:35,서둔동 수원역한라비발디퍼스트 앞1,고정형,2023-12-01,,,
2023,수원시,팔달구청,2023-06-10 17:36,인계동 한국씨티은행,고정형,2023-12-01,,,
2023,수원시,권선구청,2023-06-10 17:36,서둔동 수원역한라비발디퍼스트 앞1,고정형,2023-12-01,,,
2023,수원시,팔달구청,2023-06-10 17:47,인계동 경인통계청,고정형,2023-12-01,,,
2023,수원시,팔달구청,2023-06-10 17:48,인계동 경인통계청,고정형,2023-12-01,,,
2023,수원시,팔달구청,2023-06-10 17:55,매산동 팅스몰 주차장 출구 옆,고정형,2023-12-01,,,
2023,수원시,팔달구청,2023-06-10 18:02,매산동 팔달로 10번길 8,고정형,2023-12-01,,,
2023,수원시,팔달구청,2023-06-10 18:08,화서1동 푸르지오자이 북문 CU 앞 횡단보도,고정형,2023-12-01,,,
2023,수원시,팔달구청,2023-06-10 18:19,매산동 팔달로 10번길 8,고정형,2023-12-01,,,
2023,수원시,팔달구청,2023-06-10 18:23,행궁동 팔달문 버스정류장,고정형,2023-12-01,,,
2023,수원시,팔달구청,2023-06-10 18:23,행궁동 팔달문 버스정류장,고정형,2023-12-01,,,
2023,수원시,팔달구청,2023-06-10 19:09,매산동 팔달로 10번길 8,고정형,2023-12-01,,,
2023,수원시,팔달구청,2023-06-10 19:17,매산동 팅스몰 주차장 출구 옆,고정형,2023-12-01,,,
2023,수원시,팔달구청,2023-06-10 19:47,인계동 드림캐슬주상복합,고정형,2023-12-01,,,
2023,수원시,팔달구청,2023-06-10 19:59,매산동 팅스몰 주차장 출구 옆,고정형,2023-12-01,,,
2023,수원시,팔달구청,2023-06-10 20:29,인계동 드림캐슬주상복합,고정형,2023-12-01,,,
2023,수원시,팔달구청,2023-06-10 20:48,인계동 드림캐슬주상복합,고정형,2023-12-01,,,
2023,수원시,팔달구청,2023-06-10 20:49,인계동 드림캐슬주상복합,고정형,2023-12-01,,,
2023,수원시,권선구청,2023-06-11 9:02,서둔동 가온팰리스옆1,고정형,2023-12-01,,,
2023,수원시,권선구청,2023-06-11 9:02,서둔동 가온팰리스옆1,고정형,2023-12-01,,,
2023,수원시,팔달구청,2023-06-11 9:02,인계동 드림캐슬주상복합,고정형,2023-12-01,,,
2023,수원시,팔달구청,2023-06-11 9:03,화서1동 푸르지오자이 북문 CU 앞 횡단보도,고정형,2023-12-01,,,
2023,수원시,팔달구청,2023-06-11 9:03,인계동 드림캐슬주상복합,고정형,2023-12-01,,,
2023,수원시,팔달구청,2023-06-11 9:03,인계동 드림캐슬주상복합,고정형,2023-12-01,,,
2023,수원시,권선구청,2023-06-11 9:03,곡반정동 하나로마트한국빌딩앞,고정형,2023-12-01,,,
2023,수원시,팔달구청,2023-06-11 9:03,북수동 쌈지공원 앞,고정형,2023-12-01,,,
2023,수원시,권선구청,2023-06-11 9:04,곡반정동 궁촌육교앞,고정형,2023-12-01,,,
2023,수원시,권선구청,2023-06-11 9:05,권선동 권선동 한라비발디앞 놀이터,고정형,2023-12-01,,,
2023,수원시,팔달구청,2023-06-11 9:05,행궁동 화홍사랑채,고정형,2023-12-01,,,
2023,수원시,권선구청,2023-06-11 9:05,곡반정동 하나로마트한국빌딩앞,고정형,2023-12-01,,,
2023,수원시,팔달구청,2023-06-11 9:06,화서1동 수원역푸르지오자이 북문 우측,고정형,2023-12-01,,,
2023,수원시,팔달구청,2023-06-11 9:08,화서1동 푸르지오자이 북문 CU 앞 횡단보도,고정형,2023-12-01,,,
2023,수원시,권선구청,2023-06-11 9:19,서둔동 가온팰리스옆2,고정형,2023-12-01,,,
2023,수원시,팔달구청,2023-06-11 9:25,매산동 팅스몰 주차장 출구 옆,고정형,2023-12-01,,,
2023,수원시,팔달구청,2023-06-11 9:45,화서1동 푸르지오자이 북문 CU 앞 횡단보도,고정형,2023-12-01,,,
2023,수원시,영통구청,2023-06-11 9:54,망포동 힐스테이트 119동 ~방죽공원 삼거리,고정형,2023-12-01,,,
2023,수원시,권선구청,2023-06-11 9:56,서둔동 가온팰리스옆1,고정형,2023-12-01,,,
2023,수원시,권선구청,2023-06-11 10:08,곡반정동 하나로마트한국빌딩앞,고정형,2023-12-01,,,
2023,수원시,권선구청,2023-06-11 10:19,권선동 NC터미널점 버스정류장 앞,고정형,2023-12-01,,,
2023,수원시,권선구청,2023-06-11 10:25,권선동 NC터미널점 버스정류장 앞,고정형,2023-12-01,,,
2023,수원시,권선구청,2023-06-11 10:26,서둔동 가온팰리스옆1,고정형,2023-12-01,,,
2023,수원시,영통구청,2023-06-11 10:34,망포동 힐스테이트 119동 ~방죽공원 삼거리,고정형,2023-12-01,,,
2023,수원시,팔달구청,2023-06-11 10:40,남수동 남수동 정조로788번길,주행형,2023-12-01,,,
2023,수원시,팔달구청,2023-06-11 10:40,남수동 남수동 정조로796번길,주행형,2023-12-01,,,
2023,수원시,팔달구청,2023-06-11 11:48,매산동 역전농협,고정형,2023-12-01,,,
2023,수원시,팔달구청,2023-06-11 12:51,매산동 역전농협,고정형,2023-12-01,,,
2023,수원시,팔달구청,2023-06-11 12:53,화서1동 수원역푸르지오자이 북문 우측,고정형,2023-12-01,,,
2023,수원시,권선구청,2023-06-11 14:25,권선동 NC터미널점 버스정류장 앞,고정형,2023-12-01,,,
2023,수원시,팔달구청,2023-06-11 14:34,매산동 팅스몰 주차장 출구 옆,고정형,2023-12-01,,,
2023,수원시,팔달구청,2023-06-11 14:34,인계동 경인통계청,고정형,2023-12-01,,,
2023,수원시,팔달구청,2023-06-11 14:36,매산동 팅스몰 주차장 출구 옆,고정형,2023-12-01,,,
2023,수원시,팔달구청,2023-06-11 14:36,매산동 팅스몰 주차장 출구 옆,고정형,2023-12-01,,,
2023,수원시,영통구청,2023-06-11 14:37,이의동 광교호반베르디움 103동 앞,고정형,2023-12-01,,,
2023,수원시,팔달구청,2023-06-11 14:38,인계동 드림캐슬주상복합,고정형,2023-12-01,,,
2023,수원시,팔달구청,2023-06-11 14:39,행궁동 화홍사랑채,고정형,2023-12-01,,,
2023,수원시,팔달구청,2023-06-11 14:41,인계동 드림캐슬주상복합,고정형,2023-12-01,,,
2023,수원시,권선구청,2023-06-11 14:45,서둔동 가온팰리스옆2,고정형,2023-12-01,,,
2023,수원시,팔달구청,2023-06-11 14:50,인계동 경인통계청,고정형,2023-12-01,,,
2023,수원시,권선구청,2023-06-11 14:51,서둔동 롯데마트 하역장입구,고정형,2023-12-01,,,
2023,수원시,권선구청,2023-06-11 15:00,권선동 권선동 한라비발디앞 놀이터,고정형,2023-12-01,,,
2023,수원시,권선구청,2023-06-11 15:00,곡반정동 하나로마트한국빌딩앞,고정형,2023-12-01,,,
2023,수원시,권선구청,2023-06-11 15:09,곡반정동 궁촌육교앞,고정형,2023-12-01,,,
2023,수원시,권선구청,2023-06-11 15:10,호매실동 금호프라자 대각 맞은편,고정형,2023-12-01,,,
2023,수원시,팔달구청,2023-06-11 15:10,매산동 팔달로 10번길 8,고정형,2023-12-01,,,
2023,수원시,팔달구청,2023-06-11 15:14,북수동 쌈지공원 앞,고정형,2023-12-01,,,
2023,수원시,팔달구청,2023-06-11 15:14,매산동 팅스몰 주차장 출구 옆,고정형,2023-12-01,,,
2023,수원시,팔달구청,2023-06-11 15:27,행궁동 화홍사랑채,고정형,2023-12-01,,,
2023,수원시,권선구청,2023-06-11 15:27,서둔동 수원역한라비발디퍼스트 앞1,고정형,2023-12-01,,,
2023,수원시,영통구청,2023-06-11 15:29,이의동 드림스퀘어Ⅱ 앞,고정형,2023-12-01,,,
2023,수원시,장안구청,2023-06-11 15:34,정자동 수성로189번길,주행형,2023-12-01,,,
2023,수원시,장안구청,2023-06-11 15:34,정자동 수성로189번길,주행형,2023-12-01,,,
2023,수원시,장안구청,2023-06-11 15:34,정자동 수성로189번길,주행형,2023-12-01,,,
2023,수원시,팔달구청,2023-06-11 15:35,매산동 팔달로 10번길 8,고정형,2023-12-01,,,
2023,수원시,장안구청,2023-06-11 15:35,정자동 수성로189번길,주행형,2023-12-01,,,
2023,수원시,장안구청,2023-06-11 15:35,정자동 수성로189번길,주행형,2023-12-01,,,
2023,수원시,장안구청,2023-06-11 15:35,정자동 수성로189번길,주행형,2023-12-01,,,
2023,수원시,팔달구청,2023-06-11 15:36,매산동 팔달로 10번길 8,고정형,2023-12-01,,,
2023,수원시,장안구청,2023-06-11 15:36,정자동 수성로189번길,주행형,2023-12-01,,,
2023,수원시,팔달구청,2023-06-11 15:42,신풍동 미술관로터리,고정형,2023-12-01,,,
2023,수원시,팔달구청,2023-06-11 15:46,인계동 경인통계청,고정형,2023-12-01,,,
2023,수원시,팔달구청,2023-06-11 16:02,매산동 팅스몰 주차장 출구 옆,고정형,2023-12-01,,,
2023,수원시,팔달구청,2023-06-11 16:02,매산동 팅스몰 주차장 출구 옆,고정형,2023-12-01,,,
2023,수원시,팔달구청,2023-06-11 16:02,매산동 팅스몰 주차장 출구 옆,고정형,2023-12-01,,,
2023,수원시,팔달구청,2023-06-11 16:08,행궁동 화홍사랑채,고정형,2023-12-01,,,
2023,수원시,팔달구청,2023-06-11 16:16,인계동 경인통계청,고정형,2023-12-01,,,
2023,수원시,권선구청,2023-06-11 16:19,평동 수원역고가밑 (애경뒷길),고정형,2023-12-01,,,
2023,수원시,권선구청,2023-06-11 16:19,서둔동 가온팰리스옆1,고정형,2023-12-01,,,
2023,수원시,권선구청,2023-06-11 16:23,곡반정동 하나로마트한국빌딩앞,고정형,2023-12-01,,,
2023,수원시,팔달구청,2023-06-11 16:29,화서1동 푸르지오자이 북문 CU 앞 횡단보도,고정형,2023-12-01,,,
2023,수원시,팔달구청,2023-06-11 16:37,매산동 팔달로 10번길 8,고정형,2023-12-01,,,
2023,수원시,팔달구청,2023-06-11 16:46,인계동 경인통계청,고정형,2023-12-01,,,
2023,수원시,권선구청,2023-06-11 16:50,서둔동 수원역한라비발디퍼스트 앞1,고정형,2023-12-01,,,
2023,수원시,권선구청,2023-06-11 16:52,곡반정동 하나로마트한국빌딩앞,고정형,2023-12-01,,,
2023,수원시,팔달구청,2023-06-11 16:52,매산동 팅스몰 주차장 출구 옆,고정형,2023-12-01,,,
2023,수원시,팔달구청,2023-06-11 16:58,화서1동 수원역푸르지오자이 북문 우측,고정형,2023-12-01,,,
2023,수원시,팔달구청,2023-06-11 17:00,신풍동 미술관로터리,고정형,2023-12-01,,,
2023,수원시,팔달구청,2023-06-11 17:03,인계동 한국씨티은행,고정형,2023-12-01,,,
2023,수원시,팔달구청,2023-06-11 17:03,매산동 팅스몰 주차장 출구 옆,고정형,2023-12-01,,,
2023,수원시,권선구청,2023-06-11 17:04,권선동 NC터미널점 버스정류장 앞,고정형,2023-12-01,,,
2023,수원시,영통구청,2023-06-11 17:10,영통동 마사회뒷길,고정형,2023-12-01,,,
2023,수원시,팔달구청,2023-06-11 17:12,인계동 드림캐슬주상복합,고정형,2023-12-01,,,
2023,수원시,권선구청,2023-06-11 17:14,평동 수원역고가밑 (애경뒷길),고정형,2023-12-01,,,
2023,수원시,팔달구청,2023-06-11 17:22,매산동 팅스몰 주차장 출구 옆,고정형,2023-12-01,,,
2023,수원시,팔달구청,2023-06-11 17:27,신풍동 미술관로터리,고정형,2023-12-01,,,
2023,수원시,권선구청,2023-06-11 17:27,서둔동 가온팰리스옆2,고정형,2023-12-01,,,
2023,수원시,권선구청,2023-06-11 17:29,곡반정동 하나로마트한국빌딩앞,고정형,2023-12-01,,,
2023,수원시,팔달구청,2023-06-11 17:36,화서1동 수원역푸르지오자이 북문 우측,고정형,2023-12-01,,,
2023,수원시,팔달구청,2023-06-11 17:36,화서1동 수원역푸르지오자이 북문 우측,고정형,2023-12-01,,,
2023,수원시,팔달구청,2023-06-11 18:51,매산동 팅스몰 주차장 출구 옆,고정형,2023-12-01,,,
2023,수원시,팔달구청,2023-06-11 20:32,인계동 드림캐슬주상복합,고정형,2023-12-01,,,
2023,수원시,팔달구청,2023-06-11 20:34,매산동 팅스몰 주차장 출구 옆,고정형,2023-12-01,,,
2023,수원시,팔달구청,2023-06-11 20:48,매산동 역전농협,고정형,2023-12-01,,,
2023,수원시,권선구청,2023-06-11 23:46,오목천동 527-5,국민신문고,2023-12-01,,,
2023,수원시,권선구청,2023-06-11 23:47,오목천동 527-5,국민신문고,2023-12-01,,,
2023,수원시,권선구청,2023-06-11 23:47,오목천동 527-5,국민신문고,2023-12-01,,,
2023,수원시,권선구청,2023-06-12 5:43,곡반정동 562-2,국민신문고,2023-12-01,,,
2023,수원시,팔달구청,2023-06-12 7:02,화서1동 수원역푸르지오자이 북문 우측,고정형,2023-12-01,,,
2023,수원시,팔달구청,2023-06-12 7:03,화서1동 수원역푸르지오자이 북문 우측,고정형,2023-12-01,,,
2023,수원시,팔달구청,2023-06-12 7:03,화서1동 수원역푸르지오자이 북문 우측,고정형,2023-12-01,,,
2023,수원시,팔달구청,2023-06-12 7:05,화서1동 푸르지오자이 북문 CU 앞 횡단보도,고정형,2023-12-01,,,
2023,수원시,팔달구청,2023-06-12 7:35,매산동 팅스몰 주차장 출구 옆,고정형,2023-12-01,,,
2023,수원시,팔달구청,2023-06-12 7:36,매산동 팅스몰 주차장 출구 옆,고정형,2023-12-01,,,
2023,수원시,팔달구청,2023-06-12 8:00,인계동 드림캐슬주상복합,고정형,2023-12-01,,,
2023,수원시,권선구청,2023-06-12 8:02,곡반정동 하나로마트한국빌딩앞,고정형,2023-12-01,,,
2023,수원시,권선구청,2023-06-12 8:02,금곡동 가온초교 정문 우측 사거리,고정형,2023-12-01,,,
2023,수원시,권선구청,2023-06-12 8:02,금곡동 가온초교 정문 우측 사거리,고정형,2023-12-01,,,
2023,수원시,권선구청,2023-06-12 8:02,서둔동 롯데몰 평동로입구,고정형,2023-12-01,,,
2023,수원시,권선구청,2023-06-12 8:03,서둔동 가온팰리스옆2,고정형,2023-12-01,,,
2023,수원시,권선구청,2023-06-12 8:05,권선2동 곡정초교 정문 좌측 사거리,고정형,2023-12-01,,,
2023,수원시,권선구청,2023-06-12 8:06,오목천동 한화꿈에그린아파트 209동앞,고정형,2023-12-01,,,
2023,수원시,권선구청,2023-06-12 8:06,서둔동 가온팰리스옆1,고정형,2023-12-01,,,
2023,수원시,팔달구청,2023-06-12 8:20,매산동 팅스몰 주차장 출구 옆,고정형,2023-12-01,,,
2023,수원시,팔달구청,2023-06-12 8:33,화서1동 수원역푸르지오자이 북문 우측,고정형,2023-12-01,,,
2023,수원시,권선구청,2023-06-12 8:38,권선2동 곡정초교 정문 좌측 사거리,고정형,2023-12-01,,,
2023,수원시,권선구청,2023-06-12 8:42,고색동 도이치 고객주차장 출입구,고정형,2023-12-01,,,
2023,수원시,권선구청,2023-06-12 8:43,권선2동 곡정초교 정문 좌측 사거리,고정형,2023-12-01,,,
2023,수원시,권선구청,2023-06-12 8:55,세류3동 신곡초교 후문 좌측 사거리,고정형,2023-12-01,,,
2023,수원시,권선구청,2023-06-12 9:29,권선동 권선동 한라비발디앞 놀이터,고정형,2023-12-01,,,
2023,수원시,권선구청,2023-06-12 9:29,권선동 권선동 한라비발디앞 놀이터,고정형,2023-12-01,,,
2023,수원시,팔달구청,2023-06-12 9:35,매산동 팅스몰 주차장 출구 옆,고정형,2023-12-01,,,
2023,수원시,장안구청,2023-06-12 9:35,정자3동 정자동 오일뱅크,고정형,2023-12-01,,,
2023,수원시,권선구청,2023-06-12 9:50,서둔동 가온팰리스옆2,고정형,2023-12-01,,,
2023,수원시,권선구청,2023-06-12 9:50,서둔동 가온팰리스옆2,고정형,2023-12-01,,,
2023,수원시,장안구청,2023-06-12 9:50,경기도수원시장안구영화동 수원시 장안구 영화동 381,보행,2023-12-01,,,
2023,수원시,권선구청,2023-06-12 9:58,서둔동 수원역한라비발디퍼스트 앞1,고정형,2023-12-01,,,
2023,수원시,권선구청,2023-06-12 10:00,입북동 당수초교 정문 우측 사거리,고정형,2023-12-01,,,
2023,수원시,권선구청,2023-06-12 10:00,입북동 당수초교 정문 우측 사거리,고정형,2023-12-01,,,
2023,수원시,팔달구청,2023-06-12 10:10,인계동 드림캐슬주상복합,고정형,2023-12-01,,,
2023,수원시,영통구청,2023-06-12 10:27,이의동 창룡대로298번길,주행형,2023-12-01,,,
2023,수원시,영통구청,2023-06-12 10:27,이의동 창룡대로298번길,주행형,2023-12-01,,,
2023,수원시,영통구청,2023-06-12 10:27,이의동 창룡대로298번길,주행형,2023-12-01,,,
2023,수원시,영통구청,2023-06-12 10:34,경기도수원시영통구망포동 수원시 영통구 망포동 58,보행,2023-12-01,,,
2023,수원시,권선구청,2023-06-12 11:12,고색동 도이치 고객주차장 출입구,고정형,2023-12-01,,,
2023,수원시,권선구청,2023-06-12 11:17,곡선동 휴먼푸드 인근,고정형,2023-12-01,,,
2023,수원시,팔달구청,2023-06-12 11:17,매산동 역전농협,고정형,2023-12-01,,,
2023,수원시,권선구청,2023-06-12 11:27,권선동 NC터미널점 버스정류장 앞,고정형,2023-12-01,,,
2023,수원시,팔달구청,2023-06-12 11:59,화서1동 푸르지오자이 북문 CU 앞 횡단보도,고정형,2023-12-01,,,
2023,수원시,팔달구청,2023-06-12 12:47,고등동 수원초등학교 정문 좌측 사거리,고정형,2023-12-01,,,
2023,수원시,권선구청,2023-06-12 13:03,입북동 당수초교 정문 우측 사거리,고정형,2023-12-01,,,
2023,수원시,권선구청,2023-06-12 13:03,입북동 당수초교 정문 우측 사거리,고정형,2023-12-01,,,
2023,수원시,팔달구청,2023-06-12 13:10,화서1동 수원역푸르지오자이 북문 우측,고정형,2023-12-01,,,
2023,수원시,권선구청,2023-06-12 13:26,평동 고현초교 정문 좌측 삼거리,고정형,2023-12-01,,,
2023,수원시,권선구청,2023-06-12 13:46,평동 고현초교 정문 좌측 삼거리,보행,2023-12-01,,,
2023,수원시,팔달구청,2023-06-12 14:14,매산동 역전농협,고정형,2023-12-01,,,
2023,수원시,팔달구청,2023-06-12 14:15,남수동 남수동 정조로800번길,주행형,2023-12-01,,,
2023,수원시,팔달구청,2023-06-12 14:15,남수동 남수동 정조로800번길,주행형,2023-12-01,,,
2023,수원시,팔달구청,2023-06-12 14:15,남수동 남수동 정조로800번길,주행형,2023-12-01,,,
2023,수원시,팔달구청,2023-06-12 14:15,남수동 남수동 정조로800번길,주행형,2023-12-01,,,
2023,수원시,팔달구청,2023-06-12 14:15,남수동 남수동 정조로800번길,주행형,2023-12-01,,,
2023,수원시,팔달구청,2023-06-12 14:15,남수동 남수동 정조로800번길,주행형,2023-12-01,,,
2023,수원시,팔달구청,2023-06-12 14:15,남수동 남수동 정조로800번길,주행형,2023-12-01,,,
2023,수원시,팔달구청,2023-06-12 14:15,남수동 남수동 정조로800번길,주행형,2023-12-01,,,
2023,수원시,권선구청,2023-06-12 14:15,구운동 구운초교 정문 우측 삼거리,고정형,2023-12-01,,,
2023,수원시,팔달구청,2023-06-12 14:17,남수동 남수동 정조로796번길,주행형,2023-12-01,,,
2023,수원시,팔달구청,2023-06-12 14:26,인계동 인계동 매산로169,주행형,2023-12-01,,,
2023,수원시,팔달구청,2023-06-12 14:26,인계동 인계동 매산로169,주행형,2023-12-01,,,
2023,수원시,팔달구청,2023-06-12 14:26,인계동 인계동 매산로169,주행형,2023-12-01,,,
2023,수원시,권선구청,2023-06-12 14:33,권선동 권선동 한라비발디앞 놀이터,고정형,2023-12-01,,,
2023,수원시,팔달구청,2023-06-12 14:34,인계동 경인통계청,고정형,2023-12-01,,,
2023,수원시,권선구청,2023-06-12 14:36,서둔동 가온팰리스옆2,고정형,2023-12-01,,,
2023,수원시,권선구청,2023-06-12 14:36,서둔동 가온팰리스옆2,고정형,2023-12-01,,,
2023,수원시,팔달구청,2023-06-12 14:46,인계동 경인통계청,고정형,2023-12-01,,,
2023,수원시,권선구청,2023-06-12 14:53,서둔동 서둔로256번길,주행형,2023-12-01,,,
2023,수원시,권선구청,2023-06-12 14:53,서둔동 서둔로256번길,주행형,2023-12-01,,,
2023,수원시,팔달구청,2023-06-12 14:59,매산동 팅스몰 주차장 출구 옆,고정형,2023-12-01,,,
2023,수원시,권선구청,2023-06-12 15:10,권선2동 곡정초교 정문 좌측 사거리,고정형,2023-12-01,,,
2023,수원시,팔달구청,2023-06-12 15:23,인계동 드림캐슬주상복합,고정형,2023-12-01,,,
2023,수원시,팔달구청,2023-06-12 15:27,화서1동 수원역푸르지오자이 북문 우측,고정형,2023-12-01,,,
2023,수원시,권선구청,2023-06-12 15:35,서둔동 가온팰리스옆2,고정형,2023-12-01,,,
2023,수원시,팔달구청,2023-06-12 15:36,인계동 서수원프라자,고정형,2023-12-01,,,
2023,수원시,팔달구청,2023-06-12 15:52,매교동 매교동 122-38 소화전,국민신문고,2023-12-01,,,
2023,수원시,팔달구청,2023-06-12 15:54,인계동 경인통계청,고정형,2023-12-01,,,
2023,수원시,팔달구청,2023-06-12 15:54,인계동 경인통계청,고정형,2023-12-01,,,
2023,수원시,권선구청,2023-06-12 16:16,평동 수원역고가밑 (애경뒷길),고정형,2023-12-01,,,
2023,수원시,팔달구청,2023-06-12 16:16,매산동 팅스몰 주차장 출구 옆,고정형,2023-12-01,,,
2023,수원시,팔달구청,2023-06-12 17:11,인계동 드림캐슬주상복합,고정형,2023-12-01,,,
2023,수원시,팔달구청,2023-06-12 17:24,화서1동 수원역푸르지오자이 북문 우측,고정형,2023-12-01,,,
2023,수원시,팔달구청,2023-06-12 18:02,매산동 팅스몰 주차장 출구 옆,고정형,2023-12-01,,,
2023,수원시,팔달구청,2023-06-12 18:55,매산동 팅스몰 주차장 출구 옆,고정형,2023-12-01,,,
2023,수원시,팔달구청,2023-06-12 19:26,매산동 팅스몰 주차장 출구 옆,고정형,2023-12-01,,,
2023,수원시,팔달구청,2023-06-12 19:41,매산동 팅스몰 주차장 출구 옆,고정형,2023-12-01,,,
2023,수원시,팔달구청,2023-06-12 20:02,매산동 팔달로 10번길 8,고정형,2023-12-01,,,
2023,수원시,팔달구청,2023-06-12 20:57,인계동 드림캐슬주상복합,고정형,2023-12-01,,,
2023,수원시,팔달구청,2023-06-12 21:28,인계동 드림캐슬주상복합,고정형,2023-12-01,,,
2023,수원시,영통구청,2023-06-13 7:03,영통동 마사회뒷길,고정형,2023-12-01,,,
2023,수원시,영통구청,2023-06-13 7:03,원천동 광교매원초등학교,고정형,2023-12-01,,,
2023,수원시,영통구청,2023-06-13 7:05,망포동 E-마트 에브리데이 앞,고정형,2023-12-01,37.2361017468141,127.060345496536,
2023,수원시,팔달구청,2023-06-13 7:10,화서1동 푸르지오자이 북문 CU 앞 횡단보도,고정형,2023-12-01,,,
2023,수원시,팔달구청,2023-06-13 7:34,매산동 팅스몰 주차장 출구 옆,고정형,2023-12-01,,,
2023,수원시,권선구청,2023-06-13 8:00,권선동 NC터미널점 버스정류장 앞,고정형,2023-12-01,,,
2023,수원시,팔달구청,2023-06-13 8:03,북수동 쌈지공원 앞,고정형,2023-12-01,,,
2023,수원시,권선구청,2023-06-13 8:03,권선2동 곡정초교 정문 좌측 사거리,고정형,2023-12-01,,,
2023,수원시,권선구청,2023-06-13 8:04,곡반정동 하나로마트한국빌딩앞,고정형,2023-12-01,,,
2023,수원시,권선구청,2023-06-13 8:05,서둔동 가온팰리스옆2,고정형,2023-12-01,,,
2023,수원시,권선구청,2023-06-13 8:05,서둔동 가온팰리스옆2,고정형,2023-12-01,,,
2023,수원시,권선구청,2023-06-13 8:05,곡반정동 하나로마트한국빌딩앞,고정형,2023-12-01,,,
2023,수원시,권선구청,2023-06-13 8:05,곡반정동 하나로마트한국빌딩앞,고정형,2023-12-01,,,
2023,수원시,권선구청,2023-06-13 8:05,서둔동 가온팰리스옆1,고정형,2023-12-01,,,
2023,수원시,팔달구청,2023-06-13 8:06,신풍동 제일교회부설주차장 부근,고정형,2023-12-01,,,
2023,수원시,권선구청,2023-06-13 8:11,곡반정동 하나로마트한국빌딩앞,고정형,2023-12-01,,,
2023,수원시,팔달구청,2023-06-13 8:16,매산동 역전농협,고정형,2023-12-01,,,
2023,수원시,영통구청,2023-06-13 8:25,광교동 광교이의119안전센터,고정형,2023-12-01,,,
2023,수원시,영통구청,2023-06-13 8:36,이의동 창룡대로298번길,주행형,2023-12-01,,,
2023,수원시,팔달구청,2023-06-13 8:40,화서1동 화서초등학교 둘레길 중간지점,고정형,2023-12-01,,,
2023,수원시,권선구청,2023-06-13 8:52,서둔동 수원역한라비발디퍼스트 앞1,고정형,2023-12-01,,,
2023,수원시,팔달구청,2023-06-13 8:59,인계동 드림캐슬주상복합,고정형,2023-12-01,,,
2023,수원시,팔달구청,2023-06-13 10:18,팔달로2가 팔달로2가 정조로796번길,주행형,2023-12-01,,,
2023,수원시,권선구청,2023-06-13 10:22,권선동 NC터미널점 버스정류장 앞,고정형,2023-12-01,,,
2023,수원시,팔달구청,2023-06-13 12:53,화서1동 수원역푸르지오자이 북문 우측,고정형,2023-12-01,,,
2023,수원시,권선구청,2023-06-13 13:15,입북동 당수초교 정문 우측 사거리,고정형,2023-12-01,,,
2023,수원시,권선구청,2023-06-13 14:13,고색동 도이치 고객주차장 출입구,고정형,2023-12-01,,,
2023,수원시,팔달구청,2023-06-13 14:20,남수동 남수동 정조로800번길,주행형,2023-12-01,,,
2023,수원시,팔달구청,2023-06-13 14:20,남수동 남수동 정조로800번길,주행형,2023-12-01,,,
2023,수원시,영통구청,2023-06-13 14:20,영통동 매영로365번길,주행형,2023-12-01,,,
2023,수원시,영통구청,2023-06-13 14:20,영통동 매영로365번길,주행형,2023-12-01,,,
2023,수원시,팔달구청,2023-06-13 14:30,영동 영동 수원천로 246,주행형,2023-12-01,,,
2023,수원시,팔달구청,2023-06-13 14:30,영동 영동 수원천로 246,주행형,2023-12-01,,,
2023,수원시,팔달구청,2023-06-13 14:31,인계동 인계동 매산로169,주행형,2023-12-01,,,
2023,수원시,팔달구청,2023-06-13 14:31,인계동 인계동 매산로169,주행형,2023-12-01,,,
2023,수원시,팔달구청,2023-06-13 14:31,인계동 인계동 매산로169,주행형,2023-12-01,,,
2023,수원시,팔달구청,2023-06-13 14:31,인계동 인계동 매산로169,주행형,2023-12-01,,,
2023,수원시,팔달구청,2023-06-13 14:34,북수동 쌈지공원 앞,고정형,2023-12-01,,,
2023,수원시,팔달구청,2023-06-13 14:35,매산동 팅스몰 주차장 출구 옆,고정형,2023-12-01,,,
2023,수원시,권선구청,2023-06-13 14:35,구운동 구운초교 정문 우측 삼거리,고정형,2023-12-01,,,
2023,수원시,팔달구청,2023-06-13 14:44,인계동 드림캐슬주상복합,고정형,2023-12-01,,,
2023,수원시,권선구청,2023-06-13 14:48,서둔동 가온팰리스옆2,고정형,2023-12-01,,,
2023,수원시,팔달구청,2023-06-13 14:48,경기도수원시장안구영화동 수원시 팔달구 화서동 7-37,보행,2023-12-01,,,
2023,수원시,권선구청,2023-06-13 14:50,서둔동 롯데몰9번출구앞주변,고정형,2023-12-01,,,
2023,수원시,영통구청,2023-06-13 15:05,원천동 광교에일린의뜰 북측,고정형,2023-12-01,,,
2023,수원시,권선구청,2023-06-13 15:06,권선동 NC터미널점 버스정류장 앞,고정형,2023-12-01,,,
2023,수원시,팔달구청,2023-06-13 15:06,매교동 매교동 264-5 교차로모퉁이,국민신문고,2023-12-01,,,
2023,수원시,팔달구청,2023-06-13 15:14,인계동 드림캐슬주상복합,고정형,2023-12-01,,,
2023,수원시,영통구청,2023-06-13 15:33,광교동 광교 덴티움지식산업센터 앞 사거리,고정형,2023-12-01,,,
2023,수원시,팔달구청,2023-06-13 15:33,경기도수원시팔달구우만동 수원시 팔달구 경수대로659,보행,2023-12-01,,,
2023,수원시,권선구청,2023-06-13 15:40,입북동 당수초교 정문 우측 사거리,고정형,2023-12-01,,,
2023,수원시,팔달구청,2023-06-13 15:41,매산동 팅스몰 주차장 출구 옆,고정형,2023-12-01,,,
2023,수원시,영통구청,2023-06-13 16:18,이의동 드림스퀘어Ⅱ 앞,고정형,2023-12-01,,,
2023,수원시,영통구청,2023-06-13 16:18,이의동 드림스퀘어Ⅱ 앞,고정형,2023-12-01,,,
2023,수원시,권선구청,2023-06-13 16:21,입북동 당수초교 정문 우측 사거리,고정형,2023-12-01,,,
2023,수원시,팔달구청,2023-06-13 16:30,인계동 경인통계청,고정형,2023-12-01,,,
2023,수원시,영통구청,2023-06-13 16:31,이의동 도청예정부지,고정형,2023-12-01,,,
2023,수원시,팔달구청,2023-06-13 16:33,화서1동 수원역푸르지오자이 북문 우측,고정형,2023-12-01,,,
2023,수원시,영통구청,2023-06-13 16:33,망포동 힐스테이트 119동 ~방죽공원 삼거리,고정형,2023-12-01,,,
2023,수원시,권선구청,2023-06-13 17:05,호매실동 금호프라자 대각 맞은편,고정형,2023-12-01,,,
2023,수원시,팔달구청,2023-06-13 17:06,화서1동 푸르지오자이 북문 CU 앞 횡단보도,고정형,2023-12-01,,,
2023,수원시,영통구청,2023-06-13 17:08,광교동 광교더사랑교회뒷길,고정형,2023-12-01,,,
2023,수원시,권선구청,2023-06-13 17:11,서둔동 가온팰리스옆2,고정형,2023-12-01,,,
2023,수원시,팔달구청,2023-06-13 17:23,인계동 드림캐슬주상복합,고정형,2023-12-01,,,
2023,수원시,권선구청,2023-06-13 17:25,세류3동 신곡초교 후문 좌측 사거리,고정형,2023-12-01,,,
2023,수원시,영통구청,2023-06-13 17:27,이의동 드림스퀘어Ⅱ 앞,고정형,2023-12-01,,,
2023,수원시,팔달구청,2023-06-13 17:33,북수동 쌈지공원 앞,고정형,2023-12-01,,,
2023,수원시,팔달구청,2023-06-13 17:56,인계동 드림캐슬주상복합,고정형,2023-12-01,,,
2023,수원시,팔달구청,2023-06-13 17:56,인계동 드림캐슬주상복합,고정형,2023-12-01,,,
2023,수원시,팔달구청,2023-06-13 18:27,화서1동 푸르지오자이 북문 CU 앞 횡단보도,고정형,2023-12-01,,,
2023,수원시,팔달구청,2023-06-13 18:48,매산동 팔달로 10번길 8,고정형,2023-12-01,,,
2023,수원시,팔달구청,2023-06-13 18:49,매산동 팅스몰 주차장 출구 옆,고정형,2023-12-01,,,
2023,수원시,팔달구청,2023-06-13 19:06,화서1동 수원역푸르지오자이 북문 우측,고정형,2023-12-01,,,
2023,수원시,팔달구청,2023-06-13 19:08,인계동 드림캐슬주상복합,고정형,2023-12-01,,,
2023,수원시,팔달구청,2023-06-13 19:10,매산동 팔달로 10번길 8,고정형,2023-12-01,,,
2023,수원시,팔달구청,2023-06-13 19:11,매산동 팅스몰 주차장 출구 옆,고정형,2023-12-01,,,
2023,수원시,영통구청,2023-06-13 19:24,영통동 매영로365번길,주행형,2023-12-01,,,
2023,수원시,영통구청,2023-06-13 19:24,영통동 매영로365번길,주행형,2023-12-01,,,
2023,수원시,영통구청,2023-06-13 19:24,영통동 매영로365번길,주행형,2023-12-01,,,
2023,수원시,영통구청,2023-06-13 19:24,영통동 매영로365번길,주행형,2023-12-01,,,
2023,수원시,영통구청,2023-06-13 19:24,영통동 매영로365번길,주행형,2023-12-01,,,
2023,수원시,영통구청,2023-06-13 19:24,영통동 매영로365번길,주행형,2023-12-01,,,
2023,수원시,영통구청,2023-06-13 19:24,영통동 매영로365번길,주행형,2023-12-01,,,
2023,수원시,영통구청,2023-06-13 19:24,영통동 매영로365번길,주행형,2023-12-01,,,
2023,수원시,영통구청,2023-06-13 19:24,영통동 매영로365번길,주행형,2023-12-01,,,
2023,수원시,영통구청,2023-06-13 19:24,영통동 매영로365번길,주행형,2023-12-01,,,
2023,수원시,영통구청,2023-06-13 19:24,영통동 매영로365번길,주행형,2023-12-01,,,
2023,수원시,영통구청,2023-06-13 19:24,영통동 매영로365번길,주행형,2023-12-01,,,
2023,수원시,권선구청,2023-06-13 19:43,권선동 192-4,국민신문고,2023-12-01,,,
2023,수원시,팔달구청,2023-06-13 19:48,화서1동 푸르지오자이 북문 CU 앞 횡단보도,고정형,2023-12-01,,,
2023,수원시,영통구청,2023-06-13 20:39,원천동 광교매원초등학교,고정형,2023-12-01,,,
2023,수원시,팔달구청,2023-06-13 20:39,매산동 팅스몰 주차장 출구 옆,고정형,2023-12-01,,,
2023,수원시,팔달구청,2023-06-13 20:41,인계동 드림캐슬주상복합,고정형,2023-12-01,,,
2023,수원시,팔달구청,2023-06-13 22:27,고등동 고등동 198-389 횡단보도,국민신문고,2023-12-01,,,
2023,수원시,권선구청,2023-06-14 5:35,곡반정동 562-2,국민신문고,2023-12-01,,,
2023,수원시,영통구청,2023-06-14 7:03,매탄4동 세화사거리,고정형,2023-12-01,,,
2023,수원시,팔달구청,2023-06-14 7:04,화서1동 수원역푸르지오자이 북문 우측,고정형,2023-12-01,,,
2023,수원시,팔달구청,2023-06-14 7:32,매산동 팅스몰 주차장 출구 옆,고정형,2023-12-01,,,
2023,수원시,팔달구청,2023-06-14 8:02,북수동 쌈지공원 앞,고정형,2023-12-01,,,
2023,수원시,권선구청,2023-06-14 8:03,곡반정동 하나로마트한국빌딩앞,고정형,2023-12-01,,,
2023,수원시,권선구청,2023-06-14 8:03,평동 오목초교 정문 우측 삼거리,고정형,2023-12-01,,,
2023,수원시,권선구청,2023-06-14 8:03,서둔동 가온팰리스옆1,고정형,2023-12-01,,,
2023,수원시,권선구청,2023-06-14 8:04,곡반정동 하나로마트한국빌딩앞,고정형,2023-12-01,,,
2023,수원시,권선구청,2023-06-14 8:04,곡반정동 하나로마트한국빌딩앞,고정형,2023-12-01,,,
2023,수원시,영통구청,2023-06-14 8:06,이의동 광교가재울마을사거리,고정형,2023-12-01,,,
2023,수원시,권선구청,2023-06-14 8:13,곡반정동 하나로마트한국빌딩앞,고정형,2023-12-01,,,
2023,수원시,권선구청,2023-06-14 8:13,서둔동 가온팰리스옆2,고정형,2023-12-01,,,
2023,수원시,권선구청,2023-06-14 8:14,곡반정동 하나로마트한국빌딩앞,고정형,2023-12-01,,,
2023,수원시,팔달구청,2023-06-14 8:31,화서1동 수원역푸르지오자이 북문 우측,고정형,2023-12-01,,,
2023,수원시,팔달구청,2023-06-14 8:55,매산동 팅스몰 주차장 출구 옆,고정형,2023-12-01,,,
2023,수원시,팔달구청,2023-06-14 9:06,화서1동 수원역푸르지오자이 북문 우측,고정형,2023-12-01,,,
2023,수원시,팔달구청,2023-06-14 9:06,화서1동 수원역푸르지오자이 북문 우측,고정형,2023-12-01,,,
2023,수원시,팔달구청,2023-06-14 9:27,매산동 팅스몰 주차장 출구 옆,고정형,2023-12-01,,,
2023,수원시,권선구청,2023-06-14 9:30,세류3동 신곡초교 후문 좌측 사거리,고정형,2023-12-01,,,
2023,수원시,팔달구청,2023-06-14 9:47,화서1동 수원역푸르지오자이 북문 우측,고정형,2023-12-01,,,
2023,수원시,영통구청,2023-06-14 9:57,광교동 광교이의119안전센터,고정형,2023-12-01,,,
2023,수원시,영통구청,2023-06-14 9:58,영통동 롯데마트 뒤,고정형,2023-12-01,37.27220279535416,127.10856729001851,
2023,수원시,권선구청,2023-06-14 10:00,입북동 당수초교 정문 우측 사거리,고정형,2023-12-01,,,
2023,수원시,영통구청,2023-06-14 10:18,이의동 창룡대로298번길,주행형,2023-12-01,,,
2023,수원시,영통구청,2023-06-14 10:18,이의동 창룡대로298번길,주행형,2023-12-01,,,
2023,수원시,영통구청,2023-06-14 10:18,이의동 창룡대로298번길,주행형,2023-12-01,,,
2023,수원시,권선구청,2023-06-14 10:50,권선동 NC터미널점 버스정류장 앞,고정형,2023-12-01,,,
2023,수원시,팔달구청,2023-06-14 11:16,화서1동 화서초등학교 둘레길 중간지점,고정형,2023-12-01,,,
2023,수원시,팔달구청,2023-06-14 11:19,교동 수원향교 앞 팔달보건소 뒤,고정형,2023-12-01,,,
2023,수원시,영통구청,2023-06-14 12:22,망포동 힐스테이트 119동 ~방죽공원 삼거리,고정형,2023-12-01,,,
2023,수원시,영통구청,2023-06-14 13:04,망포동 힐스테이트 119동 ~방죽공원 삼거리,고정형,2023-12-01,,,
2023,수원시,팔달구청,2023-06-14 13:56,화서1동 수원역푸르지오자이 북문 우측,고정형,2023-12-01,,,
2023,수원시,팔달구청,2023-06-14 14:15,남수동 남수동 정조로800번길,주행형,2023-12-01,,,
2023,수원시,팔달구청,2023-06-14 14:15,남수동 남수동 정조로800번길,주행형,2023-12-01,,,
2023,수원시,팔달구청,2023-06-14 14:15,남수동 남수동 정조로800번길,주행형,2023-12-01,,,
2023,수원시,팔달구청,2023-06-14 14:16,남수동 남수동 창룡대로8번길,주행형,2023-12-01,,,
2023,수원시,팔달구청,2023-06-14 14:18,팔달로2가 팔달로2가 정조로796번길,주행형,2023-12-01,,,
2023,수원시,팔달구청,2023-06-14 14:21,인계동 인계동 매산로169,주행형,2023-12-01,,,
2023,수원시,팔달구청,2023-06-14 14:21,인계동 인계동 매산로169,주행형,2023-12-01,,,
2023,수원시,팔달구청,2023-06-14 14:21,인계동 인계동 매산로169,주행형,2023-12-01,,,
2023,수원시,팔달구청,2023-06-14 14:21,인계동 인계동 매산로169,주행형,2023-12-01,,,
2023,수원시,권선구청,2023-06-14 14:23,서둔동 서둔로256번길,주행형,2023-12-01,,,
2023,수원시,권선구청,2023-06-14 14:24,서둔동 서둔로256번길,주행형,2023-12-01,,,
2023,수원시,권선구청,2023-06-14 14:24,서둔동 서둔로256번길,주행형,2023-12-01,,,
2023,수원시,팔달구청,2023-06-14 14:29,매산로2가 매산로2가 매산로20번길,주행형,2023-12-01,,,
2023,수원시,팔달구청,2023-06-14 14:32,화서1동 수원역푸르지오자이 북문 우측,고정형,2023-12-01,,,
2023,수원시,팔달구청,2023-06-14 14:34,매산동 팔달로 10번길 8,고정형,2023-12-01,,,
2023,수원시,팔달구청,2023-06-14 14:35,경기도수원시팔달구고등동 수원시 팔달구 향교로 37,보행,2023-12-01,,,
2023,수원시,팔달구청,2023-06-14 14:35,남수동 수원시 팔달구 향교로 37,보행,2023-12-01,,,
2023,수원시,팔달구청,2023-06-14 14:36,경기도수원시팔달구고등동 수원시 팔달구 향교로 37,보행,2023-12-01,,,
2023,수원시,팔달구청,2023-06-14 14:58,행궁동 화홍사랑채,고정형,2023-12-01,,,
2023,수원시,팔달구청,2023-06-14 14:58,행궁동 화홍사랑채,고정형,2023-12-01,,,
2023,수원시,권선구청,2023-06-14 15:06,구운동 구운초교 정문 우측 삼거리,고정형,2023-12-01,,,
2023,수원시,권선구청,2023-06-14 15:20,입북동 당수초교 정문 우측 사거리,고정형,2023-12-01,,,
2023,수원시,팔달구청,2023-06-14 15:26,신풍동 미술관로터리,고정형,2023-12-01,,,
2023,수원시,팔달구청,2023-06-14 15:31,행궁동 화홍사랑채,고정형,2023-12-01,,,
2023,수원시,권선구청,2023-06-14 15:37,서둔동 롯데몰9번출구앞주변,고정형,2023-12-01,,,
2023,수원시,권선구청,2023-06-14 15:41,권선동 NC터미널점 버스정류장 앞,고정형,2023-12-01,,,
2023,수원시,영통구청,2023-06-14 15:41,이의동 드림스퀘어Ⅱ 앞,고정형,2023-12-01,,,
2023,수원시,권선구청,2023-06-14 15:45,곡선동 휴먼푸드 인근,고정형,2023-12-01,,,
2023,수원시,팔달구청,2023-06-14 16:02,매산동 팅스몰 주차장 출구 옆,고정형,2023-12-01,,,
2023,수원시,팔달구청,2023-06-14 16:08,매산동 팅스몰 주차장 출구 옆,고정형,2023-12-01,,,
2023,수원시,영통구청,2023-06-14 16:10,광교동 광교이의119안전센터,고정형,2023-12-01,,,
2023,수원시,권선구청,2023-06-14 16:10,서둔동 가온팰리스옆2,고정형,2023-12-01,,,
2023,수원시,영통구청,2023-06-14 16:26,영통동 보보스스포츠센터앞,고정형,2023-12-01,,,
2023,수원시,권선구청,2023-06-14 16:27,평동 고현초교 정문 좌측 삼거리,고정형,2023-12-01,,,
2023,수원시,권선구청,2023-06-14 16:27,평동 고현초교 정문 좌측 삼거리,고정형,2023-12-01,,,
2023,수원시,권선구청,2023-06-14 16:31,입북동 당수초교 정문 우측 사거리,고정형,2023-12-01,,,
2023,수원시,장안구청,2023-06-14 16:42,천천동 화산로163번길,주행형,2023-12-01,,,
2023,수원시,장안구청,2023-06-14 16:42,천천동 화산로163번길,주행형,2023-12-01,,,
2023,수원시,팔달구청,2023-06-14 16:53,북수동 쌈지공원 앞,고정형,2023-12-01,,,
2023,수원시,권선구청,2023-06-14 16:55,서둔동 가온팰리스옆2,고정형,2023-12-01,,,
2023,수원시,팔달구청,2023-06-14 17:02,매산동 팔달로 10번길 8,고정형,2023-12-01,,,
2023,수원시,팔달구청,2023-06-14 17:05,매산동 팅스몰 주차장 출구 옆,고정형,2023-12-01,,,
2023,수원시,권선구청,2023-06-14 17:05,권선동 NC터미널점 버스정류장 앞,고정형,2023-12-01,,,
2023,수원시,권선구청,2023-06-14 17:19,세류3동 신곡초교 후문 좌측 사거리,고정형,2023-12-01,,,
2023,수원시,권선구청,2023-06-14 17:22,곡반정동 하나로마트한국빌딩앞,고정형,2023-12-01,,,
2023,수원시,권선구청,2023-06-14 17:22,서둔동 가온팰리스옆2,고정형,2023-12-01,,,
2023,수원시,팔달구청,2023-06-14 17:23,인계동 드림캐슬주상복합,고정형,2023-12-01,,,
2023,수원시,권선구청,2023-06-14 17:31,곡반정동 하나로마트한국빌딩앞,고정형,2023-12-01,,,
2023,수원시,팔달구청,2023-06-14 18:36,매산동 팅스몰 주차장 출구 옆,고정형,2023-12-01,,,
2023,수원시,영통구청,2023-06-14 18:41,영통동 마사회뒷길,고정형,2023-12-01,,,
2023,수원시,팔달구청,2023-06-14 18:55,화서1동 수원역푸르지오자이 북문 우측,고정형,2023-12-01,,,
2023,수원시,영통구청,2023-06-14 19:00,망포동 E-마트 에브리데이 앞,고정형,2023-12-01,37.2361017468141,127.060345496536,
2023,수원시,팔달구청,2023-06-14 19:33,경기도수원시팔달구우만동 수원시 팔달구 지동472-1,보행,2023-12-01,,,
2023,수원시,영통구청,2023-06-14 19:55,원천동 삼성전자중문,고정형,2023-12-01,,,
2023,수원시,영통구청,2023-06-14 20:00,원천동 광교매원초등학교,고정형,2023-12-01,,,
2023,수원시,영통구청,2023-06-14 20:47,원천동 광교매원초등학교,고정형,2023-12-01,,,
2023,수원시,팔달구청,2023-06-14 20:57,화서1동 푸르지오자이 북문 CU 앞 횡단보도,고정형,2023-12-01,,,
2023,수원시,권선구청,2023-06-15 0:05,곡반정동 562-2,국민신문고,2023-12-01,,,
2023,수원시,권선구청,2023-06-15 5:49,곡반정동 562-2,국민신문고,2023-12-01,,,
2023,수원시,영통구청,2023-06-15 7:02,광교동 광교이의119안전센터,고정형,2023-12-01,,,
2023,수원시,팔달구청,2023-06-15 7:49,매산동 팅스몰 주차장 출구 옆,고정형,2023-12-01,,,
2023,수원시,팔달구청,2023-06-15 8:02,북수동 쌈지공원 앞,고정형,2023-12-01,,,
2023,수원시,권선구청,2023-06-15 8:03,권선2동 곡정초교 정문 좌측 사거리,고정형,2023-12-01,,,
2023,수원시,권선구청,2023-06-15 8:03,곡반정동 하나로마트한국빌딩앞,고정형,2023-12-01,,,
2023,수원시,권선구청,2023-06-15 8:05,고색동 도이치 고객주차장 출입구,고정형,2023-12-01,,,
2023,수원시,권선구청,2023-06-15 8:07,경기도수원시권선구호매실동 수원시 권선구 호매실동 1381,보행,2023-12-01,,,
2023,수원시,권선구청,2023-06-15 8:08,서둔동 가온팰리스옆2,고정형,2023-12-01,,,
2023,수원시,권선구청,2023-06-15 8:08,경기도수원시권선구호매실동 수원시 권선구 호매실동 1433,보행,2023-12-01,,,
2023,수원시,팔달구청,2023-06-15 8:08,인계동 인계동 1137 횡단보도,국민신문고,2023-12-01,,,
2023,수원시,팔달구청,2023-06-15 8:10,팔달로3가 팔달로3가 32 교차로모퉁이,국민신문고,2023-12-01,,,
2023,수원시,영통구청,2023-06-15 8:15,영통구 매탄동 1179-6,국민신문고,2023-12-01,,,
2023,수원시,권선구청,2023-06-15 8:16,오목천동 한화꿈에그린아파트 209동앞,고정형,2023-12-01,,,
2023,수원시,팔달구청,2023-06-15 8:17,인계동 인계동 942-9 소화전,국민신문고,2023-12-01,,,
2023,수원시,팔달구청,2023-06-15 8:19,인계동 인계동 1031-4 사거리,고정형,2023-12-01,,,
2023,수원시,권선구청,2023-06-15 8:19,경기도수원시권선구금곡동 수원시 권선구 금곡동 241,보행,2023-12-01,,,
2023,수원시,팔달구청,2023-06-15 8:22,인계동 인계동 1031-4 사거리,고정형,2023-12-01,,,
2023,수원시,팔달구청,2023-06-15 8:22,인계동 인계동 1047 버스정류소,국민신문고,2023-12-01,,,
2023,수원시,권선구청,2023-06-15 8:32,세류동 1018-89,국민신문고,2023-12-01,,,
2023,수원시,영통구청,2023-06-15 8:44,경기도수원시영통구원천동 수원시 영통구 삼성로 268번길 8원천1차삼성아파트,보행,2023-12-01,,,
2023,수원시,영통구청,2023-06-15 8:45,매탄동 매탄동 1085-40,주행형,2023-12-01,,,
2023,수원시,영통구청,2023-06-15 8:45,경기도수원시영통구원천동 수원시 영통구 삼성로 268번길 8원천1차삼성아파트,보행,2023-12-01,,,
2023,수원시,팔달구청,2023-06-15 8:55,인계동 인계동 1031-4 사거리,고정형,2023-12-01,,,
2023,수원시,팔달구청,2023-06-15 8:57,인계동 인계동 1122-5 횡단보도,국민신문고,2023-12-01,,,
2023,수원시,팔달구청,2023-06-15 9:01,인계동 인계동 1123-19 횡단보도,국민신문고,2023-12-01,,,
2023,수원시,권선구청,2023-06-15 9:06,경기도수원시권선구금곡동 수원시 권선구 금곡동 1157,보행,2023-12-01,,,
2023,수원시,팔달구청,2023-06-15 9:07,인계동 인계동 1141 횡단보도,국민신문고,2023-12-01,,,
2023,수원시,권선구청,2023-06-15 9:09,고색동 도이치 고객주차장 출입구,고정형,2023-12-01,,,
2023,수원시,팔달구청,2023-06-15 9:10,인계동 인계동 1141 횡단보도,국민신문고,2023-12-01,,,
2023,수원시,영통구청,2023-06-15 9:12,망포동 힐스테이트 119동 ~방죽공원 삼거리,고정형,2023-12-01,,,
2023,수원시,영통구청,2023-06-15 9:12,망포동 힐스테이트 119동 ~방죽공원 삼거리,고정형,2023-12-01,,,
2023,수원시,팔달구청,2023-06-15 9:12,인계동 인계동 1141 소화전,국민신문고,2023-12-01,,,
2023,수원시,팔달구청,2023-06-15 9:19,인계동 인계동 1098 교차로모퉁이,국민신문고,2023-12-01,,,
2023,수원시,팔달구청,2023-06-15 9:21,인계동 인계동 1031-4 사거리,고정형,2023-12-01,,,
2023,수원시,팔달구청,2023-06-15 9:29,인계동 인계동 1031-4 사거리,고정형,2023-12-01,,,
2023,수원시,권선구청,2023-06-15 9:29,탑동 913,국민신문고,2023-12-01,,,
2023,수원시,팔달구청,2023-06-15 9:30,인계동 인계동 1119-1 횡단보도,국민신문고,2023-12-01,,,
2023,수원시,권선구청,2023-06-15 9:41,경기도수원시권선구서둔동 수원시 권선구 서둔동 362,보행,2023-12-01,,,
2023,수원시,권선구청,2023-06-15 9:41,경기도수원시권선구서둔동 수원시 권선구 서둔동 362,보행,2023-12-01,,,
2023,수원시,팔달구청,2023-06-15 9:44,화서동 화서동 184-90 교차로모퉁이,국민신문고,2023-12-01,,,
