집계년도,시군명,관리기관명,단속일시정보,단속장소,단속방법,데이터기준일자,위도,경도,행정동
2023,수원시,영통구청,2023-06-15 10:08,망포동 E-마트 에브리데이 앞,고정형,2023-12-01,37.2361017468141,127.060345496536,
2023,수원시,영통구청,2023-06-15 10:18,이의동 창룡대로298번길,주행형,2023-12-01,,,
2023,수원시,영통구청,2023-06-15 10:18,이의동 창룡대로298번길,주행형,2023-12-01,,,
2023,수원시,영통구청,2023-06-15 10:18,이의동 창룡대로298번길,주행형,2023-12-01,,,
2023,수원시,팔달구청,2023-06-15 10:22,인계동 경인통계청,고정형,2023-12-01,,,
2023,수원시,권선구청,2023-06-15 10:30,입북동 당수초교 정문 우측 사거리,고정형,2023-12-01,,,
2023,수원시,영통구청,2023-06-15 10:38,이의동 부함식당 앞,고정형,2023-12-01,,,
2023,수원시,권선구청,2023-06-15 11:02,입북동 당수초교 정문 우측 사거리,고정형,2023-12-01,,,
2023,수원시,권선구청,2023-06-15 11:02,입북동 당수초교 정문 우측 사거리,고정형,2023-12-01,,,
2023,수원시,팔달구청,2023-06-15 11:06,경기도수원시팔달구매산로2가 수원시 팔달구 팔달로149,보행,2023-12-01,,,
2023,수원시,권선구청,2023-06-15 12:49,고색동 도이치 고객주차장 출입구,고정형,2023-12-01,,,
2023,수원시,영통구청,2023-06-15 13:09,광교동 광교이의119안전센터,고정형,2023-12-01,,,
2023,수원시,영통구청,2023-06-15 13:37,광교동 광교웰빙타운한양수자인,고정형,2023-12-01,,,
2023,수원시,영통구청,2023-06-15 13:58,-1 영통동 1030-6,국민신문고,2023-12-01,,,
2023,수원시,팔달구청,2023-06-15 14:16,남수동 남수동 정조로800번길,주행형,2023-12-01,,,
2023,수원시,팔달구청,2023-06-15 14:16,남수동 남수동 정조로800번길,주행형,2023-12-01,,,
2023,수원시,팔달구청,2023-06-15 14:16,남수동 남수동 정조로800번길,주행형,2023-12-01,,,
2023,수원시,팔달구청,2023-06-15 14:16,남수동 남수동 정조로800번길,주행형,2023-12-01,,,
2023,수원시,팔달구청,2023-06-15 14:16,남수동 남수동 정조로800번길,주행형,2023-12-01,,,
2023,수원시,팔달구청,2023-06-15 14:21,인계동 인계동 수원천로231번길,주행형,2023-12-01,,,
2023,수원시,팔달구청,2023-06-15 14:21,인계동 인계동 수원천로231번길,주행형,2023-12-01,,,
2023,수원시,팔달구청,2023-06-15 14:22,경기도수원시팔달구화서동 수원시 팔달구 중동 38-3,보행,2023-12-01,,,
2023,수원시,팔달구청,2023-06-15 14:22,경기도수원시팔달구화서동 수원시 팔달구 중동 38-3,보행,2023-12-01,,,
2023,수원시,영통구청,2023-06-15 14:23,경기도수원시영통구원천동 수원시 영통구 원천동 27,보행,2023-12-01,,,
2023,수원시,권선구청,2023-06-15 14:33,세류3동 신곡초교 후문 좌측 사거리,고정형,2023-12-01,,,
2023,수원시,권선구청,2023-06-15 14:34,세류3동 신곡초교 후문 좌측 사거리,고정형,2023-12-01,,,
2023,수원시,권선구청,2023-06-15 14:35,서둔동 가온팰리스옆2,고정형,2023-12-01,,,
2023,수원시,장안구청,2023-06-15 14:35,정자3동 정자동 오일뱅크,고정형,2023-12-01,,,
2023,수원시,권선구청,2023-06-15 14:35,서둔동 가온팰리스옆1,고정형,2023-12-01,,,
2023,수원시,팔달구청,2023-06-15 14:43,매산동 팅스몰 주차장 출구 옆,고정형,2023-12-01,,,
2023,수원시,권선구청,2023-06-15 14:46,입북동 당수초교 정문 우측 사거리,고정형,2023-12-01,,,
2023,수원시,권선구청,2023-06-15 15:00,평동 수원역고가밑 (애경뒷길),고정형,2023-12-01,,,
2023,수원시,팔달구청,2023-06-15 15:00,인계동 드림캐슬주상복합,고정형,2023-12-01,,,
2023,수원시,권선구청,2023-06-15 15:10,구운동 구운초교 정문 우측 삼거리,고정형,2023-12-01,,,
2023,수원시,팔달구청,2023-06-15 15:12,매산동 팅스몰 주차장 출구 옆,고정형,2023-12-01,,,
2023,수원시,권선구청,2023-06-15 15:28,서둔동 가온팰리스옆2,고정형,2023-12-01,,,
2023,수원시,권선구청,2023-06-15 15:31,서둔동 가온팰리스옆2,고정형,2023-12-01,,,
2023,수원시,영통구청,2023-06-15 15:43,원천동 광교아이파크올웨이즈앞,고정형,2023-12-01,,,
2023,수원시,권선구청,2023-06-15 16:19,곡선동 휴먼푸드 인근,고정형,2023-12-01,,,
2023,수원시,영통구청,2023-06-15 16:19,이의동 드림스퀘어Ⅱ 앞,고정형,2023-12-01,,,
2023,수원시,팔달구청,2023-06-15 16:21,매산동 팅스몰 주차장 출구 옆,고정형,2023-12-01,,,
2023,수원시,팔달구청,2023-06-15 16:21,매산동 팅스몰 주차장 출구 옆,고정형,2023-12-01,,,
2023,수원시,팔달구청,2023-06-15 16:33,인계동 경인통계청,고정형,2023-12-01,,,
2023,수원시,팔달구청,2023-06-15 16:34,매산동 팅스몰 주차장 출구 옆,고정형,2023-12-01,,,
2023,수원시,팔달구청,2023-06-15 16:47,매산동 역전농협,고정형,2023-12-01,,,
2023,수원시,팔달구청,2023-06-15 16:51,인계동 드림캐슬주상복합,고정형,2023-12-01,,,
2023,수원시,팔달구청,2023-06-15 16:51,인계동 드림캐슬주상복합,고정형,2023-12-01,,,
2023,수원시,권선구청,2023-06-15 16:57,서둔동 가온팰리스옆2,고정형,2023-12-01,,,
2023,수원시,팔달구청,2023-06-15 17:05,팔달로2가 팔달로3가 73-2 인도,국민신문고,2023-12-01,,,
2023,수원시,권선구청,2023-06-15 17:20,평동 수원역고가밑 (애경뒷길),고정형,2023-12-01,,,
2023,수원시,팔달구청,2023-06-15 17:29,인계동 경인통계청,고정형,2023-12-01,,,
2023,수원시,장안구청,2023-06-15 17:29,상광교동 광교버스정류장종점,고정형,2023-12-01,,,
2023,수원시,영통구청,2023-06-15 18:11,하동 광교호반마을한양수자인,고정형,2023-12-01,,,
2023,수원시,영통구청,2023-06-15 18:11,하동 광교호반마을한양수자인,고정형,2023-12-01,,,
2023,수원시,팔달구청,2023-06-15 18:58,매산동 팅스몰 주차장 출구 옆,고정형,2023-12-01,,,
2023,수원시,권선구청,2023-06-15 18:59,오목천동 527-5,국민신문고,2023-12-01,,,
2023,수원시,팔달구청,2023-06-15 19:02,인계동 드림캐슬주상복합,고정형,2023-12-01,,,
2023,수원시,팔달구청,2023-06-15 19:04,인계동 드림캐슬주상복합,고정형,2023-12-01,,,
2023,수원시,권선구청,2023-06-15 19:40,경기도수원시권선구오목천동 수원시 권선구 오목천동 248-7,보행,2023-12-01,,,
2023,수원시,팔달구청,2023-06-15 19:47,매산동 팅스몰 주차장 출구 옆,고정형,2023-12-01,,,
2023,수원시,팔달구청,2023-06-15 20:17,매산동 역전농협,고정형,2023-12-01,,,
2023,수원시,팔달구청,2023-06-15 20:26,화서1동 푸르지오자이 북문 CU 앞 횡단보도,고정형,2023-12-01,,,
2023,수원시,팔달구청,2023-06-15 20:59,인계동 드림캐슬주상복합,고정형,2023-12-01,,,
2023,수원시,권선구청,2023-06-15 21:06,오목천동 472-13,국민신문고,2023-12-01,,,
2023,수원시,팔달구청,2023-06-15 21:31,화서1동 수원역푸르지오자이 북문 우측,고정형,2023-12-01,,,
2023,수원시,권선구청,2023-06-15 21:49,곡반정동 562-2,국민신문고,2023-12-01,,,
2023,수원시,팔달구청,2023-06-16 0:16,매교동 매교동 287-484 횡단보도,국민신문고,2023-12-01,,,
2023,수원시,권선구청,2023-06-16 0:29,곡반정동 1119,국민신문고,2023-12-01,,,
2023,수원시,팔달구청,2023-06-16 6:59,매교동 매교동 287-480 횡단보도,국민신문고,2023-12-01,,,
2023,수원시,팔달구청,2023-06-16 7:03,화서1동 푸르지오자이 북문 CU 앞 횡단보도,고정형,2023-12-01,,,
2023,수원시,영통구청,2023-06-16 7:06,영통동 보보스스포츠센터앞,고정형,2023-12-01,,,
2023,수원시,팔달구청,2023-06-16 7:35,매산동 팅스몰 주차장 출구 옆,고정형,2023-12-01,,,
2023,수원시,팔달구청,2023-06-16 7:35,인계동 드림캐슬주상복합,고정형,2023-12-01,,,
2023,수원시,팔달구청,2023-06-16 7:55,인계동 드림캐슬주상복합,고정형,2023-12-01,,,
2023,수원시,권선구청,2023-06-16 8:02,곡반정동 하나로마트한국빌딩앞,고정형,2023-12-01,,,
2023,수원시,팔달구청,2023-06-16 8:03,북수동 쌈지공원 앞,고정형,2023-12-01,,,
2023,수원시,권선구청,2023-06-16 8:04,서둔동 가온팰리스옆2,고정형,2023-12-01,,,
2023,수원시,권선구청,2023-06-16 8:04,곡반정동 하나로마트한국빌딩앞,고정형,2023-12-01,,,
2023,수원시,권선구청,2023-06-16 8:11,서둔동 가온팰리스옆1,고정형,2023-12-01,,,
2023,수원시,팔달구청,2023-06-16 9:05,매산동 팅스몰 주차장 출구 옆,고정형,2023-12-01,,,
2023,수원시,권선구청,2023-06-16 9:29,권선동 NC터미널점 버스정류장 앞,고정형,2023-12-01,,,
2023,수원시,권선구청,2023-06-16 9:29,권선동 NC터미널점 버스정류장 앞,고정형,2023-12-01,,,
2023,수원시,권선구청,2023-06-16 9:32,세류3동 신곡초교 후문 좌측 사거리,고정형,2023-12-01,,,
2023,수원시,팔달구청,2023-06-16 9:39,인계동 드림캐슬주상복합,고정형,2023-12-01,,,
2023,수원시,팔달구청,2023-06-16 9:39,인계동 드림캐슬주상복합,고정형,2023-12-01,,,
2023,수원시,권선구청,2023-06-16 9:40,곡반정동 562-2,국민신문고,2023-12-01,,,
2023,수원시,팔달구청,2023-06-16 9:56,매산동 팅스몰 주차장 출구 옆,고정형,2023-12-01,,,
2023,수원시,영통구청,2023-06-16 10:01,하동 광교호반마을한양수자인,고정형,2023-12-01,,,
2023,수원시,팔달구청,2023-06-16 10:01,인계동 드림캐슬주상복합,고정형,2023-12-01,,,
2023,수원시,권선구청,2023-06-16 10:10,권선동 NC터미널점 버스정류장 앞,고정형,2023-12-01,,,
2023,수원시,권선구청,2023-06-16 10:11,곡반정동 하나로마트한국빌딩앞,고정형,2023-12-01,,,
2023,수원시,권선구청,2023-06-16 10:16,호매실동 금호프라자 대각 맞은편,고정형,2023-12-01,,,
2023,수원시,팔달구청,2023-06-16 10:16,인계동 드림캐슬주상복합,고정형,2023-12-01,,,
2023,수원시,영통구청,2023-06-16 10:17,이의동 광교호반베르디움 103동 앞,고정형,2023-12-01,,,
2023,수원시,영통구청,2023-06-16 10:19,원천동 광교에일린의뜰 북측,고정형,2023-12-01,,,
2023,수원시,팔달구청,2023-06-16 10:34,인계동 경인통계청,고정형,2023-12-01,,,
2023,수원시,영통구청,2023-06-16 11:10,망포동 힐스테이트 119동 ~방죽공원 삼거리,고정형,2023-12-01,,,
2023,수원시,영통구청,2023-06-16 11:10,망포동 힐스테이트 119동 ~방죽공원 삼거리,고정형,2023-12-01,,,
2023,수원시,권선구청,2023-06-16 11:26,곡반정동 562-2,국민신문고,2023-12-01,,,
2023,수원시,권선구청,2023-06-16 11:26,곡반정동 562-2,국민신문고,2023-12-01,,,
2023,수원시,영통구청,2023-06-16 11:45,광교동 광교웰빙타운한양수자인,고정형,2023-12-01,,,
2023,수원시,권선구청,2023-06-16 12:04,곡선동 휴먼푸드 인근,고정형,2023-12-01,,,
2023,수원시,팔달구청,2023-06-16 12:14,매산동 역전농협,고정형,2023-12-01,,,
2023,수원시,권선구청,2023-06-16 12:36,권선동 NC터미널점 버스정류장 앞,고정형,2023-12-01,,,
2023,수원시,권선구청,2023-06-16 13:13,입북동 당수초교 정문 우측 사거리,고정형,2023-12-01,,,
2023,수원시,영통구청,2023-06-16 13:21,광교동 광교이의119안전센터,고정형,2023-12-01,,,
2023,수원시,권선구청,2023-06-16 14:03,구운동 구운초교 정문 우측 삼거리,고정형,2023-12-01,,,
2023,수원시,팔달구청,2023-06-16 14:11,남수동 남수동 정조로800번길,주행형,2023-12-01,,,
2023,수원시,팔달구청,2023-06-16 14:13,팔달로2가 팔달로2가 정조로796번길,주행형,2023-12-01,,,
2023,수원시,팔달구청,2023-06-16 14:17,인계동 인계동 매산로169,주행형,2023-12-01,,,
2023,수원시,팔달구청,2023-06-16 14:17,인계동 인계동 매산로169,주행형,2023-12-01,,,
2023,수원시,팔달구청,2023-06-16 14:17,인계동 인계동 매산로169,주행형,2023-12-01,,,
2023,수원시,팔달구청,2023-06-16 14:17,인계동 인계동 매산로169,주행형,2023-12-01,,,
2023,수원시,팔달구청,2023-06-16 14:17,인계동 인계동 매산로169,주행형,2023-12-01,,,
2023,수원시,팔달구청,2023-06-16 14:25,남수동 남수동 정조로800번길,주행형,2023-12-01,,,
2023,수원시,권선구청,2023-06-16 14:35,서둔동 가온팰리스옆2,고정형,2023-12-01,,,
2023,수원시,팔달구청,2023-06-16 14:35,인계동 경인통계청,고정형,2023-12-01,,,
2023,수원시,팔달구청,2023-06-16 14:40,인계동 경인통계청,고정형,2023-12-01,,,
2023,수원시,영통구청,2023-06-16 14:40,영통동 매영로365번길,주행형,2023-12-01,,,
2023,수원시,영통구청,2023-06-16 14:40,영통동 매영로365번길,주행형,2023-12-01,,,
2023,수원시,영통구청,2023-06-16 14:40,영통동 매영로365번길,주행형,2023-12-01,,,
2023,수원시,영통구청,2023-06-16 14:40,영통동 매영로365번길,주행형,2023-12-01,,,
2023,수원시,권선구청,2023-06-16 14:43,서둔동 가온팰리스옆2,고정형,2023-12-01,,,
2023,수원시,영통구청,2023-06-16 14:45,이의동 드림스퀘어Ⅱ 앞,고정형,2023-12-01,,,
2023,수원시,영통구청,2023-06-16 14:50,원천동 광교 한화겔러리아 앞,고정형,2023-12-01,,,
2023,수원시,영통구청,2023-06-16 15:04,이의동 도청예정부지,고정형,2023-12-01,,,
2023,수원시,팔달구청,2023-06-16 15:14,매향동 매향동 창룡대로 86,주행형,2023-12-01,,,
2023,수원시,권선구청,2023-06-16 15:32,서둔동 수원역한라비발디퍼스트 앞2,고정형,2023-12-01,,,
2023,수원시,권선구청,2023-06-16 15:50,곡반정동 하나로마트한국빌딩앞,고정형,2023-12-01,,,
2023,수원시,권선구청,2023-06-16 15:55,서둔동 가온팰리스옆2,고정형,2023-12-01,,,
2023,수원시,영통구청,2023-06-16 16:20,이의동 드림스퀘어Ⅱ 앞,고정형,2023-12-01,,,
2023,수원시,영통구청,2023-06-16 16:20,망포동 방죽공원 교차 삼거리,고정형,2023-12-01,,,
2023,수원시,권선구청,2023-06-16 16:28,권선동 권선동 한라비발디앞 놀이터,고정형,2023-12-01,,,
2023,수원시,팔달구청,2023-06-16 16:35,인계동 경인통계청,고정형,2023-12-01,,,
2023,수원시,영통구청,2023-06-16 16:35,영통동 마사회뒷길,고정형,2023-12-01,,,
2023,수원시,영통구청,2023-06-16 16:35,영통동 마사회뒷길,고정형,2023-12-01,,,
2023,수원시,영통구청,2023-06-16 17:20,이의동 도청예정부지,고정형,2023-12-01,,,
2023,수원시,영통구청,2023-06-16 17:24,이의동 드림스퀘어Ⅱ 앞,고정형,2023-12-01,,,
2023,수원시,영통구청,2023-06-16 17:35,영통동 보보스스포츠센터앞,고정형,2023-12-01,,,
2023,수원시,팔달구청,2023-06-16 17:57,인계동 드림캐슬주상복합,고정형,2023-12-01,,,
2023,수원시,팔달구청,2023-06-16 17:57,인계동 드림캐슬주상복합,고정형,2023-12-01,,,
2023,수원시,팔달구청,2023-06-16 18:13,매산동 역전농협,고정형,2023-12-01,,,
2023,수원시,팔달구청,2023-06-16 18:39,인계동 드림캐슬주상복합,고정형,2023-12-01,,,
2023,수원시,영통구청,2023-06-16 18:39,망포동 E-마트 에브리데이 앞,고정형,2023-12-01,37.2361017468141,127.060345496536,
2023,수원시,팔달구청,2023-06-16 18:40,화서1동 수원역푸르지오자이 북문 우측,고정형,2023-12-01,,,
2023,수원시,영통구청,2023-06-16 19:01,원천동 광교매원초등학교,고정형,2023-12-01,,,
2023,수원시,팔달구청,2023-06-16 19:11,인계동 드림캐슬주상복합,고정형,2023-12-01,,,
2023,수원시,팔달구청,2023-06-16 19:18,고등동 고등동 180-8 횡단보도,국민신문고,2023-12-01,,,
2023,수원시,팔달구청,2023-06-16 19:18,고등동 고등동 180-8 횡단보도,국민신문고,2023-12-01,,,
2023,수원시,영통구청,2023-06-16 19:50,영통동 매영로365번길,주행형,2023-12-01,,,
2023,수원시,영통구청,2023-06-16 19:50,영통동 매영로365번길,주행형,2023-12-01,,,
2023,수원시,영통구청,2023-06-16 19:50,영통동 매영로365번길,주행형,2023-12-01,,,
2023,수원시,영통구청,2023-06-16 19:50,영통동 매영로365번길,주행형,2023-12-01,,,
2023,수원시,영통구청,2023-06-16 19:50,영통동 매영로365번길,주행형,2023-12-01,,,
2023,수원시,영통구청,2023-06-16 19:50,영통동 매영로365번길,주행형,2023-12-01,,,
2023,수원시,영통구청,2023-06-16 19:50,영통동 매영로365번길,주행형,2023-12-01,,,
2023,수원시,영통구청,2023-06-16 19:50,영통동 매영로365번길,주행형,2023-12-01,,,
2023,수원시,영통구청,2023-06-16 19:50,영통동 매영로365번길,주행형,2023-12-01,,,
2023,수원시,영통구청,2023-06-16 19:50,영통동 매영로365번길,주행형,2023-12-01,,,
2023,수원시,영통구청,2023-06-16 19:50,영통동 매영로365번길,주행형,2023-12-01,,,
2023,수원시,영통구청,2023-06-16 19:50,영통동 매영로365번길,주행형,2023-12-01,,,
2023,수원시,영통구청,2023-06-16 19:50,영통동 매영로365번길,주행형,2023-12-01,,,
2023,수원시,영통구청,2023-06-16 19:50,영통동 매영로365번길,주행형,2023-12-01,,,
2023,수원시,권선구청,2023-06-16 20:03,곡반정동 562-2,국민신문고,2023-12-01,,,
2023,수원시,팔달구청,2023-06-16 20:07,인계동 드림캐슬주상복합,고정형,2023-12-01,,,
2023,수원시,팔달구청,2023-06-16 20:42,인계동 드림캐슬주상복합,고정형,2023-12-01,,,
2023,수원시,팔달구청,2023-06-16 21:32,인계동 드림캐슬주상복합,고정형,2023-12-01,,,
2023,수원시,팔달구청,2023-06-16 21:32,인계동 드림캐슬주상복합,고정형,2023-12-01,,,
2023,수원시,권선구청,2023-06-16 22:46,곡반정동 562-9,국민신문고,2023-12-01,,,
2023,수원시,권선구청,2023-06-16 22:47,권선동 156-1,국민신문고,2023-12-01,,,
2023,수원시,권선구청,2023-06-16 22:49,곡반정동 156-8,국민신문고,2023-12-01,,,
2023,수원시,권선구청,2023-06-16 22:53,곡반정동 193-3,국민신문고,2023-12-01,,,
2023,수원시,권선구청,2023-06-16 22:55,곡반정동 193-3,국민신문고,2023-12-01,,,
2023,수원시,권선구청,2023-06-16 22:56,곡반정동 196-10,국민신문고,2023-12-01,,,
2023,수원시,권선구청,2023-06-16 22:57,곡반정동 193-3,국민신문고,2023-12-01,,,
2023,수원시,권선구청,2023-06-16 23:37,곡반정동 191-4,국민신문고,2023-12-01,,,
2023,수원시,권선구청,2023-06-16 23:38,곡반정동 191-4,국민신문고,2023-12-01,,,
2023,수원시,권선구청,2023-06-16 23:39,곡반정동 191-4,국민신문고,2023-12-01,,,
2023,수원시,권선구청,2023-06-16 23:41,곡반정동 191-4,국민신문고,2023-12-01,,,
2023,수원시,권선구청,2023-06-16 23:41,곡반정동 191-4,국민신문고,2023-12-01,,,
2023,수원시,권선구청,2023-06-16 23:41,곡반정동 191-4,국민신문고,2023-12-01,,,
2023,수원시,권선구청,2023-06-17 0:10,곡반정동 105-11,국민신문고,2023-12-01,,,
2023,수원시,권선구청,2023-06-17 0:13,곡반정동 105-4,국민신문고,2023-12-01,,,
2023,수원시,권선구청,2023-06-17 0:16,곡반정동 105-8,국민신문고,2023-12-01,,,
2023,수원시,권선구청,2023-06-17 9:02,곡반정동 궁촌육교앞,고정형,2023-12-01,,,
2023,수원시,팔달구청,2023-06-17 9:02,화서1동 푸르지오자이 북문 CU 앞 횡단보도,고정형,2023-12-01,,,
2023,수원시,권선구청,2023-06-17 9:02,서둔동 가온팰리스옆2,고정형,2023-12-01,,,
2023,수원시,권선구청,2023-06-17 9:03,곡반정동 하나로마트한국빌딩앞,고정형,2023-12-01,,,
2023,수원시,팔달구청,2023-06-17 9:03,매산동 팅스몰 주차장 출구 옆,고정형,2023-12-01,,,
2023,수원시,팔달구청,2023-06-17 9:03,북수동 쌈지공원 앞,고정형,2023-12-01,,,
2023,수원시,권선구청,2023-06-17 9:04,곡선동 권선중앙약국 건너편,고정형,2023-12-01,,,
2023,수원시,권선구청,2023-06-17 9:04,곡반정동 하나로마트한국빌딩앞,고정형,2023-12-01,,,
2023,수원시,팔달구청,2023-06-17 9:04,화서1동 푸르지오자이 북문 CU 앞 횡단보도,고정형,2023-12-01,,,
2023,수원시,권선구청,2023-06-17 9:04,서둔동 가온팰리스옆2,고정형,2023-12-01,,,
2023,수원시,팔달구청,2023-06-17 9:05,인계동 드림캐슬주상복합,고정형,2023-12-01,,,
2023,수원시,권선구청,2023-06-17 9:07,곡반정동 하나로마트한국빌딩앞,고정형,2023-12-01,,,
2023,수원시,팔달구청,2023-06-17 9:09,행궁동 화홍사랑채,고정형,2023-12-01,,,
2023,수원시,팔달구청,2023-06-17 9:09,행궁동 화홍사랑채,고정형,2023-12-01,,,
2023,수원시,권선구청,2023-06-17 9:33,권선동 NC터미널점 버스정류장 앞,고정형,2023-12-01,,,
2023,수원시,권선구청,2023-06-17 9:40,고색동 도이치 고객주차장 출입구,고정형,2023-12-01,,,
2023,수원시,영통구청,2023-06-17 9:41,망포동 국민은행신영통지점(태장동),고정형,2023-12-01,,,
2023,수원시,팔달구청,2023-06-17 9:52,매산동 팅스몰 주차장 출구 옆,고정형,2023-12-01,,,
2023,수원시,영통구청,2023-06-17 10:06,광교동 광교이의119안전센터,고정형,2023-12-01,,,
2023,수원시,영통구청,2023-06-17 10:12,이의동 부함식당 앞,고정형,2023-12-01,,,
2023,수원시,팔달구청,2023-06-17 10:21,팔달로2가 팔달로2가 정조로 802,주행형,2023-12-01,,,
2023,수원시,팔달구청,2023-06-17 10:28,매산동 덕영대로 895번길 9-8,고정형,2023-12-01,,,
2023,수원시,팔달구청,2023-06-17 10:29,남수동 남수동 정조로796번길,주행형,2023-12-01,,,
2023,수원시,팔달구청,2023-06-17 10:30,팔달로2가 팔달로2가 정조로796번길,주행형,2023-12-01,,,
2023,수원시,팔달구청,2023-06-17 10:30,팔달로2가 팔달로2가 정조로796번길,주행형,2023-12-01,,,
2023,수원시,팔달구청,2023-06-17 10:34,매산동 팅스몰 주차장 출구 옆,고정형,2023-12-01,,,
2023,수원시,팔달구청,2023-06-17 10:36,행궁동 화홍사랑채,고정형,2023-12-01,,,
2023,수원시,영통구청,2023-06-17 10:52,영통동 롯데마트 뒤,고정형,2023-12-01,37.27220279535416,127.10856729001851,
2023,수원시,권선구청,2023-06-17 10:55,권선동 NC터미널점 버스정류장 앞,고정형,2023-12-01,,,
2023,수원시,영통구청,2023-06-17 11:22,영통동 매영로365번길,주행형,2023-12-01,,,
2023,수원시,영통구청,2023-06-17 11:22,영통동 매영로365번길,주행형,2023-12-01,,,
2023,수원시,영통구청,2023-06-17 11:23,영통동 매영로365번길,주행형,2023-12-01,,,
2023,수원시,영통구청,2023-06-17 11:23,영통동 매영로365번길,주행형,2023-12-01,,,
2023,수원시,영통구청,2023-06-17 11:23,영통동 매영로365번길,주행형,2023-12-01,,,
2023,수원시,영통구청,2023-06-17 11:23,영통동 매영로365번길,주행형,2023-12-01,,,
2023,수원시,영통구청,2023-06-17 11:24,영통동 매영로365번길,주행형,2023-12-01,,,
2023,수원시,영통구청,2023-06-17 11:24,영통동 매영로365번길,주행형,2023-12-01,,,
2023,수원시,영통구청,2023-06-17 11:24,영통동 매영로365번길,주행형,2023-12-01,,,
2023,수원시,영통구청,2023-06-17 11:24,영통동 매영로365번길,주행형,2023-12-01,,,
2023,수원시,영통구청,2023-06-17 11:24,영통동 매영로365번길,주행형,2023-12-01,,,
2023,수원시,영통구청,2023-06-17 11:24,영통동 매영로365번길,주행형,2023-12-01,,,
2023,수원시,팔달구청,2023-06-17 11:30,화서1동 수원역푸르지오자이 북문 우측,고정형,2023-12-01,,,
2023,수원시,팔달구청,2023-06-17 12:07,화서1동 푸르지오자이 북문 CU 앞 횡단보도,고정형,2023-12-01,,,
2023,수원시,팔달구청,2023-06-17 12:08,인계동 수원역푸르지오자이 북문 우측,고정형,2023-12-01,,,
2023,수원시,팔달구청,2023-06-17 12:27,화서1동 수원역푸르지오자이 북문 우측,고정형,2023-12-01,,,
2023,수원시,권선구청,2023-06-17 12:31,고색동 도이치 고객주차장 출입구,고정형,2023-12-01,,,
2023,수원시,권선구청,2023-06-17 12:47,권선동 NC터미널점 버스정류장 앞,고정형,2023-12-01,,,
2023,수원시,영통구청,2023-06-17 12:50,하동 광교호반마을한양수자인,고정형,2023-12-01,,,
2023,수원시,팔달구청,2023-06-17 12:58,화서1동 푸르지오자이 북문 CU 앞 횡단보도,고정형,2023-12-01,,,
2023,수원시,영통구청,2023-06-17 13:13,영통동 롯데마트 뒤,고정형,2023-12-01,37.27220279535416,127.10856729001851,
2023,수원시,팔달구청,2023-06-17 13:37,매교동 매교동 287-452 어린이보호구역,국민신문고,2023-12-01,,,
2023,수원시,팔달구청,2023-06-17 13:39,화서1동 푸르지오자이 북문 CU 앞 횡단보도,고정형,2023-12-01,,,
2023,수원시,영통구청,2023-06-17 14:18,망포동 E-마트 에브리데이 앞,고정형,2023-12-01,37.2361017468141,127.060345496536,
2023,수원시,팔달구청,2023-06-17 14:33,매산동 팔달로 10번길 8,고정형,2023-12-01,,,
2023,수원시,권선구청,2023-06-17 14:34,서둔동 가온팰리스옆2,고정형,2023-12-01,,,
2023,수원시,팔달구청,2023-06-17 14:34,매산동 팅스몰 주차장 출구 옆,고정형,2023-12-01,,,
2023,수원시,팔달구청,2023-06-17 14:35,인계동 드림캐슬주상복합,고정형,2023-12-01,,,
2023,수원시,권선구청,2023-06-17 14:35,서둔동 가온팰리스옆2,고정형,2023-12-01,,,
2023,수원시,권선구청,2023-06-17 14:35,서둔동 가온팰리스옆2,고정형,2023-12-01,,,
2023,수원시,팔달구청,2023-06-17 14:37,인계동 경인통계청,고정형,2023-12-01,,,
2023,수원시,팔달구청,2023-06-17 14:41,행궁동 화홍사랑채,고정형,2023-12-01,,,
2023,수원시,팔달구청,2023-06-17 14:51,매산동 팅스몰 주차장 출구 옆,고정형,2023-12-01,,,
2023,수원시,팔달구청,2023-06-17 14:56,인계동 경인통계청,고정형,2023-12-01,,,
2023,수원시,권선구청,2023-06-17 14:59,서둔동 수원역한라비발디퍼스트 앞1,고정형,2023-12-01,,,
2023,수원시,팔달구청,2023-06-17 15:00,신풍동 신풍동 화서문로 58,주행형,2023-12-01,,,
2023,수원시,팔달구청,2023-06-17 15:02,인계동 드림캐슬주상복합,고정형,2023-12-01,,,
2023,수원시,영통구청,2023-06-17 15:03,이의동 에듀타운로 43,주행형,2023-12-01,,,
2023,수원시,영통구청,2023-06-17 15:03,이의동 에듀타운로 43,주행형,2023-12-01,,,
2023,수원시,영통구청,2023-06-17 15:03,이의동 에듀타운로 43,주행형,2023-12-01,,,
2023,수원시,팔달구청,2023-06-17 15:05,인계동 드림캐슬주상복합,고정형,2023-12-01,,,
2023,수원시,팔달구청,2023-06-17 15:07,매산동 역전농협,고정형,2023-12-01,,,
2023,수원시,팔달구청,2023-06-17 15:08,인계동 경인통계청,고정형,2023-12-01,,,
2023,수원시,팔달구청,2023-06-17 15:08,인계동 드림캐슬주상복합,고정형,2023-12-01,,,
2023,수원시,팔달구청,2023-06-17 15:08,매산동 팔달로 10번길 8,고정형,2023-12-01,,,
2023,수원시,팔달구청,2023-06-17 15:12,매산동 팅스몰 주차장 출구 옆,고정형,2023-12-01,,,
2023,수원시,팔달구청,2023-06-17 15:17,화서1동 수원역푸르지오자이 북문 우측,고정형,2023-12-01,,,
2023,수원시,팔달구청,2023-06-17 15:32,인계동 경인통계청,고정형,2023-12-01,,,
2023,수원시,권선구청,2023-06-17 15:35,서둔동 가온팰리스옆2,고정형,2023-12-01,,,
2023,수원시,팔달구청,2023-06-17 15:40,인계동 경인통계청,고정형,2023-12-01,,,
2023,수원시,권선구청,2023-06-17 15:43,곡선동 권선중앙약국 건너편,고정형,2023-12-01,,,
2023,수원시,팔달구청,2023-06-17 15:43,신풍동 미술관로터리,고정형,2023-12-01,,,
2023,수원시,팔달구청,2023-06-17 16:02,매산동 팅스몰 주차장 출구 옆,고정형,2023-12-01,,,
2023,수원시,영통구청,2023-06-17 16:04,영통동 마사회뒷길,고정형,2023-12-01,,,
2023,수원시,팔달구청,2023-06-17 16:06,화서1동 수원역푸르지오자이 북문 우측,고정형,2023-12-01,,,
2023,수원시,팔달구청,2023-06-17 16:15,매교동 매교동 185-5 횡단보도,국민신문고,2023-12-01,,,
2023,수원시,권선구청,2023-06-17 16:16,서둔동 가온팰리스옆2,고정형,2023-12-01,,,
2023,수원시,팔달구청,2023-06-17 16:30,매산동 팅스몰 주차장 출구 옆,고정형,2023-12-01,,,
2023,수원시,팔달구청,2023-06-17 16:33,북수동 북수동 정조로841번길 4,주행형,2023-12-01,,,
2023,수원시,팔달구청,2023-06-17 16:34,화서1동 푸르지오자이 북문 CU 앞 횡단보도,고정형,2023-12-01,,,
2023,수원시,팔달구청,2023-06-17 16:44,인계동 경인통계청,고정형,2023-12-01,,,
2023,수원시,팔달구청,2023-06-17 16:55,인계동 한국씨티은행,고정형,2023-12-01,,,
2023,수원시,권선구청,2023-06-17 17:02,곡반정동 하나로마트한국빌딩앞,고정형,2023-12-01,,,
2023,수원시,팔달구청,2023-06-17 17:18,인계동 드림캐슬주상복합,고정형,2023-12-01,,,
2023,수원시,권선구청,2023-06-17 17:19,서둔동 가온팰리스옆1,고정형,2023-12-01,,,
2023,수원시,팔달구청,2023-06-17 17:27,매산동 팅스몰 주차장 출구 옆,고정형,2023-12-01,,,
2023,수원시,팔달구청,2023-06-17 17:31,화서1동 수원역푸르지오자이 북문 우측,고정형,2023-12-01,,,
2023,수원시,팔달구청,2023-06-17 17:35,화서1동 푸르지오자이 북문 CU 앞 횡단보도,고정형,2023-12-01,,,
2023,수원시,팔달구청,2023-06-17 17:39,인계동 경인통계청,고정형,2023-12-01,,,
2023,수원시,팔달구청,2023-06-17 17:48,인계동 드림캐슬주상복합,고정형,2023-12-01,,,
2023,수원시,팔달구청,2023-06-17 18:31,인계동 드림캐슬주상복합,고정형,2023-12-01,,,
2023,수원시,팔달구청,2023-06-17 18:31,인계동 드림캐슬주상복합,고정형,2023-12-01,,,
2023,수원시,팔달구청,2023-06-17 18:42,매산동 팅스몰 주차장 출구 옆,고정형,2023-12-01,,,
2023,수원시,팔달구청,2023-06-17 18:51,화서1동 푸르지오자이 북문 CU 앞 횡단보도,고정형,2023-12-01,,,
2023,수원시,팔달구청,2023-06-17 18:51,화서1동 푸르지오자이 북문 CU 앞 횡단보도,고정형,2023-12-01,,,
2023,수원시,팔달구청,2023-06-17 19:06,인계동 드림캐슬주상복합,고정형,2023-12-01,,,
2023,수원시,팔달구청,2023-06-17 19:24,인계동 드림캐슬주상복합,고정형,2023-12-01,,,
2023,수원시,팔달구청,2023-06-17 19:26,매교동 매교동 287-110 소화전,국민신문고,2023-12-01,,,
2023,수원시,팔달구청,2023-06-17 19:27,매교동 매교동 287-110 소화전,국민신문고,2023-12-01,,,
2023,수원시,팔달구청,2023-06-17 19:27,매교동 매교동 118-23 소화전,국민신문고,2023-12-01,,,
2023,수원시,팔달구청,2023-06-17 19:29,매교동 매교동 114-89 횡단보도,국민신문고,2023-12-01,,,
2023,수원시,팔달구청,2023-06-17 19:34,고등동 고등동 217-23 횡단보도,국민신문고,2023-12-01,,,
2023,수원시,팔달구청,2023-06-17 19:36,고등동 고등동 217-23 횡단보도,국민신문고,2023-12-01,,,
2023,수원시,권선구청,2023-06-18 2:33,곡반정동 562-2,국민신문고,2023-12-01,,,
2023,수원시,권선구청,2023-06-18 3:39,곡반정동 562-2,국민신문고,2023-12-01,,,
2023,수원시,권선구청,2023-06-18 9:03,권선동 권선동 한라비발디앞 놀이터,고정형,2023-12-01,,,
2023,수원시,권선구청,2023-06-18 9:03,곡반정동 하나로마트한국빌딩앞,고정형,2023-12-01,,,
2023,수원시,권선구청,2023-06-18 9:03,곡반정동 하나로마트한국빌딩앞,고정형,2023-12-01,,,
2023,수원시,권선구청,2023-06-18 9:03,곡반정동 하나로마트한국빌딩앞,고정형,2023-12-01,,,
2023,수원시,권선구청,2023-06-18 9:03,서둔동 가온팰리스옆1,고정형,2023-12-01,,,
2023,수원시,권선구청,2023-06-18 9:03,오목천동 한화꿈에그린아파트 209동앞,고정형,2023-12-01,,,
2023,수원시,권선구청,2023-06-18 9:03,서둔동 가온팰리스옆2,고정형,2023-12-01,,,
2023,수원시,팔달구청,2023-06-18 9:04,인계동 경인통계청,고정형,2023-12-01,,,
2023,수원시,팔달구청,2023-06-18 9:04,매산동 팅스몰 주차장 출구 옆,고정형,2023-12-01,,,
2023,수원시,권선구청,2023-06-18 9:04,곡반정동 하나로마트한국빌딩앞,고정형,2023-12-01,,,
2023,수원시,팔달구청,2023-06-18 9:04,매산동 팔달로 10번길 8,고정형,2023-12-01,,,
2023,수원시,팔달구청,2023-06-18 9:04,매산동 팔달로 10번길 8,고정형,2023-12-01,,,
2023,수원시,권선구청,2023-06-18 9:04,곡반정동 하나로마트한국빌딩앞,고정형,2023-12-01,,,
2023,수원시,권선구청,2023-06-18 9:05,서둔동 가온팰리스옆2,고정형,2023-12-01,,,
2023,수원시,팔달구청,2023-06-18 9:05,인계동 드림캐슬주상복합,고정형,2023-12-01,,,
2023,수원시,팔달구청,2023-06-18 9:05,인계동 드림캐슬주상복합,고정형,2023-12-01,,,
2023,수원시,팔달구청,2023-06-18 9:06,매산동 팅스몰 주차장 출구 옆,고정형,2023-12-01,,,
2023,수원시,팔달구청,2023-06-18 9:06,매산동 팅스몰 주차장 출구 옆,고정형,2023-12-01,,,
2023,수원시,권선구청,2023-06-18 9:06,서둔동 가온팰리스옆2,고정형,2023-12-01,,,
2023,수원시,팔달구청,2023-06-18 9:07,매산동 팅스몰 주차장 출구 옆,고정형,2023-12-01,,,
2023,수원시,영통구청,2023-06-18 9:09,망포동 국민은행신영통지점(태장동),고정형,2023-12-01,,,
2023,수원시,영통구청,2023-06-18 9:09,망포동 국민은행신영통지점(태장동),고정형,2023-12-01,,,
2023,수원시,권선구청,2023-06-18 9:10,오목천동 한화꿈에그린아파트 214동앞,고정형,2023-12-01,,,
2023,수원시,팔달구청,2023-06-18 9:15,인계동 경인통계청,고정형,2023-12-01,,,
2023,수원시,권선구청,2023-06-18 9:20,서둔동 가온팰리스옆2,고정형,2023-12-01,,,
2023,수원시,권선구청,2023-06-18 9:36,서둔동 가온팰리스옆2,고정형,2023-12-01,,,
2023,수원시,팔달구청,2023-06-18 9:44,인계동 경인통계청,고정형,2023-12-01,,,
2023,수원시,팔달구청,2023-06-18 9:48,화서1동 푸르지오자이 북문 CU 앞 횡단보도,고정형,2023-12-01,,,
2023,수원시,권선구청,2023-06-18 9:58,곡반정동 하나로마트한국빌딩앞,고정형,2023-12-01,,,
2023,수원시,영통구청,2023-06-18 10:25,이의동 도청예정부지,고정형,2023-12-01,,,
2023,수원시,권선구청,2023-06-18 10:28,오목천동 한화꿈에그린아파트 209동앞,고정형,2023-12-01,,,
2023,수원시,팔달구청,2023-06-18 10:34,고등동 고등동 180-17 횡단보도,국민신문고,2023-12-01,,,
2023,수원시,팔달구청,2023-06-18 10:34,고등동 고등동 180-17 횡단보도,국민신문고,2023-12-01,,,
2023,수원시,팔달구청,2023-06-18 10:35,행궁동 팔달문 버스정류장,고정형,2023-12-01,,,
2023,수원시,팔달구청,2023-06-18 10:37,매산동 팔달로 10번길 8,고정형,2023-12-01,,,
2023,수원시,영통구청,2023-06-18 11:33,영통동 매영로365번길,주행형,2023-12-01,,,
2023,수원시,영통구청,2023-06-18 11:33,영통동 매영로365번길,주행형,2023-12-01,,,
2023,수원시,영통구청,2023-06-18 11:33,영통동 매영로365번길,주행형,2023-12-01,,,
2023,수원시,영통구청,2023-06-18 11:33,영통동 매영로365번길,주행형,2023-12-01,,,
2023,수원시,영통구청,2023-06-18 11:34,영통동 매영로365번길,주행형,2023-12-01,,,
2023,수원시,영통구청,2023-06-18 11:34,영통동 매영로365번길,주행형,2023-12-01,,,
2023,수원시,영통구청,2023-06-18 11:34,영통동 매영로365번길,주행형,2023-12-01,,,
2023,수원시,영통구청,2023-06-18 11:34,영통동 매영로365번길,주행형,2023-12-01,,,
2023,수원시,영통구청,2023-06-18 11:34,영통동 매영로365번길,주행형,2023-12-01,,,
2023,수원시,영통구청,2023-06-18 11:34,영통동 매영로365번길,주행형,2023-12-01,,,
2023,수원시,영통구청,2023-06-18 11:34,영통동 매영로365번길,주행형,2023-12-01,,,
2023,수원시,팔달구청,2023-06-18 11:36,경기도수원시팔달구인계동 수원시 팔달구 인계동 548-50,보행,2023-12-01,,,
2023,수원시,장안구청,2023-06-18 11:54,경기도수원시장안구영화동 수원시 장안구 영화동 380,보행,2023-12-01,,,
2023,수원시,팔달구청,2023-06-18 12:23,화서1동 푸르지오자이 북문 CU 앞 횡단보도,고정형,2023-12-01,,,
2023,수원시,팔달구청,2023-06-18 12:38,화서1동 수원역푸르지오자이 북문 우측,고정형,2023-12-01,,,
2023,수원시,권선구청,2023-06-18 13:48,권선동 NC터미널점 버스정류장 앞,고정형,2023-12-01,,,
2023,수원시,팔달구청,2023-06-18 14:19,화서1동 푸르지오자이 북문 CU 앞 횡단보도,고정형,2023-12-01,,,
2023,수원시,팔달구청,2023-06-18 14:28,고등동 고등동 팔달로 14,주행형,2023-12-01,,,
2023,수원시,팔달구청,2023-06-18 14:28,고등동 고등동 팔달로 14,주행형,2023-12-01,,,
2023,수원시,권선구청,2023-06-18 14:32,곡반정동 궁촌육교앞,고정형,2023-12-01,,,
2023,수원시,권선구청,2023-06-18 14:33,서둔동 수원역한라비발디퍼스트 앞1,고정형,2023-12-01,,,
2023,수원시,팔달구청,2023-06-18 14:33,매산동 팔달로 10번길 8,고정형,2023-12-01,,,
2023,수원시,팔달구청,2023-06-18 14:33,북수동 쌈지공원 앞,고정형,2023-12-01,,,
2023,수원시,팔달구청,2023-06-18 14:33,행궁동 화홍사랑채,고정형,2023-12-01,,,
2023,수원시,권선구청,2023-06-18 14:34,서둔동 수원역한라비발디퍼스트 앞1,고정형,2023-12-01,,,
2023,수원시,권선구청,2023-06-18 14:34,곡반정동 하나로마트한국빌딩앞,고정형,2023-12-01,,,
2023,수원시,팔달구청,2023-06-18 14:36,인계동 경인통계청,고정형,2023-12-01,,,
2023,수원시,영통구청,2023-06-18 14:38,영통동 롯데마트 뒤,고정형,2023-12-01,37.27220279535416,127.10856729001851,
2023,수원시,팔달구청,2023-06-18 14:38,행궁동 화홍사랑채,고정형,2023-12-01,,,
2023,수원시,팔달구청,2023-06-18 14:38,행궁동 화홍사랑채,고정형,2023-12-01,,,
2023,수원시,권선구청,2023-06-18 14:42,서둔동 가온팰리스옆2,고정형,2023-12-01,,,
2023,수원시,권선구청,2023-06-18 14:52,서둔동 가온팰리스옆1,고정형,2023-12-01,,,
2023,수원시,팔달구청,2023-06-18 14:53,매산동 팅스몰 주차장 출구 옆,고정형,2023-12-01,,,
2023,수원시,팔달구청,2023-06-18 14:55,인계동 드림캐슬주상복합,고정형,2023-12-01,,,
2023,수원시,팔달구청,2023-06-18 15:03,행궁동 화홍사랑채,고정형,2023-12-01,,,
2023,수원시,팔달구청,2023-06-18 15:03,행궁동 화홍사랑채,고정형,2023-12-01,,,
2023,수원시,팔달구청,2023-06-18 15:03,북수동 화홍사랑채,고정형,2023-12-01,,,
2023,수원시,팔달구청,2023-06-18 15:06,신풍동 미술관로터리,고정형,2023-12-01,,,
2023,수원시,권선구청,2023-06-18 15:11,평동 수원역고가밑 (애경뒷길),고정형,2023-12-01,,,
2023,수원시,팔달구청,2023-06-18 15:22,북수동 쌈지공원 앞,고정형,2023-12-01,,,
2023,수원시,팔달구청,2023-06-18 15:24,북수동 쌈지공원 앞,고정형,2023-12-01,,,
2023,수원시,권선구청,2023-06-18 15:25,곡반정동 궁촌육교앞,고정형,2023-12-01,,,
2023,수원시,팔달구청,2023-06-18 15:29,인계동 한국씨티은행,고정형,2023-12-01,,,
2023,수원시,영통구청,2023-06-18 15:29,망포동 E-마트 에브리데이 앞,고정형,2023-12-01,37.2361017468141,127.060345496536,
2023,수원시,영통구청,2023-06-18 15:36,광교동 광교 덴티움지식산업센터 앞 사거리,고정형,2023-12-01,,,
2023,수원시,팔달구청,2023-06-18 16:09,인계동 경인통계청,고정형,2023-12-01,,,
2023,수원시,팔달구청,2023-06-18 16:11,인계동 드림캐슬주상복합,고정형,2023-12-01,,,
2023,수원시,팔달구청,2023-06-18 16:13,매산동 팅스몰 주차장 출구 옆,고정형,2023-12-01,,,
2023,수원시,팔달구청,2023-06-18 16:14,매산동 팅스몰 주차장 출구 옆,고정형,2023-12-01,,,
2023,수원시,팔달구청,2023-06-18 16:22,매산동 팔달로 10번길 8,고정형,2023-12-01,,,
2023,수원시,팔달구청,2023-06-18 16:22,매산동 팔달로 10번길 8,고정형,2023-12-01,,,
2023,수원시,권선구청,2023-06-18 16:31,곡반정동 하나로마트한국빌딩앞,고정형,2023-12-01,,,
2023,수원시,장안구청,2023-06-18 16:35,율전동 윤전동546,국민신문고,2023-12-01,,,
2023,수원시,영통구청,2023-06-18 16:36,영통동 마사회뒷길,고정형,2023-12-01,,,
2023,수원시,팔달구청,2023-06-18 16:38,인계동 드림캐슬주상복합,고정형,2023-12-01,,,
2023,수원시,팔달구청,2023-06-18 16:39,화서1동 수원역푸르지오자이 북문 우측,고정형,2023-12-01,,,
2023,수원시,팔달구청,2023-06-18 16:54,인계동 경인통계청,고정형,2023-12-01,,,
2023,수원시,팔달구청,2023-06-18 16:55,인계동 경인통계청,고정형,2023-12-01,,,
2023,수원시,팔달구청,2023-06-18 17:02,매산동 팅스몰 주차장 출구 옆,고정형,2023-12-01,,,
2023,수원시,팔달구청,2023-06-18 17:02,매산동 팅스몰 주차장 출구 옆,고정형,2023-12-01,,,
2023,수원시,팔달구청,2023-06-18 17:07,행궁동 화홍사랑채,고정형,2023-12-01,,,
2023,수원시,장안구청,2023-06-18 17:16,경기도수원시장안구율전동 수원시 장안구 율전동 296,보행,2023-12-01,,,
2023,수원시,권선구청,2023-06-18 17:18,구운동 구운동 명품닭갈비,고정형,2023-12-01,,,
2023,수원시,팔달구청,2023-06-18 17:20,매산동 팅스몰 주차장 출구 옆,고정형,2023-12-01,,,
2023,수원시,권선구청,2023-06-18 17:26,곡반정동 궁촌육교앞,고정형,2023-12-01,,,
2023,수원시,팔달구청,2023-06-18 17:37,인계동 경인통계청,고정형,2023-12-01,,,
2023,수원시,권선구청,2023-06-18 17:40,권선동 NC터미널점 버스정류장 앞,고정형,2023-12-01,,,
2023,수원시,권선구청,2023-06-18 17:40,권선동 NC터미널점 버스정류장 앞,고정형,2023-12-01,,,
2023,수원시,팔달구청,2023-06-18 17:47,인계동 경인통계청,고정형,2023-12-01,,,
2023,수원시,권선구청,2023-06-18 18:00,곡반정동 1157-5,국민신문고,2023-12-01,,,
2023,수원시,팔달구청,2023-06-18 18:20,인계동 드림캐슬주상복합,고정형,2023-12-01,,,
2023,수원시,팔달구청,2023-06-18 18:59,화서1동 수원역푸르지오자이 북문 우측,고정형,2023-12-01,,,
2023,수원시,팔달구청,2023-06-18 18:59,매산동 팅스몰 주차장 출구 옆,고정형,2023-12-01,,,
2023,수원시,팔달구청,2023-06-18 19:04,고등동 고등동 156-117 횡단보도,국민신문고,2023-12-01,,,
2023,수원시,팔달구청,2023-06-18 19:04,고등동 고등동 156-117 횡단보도,국민신문고,2023-12-01,,,
2023,수원시,팔달구청,2023-06-18 19:20,인계동 드림캐슬주상복합,고정형,2023-12-01,,,
2023,수원시,팔달구청,2023-06-18 19:43,매산동 팔달로 10번길 8,고정형,2023-12-01,,,
2023,수원시,권선구청,2023-06-18 19:43,곡반정동 562-2,국민신문고,2023-12-01,,,
2023,수원시,권선구청,2023-06-18 19:45,곡반정동 562-2,국민신문고,2023-12-01,,,
2023,수원시,권선구청,2023-06-18 19:55,곡반정동 562-2,국민신문고,2023-12-01,,,
2023,수원시,장안구청,2023-06-18 20:57,송죽동 송죽동896,국민신문고,2023-12-01,,,
2023,수원시,팔달구청,2023-06-18 21:21,매교동 매교동 287-110 횡단보도,국민신문고,2023-12-01,,,
2023,수원시,팔달구청,2023-06-19 1:07,매교동 매교동 209-14 교차로모퉁이,국민신문고,2023-12-01,,,
2023,수원시,권선구청,2023-06-19 5:21,곡반정동 562-2,국민신문고,2023-12-01,,,
2023,수원시,권선구청,2023-06-19 6:14,곡반정동 562-2,국민신문고,2023-12-01,,,
2023,수원시,팔달구청,2023-06-19 7:04,화서1동 푸르지오자이 북문 CU 앞 횡단보도,고정형,2023-12-01,,,
2023,수원시,팔달구청,2023-06-19 7:33,매산동 팅스몰 주차장 출구 옆,고정형,2023-12-01,,,
2023,수원시,팔달구청,2023-06-19 7:34,인계동 드림캐슬주상복합,고정형,2023-12-01,,,
2023,수원시,팔달구청,2023-06-19 7:34,인계동 경인통계청,고정형,2023-12-01,,,
2023,수원시,팔달구청,2023-06-19 7:34,매산동 팅스몰 주차장 출구 옆,고정형,2023-12-01,,,
2023,수원시,권선구청,2023-06-19 8:02,서둔동 가온팰리스옆1,고정형,2023-12-01,,,
2023,수원시,팔달구청,2023-06-19 8:03,북수동 쌈지공원 앞,고정형,2023-12-01,,,
2023,수원시,권선구청,2023-06-19 8:04,서둔동 가온팰리스옆2,고정형,2023-12-01,,,
2023,수원시,권선구청,2023-06-19 8:04,곡반정동 하나로마트한국빌딩앞,고정형,2023-12-01,,,
2023,수원시,권선구청,2023-06-19 8:04,서둔동 수원역한라비발디퍼스트 앞1,고정형,2023-12-01,,,
2023,수원시,권선구청,2023-06-19 8:05,서둔동 가온팰리스옆2,고정형,2023-12-01,,,
2023,수원시,권선구청,2023-06-19 8:05,서둔동 가온팰리스옆2,고정형,2023-12-01,,,
2023,수원시,권선구청,2023-06-19 8:06,서둔동 가온팰리스옆2,고정형,2023-12-01,,,
2023,수원시,권선구청,2023-06-19 8:10,권선2동 곡정초교 정문 좌측 사거리,고정형,2023-12-01,,,
2023,수원시,권선구청,2023-06-19 8:22,권선2동 곡정초교 정문 좌측 사거리,고정형,2023-12-01,,,
2023,수원시,팔달구청,2023-06-19 8:30,매산동 팅스몰 주차장 출구 옆,고정형,2023-12-01,,,
2023,수원시,팔달구청,2023-06-19 8:52,인계동 드림캐슬주상복합,고정형,2023-12-01,,,
2023,수원시,권선구청,2023-06-19 9:07,서둔동 가온팰리스옆2,고정형,2023-12-01,,,
2023,수원시,장안구청,2023-06-19 9:15,경기도수원시장안구이목동 수원시 장안구 이목동 527,보행,2023-12-01,,,
2023,수원시,장안구청,2023-06-19 9:18,경기도수원시장안구이목동 수원시 장안구 이목동 527,보행,2023-12-01,,,
2023,수원시,팔달구청,2023-06-19 10:03,인계동 드림캐슬주상복합,고정형,2023-12-01,,,
2023,수원시,권선구청,2023-06-19 10:16,세류3동 신곡초교 후문 좌측 사거리,고정형,2023-12-01,,,
2023,수원시,영통구청,2023-06-19 10:18,영통동 마사회뒷길,고정형,2023-12-01,,,
2023,수원시,영통구청,2023-06-19 10:20,이의동 창룡대로298번길,주행형,2023-12-01,,,
2023,수원시,영통구청,2023-06-19 10:33,망포동 힐스테이트 119동 ~방죽공원 삼거리,고정형,2023-12-01,,,
2023,수원시,팔달구청,2023-06-19 10:37,매산동 팅스몰 주차장 출구 옆,고정형,2023-12-01,,,
2023,수원시,팔달구청,2023-06-19 10:39,인계동 경인통계청,고정형,2023-12-01,,,
2023,수원시,팔달구청,2023-06-19 10:41,경기도수원시팔달구우만동 수원시 팔달구 경수대로 659,보행,2023-12-01,,,
2023,수원시,권선구청,2023-06-19 11:35,입북동 당수초교 정문 우측 사거리,고정형,2023-12-01,,,
2023,수원시,팔달구청,2023-06-19 12:20,교동 수원향교 앞 팔달보건소 뒤,고정형,2023-12-01,,,
2023,수원시,팔달구청,2023-06-19 14:02,화서1동 수원역푸르지오자이 북문 우측,고정형,2023-12-01,,,
2023,수원시,영통구청,2023-06-19 14:16,영통동 매영로365번길,주행형,2023-12-01,,,
2023,수원시,영통구청,2023-06-19 14:16,영통동 매영로365번길,주행형,2023-12-01,,,
2023,수원시,영통구청,2023-06-19 14:16,영통동 매영로365번길,주행형,2023-12-01,,,
2023,수원시,영통구청,2023-06-19 14:16,영통동 매영로365번길,주행형,2023-12-01,,,
2023,수원시,권선구청,2023-06-19 14:32,서둔동 가온팰리스옆2,고정형,2023-12-01,,,
2023,수원시,팔달구청,2023-06-19 14:33,행궁동 화홍사랑채,고정형,2023-12-01,,,
2023,수원시,권선구청,2023-06-19 14:34,서둔동 가온팰리스옆2,고정형,2023-12-01,,,
2023,수원시,팔달구청,2023-06-19 14:34,인계동 드림캐슬주상복합,고정형,2023-12-01,,,
2023,수원시,팔달구청,2023-06-19 14:34,인계동 드림캐슬주상복합,고정형,2023-12-01,,,
2023,수원시,팔달구청,2023-06-19 14:56,매산동 팅스몰 주차장 출구 옆,고정형,2023-12-01,,,
2023,수원시,영통구청,2023-06-19 14:57,이의동 광교가재울마을사거리,고정형,2023-12-01,,,
2023,수원시,팔달구청,2023-06-19 15:15,인계동 한국씨티은행,고정형,2023-12-01,,,
2023,수원시,팔달구청,2023-06-19 15:43,행궁동 화홍사랑채,고정형,2023-12-01,,,
2023,수원시,팔달구청,2023-06-19 16:17,인계동 경인통계청,고정형,2023-12-01,,,
2023,수원시,팔달구청,2023-06-19 16:17,인계동 경인통계청,고정형,2023-12-01,,,
2023,수원시,팔달구청,2023-06-19 16:29,화서1동 수원역푸르지오자이 북문 우측,고정형,2023-12-01,,,
2023,수원시,영통구청,2023-06-19 16:31,영통동 보보스스포츠센터앞,고정형,2023-12-01,,,
2023,수원시,팔달구청,2023-06-19 16:42,화서1동 수원역푸르지오자이 북문 우측,고정형,2023-12-01,,,
2023,수원시,팔달구청,2023-06-19 16:59,매산동 팅스몰 주차장 출구 옆,고정형,2023-12-01,,,
2023,수원시,권선구청,2023-06-19 17:06,권선동 NC터미널점 버스정류장 앞,고정형,2023-12-01,,,
2023,수원시,권선구청,2023-06-19 17:07,서둔동 가온팰리스옆2,고정형,2023-12-01,,,
2023,수원시,권선구청,2023-06-19 17:07,서둔동 가온팰리스옆2,고정형,2023-12-01,,,
2023,수원시,권선구청,2023-06-19 17:08,곡반정동 하나로마트한국빌딩앞,고정형,2023-12-01,,,
2023,수원시,권선구청,2023-06-19 17:15,세류3동 신곡초교 후문 좌측 사거리,고정형,2023-12-01,,,
2023,수원시,팔달구청,2023-06-19 17:38,인계동 한국씨티은행,고정형,2023-12-01,,,
2023,수원시,영통구청,2023-06-19 17:46,영통동 롯데마트 뒤,고정형,2023-12-01,37.27220279535416,127.10856729001851,
2023,수원시,팔달구청,2023-06-19 17:56,인계동 드림캐슬주상복합,고정형,2023-12-01,,,
2023,수원시,팔달구청,2023-06-19 17:58,화서1동 수원역푸르지오자이 북문 우측,고정형,2023-12-01,,,
2023,수원시,팔달구청,2023-06-19 18:00,매산동 팅스몰 주차장 출구 옆,고정형,2023-12-01,,,
2023,수원시,장안구청,2023-06-19 18:18,상광교동 광교버스정류장종점,고정형,2023-12-01,,,
2023,수원시,팔달구청,2023-06-19 18:30,매산동 팅스몰 주차장 출구 옆,고정형,2023-12-01,,,
2023,수원시,영통구청,2023-06-19 18:46,영통동 마사회뒷길,고정형,2023-12-01,,,
2023,수원시,팔달구청,2023-06-19 18:54,매산동 팅스몰 주차장 출구 옆,고정형,2023-12-01,,,
2023,수원시,영통구청,2023-06-19 19:21,광교동 광교이의119안전센터,고정형,2023-12-01,,,
2023,수원시,영통구청,2023-06-19 19:51,광교동 광교더사랑교회뒷길,고정형,2023-12-01,,,
2023,수원시,팔달구청,2023-06-19 20:02,매산동 팅스몰 주차장 출구 옆,고정형,2023-12-01,,,
2023,수원시,팔달구청,2023-06-19 21:02,매산동 역전농협,고정형,2023-12-01,,,
2023,수원시,팔달구청,2023-06-19 21:19,화서1동 수원역푸르지오자이 북문 우측,고정형,2023-12-01,,,
2023,수원시,권선구청,2023-06-20 5:55,고색동 581,국민신문고,2023-12-01,,,
2023,수원시,팔달구청,2023-06-20 7:54,매산동 팅스몰 주차장 출구 옆,고정형,2023-12-01,,,
2023,수원시,권선구청,2023-06-20 8:03,세류3동 신곡초교 후문 좌측 사거리,고정형,2023-12-01,,,
2023,수원시,권선구청,2023-06-20 8:04,곡반정동 하나로마트한국빌딩앞,고정형,2023-12-01,,,
2023,수원시,권선구청,2023-06-20 8:06,서둔동 가온팰리스옆2,고정형,2023-12-01,,,
2023,수원시,팔달구청,2023-06-20 8:32,화서1동 화서초등학교 둘레길 중간지점,고정형,2023-12-01,,,
2023,수원시,팔달구청,2023-06-20 8:32,화서1동 화서초등학교 둘레길 중간지점,고정형,2023-12-01,,,
2023,수원시,권선구청,2023-06-20 8:47,서둔동 가온팰리스옆2,고정형,2023-12-01,,,
2023,수원시,권선구청,2023-06-20 8:47,서둔동 가온팰리스옆2,고정형,2023-12-01,,,
2023,수원시,영통구청,2023-06-20 8:56,이의동 드림스퀘어Ⅱ 앞,고정형,2023-12-01,,,
2023,수원시,권선구청,2023-06-20 8:56,세류3동 신곡초교 후문 좌측 사거리,고정형,2023-12-01,,,
2023,수원시,팔달구청,2023-06-20 9:23,화서1동 푸르지오자이 북문 CU 앞 횡단보도,고정형,2023-12-01,,,
2023,수원시,팔달구청,2023-06-20 9:23,화서동 수원역푸르지오자이 북문 우측,고정형,2023-12-01,,,
2023,수원시,권선구청,2023-06-20 10:04,서둔동 가온팰리스옆2,고정형,2023-12-01,,,
2023,수원시,팔달구청,2023-06-20 10:21,인계동 드림캐슬주상복합,고정형,2023-12-01,,,
2023,수원시,팔달구청,2023-06-20 10:39,화서1동 수원역푸르지오자이 북문 우측,고정형,2023-12-01,,,
2023,수원시,팔달구청,2023-06-20 10:49,경기도수원시팔달구남수동 수원시 팔달구 창룡대로41번길,보행,2023-12-01,,,
2023,수원시,팔달구청,2023-06-20 10:51,경기도수원시팔달구남수동 수원시 팔달구 창룡대로103번길122,보행,2023-12-01,,,
2023,수원시,팔달구청,2023-06-20 10:52,경기도수원시팔달구남수동 수원시 팔달구 창룡대로103번길120,보행,2023-12-01,,,
2023,수원시,팔달구청,2023-06-20 10:53,경기도수원시팔달구남수동 수원시 팔달구 창룡대로103번길116,보행,2023-12-01,,,
2023,수원시,영통구청,2023-06-20 11:46,광교동 광교이의119안전센터,고정형,2023-12-01,,,
2023,수원시,권선구청,2023-06-20 12:29,구운동 구운초교 정문 우측 삼거리,고정형,2023-12-01,,,
2023,수원시,영통구청,2023-06-20 13:10,광교동 광교이의119안전센터,고정형,2023-12-01,,,
2023,수원시,팔달구청,2023-06-20 13:29,화서1동 수원역푸르지오자이 북문 우측,고정형,2023-12-01,,,
2023,수원시,영통구청,2023-06-20 13:47,광교동 광교이의119안전센터,고정형,2023-12-01,,,
2023,수원시,영통구청,2023-06-20 13:50,경기도수원시영통구이의동 수원시 영통구 이의동 177,보행,2023-12-01,,,
2023,수원시,영통구청,2023-06-20 13:52,경기도수원시영통구이의동 수원시 영통구 이의동 177,보행,2023-12-01,,,
2023,수원시,팔달구청,2023-06-20 13:54,화서1동 수원역푸르지오자이 북문 우측,고정형,2023-12-01,,,
2023,수원시,권선구청,2023-06-20 14:10,권선2동 곡정초교 정문 좌측 사거리,고정형,2023-12-01,,,
2023,수원시,팔달구청,2023-06-20 14:26,팔달로2가 팔달로2가 정조로796번길,주행형,2023-12-01,,,
2023,수원시,팔달구청,2023-06-20 14:26,남수동 남수동 정조로796번길,주행형,2023-12-01,,,
2023,수원시,영통구청,2023-06-20 14:30,영통동 매영로365번길,주행형,2023-12-01,,,
2023,수원시,팔달구청,2023-06-20 14:32,북수동 쌈지공원 앞,고정형,2023-12-01,,,
2023,수원시,팔달구청,2023-06-20 14:35,매산동 팅스몰 주차장 출구 옆,고정형,2023-12-01,,,
2023,수원시,팔달구청,2023-06-20 14:35,인계동 드림캐슬주상복합,고정형,2023-12-01,,,
2023,수원시,팔달구청,2023-06-20 14:36,매산동 팅스몰 주차장 출구 옆,고정형,2023-12-01,,,
2023,수원시,권선구청,2023-06-20 14:38,서둔동 가온팰리스옆2,고정형,2023-12-01,,,
2023,수원시,권선구청,2023-06-20 14:38,서둔동 가온팰리스옆2,고정형,2023-12-01,,,
2023,수원시,영통구청,2023-06-20 14:38,광교동 광교이의119안전센터,고정형,2023-12-01,,,
2023,수원시,권선구청,2023-06-20 14:38,서둔동 가온팰리스옆2,고정형,2023-12-01,,,
2023,수원시,팔달구청,2023-06-20 14:42,남수동 남수동 정조로796번길,주행형,2023-12-01,,,
2023,수원시,팔달구청,2023-06-20 14:42,행궁동 화홍사랑채,고정형,2023-12-01,,,
2023,수원시,권선구청,2023-06-20 14:47,곡선동 휴먼푸드 인근,고정형,2023-12-01,,,
2023,수원시,팔달구청,2023-06-20 14:56,인계동 드림캐슬주상복합,고정형,2023-12-01,,,
2023,수원시,영통구청,2023-06-20 14:58,이의동 드림스퀘어Ⅱ 앞,고정형,2023-12-01,,,
2023,수원시,팔달구청,2023-06-20 15:14,인계동 경인통계청,고정형,2023-12-01,,,
2023,수원시,팔달구청,2023-06-20 15:21,행궁동 화홍사랑채,고정형,2023-12-01,,,
2023,수원시,팔달구청,2023-06-20 15:26,인계동 한국씨티은행,고정형,2023-12-01,,,
2023,수원시,권선구청,2023-06-20 15:31,서둔동 가온팰리스옆2,고정형,2023-12-01,,,
2023,수원시,팔달구청,2023-06-20 15:55,매산동 팅스몰 주차장 출구 옆,고정형,2023-12-01,,,
2023,수원시,권선구청,2023-06-20 16:00,서둔동 가온팰리스옆2,고정형,2023-12-01,,,
2023,수원시,권선구청,2023-06-20 16:00,서둔동 가온팰리스옆1,고정형,2023-12-01,,,
2023,수원시,권선구청,2023-06-20 16:00,서둔동 가온팰리스옆1,고정형,2023-12-01,,,
2023,수원시,권선구청,2023-06-20 16:14,서둔동 가온팰리스옆2,고정형,2023-12-01,,,
2023,수원시,팔달구청,2023-06-20 16:19,매산동 팔달로 10번길 8,고정형,2023-12-01,,,
2023,수원시,권선구청,2023-06-20 16:26,서둔동 가온팰리스옆2,고정형,2023-12-01,,,
2023,수원시,권선구청,2023-06-20 16:30,입북동 당수초교 정문 우측 사거리,고정형,2023-12-01,,,
2023,수원시,영통구청,2023-06-20 16:41,영통구 원천동 318-15,국민신문고,2023-12-01,,,
2023,수원시,권선구청,2023-06-20 17:00,곡반정동 궁촌육교앞,고정형,2023-12-01,,,
2023,수원시,팔달구청,2023-06-20 17:04,인계동 한국씨티은행,고정형,2023-12-01,,,
2023,수원시,권선구청,2023-06-20 17:07,서둔동 가온팰리스옆2,고정형,2023-12-01,,,
2023,수원시,권선구청,2023-06-20 17:11,곡선동 휴먼푸드 인근,고정형,2023-12-01,,,
2023,수원시,권선구청,2023-06-20 17:15,세류3동 신곡초교 후문 좌측 사거리,고정형,2023-12-01,,,
2023,수원시,팔달구청,2023-06-20 17:28,인계동 경인통계청,고정형,2023-12-01,,,
2023,수원시,팔달구청,2023-06-20 17:40,인계동 한국씨티은행,고정형,2023-12-01,,,
2023,수원시,영통구청,2023-06-20 17:54,망포동 E-마트 에브리데이 앞,고정형,2023-12-01,37.2361017468141,127.060345496536,
2023,수원시,팔달구청,2023-06-20 19:36,매산동 팅스몰 주차장 출구 옆,고정형,2023-12-01,,,
2023,수원시,팔달구청,2023-06-20 20:12,매산동 팅스몰 주차장 출구 옆,고정형,2023-12-01,,,
2023,수원시,팔달구청,2023-06-20 20:24,인계동 드림캐슬주상복합,고정형,2023-12-01,,,
2023,수원시,영통구청,2023-06-20 20:31,영통동 마사회뒷길,고정형,2023-12-01,,,
2023,수원시,팔달구청,2023-06-20 20:49,인계동 드림캐슬주상복합,고정형,2023-12-01,,,
2023,수원시,팔달구청,2023-06-20 21:12,인계동 드림캐슬주상복합,고정형,2023-12-01,,,
2023,수원시,팔달구청,2023-06-20 21:29,화서1동 수원역푸르지오자이 북문 우측,고정형,2023-12-01,,,
2023,수원시,권선구청,2023-06-20 22:00,곡반정동 562-2,국민신문고,2023-12-01,,,
2023,수원시,권선구청,2023-06-20 22:03,곡반정동 562-2,국민신문고,2023-12-01,,,
2023,수원시,팔달구청,2023-06-20 22:10,매교동 매교동 288-721 소화전,국민신문고,2023-12-01,,,
2023,수원시,권선구청,2023-06-21 5:35,곡반정동 562-2,국민신문고,2023-12-01,,,
2023,수원시,팔달구청,2023-06-21 6:58,매교동 매교동 287-480 횡단보도,국민신문고,2023-12-01,,,
2023,수원시,팔달구청,2023-06-21 7:33,매산동 팅스몰 주차장 출구 옆,고정형,2023-12-01,,,
2023,수원시,팔달구청,2023-06-21 7:33,매산동 팅스몰 주차장 출구 옆,고정형,2023-12-01,,,
2023,수원시,팔달구청,2023-06-21 7:35,매산동 팅스몰 주차장 출구 옆,고정형,2023-12-01,,,
2023,수원시,팔달구청,2023-06-21 7:35,매산동 팅스몰 주차장 출구 옆,고정형,2023-12-01,,,
2023,수원시,팔달구청,2023-06-21 7:38,인계동 드림캐슬주상복합,고정형,2023-12-01,,,
2023,수원시,권선구청,2023-06-21 8:02,서둔동 가온팰리스옆2,고정형,2023-12-01,,,
2023,수원시,권선구청,2023-06-21 8:03,곡반정동 하나로마트한국빌딩앞,고정형,2023-12-01,,,
2023,수원시,권선구청,2023-06-21 8:04,곡반정동 하나로마트한국빌딩앞,고정형,2023-12-01,,,
2023,수원시,권선구청,2023-06-21 8:04,곡반정동 하나로마트한국빌딩앞,고정형,2023-12-01,,,
2023,수원시,권선구청,2023-06-21 8:07,서둔동 가온팰리스옆2,고정형,2023-12-01,,,
2023,수원시,권선구청,2023-06-21 8:07,서둔동 가온팰리스옆2,고정형,2023-12-01,,,
2023,수원시,권선구청,2023-06-21 8:07,서둔동 가온팰리스옆2,고정형,2023-12-01,,,
2023,수원시,권선구청,2023-06-21 8:10,곡반정동 하나로마트한국빌딩앞,고정형,2023-12-01,,,
2023,수원시,권선구청,2023-06-21 8:39,서둔동 가온팰리스옆2,고정형,2023-12-01,,,
2023,수원시,권선구청,2023-06-21 9:13,곡선동 휴먼푸드 인근,고정형,2023-12-01,,,
2023,수원시,권선구청,2023-06-21 9:23,입북동 당수초교 정문 우측 사거리,고정형,2023-12-01,,,
2023,수원시,권선구청,2023-06-21 9:40,서둔동 가온팰리스옆1,고정형,2023-12-01,,,
2023,수원시,팔달구청,2023-06-21 9:54,인계동 드림캐슬주상복합,고정형,2023-12-01,,,
2023,수원시,팔달구청,2023-06-21 9:54,인계동 드림캐슬주상복합,고정형,2023-12-01,,,
2023,수원시,팔달구청,2023-06-21 9:56,인계동 드림캐슬주상복합,고정형,2023-12-01,,,
2023,수원시,팔달구청,2023-06-21 10:04,인계동 드림캐슬주상복합,고정형,2023-12-01,,,
2023,수원시,팔달구청,2023-06-21 10:05,인계동 드림캐슬주상복합,고정형,2023-12-01,,,
2023,수원시,권선구청,2023-06-21 10:05,서둔동 가온팰리스옆2,고정형,2023-12-01,,,
2023,수원시,팔달구청,2023-06-21 10:18,매산동 팅스몰 주차장 출구 옆,고정형,2023-12-01,,,
2023,수원시,권선구청,2023-06-21 10:23,구운동 구운동 명품닭갈비,고정형,2023-12-01,,,
2023,수원시,권선구청,2023-06-21 10:28,서둔동 가온팰리스옆2,고정형,2023-12-01,,,
2023,수원시,팔달구청,2023-06-21 10:28,인계동 드림캐슬주상복합,고정형,2023-12-01,,,
2023,수원시,팔달구청,2023-06-21 10:42,인계동 드림캐슬주상복합,고정형,2023-12-01,,,
2023,수원시,권선구청,2023-06-21 11:03,곡선동 휴먼푸드 인근,고정형,2023-12-01,,,
2023,수원시,팔달구청,2023-06-21 12:00,화서1동 수원역푸르지오자이 북문 우측,고정형,2023-12-01,,,
2023,수원시,권선구청,2023-06-21 13:29,평동 오현초교 정문 우측 사거리,고정형,2023-12-01,,,
2023,수원시,팔달구청,2023-06-21 14:33,북수동 쌈지공원 앞,고정형,2023-12-01,,,
2023,수원시,팔달구청,2023-06-21 14:33,인계동 드림캐슬주상복합,고정형,2023-12-01,,,
2023,수원시,팔달구청,2023-06-21 14:33,인계동 경인통계청,고정형,2023-12-01,,,
2023,수원시,팔달구청,2023-06-21 14:34,인계동 드림캐슬주상복합,고정형,2023-12-01,,,
2023,수원시,팔달구청,2023-06-21 14:42,인계동 드림캐슬주상복합,고정형,2023-12-01,,,
2023,수원시,팔달구청,2023-06-21 14:48,팔달로2가 팔달로2가 정조로796번길,주행형,2023-12-01,,,
2023,수원시,팔달구청,2023-06-21 14:48,남수동 남수동 정조로796번길,주행형,2023-12-01,,,
2023,수원시,팔달구청,2023-06-21 14:52,지동 지동 팔달문로32번길,주행형,2023-12-01,,,
2023,수원시,팔달구청,2023-06-21 14:56,인계동 드림캐슬주상복합,고정형,2023-12-01,,,
2023,수원시,팔달구청,2023-06-21 14:58,북수동 쌈지공원 앞,고정형,2023-12-01,,,
2023,수원시,권선구청,2023-06-21 15:11,서둔동 가온팰리스옆2,고정형,2023-12-01,,,
2023,수원시,권선구청,2023-06-21 15:14,오목천동 한화꿈에그린아파트 209동앞,고정형,2023-12-01,,,
2023,수원시,팔달구청,2023-06-21 15:16,고등동 수원초등학교 정문 좌측 사거리,고정형,2023-12-01,,,
2023,수원시,팔달구청,2023-06-21 15:25,매산동 팅스몰 주차장 출구 옆,고정형,2023-12-01,,,
2023,수원시,권선구청,2023-06-21 15:26,권선동 권선동 한라비발디앞 놀이터,고정형,2023-12-01,,,
2023,수원시,권선구청,2023-06-21 15:35,곡선동 휴먼푸드 인근,고정형,2023-12-01,,,
2023,수원시,팔달구청,2023-06-21 15:39,매산동 역전농협,고정형,2023-12-01,,,
2023,수원시,팔달구청,2023-06-21 15:44,북수동 쌈지공원 앞,고정형,2023-12-01,,,
2023,수원시,팔달구청,2023-06-21 15:45,화서1동 푸르지오자이 북문 CU 앞 횡단보도,고정형,2023-12-01,,,
2023,수원시,팔달구청,2023-06-21 15:52,인계동 드림캐슬주상복합,고정형,2023-12-01,,,
2023,수원시,팔달구청,2023-06-21 16:08,인계동 경인통계청,고정형,2023-12-01,,,
2023,수원시,팔달구청,2023-06-21 16:09,인계동 한국씨티은행,고정형,2023-12-01,,,
2023,수원시,팔달구청,2023-06-21 16:52,북수동 쌈지공원 앞,고정형,2023-12-01,,,
2023,수원시,권선구청,2023-06-21 17:14,서둔동 가온팰리스옆1,고정형,2023-12-01,,,
2023,수원시,팔달구청,2023-06-21 17:26,화서1동 푸르지오자이 북문 CU 앞 횡단보도,고정형,2023-12-01,,,
2023,수원시,팔달구청,2023-06-21 17:28,화서1동 수원역푸르지오자이 북문 우측,고정형,2023-12-01,,,
2023,수원시,팔달구청,2023-06-21 17:51,화서1동 푸르지오자이 북문 CU 앞 횡단보도,고정형,2023-12-01,,,
2023,수원시,팔달구청,2023-06-21 18:26,인계동 드림캐슬주상복합,고정형,2023-12-01,,,
2023,수원시,팔달구청,2023-06-21 18:26,인계동 드림캐슬주상복합,고정형,2023-12-01,,,
2023,수원시,팔달구청,2023-06-21 18:42,매산동 팅스몰 주차장 출구 옆,고정형,2023-12-01,,,
2023,수원시,팔달구청,2023-06-21 18:43,매산동 팔달로 10번길 8,고정형,2023-12-01,,,
2023,수원시,팔달구청,2023-06-21 18:45,화서1동 수원역푸르지오자이 북문 우측,고정형,2023-12-01,,,
2023,수원시,팔달구청,2023-06-21 18:52,화서동 푸르지오자이 북문 CU 앞 횡단보도,고정형,2023-12-01,,,
2023,수원시,팔달구청,2023-06-21 18:59,인계동 드림캐슬주상복합,고정형,2023-12-01,,,
2023,수원시,팔달구청,2023-06-21 19:21,매산동 팅스몰 주차장 출구 옆,고정형,2023-12-01,,,
2023,수원시,팔달구청,2023-06-21 19:59,매산동 팅스몰 주차장 출구 옆,고정형,2023-12-01,,,
2023,수원시,팔달구청,2023-06-21 20:16,화서1동 수원역푸르지오자이 북문 우측,고정형,2023-12-01,,,
2023,수원시,팔달구청,2023-06-21 20:48,화서1동 수원역푸르지오자이 북문 우측,고정형,2023-12-01,,,
2023,수원시,팔달구청,2023-06-21 21:10,인계동 드림캐슬주상복합,고정형,2023-12-01,,,
2023,수원시,팔달구청,2023-06-22 7:07,화서1동 푸르지오자이 북문 CU 앞 횡단보도,고정형,2023-12-01,,,
2023,수원시,팔달구청,2023-06-22 7:33,매산동 팅스몰 주차장 출구 옆,고정형,2023-12-01,,,
2023,수원시,팔달구청,2023-06-22 7:35,인계동 경인통계청,고정형,2023-12-01,,,
2023,수원시,팔달구청,2023-06-22 7:36,매산동 팅스몰 주차장 출구 옆,고정형,2023-12-01,,,
2023,수원시,팔달구청,2023-06-22 7:38,매산동 팅스몰 주차장 출구 옆,고정형,2023-12-01,,,
2023,수원시,팔달구청,2023-06-22 7:39,인계동 드림캐슬주상복합,고정형,2023-12-01,,,
2023,수원시,팔달구청,2023-06-22 7:40,매산동 팅스몰 주차장 출구 옆,고정형,2023-12-01,,,
2023,수원시,권선구청,2023-06-22 8:03,곡선동 휴먼푸드 인근,고정형,2023-12-01,,,
2023,수원시,권선구청,2023-06-22 8:03,곡반정동 하나로마트한국빌딩앞,고정형,2023-12-01,,,
2023,수원시,권선구청,2023-06-22 8:03,서둔동 가온팰리스옆2,고정형,2023-12-01,,,
2023,수원시,팔달구청,2023-06-22 8:10,매교동 매교동 매산로116번길,주행형,2023-12-01,,,
2023,수원시,팔달구청,2023-06-22 8:16,매교동 매교동 86-3,주행형,2023-12-01,,,
2023,수원시,팔달구청,2023-06-22 8:16,매교동 매교동 86-3,주행형,2023-12-01,,,
2023,수원시,팔달구청,2023-06-22 8:16,매교동 매교동 86-3,주행형,2023-12-01,,,
2023,수원시,권선구청,2023-06-22 8:22,곡반정동 하나로마트한국빌딩앞,고정형,2023-12-01,,,
2023,수원시,권선구청,2023-06-22 8:24,오목천동 한화꿈에그린아파트 209동앞,고정형,2023-12-01,,,
2023,수원시,팔달구청,2023-06-22 8:26,고등동 수원초등학교 정문 좌측 사거리,고정형,2023-12-01,,,
2023,수원시,팔달구청,2023-06-22 8:35,화서1동 화서초등학교 둘레길 중간지점,고정형,2023-12-01,,,
2023,수원시,권선구청,2023-06-22 8:49,서둔동 가온팰리스옆2,고정형,2023-12-01,,,
2023,수원시,권선구청,2023-06-22 9:11,권선동 권선동 한라비발디앞 놀이터,고정형,2023-12-01,,,
2023,수원시,권선구청,2023-06-22 9:23,서둔동 가온팰리스옆2,고정형,2023-12-01,,,
2023,수원시,권선구청,2023-06-22 9:25,세류3동 신곡초교 후문 좌측 사거리,고정형,2023-12-01,,,
2023,수원시,팔달구청,2023-06-22 10:05,화서1동 수원역푸르지오자이 북문 우측,고정형,2023-12-01,,,
2023,수원시,영통구청,2023-06-22 10:07,망포동 힐스테이트 119동 ~방죽공원 삼거리,고정형,2023-12-01,,,
2023,수원시,권선구청,2023-06-22 11:19,세류3동 신곡초교 후문 좌측 사거리,고정형,2023-12-01,,,
2023,수원시,권선구청,2023-06-22 11:39,권선2동 곡정초교 정문 좌측 사거리,고정형,2023-12-01,,,
2023,수원시,영통구청,2023-06-22 13:34,광교동 광교웰빙타운한양수자인,고정형,2023-12-01,,,
2023,수원시,팔달구청,2023-06-22 13:35,교동 수원향교 앞 팔달보건소 뒤,고정형,2023-12-01,,,
2023,수원시,권선구청,2023-06-22 13:52,권선동 NC터미널점 버스정류장 앞,고정형,2023-12-01,,,
2023,수원시,영통구청,2023-06-22 14:07,영통동 매영로365번길,주행형,2023-12-01,,,
2023,수원시,영통구청,2023-06-22 14:07,영통동 매영로365번길,주행형,2023-12-01,,,
2023,수원시,영통구청,2023-06-22 14:26,이의동 창룡대로298번길,주행형,2023-12-01,,,
2023,수원시,영통구청,2023-06-22 14:34,이의동 드림스퀘어Ⅱ 앞,고정형,2023-12-01,,,
2023,수원시,권선구청,2023-06-22 14:35,서둔동 가온팰리스옆1,고정형,2023-12-01,,,
2023,수원시,팔달구청,2023-06-22 14:54,지동 지동 팔달문로 33,주행형,2023-12-01,,,
2023,수원시,팔달구청,2023-06-22 14:59,교동 수원향교 앞 팔달보건소 뒤,고정형,2023-12-01,,,
2023,수원시,팔달구청,2023-06-22 15:02,인계동 경인통계청,고정형,2023-12-01,,,
2023,수원시,팔달구청,2023-06-22 15:11,화서1동 수원역푸르지오자이 북문 우측,고정형,2023-12-01,,,
2023,수원시,권선구청,2023-06-22 15:38,곡반정동 105-11,국민신문고,2023-12-01,,,
2023,수원시,팔달구청,2023-06-22 15:40,인계동 한국씨티은행,고정형,2023-12-01,,,
2023,수원시,팔달구청,2023-06-22 15:48,매산동 팅스몰 주차장 출구 옆,고정형,2023-12-01,,,
2023,수원시,권선구청,2023-06-22 15:49,서둔동 가온팰리스옆2,고정형,2023-12-01,,,
2023,수원시,권선구청,2023-06-22 16:05,서둔동 수원역한라비발디퍼스트 앞1,고정형,2023-12-01,,,
2023,수원시,팔달구청,2023-06-22 16:07,인계동 드림캐슬주상복합,고정형,2023-12-01,,,
2023,수원시,권선구청,2023-06-22 16:08,곡반정동 하나로마트한국빌딩앞,고정형,2023-12-01,,,
2023,수원시,팔달구청,2023-06-22 16:19,매산동 팅스몰 주차장 출구 옆,고정형,2023-12-01,,,
2023,수원시,권선구청,2023-06-22 16:27,서둔동 가온팰리스옆1,고정형,2023-12-01,,,
2023,수원시,권선구청,2023-06-22 16:27,서둔동 가온팰리스옆1,고정형,2023-12-01,,,
2023,수원시,권선구청,2023-06-22 16:36,서둔동 가온팰리스옆2,고정형,2023-12-01,,,
2023,수원시,권선구청,2023-06-22 16:59,서둔동 가온팰리스옆2,고정형,2023-12-01,,,
2023,수원시,권선구청,2023-06-22 17:19,평동 자동차매매센터2,고정형,2023-12-01,,,
2023,수원시,팔달구청,2023-06-22 17:27,인계동 한국씨티은행,고정형,2023-12-01,,,
2023,수원시,팔달구청,2023-06-22 17:56,매산동 팔달로 10번길 8,고정형,2023-12-01,,,
2023,수원시,팔달구청,2023-06-22 18:17,매산동 팅스몰 주차장 출구 옆,고정형,2023-12-01,,,
2023,수원시,팔달구청,2023-06-22 18:17,매산동 팅스몰 주차장 출구 옆,고정형,2023-12-01,,,
2023,수원시,팔달구청,2023-06-22 18:52,매산동 팅스몰 주차장 출구 옆,고정형,2023-12-01,,,
2023,수원시,팔달구청,2023-06-22 18:52,매산동 팅스몰 주차장 출구 옆,고정형,2023-12-01,,,
2023,수원시,팔달구청,2023-06-22 19:03,매산동 팅스몰 주차장 출구 옆,고정형,2023-12-01,,,
2023,수원시,팔달구청,2023-06-22 19:10,매산로2가 수원시 팔달구 매산로2가 65-24,보행,2023-12-01,,,
2023,수원시,팔달구청,2023-06-22 19:32,우만동 우만동 월드컵로366번길,주행형,2023-12-01,,,
2023,수원시,팔달구청,2023-06-22 19:32,우만동 우만동 월드컵로366번길,주행형,2023-12-01,,,
2023,수원시,팔달구청,2023-06-22 19:32,우만동 우만동 월드컵로366번길,주행형,2023-12-01,,,
2023,수원시,팔달구청,2023-06-22 19:32,우만동 우만동 월드컵로366번길,주행형,2023-12-01,,,
2023,수원시,팔달구청,2023-06-22 19:36,우만동 우만동 월드컵로366번길,주행형,2023-12-01,,,
2023,수원시,팔달구청,2023-06-22 19:36,우만동 우만동 월드컵로366번길,주행형,2023-12-01,,,
2023,수원시,팔달구청,2023-06-22 19:36,우만동 우만동 월드컵로366번길,주행형,2023-12-01,,,
2023,수원시,팔달구청,2023-06-22 19:37,우만동 우만동 월드컵로366번길,주행형,2023-12-01,,,
2023,수원시,팔달구청,2023-06-22 19:37,우만동 우만동 월드컵로366번길,주행형,2023-12-01,,,
2023,수원시,팔달구청,2023-06-22 19:42,매산동 팔달로 10번길 8,고정형,2023-12-01,,,
2023,수원시,팔달구청,2023-06-22 19:43,매산동 팅스몰 주차장 출구 옆,고정형,2023-12-01,,,
2023,수원시,팔달구청,2023-06-22 19:56,화서1동 수원역푸르지오자이 북문 우측,고정형,2023-12-01,,,
2023,수원시,영통구청,2023-06-22 20:08,광교동 광교 덴티움지식산업센터 앞 사거리,고정형,2023-12-01,,,
2023,수원시,영통구청,2023-06-22 20:12,광교동 광교이의119안전센터,고정형,2023-12-01,,,
2023,수원시,팔달구청,2023-06-22 20:39,인계동 드림캐슬주상복합,고정형,2023-12-01,,,
2023,수원시,권선구청,2023-06-22 23:08,곡반정동 105-4,국민신문고,2023-12-01,,,
2023,수원시,권선구청,2023-06-23 5:23,곡반정동 562-2,국민신문고,2023-12-01,,,
2023,수원시,권선구청,2023-06-23 5:26,곡반정동 562-2,국민신문고,2023-12-01,,,
2023,수원시,팔달구청,2023-06-23 7:00,매교동 매교동 287-480 횡단보도,국민신문고,2023-12-01,,,
2023,수원시,팔달구청,2023-06-23 7:53,인계동 경인통계청,고정형,2023-12-01,,,
2023,수원시,권선구청,2023-06-23 8:00,서둔동 롯데몰9번출구앞주변,고정형,2023-12-01,,,
2023,수원시,권선구청,2023-06-23 8:01,서둔동 롯데몰 육교건너,고정형,2023-12-01,,,
2023,수원시,권선구청,2023-06-23 8:03,서둔동 가온팰리스옆2,고정형,2023-12-01,,,
2023,수원시,권선구청,2023-06-23 8:04,곡반정동 하나로마트한국빌딩앞,고정형,2023-12-01,,,
2023,수원시,권선구청,2023-06-23 8:04,곡반정동 하나로마트한국빌딩앞,고정형,2023-12-01,,,
2023,수원시,팔달구청,2023-06-23 8:20,매산동 팅스몰 주차장 출구 옆,고정형,2023-12-01,,,
2023,수원시,권선구청,2023-06-23 8:28,권선2동 곡정초교 정문 좌측 사거리,고정형,2023-12-01,,,
2023,수원시,영통구청,2023-06-23 8:30,영통동 롯데마트 뒤,고정형,2023-12-01,37.27220279535416,127.10856729001851,
2023,수원시,권선구청,2023-06-23 8:37,서둔동 가온팰리스옆2,고정형,2023-12-01,,,
2023,수원시,권선구청,2023-06-23 8:51,평동 수원역고가밑 (애경뒷길),고정형,2023-12-01,,,
2023,수원시,권선구청,2023-06-23 9:12,곡선동 휴먼푸드 인근,고정형,2023-12-01,,,
2023,수원시,권선구청,2023-06-23 9:12,곡선동 휴먼푸드 인근,고정형,2023-12-01,,,
2023,수원시,권선구청,2023-06-23 9:15,평동 수원역고가밑 (애경뒷길),고정형,2023-12-01,,,
2023,수원시,팔달구청,2023-06-23 9:36,매산동 팅스몰 주차장 출구 옆,고정형,2023-12-01,,,
2023,수원시,팔달구청,2023-06-23 9:36,매산동 팅스몰 주차장 출구 옆,고정형,2023-12-01,,,
2023,수원시,팔달구청,2023-06-23 9:45,화서1동 수원역푸르지오자이 북문 우측,고정형,2023-12-01,,,
2023,수원시,권선구청,2023-06-23 9:55,곡반정동 하나로마트한국빌딩앞,고정형,2023-12-01,,,
2023,수원시,권선구청,2023-06-23 10:28,오목천동 한화꿈에그린아파트 209동앞,고정형,2023-12-01,,,
2023,수원시,팔달구청,2023-06-23 10:44,화서1동 수원역푸르지오자이 북문 우측,고정형,2023-12-01,,,
2023,수원시,권선구청,2023-06-23 10:55,입북동 당수초교 정문 우측 사거리,고정형,2023-12-01,,,
2023,수원시,권선구청,2023-06-23 11:22,권선동 NC터미널점 버스정류장 앞,고정형,2023-12-01,,,
2023,수원시,권선구청,2023-06-23 11:30,입북동 당수초교 정문 우측 사거리,고정형,2023-12-01,,,
2023,수원시,권선구청,2023-06-23 11:41,입북동 당수초교 정문 우측 사거리,고정형,2023-12-01,,,
2023,수원시,팔달구청,2023-06-23 12:24,행궁동 팔달문 버스정류장,고정형,2023-12-01,,,
2023,수원시,팔달구청,2023-06-23 13:20,화서1동 수원역푸르지오자이 북문 우측,고정형,2023-12-01,,,
2023,수원시,영통구청,2023-06-23 13:48,망포동 힐스테이트 119동 ~방죽공원 삼거리,고정형,2023-12-01,,,
2023,수원시,영통구청,2023-06-23 13:48,망포동 힐스테이트 119동 ~방죽공원 삼거리,고정형,2023-12-01,,,
2023,수원시,권선구청,2023-06-23 13:59,권선동 NC터미널점 버스정류장 앞,고정형,2023-12-01,,,
2023,수원시,팔달구청,2023-06-23 14:33,매산동 팔달로 10번길 8,고정형,2023-12-01,,,
2023,수원시,팔달구청,2023-06-23 14:34,인계동 드림캐슬주상복합,고정형,2023-12-01,,,
2023,수원시,권선구청,2023-06-23 14:34,평동 고현초교 정문 좌측 삼거리,고정형,2023-12-01,,,
2023,수원시,팔달구청,2023-06-23 14:34,매산동 팅스몰 주차장 출구 옆,고정형,2023-12-01,,,
2023,수원시,팔달구청,2023-06-23 14:35,인계동 한국씨티은행,고정형,2023-12-01,,,
2023,수원시,권선구청,2023-06-23 14:36,서둔동 가온팰리스옆1,고정형,2023-12-01,,,
2023,수원시,권선구청,2023-06-23 14:36,서둔동 가온팰리스옆1,고정형,2023-12-01,,,
2023,수원시,권선구청,2023-06-23 14:36,서둔동 수원역한라비발디퍼스트 앞1,고정형,2023-12-01,,,
2023,수원시,권선구청,2023-06-23 14:38,서둔동 수원역한라비발디퍼스트 앞2,고정형,2023-12-01,,,
2023,수원시,영통구청,2023-06-23 14:40,이의동 드림스퀘어Ⅱ 앞,고정형,2023-12-01,,,
2023,수원시,팔달구청,2023-06-23 14:46,남수동 남수동 정조로796번길,주행형,2023-12-01,,,
2023,수원시,팔달구청,2023-06-23 14:46,고등동 고등동 갓매산로56번길,주행형,2023-12-01,,,
2023,수원시,팔달구청,2023-06-23 14:46,고등동 고등동 갓매산로56번길,주행형,2023-12-01,,,
2023,수원시,팔달구청,2023-06-23 14:46,고등동 고등동 갓매산로56번길,주행형,2023-12-01,,,
2023,수원시,팔달구청,2023-06-23 15:10,행궁동 화홍사랑채,고정형,2023-12-01,,,
2023,수원시,팔달구청,2023-06-23 15:21,인계동 한국씨티은행,고정형,2023-12-01,,,
2023,수원시,권선구청,2023-06-23 15:28,서둔동 수원역한라비발디퍼스트 앞1,고정형,2023-12-01,,,
2023,수원시,팔달구청,2023-06-23 15:33,인계동 경인통계청,고정형,2023-12-01,,,
2023,수원시,영통구청,2023-06-23 15:39,이의동 광교호반베르디움 103동 앞,고정형,2023-12-01,,,
2023,수원시,팔달구청,2023-06-23 15:46,우만동 우만동 월드컵로366번길,주행형,2023-12-01,,,
2023,수원시,팔달구청,2023-06-23 15:46,우만동 우만동 월드컵로366번길,주행형,2023-12-01,,,
2023,수원시,팔달구청,2023-06-23 15:46,우만동 우만동 월드컵로366번길,주행형,2023-12-01,,,
2023,수원시,팔달구청,2023-06-23 15:46,우만동 우만동 월드컵로366번길,주행형,2023-12-01,,,
2023,수원시,팔달구청,2023-06-23 15:46,우만동 우만동 월드컵로366번길,주행형,2023-12-01,,,
2023,수원시,팔달구청,2023-06-23 15:46,우만동 우만동 월드컵로366번길,주행형,2023-12-01,,,
2023,수원시,팔달구청,2023-06-23 15:46,우만동 우만동 월드컵로366번길,주행형,2023-12-01,,,
2023,수원시,팔달구청,2023-06-23 15:46,우만동 우만동 월드컵로366번길,주행형,2023-12-01,,,
2023,수원시,팔달구청,2023-06-23 15:46,우만동 우만동 월드컵로366번길,주행형,2023-12-01,,,
2023,수원시,권선구청,2023-06-23 15:51,서둔동 가온팰리스옆2,고정형,2023-12-01,,,
2023,수원시,영통구청,2023-06-23 16:12,이의동 드림스퀘어Ⅱ 앞,고정형,2023-12-01,,,
2023,수원시,팔달구청,2023-06-23 16:17,인계동 경인통계청,고정형,2023-12-01,,,
2023,수원시,팔달구청,2023-06-23 16:19,경기도수원시팔달구고등동 수원시 팔달구 매산로2가13-4,보행,2023-12-01,,,
2023,수원시,팔달구청,2023-06-23 16:59,북수동 쌈지공원 앞,고정형,2023-12-01,,,
2023,수원시,팔달구청,2023-06-23 17:00,행궁동 화홍사랑채,고정형,2023-12-01,,,
2023,수원시,팔달구청,2023-06-23 17:00,행궁동 화홍사랑채,고정형,2023-12-01,,,
2023,수원시,팔달구청,2023-06-23 17:12,화서1동 수원역푸르지오자이 북문 우측,고정형,2023-12-01,,,
2023,수원시,팔달구청,2023-06-23 17:12,화서1동 수원역푸르지오자이 북문 우측,고정형,2023-12-01,,,
2023,수원시,권선구청,2023-06-23 17:15,경기도수원시권선구금곡동 수원시 권선구 금곡동 408,보행,2023-12-01,,,
2023,수원시,권선구청,2023-06-23 17:15,경기도수원시권선구금곡동 수원시 권선구 금곡동 408,보행,2023-12-01,,,
2023,수원시,권선구청,2023-06-23 17:16,경기도수원시권선구금곡동 수원시 권선구 금곡동 822-3,보행,2023-12-01,,,
2023,수원시,권선구청,2023-06-23 17:20,곡반정동 궁촌육교앞,고정형,2023-12-01,,,
2023,수원시,권선구청,2023-06-23 17:22,입북동 당수초교 정문 우측 사거리,고정형,2023-12-01,,,
2023,수원시,팔달구청,2023-06-23 17:37,행궁동 화홍사랑채,고정형,2023-12-01,,,
2023,수원시,팔달구청,2023-06-23 17:38,매산동 팅스몰 주차장 출구 옆,고정형,2023-12-01,,,
2023,수원시,팔달구청,2023-06-23 18:03,화서1동 푸르지오자이 북문 CU 앞 횡단보도,고정형,2023-12-01,,,
2023,수원시,팔달구청,2023-06-23 18:30,매산동 팅스몰 주차장 출구 옆,고정형,2023-12-01,,,
2023,수원시,팔달구청,2023-06-23 19:03,매산동 팅스몰 주차장 출구 옆,고정형,2023-12-01,,,
2023,수원시,팔달구청,2023-06-23 19:28,매산동 팅스몰 주차장 출구 옆,고정형,2023-12-01,,,
2023,수원시,팔달구청,2023-06-23 19:33,화서1동 푸르지오자이 북문 CU 앞 횡단보도,고정형,2023-12-01,,,
2023,수원시,팔달구청,2023-06-23 19:48,매산동 팔달로 10번길 8,고정형,2023-12-01,,,
2023,수원시,팔달구청,2023-06-23 19:56,인계동 드림캐슬주상복합,고정형,2023-12-01,,,
2023,수원시,팔달구청,2023-06-23 19:59,매산동 팅스몰 주차장 출구 옆,고정형,2023-12-01,,,
2023,수원시,권선구청,2023-06-23 20:19,경기도수원시권선구호매실동 수원시 권선구 호매실동 671-1,보행,2023-12-01,,,
2023,수원시,팔달구청,2023-06-23 20:27,인계동 드림캐슬주상복합,고정형,2023-12-01,,,
2023,수원시,영통구청,2023-06-23 20:38,영통동 마사회뒷길,고정형,2023-12-01,,,
2023,수원시,팔달구청,2023-06-23 21:12,인계동 드림캐슬주상복합,고정형,2023-12-01,,,
2023,수원시,팔달구청,2023-06-23 21:26,인계동 드림캐슬주상복합,고정형,2023-12-01,,,
2023,수원시,권선구청,2023-06-23 21:56,곡반정동 562-2,국민신문고,2023-12-01,,,
2023,수원시,권선구청,2023-06-23 22:00,곡반정동 562-2,국민신문고,2023-12-01,,,
2023,수원시,권선구청,2023-06-23 22:06,곡반정동 562-2,국민신문고,2023-12-01,,,
2023,수원시,권선구청,2023-06-23 22:20,곡반정동 562-2,국민신문고,2023-12-01,,,
2023,수원시,권선구청,2023-06-23 22:22,곡반정동 562-2,국민신문고,2023-12-01,,,
2023,수원시,팔달구청,2023-06-23 22:30,고등동 고등동 180-17 교차로모퉁이,국민신문고,2023-12-01,,,
2023,수원시,권선구청,2023-06-23 23:05,곡반정동 105-8,국민신문고,2023-12-01,,,
2023,수원시,권선구청,2023-06-24 9:03,오목천동 한화꿈에그린아파트 214동앞,고정형,2023-12-01,,,
2023,수원시,권선구청,2023-06-24 9:04,곡반정동 하나로마트한국빌딩앞,고정형,2023-12-01,,,
2023,수원시,팔달구청,2023-06-24 9:06,매산동 팅스몰 주차장 출구 옆,고정형,2023-12-01,,,
2023,수원시,권선구청,2023-06-24 9:06,오목천동 한화꿈에그린아파트 209동앞,고정형,2023-12-01,,,
2023,수원시,팔달구청,2023-06-24 9:26,인계동 한국씨티은행,고정형,2023-12-01,,,
2023,수원시,권선구청,2023-06-24 9:32,호매실동 금호프라자 대각 맞은편,고정형,2023-12-01,,,
2023,수원시,팔달구청,2023-06-24 10:06,북수동 쌈지공원 앞,고정형,2023-12-01,,,
2023,수원시,팔달구청,2023-06-24 10:22,화서1동 수원역푸르지오자이 북문 우측,고정형,2023-12-01,,,
2023,수원시,권선구청,2023-06-24 10:27,곡반정동 하나로마트한국빌딩앞,고정형,2023-12-01,,,
2023,수원시,팔달구청,2023-06-24 10:38,인계동 한국씨티은행,고정형,2023-12-01,,,
2023,수원시,팔달구청,2023-06-24 11:25,화서1동 수원역푸르지오자이 북문 우측,고정형,2023-12-01,,,
2023,수원시,팔달구청,2023-06-24 11:47,화서1동 수원역푸르지오자이 북문 우측,고정형,2023-12-01,,,
2023,수원시,팔달구청,2023-06-24 12:00,화서1동 수원역푸르지오자이 북문 우측,고정형,2023-12-01,,,
2023,수원시,영통구청,2023-06-24 12:15,영통동 매영로365번길,주행형,2023-12-01,,,
2023,수원시,영통구청,2023-06-24 12:15,영통동 매영로365번길,주행형,2023-12-01,,,
2023,수원시,권선구청,2023-06-24 12:29,서둔동 296-8,국민신문고,2023-12-01,,,
2023,수원시,팔달구청,2023-06-24 12:48,화서1동 푸르지오자이 북문 CU 앞 횡단보도,고정형,2023-12-01,,,
2023,수원시,팔달구청,2023-06-24 13:02,고등동 고등동 156-117 횡단보도,국민신문고,2023-12-01,,,
2023,수원시,영통구청,2023-06-24 13:11,망포동 힐스테이트 119동 ~방죽공원 삼거리,고정형,2023-12-01,,,
2023,수원시,팔달구청,2023-06-24 13:24,고등동 고등동 161-4 횡단보도,국민신문고,2023-12-01,,,
2023,수원시,영통구청,2023-06-24 13:47,하동 광교호반마을한양수자인,고정형,2023-12-01,,,
2023,수원시,영통구청,2023-06-24 13:47,하동 광교호반마을한양수자인,고정형,2023-12-01,,,
2023,수원시,영통구청,2023-06-24 13:56,원천동 광교매원초등학교,고정형,2023-12-01,,,
2023,수원시,권선구청,2023-06-24 14:12,곡선동 휴먼푸드 인근,고정형,2023-12-01,,,
2023,수원시,권선구청,2023-06-24 14:32,서둔동 수원역한라비발디퍼스트 앞2,고정형,2023-12-01,,,
2023,수원시,팔달구청,2023-06-24 14:32,매산동 팅스몰 주차장 출구 옆,고정형,2023-12-01,,,
2023,수원시,팔달구청,2023-06-24 14:33,인계동 경인통계청,고정형,2023-12-01,,,
2023,수원시,팔달구청,2023-06-24 14:33,인계동 경인통계청,고정형,2023-12-01,,,
2023,수원시,권선구청,2023-06-24 14:33,곡반정동 하나로마트한국빌딩앞,고정형,2023-12-01,,,
2023,수원시,영통구청,2023-06-24 14:33,이의동 드림스퀘어Ⅱ 앞,고정형,2023-12-01,,,
2023,수원시,팔달구청,2023-06-24 14:33,북수동 쌈지공원 앞,고정형,2023-12-01,,,
2023,수원시,권선구청,2023-06-24 14:33,서둔동 가온팰리스옆2,고정형,2023-12-01,,,
2023,수원시,권선구청,2023-06-24 14:33,서둔동 가온팰리스옆2,고정형,2023-12-01,,,
2023,수원시,팔달구청,2023-06-24 14:33,인계동 경인통계청,고정형,2023-12-01,,,
2023,수원시,권선구청,2023-06-24 14:34,서둔동 수원역한라비발디퍼스트 앞1,고정형,2023-12-01,,,
2023,수원시,권선구청,2023-06-24 14:34,서둔동 수원역한라비발디퍼스트 앞1,고정형,2023-12-01,,,
2023,수원시,권선구청,2023-06-24 14:34,서둔동 수원역한라비발디퍼스트 앞1,고정형,2023-12-01,,,
2023,수원시,영통구청,2023-06-24 14:35,이의동 드림스퀘어Ⅱ 앞,고정형,2023-12-01,,,
2023,수원시,팔달구청,2023-06-24 14:35,인계동 드림캐슬주상복합,고정형,2023-12-01,,,
2023,수원시,팔달구청,2023-06-24 14:36,인계동 경인통계청,고정형,2023-12-01,,,
2023,수원시,권선구청,2023-06-24 14:37,서둔동 수원역한라비발디퍼스트 앞1,고정형,2023-12-01,,,
2023,수원시,권선구청,2023-06-24 14:38,서둔동 수원역한라비발디퍼스트 앞1,고정형,2023-12-01,,,
2023,수원시,권선구청,2023-06-24 14:39,서둔동 수원역한라비발디퍼스트 앞1,고정형,2023-12-01,,,
2023,수원시,팔달구청,2023-06-24 14:42,매산동 팅스몰 주차장 출구 옆,고정형,2023-12-01,,,
2023,수원시,팔달구청,2023-06-24 14:44,매산동 팅스몰 주차장 출구 옆,고정형,2023-12-01,,,
2023,수원시,팔달구청,2023-06-24 14:48,화서1동 수원역푸르지오자이 북문 우측,고정형,2023-12-01,,,
2023,수원시,권선구청,2023-06-24 14:48,서둔동 수원역한라비발디퍼스트 앞1,고정형,2023-12-01,,,
2023,수원시,권선구청,2023-06-24 14:53,서둔동 가온팰리스옆2,고정형,2023-12-01,,,
2023,수원시,팔달구청,2023-06-24 14:57,화서1동 수원역푸르지오자이 북문 우측,고정형,2023-12-01,,,
2023,수원시,팔달구청,2023-06-24 14:58,인계동 경인통계청,고정형,2023-12-01,,,
2023,수원시,권선구청,2023-06-24 14:59,서둔동 가온팰리스옆1,고정형,2023-12-01,,,
2023,수원시,팔달구청,2023-06-24 15:03,인계동 경인통계청,고정형,2023-12-01,,,
2023,수원시,팔달구청,2023-06-24 15:04,북수동 쌈지공원 앞,고정형,2023-12-01,,,
2023,수원시,팔달구청,2023-06-24 15:05,인계동 경인통계청,고정형,2023-12-01,,,
2023,수원시,권선구청,2023-06-24 15:09,서둔동 수원역한라비발디퍼스트 앞1,고정형,2023-12-01,,,
2023,수원시,권선구청,2023-06-24 15:10,서둔동 수원역한라비발디퍼스트 앞1,고정형,2023-12-01,,,
2023,수원시,팔달구청,2023-06-24 15:12,화서1동 수원역푸르지오자이 북문 우측,고정형,2023-12-01,,,
2023,수원시,팔달구청,2023-06-24 15:13,팔달로2가 팔달로2가 정조로796번길,주행형,2023-12-01,,,
2023,수원시,팔달구청,2023-06-24 15:17,매산동 팅스몰 주차장 출구 옆,고정형,2023-12-01,,,
2023,수원시,팔달구청,2023-06-24 15:22,인계동 드림캐슬주상복합,고정형,2023-12-01,,,
2023,수원시,팔달구청,2023-06-24 15:22,인계동 드림캐슬주상복합,고정형,2023-12-01,,,
2023,수원시,권선구청,2023-06-24 15:23,서둔동 수원역한라비발디퍼스트 앞1,고정형,2023-12-01,,,
2023,수원시,팔달구청,2023-06-24 15:25,인계동 드림캐슬주상복합,고정형,2023-12-01,,,
2023,수원시,팔달구청,2023-06-24 15:27,인계동 경인통계청,고정형,2023-12-01,,,
2023,수원시,권선구청,2023-06-24 15:27,서둔동 롯데몰 육교건너,고정형,2023-12-01,,,
2023,수원시,팔달구청,2023-06-24 15:31,매교동 매교동 91-5 소화전,국민신문고,2023-12-01,,,
2023,수원시,팔달구청,2023-06-24 16:01,인계동 드림캐슬주상복합,고정형,2023-12-01,,,
2023,수원시,권선구청,2023-06-24 16:07,서둔동 수원역한라비발디퍼스트 앞2,고정형,2023-12-01,,,
2023,수원시,권선구청,2023-06-24 16:09,곡반정동 하나로마트한국빌딩앞,고정형,2023-12-01,,,
2023,수원시,권선구청,2023-06-24 16:14,서둔동 수원역한라비발디퍼스트 앞1,고정형,2023-12-01,,,
2023,수원시,권선구청,2023-06-24 16:15,서둔동 수원역한라비발디퍼스트 앞1,고정형,2023-12-01,,,
2023,수원시,권선구청,2023-06-24 16:17,서둔동 수원역한라비발디퍼스트 앞1,고정형,2023-12-01,,,
2023,수원시,권선구청,2023-06-24 16:19,서둔동 가온팰리스옆2,고정형,2023-12-01,,,
2023,수원시,팔달구청,2023-06-24 16:20,인계동 드림캐슬주상복합,고정형,2023-12-01,,,
2023,수원시,팔달구청,2023-06-24 16:25,인계동 한국씨티은행,고정형,2023-12-01,,,
2023,수원시,팔달구청,2023-06-24 16:25,신풍동 수원시 팔달구 매향동 124-8,보행,2023-12-01,,,
2023,수원시,팔달구청,2023-06-24 16:31,화서동 푸르지오자이 북문 CU 앞 횡단보도,고정형,2023-12-01,,,
2023,수원시,팔달구청,2023-06-24 16:34,남수동 남수동 정조로800번길,주행형,2023-12-01,,,
2023,수원시,팔달구청,2023-06-24 16:36,화서1동 수원역푸르지오자이 북문 우측,고정형,2023-12-01,,,
2023,수원시,팔달구청,2023-06-24 16:39,화서1동 푸르지오자이 북문 CU 앞 횡단보도,고정형,2023-12-01,,,
2023,수원시,팔달구청,2023-06-24 16:43,화서1동 푸르지오자이 북문 CU 앞 횡단보도,고정형,2023-12-01,,,
2023,수원시,권선구청,2023-06-24 16:44,서둔동 수원역한라비발디퍼스트 앞1,고정형,2023-12-01,,,
2023,수원시,권선구청,2023-06-24 16:46,서둔동 수원역한라비발디퍼스트 앞1,고정형,2023-12-01,,,
2023,수원시,권선구청,2023-06-24 16:47,서둔동 수원역한라비발디퍼스트 앞2,고정형,2023-12-01,,,
2023,수원시,권선구청,2023-06-24 16:47,서둔동 수원역한라비발디퍼스트 앞2,고정형,2023-12-01,,,
2023,수원시,팔달구청,2023-06-24 17:05,인계동 경인통계청,고정형,2023-12-01,,,
2023,수원시,팔달구청,2023-06-24 17:05,인계동 경인통계청,고정형,2023-12-01,,,
2023,수원시,권선구청,2023-06-24 17:19,서둔동 가온팰리스옆1,고정형,2023-12-01,,,
2023,수원시,권선구청,2023-06-24 17:24,곡반정동 하나로마트한국빌딩앞,고정형,2023-12-01,,,
2023,수원시,권선구청,2023-06-24 17:34,서둔동 수원역한라비발디퍼스트 앞1,고정형,2023-12-01,,,
2023,수원시,팔달구청,2023-06-24 17:35,화서1동 푸르지오자이 북문 CU 앞 횡단보도,고정형,2023-12-01,,,
2023,수원시,팔달구청,2023-06-24 17:35,인계동 한국씨티은행,고정형,2023-12-01,,,
2023,수원시,팔달구청,2023-06-24 17:41,매산동 팅스몰 주차장 출구 옆,고정형,2023-12-01,,,
2023,수원시,팔달구청,2023-06-24 17:47,매산동 팅스몰 주차장 출구 옆,고정형,2023-12-01,,,
2023,수원시,팔달구청,2023-06-24 17:56,매산동 역전농협,고정형,2023-12-01,,,
2023,수원시,팔달구청,2023-06-24 18:10,매산동 팅스몰 주차장 출구 옆,고정형,2023-12-01,,,
2023,수원시,팔달구청,2023-06-24 18:33,인계동 드림캐슬주상복합,고정형,2023-12-01,,,
2023,수원시,팔달구청,2023-06-24 18:56,인계동 드림캐슬주상복합,고정형,2023-12-01,,,
2023,수원시,팔달구청,2023-06-24 19:13,화서1동 수원역푸르지오자이 북문 우측,고정형,2023-12-01,,,
2023,수원시,팔달구청,2023-06-24 20:34,인계동 드림캐슬주상복합,고정형,2023-12-01,,,
2023,수원시,권선구청,2023-06-24 23:54,곡반정동 562-2,국민신문고,2023-12-01,,,
2023,수원시,권선구청,2023-06-25 0:49,곡반정동 191-4,국민신문고,2023-12-01,,,
2023,수원시,권선구청,2023-06-25 9:02,곡반정동 하나로마트한국빌딩앞,고정형,2023-12-01,,,
2023,수원시,권선구청,2023-06-25 9:02,곡반정동 하나로마트한국빌딩앞,고정형,2023-12-01,,,
2023,수원시,팔달구청,2023-06-25 9:02,인계동 드림캐슬주상복합,고정형,2023-12-01,,,
2023,수원시,권선구청,2023-06-25 9:02,곡반정동 하나로마트한국빌딩앞,고정형,2023-12-01,,,
2023,수원시,팔달구청,2023-06-25 9:03,화서1동 푸르지오자이 북문 CU 앞 횡단보도,고정형,2023-12-01,,,
2023,수원시,권선구청,2023-06-25 9:03,서둔동 가온팰리스옆2,고정형,2023-12-01,,,
2023,수원시,권선구청,2023-06-25 9:03,곡반정동 하나로마트한국빌딩앞,고정형,2023-12-01,,,
2023,수원시,팔달구청,2023-06-25 9:03,인계동 드림캐슬주상복합,고정형,2023-12-01,,,
2023,수원시,팔달구청,2023-06-25 9:03,화서1동 푸르지오자이 북문 CU 앞 횡단보도,고정형,2023-12-01,,,
2023,수원시,권선구청,2023-06-25 9:03,곡반정동 궁촌육교앞,고정형,2023-12-01,,,
2023,수원시,권선구청,2023-06-25 9:04,서둔동 가온팰리스옆2,고정형,2023-12-01,,,
2023,수원시,권선구청,2023-06-25 9:04,곡반정동 하나로마트한국빌딩앞,고정형,2023-12-01,,,
2023,수원시,팔달구청,2023-06-25 9:05,매산동 팅스몰 주차장 출구 옆,고정형,2023-12-01,,,
2023,수원시,팔달구청,2023-06-25 9:06,매산동 팅스몰 주차장 출구 옆,고정형,2023-12-01,,,
2023,수원시,팔달구청,2023-06-25 9:06,매산동 팅스몰 주차장 출구 옆,고정형,2023-12-01,,,
2023,수원시,팔달구청,2023-06-25 9:06,인계동 경인통계청,고정형,2023-12-01,,,
2023,수원시,권선구청,2023-06-25 9:06,오목천동 527-5,국민신문고,2023-12-01,,,
2023,수원시,팔달구청,2023-06-25 9:07,화서1동 수원역푸르지오자이 북문 우측,고정형,2023-12-01,,,
2023,수원시,권선구청,2023-06-25 9:09,서둔동 가온팰리스옆2,고정형,2023-12-01,,,
2023,수원시,권선구청,2023-06-25 9:09,오목천동 527-5,국민신문고,2023-12-01,,,
2023,수원시,권선구청,2023-06-25 9:11,곡반정동 궁촌육교앞,고정형,2023-12-01,,,
2023,수원시,권선구청,2023-06-25 9:11,곡반정동 궁촌육교앞,고정형,2023-12-01,,,
2023,수원시,팔달구청,2023-06-25 9:13,매산동 팅스몰 주차장 출구 옆,고정형,2023-12-01,,,
2023,수원시,권선구청,2023-06-25 9:13,오목천동 527-5,국민신문고,2023-12-01,,,
2023,수원시,권선구청,2023-06-25 9:20,곡반정동 궁촌육교앞,고정형,2023-12-01,,,
2023,수원시,영통구청,2023-06-25 9:25,이의동 드림스퀘어Ⅱ 앞,고정형,2023-12-01,,,
2023,수원시,팔달구청,2023-06-25 10:13,인계동 한국씨티은행,고정형,2023-12-01,,,
2023,수원시,팔달구청,2023-06-25 10:13,매산동 역전농협,고정형,2023-12-01,,,
2023,수원시,팔달구청,2023-06-25 10:13,매산동 역전농협,고정형,2023-12-01,,,
2023,수원시,권선구청,2023-06-25 10:31,오목천동 한화꿈에그린아파트 209동앞,고정형,2023-12-01,,,
2023,수원시,팔달구청,2023-06-25 10:32,매향동 매향동 창룡대로 56,주행형,2023-12-01,,,
2023,수원시,팔달구청,2023-06-25 10:33,매향동 매향동 창룡대로 70,주행형,2023-12-01,,,
2023,수원시,장안구청,2023-06-25 10:37,상광교동 광교버스정류장종점,고정형,2023-12-01,,,
2023,수원시,권선구청,2023-06-25 10:38,서둔동 수원역한라비발디퍼스트 앞1,고정형,2023-12-01,,,
2023,수원시,팔달구청,2023-06-25 11:36,매산동 역전농협,고정형,2023-12-01,,,
2023,수원시,권선구청,2023-06-25 11:50,권선동 NC터미널점 버스정류장 앞,고정형,2023-12-01,,,
2023,수원시,팔달구청,2023-06-25 11:54,매산동 역전농협,고정형,2023-12-01,,,
2023,수원시,팔달구청,2023-06-25 12:00,화서1동 수원역푸르지오자이 북문 우측,고정형,2023-12-01,,,
2023,수원시,영통구청,2023-06-25 12:11,영통동 마사회뒷길,고정형,2023-12-01,,,
2023,수원시,권선구청,2023-06-25 12:31,곡반정동 562-2,국민신문고,2023-12-01,,,
2023,수원시,팔달구청,2023-06-25 12:36,교동 수원향교 앞 팔달보건소 뒤,고정형,2023-12-01,,,
2023,수원시,권선구청,2023-06-25 13:09,권선동 NC터미널점 버스정류장 앞,고정형,2023-12-01,,,
2023,수원시,팔달구청,2023-06-25 13:58,행궁동 팔달문 버스정류장,고정형,2023-12-01,,,
2023,수원시,팔달구청,2023-06-25 14:21,화서1동 수원역푸르지오자이 북문 우측,고정형,2023-12-01,,,
2023,수원시,팔달구청,2023-06-25 14:24,화서1동 수원역푸르지오자이 북문 우측,고정형,2023-12-01,,,
2023,수원시,권선구청,2023-06-25 14:31,서둔동 롯데몰9번출구앞주변,고정형,2023-12-01,,,
2023,수원시,팔달구청,2023-06-25 14:32,북수동 쌈지공원 앞,고정형,2023-12-01,,,
2023,수원시,권선구청,2023-06-25 14:33,곡반정동 하나로마트한국빌딩앞,고정형,2023-12-01,,,
2023,수원시,권선구청,2023-06-25 14:34,서둔동 수원역한라비발디퍼스트 앞1,고정형,2023-12-01,,,
2023,수원시,권선구청,2023-06-25 14:34,서둔동 수원역한라비발디퍼스트 앞1,고정형,2023-12-01,,,
2023,수원시,권선구청,2023-06-25 14:34,서둔동 가온팰리스옆2,고정형,2023-12-01,,,
2023,수원시,팔달구청,2023-06-25 14:34,행궁동 화홍사랑채,고정형,2023-12-01,,,
2023,수원시,권선구청,2023-06-25 14:34,서둔동 가온팰리스옆2,고정형,2023-12-01,,,
2023,수원시,권선구청,2023-06-25 14:34,서둔동 가온팰리스옆2,고정형,2023-12-01,,,
2023,수원시,권선구청,2023-06-25 14:35,서둔동 수원역한라비발디퍼스트 앞1,고정형,2023-12-01,,,
2023,수원시,권선구청,2023-06-25 14:35,서둔동 가온팰리스옆2,고정형,2023-12-01,,,
2023,수원시,권선구청,2023-06-25 14:35,서둔동 가온팰리스옆2,고정형,2023-12-01,,,
2023,수원시,팔달구청,2023-06-25 14:36,인계동 한국씨티은행,고정형,2023-12-01,,,
2023,수원시,권선구청,2023-06-25 14:38,서둔동 수원역한라비발디퍼스트 앞1,고정형,2023-12-01,,,
2023,수원시,권선구청,2023-06-25 14:38,서둔동 수원역한라비발디퍼스트 앞1,고정형,2023-12-01,,,
2023,수원시,권선구청,2023-06-25 14:39,서둔동 수원역한라비발디퍼스트 앞1,고정형,2023-12-01,,,
2023,수원시,권선구청,2023-06-25 14:39,서둔동 수원역한라비발디퍼스트 앞1,고정형,2023-12-01,,,
2023,수원시,권선구청,2023-06-25 14:40,서둔동 수원역한라비발디퍼스트 앞1,고정형,2023-12-01,,,
2023,수원시,권선구청,2023-06-25 14:42,서둔동 수원역한라비발디퍼스트 앞2,고정형,2023-12-01,,,
2023,수원시,팔달구청,2023-06-25 14:42,매산동 팅스몰 주차장 출구 옆,고정형,2023-12-01,,,
2023,수원시,권선구청,2023-06-25 14:45,곡반정동 하나로마트한국빌딩앞,고정형,2023-12-01,,,
2023,수원시,권선구청,2023-06-25 14:47,서둔동 수원역한라비발디퍼스트 앞2,고정형,2023-12-01,,,
2023,수원시,권선구청,2023-06-25 14:47,서둔동 수원역한라비발디퍼스트 앞2,고정형,2023-12-01,,,
2023,수원시,팔달구청,2023-06-25 14:47,매산동 팅스몰 주차장 출구 옆,고정형,2023-12-01,,,
2023,수원시,권선구청,2023-06-25 14:56,서둔동 수원역한라비발디퍼스트 앞1,고정형,2023-12-01,,,
2023,수원시,권선구청,2023-06-25 15:03,서둔동 롯데몰9번출구앞주변,고정형,2023-12-01,,,
2023,수원시,권선구청,2023-06-25 15:05,서둔동 가온팰리스옆2,고정형,2023-12-01,,,
2023,수원시,권선구청,2023-06-25 15:05,서둔동 가온팰리스옆1,고정형,2023-12-01,,,
2023,수원시,권선구청,2023-06-25 15:11,서둔동 수원역한라비발디퍼스트 앞1,고정형,2023-12-01,,,
2023,수원시,권선구청,2023-06-25 15:12,서둔동 수원역한라비발디퍼스트 앞1,고정형,2023-12-01,,,
2023,수원시,권선구청,2023-06-25 15:12,서둔동 롯데마트 하역장입구,고정형,2023-12-01,,,
2023,수원시,권선구청,2023-06-25 15:13,서둔동 수원역한라비발디퍼스트 앞1,고정형,2023-12-01,,,
2023,수원시,권선구청,2023-06-25 15:13,서둔동 수원역한라비발디퍼스트 앞1,고정형,2023-12-01,,,
2023,수원시,권선구청,2023-06-25 15:16,서둔동 수원역한라비발디퍼스트 앞1,고정형,2023-12-01,,,
2023,수원시,권선구청,2023-06-25 15:27,서둔동 수원역한라비발디퍼스트 앞1,고정형,2023-12-01,,,
2023,수원시,팔달구청,2023-06-25 15:30,매산동 팅스몰 주차장 출구 옆,고정형,2023-12-01,,,
2023,수원시,팔달구청,2023-06-25 15:33,화서1동 푸르지오자이 북문 CU 앞 횡단보도,고정형,2023-12-01,,,
2023,수원시,권선구청,2023-06-25 15:34,서둔동 수원역한라비발디퍼스트 앞1,고정형,2023-12-01,,,
2023,수원시,팔달구청,2023-06-25 15:38,매향동 매향동 창룡대로 70,주행형,2023-12-01,,,
2023,수원시,팔달구청,2023-06-25 15:38,매향동 매향동 창룡대로 56,주행형,2023-12-01,,,
2023,수원시,팔달구청,2023-06-25 15:39,매향동 매향동 창룡대로 78,주행형,2023-12-01,,,
2023,수원시,팔달구청,2023-06-25 15:40,남수동 남수동 창룡대로 86,주행형,2023-12-01,,,
2023,수원시,팔달구청,2023-06-25 15:40,북수동 쌈지공원 앞,고정형,2023-12-01,,,
2023,수원시,권선구청,2023-06-25 15:41,서둔동 수원역한라비발디퍼스트 앞2,고정형,2023-12-01,,,
2023,수원시,권선구청,2023-06-25 15:45,호매실동 금호프라자 대각 맞은편,고정형,2023-12-01,,,
2023,수원시,권선구청,2023-06-25 15:47,서둔동 롯데몰9번출구앞주변,고정형,2023-12-01,,,
2023,수원시,권선구청,2023-06-25 15:47,서둔동 롯데몰9번출구앞주변,고정형,2023-12-01,,,
2023,수원시,장안구청,2023-06-25 15:49,천천동 천첝동570-2,국민신문고,2023-12-01,,,
2023,수원시,팔달구청,2023-06-25 15:59,북수동 북수동 수원천로 372,주행형,2023-12-01,,,
2023,수원시,팔달구청,2023-06-25 15:59,북수동 북수동 수원천로 372,주행형,2023-12-01,,,
2023,수원시,팔달구청,2023-06-25 15:59,북수동 북수동 수원천로 372,주행형,2023-12-01,,,
2023,수원시,권선구청,2023-06-25 16:00,서둔동 수원역한라비발디퍼스트 앞1,고정형,2023-12-01,,,
2023,수원시,팔달구청,2023-06-25 16:00,매산동 팅스몰 주차장 출구 옆,고정형,2023-12-01,,,
2023,수원시,권선구청,2023-06-25 16:01,서둔동 수원역한라비발디퍼스트 앞1,고정형,2023-12-01,,,
2023,수원시,권선구청,2023-06-25 16:04,서둔동 수원역한라비발디퍼스트 앞1,고정형,2023-12-01,,,
2023,수원시,권선구청,2023-06-25 16:04,서둔동 수원역한라비발디퍼스트 앞1,고정형,2023-12-01,,,
2023,수원시,팔달구청,2023-06-25 16:10,행궁동 화홍사랑채,고정형,2023-12-01,,,
2023,수원시,권선구청,2023-06-25 16:14,서둔동 수원역한라비발디퍼스트 앞2,고정형,2023-12-01,,,
2023,수원시,권선구청,2023-06-25 16:15,서둔동 롯데몰9번출구앞주변,고정형,2023-12-01,,,
2023,수원시,팔달구청,2023-06-25 16:15,매산동 팅스몰 주차장 출구 옆,고정형,2023-12-01,,,
2023,수원시,권선구청,2023-06-25 16:28,서둔동 가온팰리스옆1,고정형,2023-12-01,,,
2023,수원시,팔달구청,2023-06-25 16:36,북수동 쌈지공원 앞,고정형,2023-12-01,,,
2023,수원시,영통구청,2023-06-25 16:37,영통동 롯데마트 뒤,고정형,2023-12-01,37.27220279535416,127.10856729001851,
2023,수원시,팔달구청,2023-06-25 16:45,화서1동 수원역푸르지오자이 북문 우측,고정형,2023-12-01,,,
2023,수원시,팔달구청,2023-06-25 16:47,인계동 드림캐슬주상복합,고정형,2023-12-01,,,
2023,수원시,권선구청,2023-06-25 16:50,서둔동 롯데몰9번출구앞주변,고정형,2023-12-01,,,
2023,수원시,권선구청,2023-06-25 16:53,곡반정동 하나로마트한국빌딩앞,고정형,2023-12-01,,,
2023,수원시,영통구청,2023-06-25 17:03,이의동 광교가재울마을사거리,고정형,2023-12-01,,,
2023,수원시,영통구청,2023-06-25 17:03,이의동 광교가재울마을사거리,고정형,2023-12-01,,,
2023,수원시,팔달구청,2023-06-25 17:04,인계동 한국씨티은행,고정형,2023-12-01,,,
2023,수원시,권선구청,2023-06-25 17:05,서둔동 가온팰리스옆1,고정형,2023-12-01,,,
2023,수원시,권선구청,2023-06-25 17:07,서둔동 수원역한라비발디퍼스트 앞2,고정형,2023-12-01,,,
2023,수원시,권선구청,2023-06-25 17:09,서둔동 가온팰리스옆1,고정형,2023-12-01,,,
2023,수원시,팔달구청,2023-06-25 17:11,매산동 팅스몰 주차장 출구 옆,고정형,2023-12-01,,,
2023,수원시,권선구청,2023-06-25 17:17,서둔동 롯데몰9번출구앞주변,고정형,2023-12-01,,,
2023,수원시,팔달구청,2023-06-25 17:25,북수동 쌈지공원 앞,고정형,2023-12-01,,,
2023,수원시,권선구청,2023-06-25 17:32,곡선동 권선중앙약국 건너편,고정형,2023-12-01,,,
2023,수원시,팔달구청,2023-06-25 17:32,인계동 드림캐슬주상복합,고정형,2023-12-01,,,
2023,수원시,팔달구청,2023-06-25 17:36,매산동 팅스몰 주차장 출구 옆,고정형,2023-12-01,,,
2023,수원시,팔달구청,2023-06-25 17:42,매산동 팅스몰 주차장 출구 옆,고정형,2023-12-01,,,
2023,수원시,팔달구청,2023-06-25 18:41,화서1동 수원역푸르지오자이 북문 우측,고정형,2023-12-01,,,
2023,수원시,팔달구청,2023-06-25 18:46,매산동 팅스몰 주차장 출구 옆,고정형,2023-12-01,,,
2023,수원시,팔달구청,2023-06-25 18:49,매산동 팅스몰 주차장 출구 옆,고정형,2023-12-01,,,
2023,수원시,팔달구청,2023-06-25 19:01,매산동 팅스몰 주차장 출구 옆,고정형,2023-12-01,,,
2023,수원시,팔달구청,2023-06-25 19:17,매산동 팅스몰 주차장 출구 옆,고정형,2023-12-01,,,
2023,수원시,팔달구청,2023-06-25 19:18,인계동 드림캐슬주상복합,고정형,2023-12-01,,,
2023,수원시,팔달구청,2023-06-25 20:22,매산동 역전농협,고정형,2023-12-01,,,
2023,수원시,팔달구청,2023-06-25 20:25,교동 수원향교 앞 팔달보건소 뒤,고정형,2023-12-01,,,
2023,수원시,팔달구청,2023-06-25 20:25,매산동 팅스몰 주차장 출구 옆,고정형,2023-12-01,,,
2023,수원시,팔달구청,2023-06-25 21:40,매교동 매교동 287-110 횡단보도,국민신문고,2023-12-01,,,
2023,수원시,권선구청,2023-06-26 5:36,곡반정동 562-2,국민신문고,2023-12-01,,,
2023,수원시,팔달구청,2023-06-26 7:02,화서1동 수원역푸르지오자이 북문 우측,고정형,2023-12-01,,,
2023,수원시,팔달구청,2023-06-26 7:03,화서1동 푸르지오자이 북문 CU 앞 횡단보도,고정형,2023-12-01,,,
2023,수원시,팔달구청,2023-06-26 7:03,화서1동 푸르지오자이 북문 CU 앞 횡단보도,고정형,2023-12-01,,,
2023,수원시,팔달구청,2023-06-26 7:33,매산동 팅스몰 주차장 출구 옆,고정형,2023-12-01,,,
2023,수원시,권선구청,2023-06-26 8:03,서둔동 가온팰리스옆2,고정형,2023-12-01,,,
2023,수원시,권선구청,2023-06-26 8:03,서둔동 가온팰리스옆2,고정형,2023-12-01,,,
2023,수원시,권선구청,2023-06-26 8:03,평동 오목초교 정문 우측 삼거리,고정형,2023-12-01,,,
2023,수원시,권선구청,2023-06-26 8:04,곡반정동 하나로마트한국빌딩앞,고정형,2023-12-01,,,
2023,수원시,권선구청,2023-06-26 8:06,곡반정동 궁촌육교앞,고정형,2023-12-01,,,
2023,수원시,권선구청,2023-06-26 8:07,서둔동 가온팰리스옆2,고정형,2023-12-01,,,
2023,수원시,권선구청,2023-06-26 8:13,곡반정동 하나로마트한국빌딩앞,고정형,2023-12-01,,,
2023,수원시,권선구청,2023-06-26 8:25,서둔동 가온팰리스옆2,고정형,2023-12-01,,,
2023,수원시,팔달구청,2023-06-26 8:32,화서1동 화서초등학교 둘레길 중간지점,고정형,2023-12-01,,,
2023,수원시,권선구청,2023-06-26 9:00,평동 수원역고가밑 정류장,고정형,2023-12-01,,,
2023,수원시,권선구청,2023-06-26 9:13,서둔동 가온팰리스옆2,고정형,2023-12-01,,,
2023,수원시,영통구청,2023-06-26 9:14,광교동 광교더사랑교회뒷길,고정형,2023-12-01,,,
2023,수원시,영통구청,2023-06-26 9:14,광교동 광교더사랑교회뒷길,고정형,2023-12-01,,,
2023,수원시,권선구청,2023-06-26 9:23,입북동 당수초교 정문 우측 사거리,고정형,2023-12-01,,,
2023,수원시,권선구청,2023-06-26 9:44,권선2동 곡정초교 정문 좌측 사거리,고정형,2023-12-01,,,
2023,수원시,팔달구청,2023-06-26 9:55,매산동 팅스몰 주차장 출구 옆,고정형,2023-12-01,,,
2023,수원시,권선구청,2023-06-26 9:59,곡반정동 하나로마트한국빌딩앞,고정형,2023-12-01,,,
2023,수원시,권선구청,2023-06-26 10:00,권선동 권선동 한라비발디앞 놀이터,고정형,2023-12-01,,,
2023,수원시,영통구청,2023-06-26 10:03,이의동 드림스퀘어Ⅱ 앞,고정형,2023-12-01,,,
2023,수원시,팔달구청,2023-06-26 10:16,경기도수원시팔달구고등동 수원시 팔달구 갓매산로55번길 28,보행,2023-12-01,,,
2023,수원시,팔달구청,2023-06-26 10:18,경기도수원시팔달구고등동 수원시 팔달구 갓매산로55번길 28,보행,2023-12-01,,,
2023,수원시,권선구청,2023-06-26 10:21,서둔동 가온팰리스옆2,고정형,2023-12-01,,,
2023,수원시,영통구청,2023-06-26 10:26,하동 광교호반마을한양수자인,고정형,2023-12-01,,,
2023,수원시,장안구청,2023-06-26 10:28,천천동 천천동27-7,국민신문고,2023-12-01,,,
2023,수원시,영통구청,2023-06-26 11:25,망포동 E-마트 에브리데이 앞,고정형,2023-12-01,37.2361017468141,127.060345496536,
2023,수원시,팔달구청,2023-06-26 11:59,매산동 역전농협,고정형,2023-12-01,,,
2023,수원시,권선구청,2023-06-26 12:00,입북동 당수초교 정문 우측 사거리,고정형,2023-12-01,,,
2023,수원시,영통구청,2023-06-26 12:19,망포동 E-마트 에브리데이 앞,고정형,2023-12-01,37.2361017468141,127.060345496536,
2023,수원시,팔달구청,2023-06-26 12:40,매산동 역전농협,고정형,2023-12-01,,,
2023,수원시,권선구청,2023-06-26 12:44,입북동 당수초교 정문 우측 사거리,고정형,2023-12-01,,,
2023,수원시,권선구청,2023-06-26 12:52,평동 오현초교 정문 우측 사거리,고정형,2023-12-01,,,
2023,수원시,영통구청,2023-06-26 13:30,망포동 힐스테이트 119동 ~방죽공원 삼거리,고정형,2023-12-01,,,
2023,수원시,팔달구청,2023-06-26 14:20,팔달로2가 팔달로2가 정조로796번길,주행형,2023-12-01,,,
2023,수원시,팔달구청,2023-06-26 14:24,인계동 인계동 매산로,주행형,2023-12-01,,,
2023,수원시,영통구청,2023-06-26 14:29,영통동 매영로365번길,주행형,2023-12-01,,,
2023,수원시,권선구청,2023-06-26 14:34,평동 고현초교 정문 좌측 삼거리,고정형,2023-12-01,,,
2023,수원시,팔달구청,2023-06-26 14:35,인계동 드림캐슬주상복합,고정형,2023-12-01,,,
2023,수원시,팔달구청,2023-06-26 14:35,매산동 팅스몰 주차장 출구 옆,고정형,2023-12-01,,,
2023,수원시,팔달구청,2023-06-26 14:38,인계동 드림캐슬주상복합,고정형,2023-12-01,,,
2023,수원시,권선구청,2023-06-26 14:41,서둔동 가온팰리스옆2,고정형,2023-12-01,,,
2023,수원시,팔달구청,2023-06-26 14:48,북수동 쌈지공원 앞,고정형,2023-12-01,,,
2023,수원시,팔달구청,2023-06-26 14:52,매산동 역전농협,고정형,2023-12-01,,,
2023,수원시,팔달구청,2023-06-26 15:21,인계동 한국씨티은행,고정형,2023-12-01,,,
2023,수원시,권선구청,2023-06-26 15:23,서둔동 가온팰리스옆2,고정형,2023-12-01,,,
2023,수원시,팔달구청,2023-06-26 15:36,인계동 경인통계청,고정형,2023-12-01,,,
2023,수원시,권선구청,2023-06-26 15:36,서둔동 가온팰리스옆2,고정형,2023-12-01,,,
2023,수원시,팔달구청,2023-06-26 15:43,인계동 드림캐슬주상복합,고정형,2023-12-01,,,
2023,수원시,권선구청,2023-06-26 15:43,서둔동 가온팰리스옆2,고정형,2023-12-01,,,
2023,수원시,권선구청,2023-06-26 15:43,서둔동 가온팰리스옆2,고정형,2023-12-01,,,
2023,수원시,팔달구청,2023-06-26 15:56,매산동 역전농협,고정형,2023-12-01,,,
2023,수원시,권선구청,2023-06-26 15:57,평동 오목초교 정문 우측 삼거리,고정형,2023-12-01,,,
2023,수원시,팔달구청,2023-06-26 16:08,매산동 팅스몰 주차장 출구 옆,고정형,2023-12-01,,,
2023,수원시,권선구청,2023-06-26 16:16,입북동 당수초교 정문 우측 사거리,고정형,2023-12-01,,,
2023,수원시,팔달구청,2023-06-26 16:22,행궁동 화홍사랑채,고정형,2023-12-01,,,
2023,수원시,권선구청,2023-06-26 16:30,평동 수원역고가밑 (애경뒷길),고정형,2023-12-01,,,
2023,수원시,팔달구청,2023-06-26 17:02,화서1동 푸르지오자이 북문 CU 앞 횡단보도,고정형,2023-12-01,,,
2023,수원시,권선구청,2023-06-26 17:07,입북동 당수초교 정문 우측 사거리,고정형,2023-12-01,,,
2023,수원시,권선구청,2023-06-26 17:19,호매실동 금호프라자 대각 맞은편,고정형,2023-12-01,,,
2023,수원시,팔달구청,2023-06-26 17:26,인계동 경인통계청,고정형,2023-12-01,,,
2023,수원시,팔달구청,2023-06-26 17:26,인계동 경인통계청,고정형,2023-12-01,,,
2023,수원시,권선구청,2023-06-26 17:32,평동 고현초교 정문 좌측 삼거리,고정형,2023-12-01,,,
2023,수원시,권선구청,2023-06-26 17:35,서둔동 수원역한라비발디퍼스트 앞1,고정형,2023-12-01,,,
2023,수원시,영통구청,2023-06-26 18:02,영통동 롯데마트 뒤,고정형,2023-12-01,37.27220279535416,127.10856729001851,
2023,수원시,팔달구청,2023-06-26 18:31,화서1동 수원역푸르지오자이 북문 우측,고정형,2023-12-01,,,
2023,수원시,팔달구청,2023-06-26 18:42,화서1동 수원역푸르지오자이 북문 우측,고정형,2023-12-01,,,
2023,수원시,팔달구청,2023-06-26 18:42,화서1동 수원역푸르지오자이 북문 우측,고정형,2023-12-01,,,
2023,수원시,팔달구청,2023-06-26 18:43,매산동 팅스몰 주차장 출구 옆,고정형,2023-12-01,,,
2023,수원시,영통구청,2023-06-26 18:49,망포동 E-마트 에브리데이 앞,고정형,2023-12-01,37.2361017468141,127.060345496536,
2023,수원시,팔달구청,2023-06-26 18:58,매산동 팅스몰 주차장 출구 옆,고정형,2023-12-01,,,
2023,수원시,팔달구청,2023-06-26 19:06,화서동 푸르지오자이 북문 CU 앞 횡단보도,고정형,2023-12-01,,,
2023,수원시,팔달구청,2023-06-26 19:14,매산동 팅스몰 주차장 출구 옆,고정형,2023-12-01,,,
2023,수원시,팔달구청,2023-06-26 19:48,인계동 드림캐슬주상복합,고정형,2023-12-01,,,
2023,수원시,팔달구청,2023-06-26 19:50,매산동 팅스몰 주차장 출구 옆,고정형,2023-12-01,,,
2023,수원시,팔달구청,2023-06-26 19:50,매산동 팅스몰 주차장 출구 옆,고정형,2023-12-01,,,
2023,수원시,팔달구청,2023-06-26 21:34,매산동 역전농협,고정형,2023-12-01,,,
2023,수원시,팔달구청,2023-06-26 21:40,인계동 드림캐슬주상복합,고정형,2023-12-01,,,
2023,수원시,권선구청,2023-06-27 5:50,곡반정동 562-2,국민신문고,2023-12-01,,,
2023,수원시,권선구청,2023-06-27 6:22,곡반정동 562-2,국민신문고,2023-12-01,,,
2023,수원시,팔달구청,2023-06-27 7:39,매산동 팅스몰 주차장 출구 옆,고정형,2023-12-01,,,
2023,수원시,권선구청,2023-06-27 8:03,권선2동 곡정초교 정문 좌측 사거리,고정형,2023-12-01,,,
2023,수원시,권선구청,2023-06-27 8:03,서둔동 가온팰리스옆1,고정형,2023-12-01,,,
2023,수원시,권선구청,2023-06-27 8:04,곡반정동 하나로마트한국빌딩앞,고정형,2023-12-01,,,
2023,수원시,권선구청,2023-06-27 8:04,서둔동 가온팰리스옆2,고정형,2023-12-01,,,
2023,수원시,권선구청,2023-06-27 8:08,곡반정동 하나로마트한국빌딩앞,고정형,2023-12-01,,,
2023,수원시,팔달구청,2023-06-27 8:09,매산동 팔달로 10번길 8,고정형,2023-12-01,,,
2023,수원시,팔달구청,2023-06-27 8:16,인계동 드림캐슬주상복합,고정형,2023-12-01,,,
2023,수원시,권선구청,2023-06-27 9:03,곡선동 권선중앙약국 건너편,고정형,2023-12-01,,,
2023,수원시,권선구청,2023-06-27 9:12,서둔동 수원역한라비발디퍼스트 앞1,고정형,2023-12-01,,,
2023,수원시,팔달구청,2023-06-27 9:18,인계동 드림캐슬주상복합,고정형,2023-12-01,,,
2023,수원시,팔달구청,2023-06-27 9:49,인계동 경인통계청,고정형,2023-12-01,,,
2023,수원시,권선구청,2023-06-27 10:06,곡반정동 하나로마트한국빌딩앞,고정형,2023-12-01,,,
2023,수원시,영통구청,2023-06-27 10:14,이의동 창룡대로298번길,주행형,2023-12-01,,,
2023,수원시,권선구청,2023-06-27 10:16,세류3동 신곡초교 후문 좌측 사거리,고정형,2023-12-01,,,
2023,수원시,팔달구청,2023-06-27 10:17,팔달로2가 팔달로2가 정조로796번길,주행형,2023-12-01,,,
2023,수원시,팔달구청,2023-06-27 10:17,남수동 남수동 정조로796번길,주행형,2023-12-01,,,
2023,수원시,권선구청,2023-06-27 10:23,구운동 구운초교 정문 우측 삼거리,고정형,2023-12-01,,,
2023,수원시,팔달구청,2023-06-27 10:28,화서1동 수원역푸르지오자이 북문 우측,고정형,2023-12-01,,,
2023,수원시,팔달구청,2023-06-27 10:32,북수동 쌈지공원 앞,고정형,2023-12-01,,,
2023,수원시,팔달구청,2023-06-27 10:33,인계동 경인통계청,고정형,2023-12-01,,,
2023,수원시,권선구청,2023-06-27 10:36,입북동 당수초교 정문 우측 사거리,고정형,2023-12-01,,,
2023,수원시,팔달구청,2023-06-27 11:15,화서1동 수원역푸르지오자이 북문 우측,고정형,2023-12-01,,,
2023,수원시,영통구청,2023-06-27 13:39,광교동 광교웰빙타운한양수자인,고정형,2023-12-01,,,
2023,수원시,팔달구청,2023-06-27 14:08,남수동 남수동 정조로800번길,주행형,2023-12-01,,,
2023,수원시,팔달구청,2023-06-27 14:08,남수동 남수동 정조로800번길,주행형,2023-12-01,,,
2023,수원시,팔달구청,2023-06-27 14:08,남수동 남수동 정조로800번길,주행형,2023-12-01,,,
2023,수원시,팔달구청,2023-06-27 14:08,남수동 남수동 정조로800번길,주행형,2023-12-01,,,
2023,수원시,팔달구청,2023-06-27 14:08,남수동 남수동 정조로800번길,주행형,2023-12-01,,,
2023,수원시,팔달구청,2023-06-27 14:08,남수동 남수동 정조로800번길,주행형,2023-12-01,,,
2023,수원시,팔달구청,2023-06-27 14:09,남수동 남수동 팔달문로3번길,주행형,2023-12-01,,,
2023,수원시,팔달구청,2023-06-27 14:09,남수동 남수동 팔달문로3번길,주행형,2023-12-01,,,
2023,수원시,팔달구청,2023-06-27 14:10,남수동 남수동 정조로796번길,주행형,2023-12-01,,,
2023,수원시,팔달구청,2023-06-27 14:11,영동 영동 팔달문로9,주행형,2023-12-01,,,
2023,수원시,팔달구청,2023-06-27 14:14,인계동 인계동 수원천로231번길3,주행형,2023-12-01,,,
2023,수원시,팔달구청,2023-06-27 14:16,지동 지동 수원천로 245,주행형,2023-12-01,,,
2023,수원시,팔달구청,2023-06-27 14:32,북수동 쌈지공원 앞,고정형,2023-12-01,,,
2023,수원시,권선구청,2023-06-27 14:33,서둔동 서둔로256번길,주행형,2023-12-01,,,
2023,수원시,팔달구청,2023-06-27 14:34,매산동 팔달로 10번길 8,고정형,2023-12-01,,,
2023,수원시,팔달구청,2023-06-27 14:34,매산동 팔달로 10번길 8,고정형,2023-12-01,,,
2023,수원시,권선구청,2023-06-27 14:34,서둔동 가온팰리스옆2,고정형,2023-12-01,,,
2023,수원시,팔달구청,2023-06-27 14:35,인계동 드림캐슬주상복합,고정형,2023-12-01,,,
2023,수원시,권선구청,2023-06-27 14:36,권선동 NC터미널점 버스정류장 앞,고정형,2023-12-01,,,
2023,수원시,권선구청,2023-06-27 14:38,금곡동 가온초교 정문 우측 사거리,고정형,2023-12-01,,,
2023,수원시,권선구청,2023-06-27 14:44,세류3동 신곡초교 후문 좌측 사거리,고정형,2023-12-01,,,
2023,수원시,권선구청,2023-06-27 14:49,곡반정동 하나로마트한국빌딩앞,고정형,2023-12-01,,,
2023,수원시,팔달구청,2023-06-27 15:12,매교동 매교동 264-5 교차로모퉁이,주민신고제,2023-12-01,,,
2023,수원시,권선구청,2023-06-27 15:13,세류3동 신곡초교 후문 좌측 사거리,고정형,2023-12-01,,,
2023,수원시,팔달구청,2023-06-27 15:16,매산동 팅스몰 주차장 출구 옆,고정형,2023-12-01,,,
2023,수원시,영통구청,2023-06-27 15:23,경기도용인시기흥구영덕동 용인시 기흥구 영덕동 787,보행,2023-12-01,,,
2023,수원시,팔달구청,2023-06-27 16:15,화서1동 수원역푸르지오자이 북문 우측,고정형,2023-12-01,,,
2023,수원시,영통구청,2023-06-27 16:29,영통동 롯데마트 뒤,고정형,2023-12-01,37.27220279535416,127.10856729001851,
2023,수원시,팔달구청,2023-06-27 16:30,매산동 팅스몰 주차장 출구 옆,고정형,2023-12-01,,,
2023,수원시,팔달구청,2023-06-27 16:45,인계동 한국씨티은행,고정형,2023-12-01,,,
2023,수원시,팔달구청,2023-06-27 16:48,인계동 드림캐슬주상복합,고정형,2023-12-01,,,
2023,수원시,팔달구청,2023-06-27 16:48,인계동 드림캐슬주상복합,고정형,2023-12-01,,,
2023,수원시,권선구청,2023-06-27 16:52,곡반정동 하나로마트한국빌딩앞,고정형,2023-12-01,,,
2023,수원시,권선구청,2023-06-27 17:05,곡반정동 하나로마트한국빌딩앞,고정형,2023-12-01,,,
2023,수원시,팔달구청,2023-06-27 17:08,매산동 팅스몰 주차장 출구 옆,고정형,2023-12-01,,,
2023,수원시,권선구청,2023-06-27 17:10,권선2동 곡정초교 정문 좌측 사거리,고정형,2023-12-01,,,
2023,수원시,팔달구청,2023-06-27 17:26,인계동 한국씨티은행,고정형,2023-12-01,,,
2023,수원시,팔달구청,2023-06-27 17:27,매산동 팅스몰 주차장 출구 옆,고정형,2023-12-01,,,
2023,수원시,팔달구청,2023-06-27 18:05,인계동 드림캐슬주상복합,고정형,2023-12-01,,,
2023,수원시,팔달구청,2023-06-27 18:05,인계동 드림캐슬주상복합,고정형,2023-12-01,,,
2023,수원시,팔달구청,2023-06-27 18:21,인계동 드림캐슬주상복합,고정형,2023-12-01,,,
2023,수원시,팔달구청,2023-06-27 19:07,인계동 드림캐슬주상복합,고정형,2023-12-01,,,
2023,수원시,팔달구청,2023-06-27 19:15,경기도수원시팔달구화서동 수원시 팔달구 매산로2가13-5,보행,2023-12-01,,,
2023,수원시,팔달구청,2023-06-27 19:34,매산동 팅스몰 주차장 출구 옆,고정형,2023-12-01,,,
2023,수원시,장안구청,2023-06-27 19:38,율전동 율전동 507,국민신문고,2023-12-01,,,
2023,수원시,영통구청,2023-06-27 20:17,광교동 광교 덴티움지식산업센터 앞 사거리,고정형,2023-12-01,,,
2023,수원시,영통구청,2023-06-27 20:22,영통동 마사회뒷길,고정형,2023-12-01,,,
2023,수원시,팔달구청,2023-06-27 20:29,매산동 팅스몰 주차장 출구 옆,고정형,2023-12-01,,,
2023,수원시,팔달구청,2023-06-27 20:29,매산동 팅스몰 주차장 출구 옆,고정형,2023-12-01,,,
2023,수원시,팔달구청,2023-06-27 20:36,인계동 드림캐슬주상복합,고정형,2023-12-01,,,
2023,수원시,팔달구청,2023-06-27 20:37,인계동 드림캐슬주상복합,고정형,2023-12-01,,,
2023,수원시,권선구청,2023-06-27 21:10,곡반정동 562-2,국민신문고,2023-12-01,,,
2023,수원시,팔달구청,2023-06-27 21:11,인계동 드림캐슬주상복합,고정형,2023-12-01,,,
2023,수원시,권선구청,2023-06-28 5:41,곡반정동 562-2,국민신문고,2023-12-01,,,
2023,수원시,권선구청,2023-06-28 5:43,곡반정동 562-2,국민신문고,2023-12-01,,,
2023,수원시,팔달구청,2023-06-28 6:56,매교동 매교동 287-480 횡단보도,국민신문고,2023-12-01,,,
2023,수원시,팔달구청,2023-06-28 7:33,인계동 드림캐슬주상복합,고정형,2023-12-01,,,
2023,수원시,영통구청,2023-06-28 7:38,이의동 광교가재울마을사거리,고정형,2023-12-01,,,
2023,수원시,권선구청,2023-06-28 8:03,곡반정동 하나로마트한국빌딩앞,고정형,2023-12-01,,,
2023,수원시,권선구청,2023-06-28 8:05,서둔동 가온팰리스옆2,고정형,2023-12-01,,,
2023,수원시,권선구청,2023-06-28 8:05,서둔동 가온팰리스옆2,고정형,2023-12-01,,,
2023,수원시,권선구청,2023-06-28 8:07,곡반정동 하나로마트한국빌딩앞,고정형,2023-12-01,,,
2023,수원시,권선구청,2023-06-28 8:08,곡반정동 하나로마트한국빌딩앞,고정형,2023-12-01,,,
2023,수원시,권선구청,2023-06-28 8:11,서둔동 가온팰리스옆2,고정형,2023-12-01,,,
2023,수원시,권선구청,2023-06-28 8:11,서둔동 가온팰리스옆2,고정형,2023-12-01,,,
2023,수원시,팔달구청,2023-06-28 9:25,화서1동 푸르지오자이 북문 CU 앞 횡단보도,고정형,2023-12-01,,,
2023,수원시,팔달구청,2023-06-28 9:25,화서1동 푸르지오자이 북문 CU 앞 횡단보도,고정형,2023-12-01,,,
2023,수원시,팔달구청,2023-06-28 9:30,매산동 팅스몰 주차장 출구 옆,고정형,2023-12-01,,,
2023,수원시,팔달구청,2023-06-28 9:42,인계동 드림캐슬주상복합,고정형,2023-12-01,,,
2023,수원시,팔달구청,2023-06-28 9:52,인계동 경인통계청,고정형,2023-12-01,,,
2023,수원시,권선구청,2023-06-28 10:00,금곡동 가온초교 정문 우측 사거리,고정형,2023-12-01,,,
2023,수원시,권선구청,2023-06-28 10:04,구운동 구운초교 정문 우측 삼거리,고정형,2023-12-01,,,
2023,수원시,팔달구청,2023-06-28 10:10,북수동 쌈지공원 앞,고정형,2023-12-01,,,
2023,수원시,팔달구청,2023-06-28 10:11,화서1동 수원역푸르지오자이 북문 우측,고정형,2023-12-01,,,
2023,수원시,팔달구청,2023-06-28 10:12,인계동 드림캐슬주상복합,고정형,2023-12-01,,,
2023,수원시,팔달구청,2023-06-28 10:15,인계동 경인통계청,고정형,2023-12-01,,,
2023,수원시,팔달구청,2023-06-28 10:16,영동 영동 팔달문로9,주행형,2023-12-01,,,
2023,수원시,팔달구청,2023-06-28 10:16,영동 영동 팔달문로9,주행형,2023-12-01,,,
2023,수원시,팔달구청,2023-06-28 10:22,매산동 팔달로 10번길 8,고정형,2023-12-01,,,
2023,수원시,권선구청,2023-06-28 10:30,평동 수원역고가밑 (애경뒷길),고정형,2023-12-01,,,
2023,수원시,팔달구청,2023-06-28 10:43,인계동 드림캐슬주상복합,고정형,2023-12-01,,,
2023,수원시,영통구청,2023-06-28 11:12,원천동 광교매원초등학교,고정형,2023-12-01,,,
2023,수원시,권선구청,2023-06-28 11:21,곡반정동 156-1,국민신문고,2023-12-01,,,
2023,수원시,팔달구청,2023-06-28 11:29,화서1동 수원역푸르지오자이 북문 우측,고정형,2023-12-01,,,
2023,수원시,권선구청,2023-06-28 11:39,입북동 당수초교 정문 우측 사거리,고정형,2023-12-01,,,
2023,수원시,팔달구청,2023-06-28 11:58,화서1동 푸르지오자이 북문 CU 앞 횡단보도,고정형,2023-12-01,,,
2023,수원시,권선구청,2023-06-28 12:04,입북동 당수초교 정문 우측 사거리,고정형,2023-12-01,,,
2023,수원시,권선구청,2023-06-28 12:20,곡반정동 562-2,국민신문고,2023-12-01,,,
2023,수원시,권선구청,2023-06-28 12:22,곡반정동 562-2,국민신문고,2023-12-01,,,
2023,수원시,권선구청,2023-06-28 12:33,평동 오현초교 정문 우측 사거리,고정형,2023-12-01,,,
2023,수원시,권선구청,2023-06-28 12:33,입북동 당수초교 정문 우측 사거리,고정형,2023-12-01,,,
2023,수원시,영통구청,2023-06-28 12:42,이의동 광교가재울마을사거리,고정형,2023-12-01,,,
2023,수원시,권선구청,2023-06-28 12:55,입북동 당수초교 정문 우측 사거리,고정형,2023-12-01,,,
2023,수원시,팔달구청,2023-06-28 13:00,화서1동 수원역푸르지오자이 북문 우측,고정형,2023-12-01,,,
2023,수원시,영통구청,2023-06-28 13:03,이의동 광교가재울마을사거리,고정형,2023-12-01,,,
2023,수원시,권선구청,2023-06-28 13:50,입북동 당수초교 정문 우측 사거리,고정형,2023-12-01,,,
2023,수원시,팔달구청,2023-06-28 14:07,신풍동 신풍동 화서문로16번길 3,주행형,2023-12-01,,,
2023,수원시,팔달구청,2023-06-28 14:13,남수동 남수동 팔달문로3번길,주행형,2023-12-01,,,
2023,수원시,팔달구청,2023-06-28 14:24,인계동 인계동 매산로169,주행형,2023-12-01,,,
2023,수원시,팔달구청,2023-06-28 14:34,매산동 팔달로 10번길 8,고정형,2023-12-01,,,
2023,수원시,팔달구청,2023-06-28 14:34,인계동 드림캐슬주상복합,고정형,2023-12-01,,,
2023,수원시,팔달구청,2023-06-28 14:38,인계동 경인통계청,고정형,2023-12-01,,,
2023,수원시,권선구청,2023-06-28 14:39,곡반정동 하나로마트한국빌딩앞,고정형,2023-12-01,,,
2023,수원시,영통구청,2023-06-28 14:45,영통동 매영로365번길,주행형,2023-12-01,,,
2023,수원시,팔달구청,2023-06-28 14:47,북수동 쌈지공원 앞,고정형,2023-12-01,,,
2023,수원시,팔달구청,2023-06-28 15:08,경기도수원시팔달구고등동 수원시 팔달구 고등동 217-5,보행,2023-12-01,,,
2023,수원시,영통구청,2023-06-28 15:13,영통동 보보스스포츠센터앞,고정형,2023-12-01,,,
2023,수원시,권선구청,2023-06-28 15:13,서둔동 서둔로256번길,주행형,2023-12-01,,,
2023,수원시,권선구청,2023-06-28 15:13,서둔동 서둔로256번길,주행형,2023-12-01,,,
2023,수원시,권선구청,2023-06-28 15:13,서둔동 서둔로256번길,주행형,2023-12-01,,,
2023,수원시,권선구청,2023-06-28 15:14,평동 자동차매매센터2,고정형,2023-12-01,,,
2023,수원시,권선구청,2023-06-28 15:23,입북동 당수초교 정문 우측 사거리,고정형,2023-12-01,,,
2023,수원시,팔달구청,2023-06-28 15:46,인계동 한국씨티은행,고정형,2023-12-01,,,
2023,수원시,팔달구청,2023-06-28 16:01,매산동 팅스몰 주차장 출구 옆,고정형,2023-12-01,,,
2023,수원시,권선구청,2023-06-28 16:42,경기도수원시권선구곡반정동 수원시 권선구 곡반정동 103-8,보행,2023-12-01,,,
2023,수원시,팔달구청,2023-06-28 16:43,화서1동 수원역푸르지오자이 북문 우측,고정형,2023-12-01,,,
2023,수원시,권선구청,2023-06-28 16:43,경기도수원시권선구곡반정동 수원시 권선구 곡반정동 103-8,보행,2023-12-01,,,
2023,수원시,권선구청,2023-06-28 16:52,서둔동 가온팰리스옆2,고정형,2023-12-01,,,
2023,수원시,팔달구청,2023-06-28 17:27,화서1동 푸르지오자이 북문 CU 앞 횡단보도,고정형,2023-12-01,,,
2023,수원시,팔달구청,2023-06-28 17:38,인계동 경인통계청,고정형,2023-12-01,,,
2023,수원시,팔달구청,2023-06-28 18:03,매산동 팅스몰 주차장 출구 옆,고정형,2023-12-01,,,
2023,수원시,팔달구청,2023-06-28 18:39,매산동 팅스몰 주차장 출구 옆,고정형,2023-12-01,,,
2023,수원시,팔달구청,2023-06-28 19:03,화서1동 수원역푸르지오자이 북문 우측,고정형,2023-12-01,,,
2023,수원시,팔달구청,2023-06-28 19:10,경기도수원시팔달구화서동 수원시 팔달구 화서동 111-11,보행,2023-12-01,,,
2023,수원시,권선구청,2023-06-28 19:24,탑동 14모7108,국민신문고,2023-12-01,,,
2023,수원시,팔달구청,2023-06-28 19:32,매산동 팅스몰 주차장 출구 옆,고정형,2023-12-01,,,
2023,수원시,팔달구청,2023-06-28 19:51,인계동 팔달로 10번길 8,고정형,2023-12-01,,,
2023,수원시,권선구청,2023-06-28 20:24,곡반정동 191-12,국민신문고,2023-12-01,,,
2023,수원시,팔달구청,2023-06-28 20:34,인계동 드림캐슬주상복합,고정형,2023-12-01,,,
2023,수원시,팔달구청,2023-06-28 20:35,매산동 팅스몰 주차장 출구 옆,고정형,2023-12-01,,,
2023,수원시,팔달구청,2023-06-28 20:41,인계동 드림캐슬주상복합,고정형,2023-12-01,,,
2023,수원시,권선구청,2023-06-29 5:41,곡반정동 562-2,국민신문고,2023-12-01,,,
2023,수원시,팔달구청,2023-06-29 7:03,화서1동 수원역푸르지오자이 북문 우측,고정형,2023-12-01,,,
2023,수원시,영통구청,2023-06-29 7:05,영통동 롯데마트 뒤,고정형,2023-12-01,37.27220279535416,127.10856729001851,
2023,수원시,팔달구청,2023-06-29 7:34,매산동 팔달로 10번길 8,고정형,2023-12-01,,,
2023,수원시,팔달구청,2023-06-29 7:35,매산동 팅스몰 주차장 출구 옆,고정형,2023-12-01,,,
2023,수원시,팔달구청,2023-06-29 7:42,인계동 경인통계청,고정형,2023-12-01,,,
2023,수원시,팔달구청,2023-06-29 8:02,북수동 쌈지공원 앞,고정형,2023-12-01,,,
2023,수원시,권선구청,2023-06-29 8:02,곡반정동 궁촌육교앞,고정형,2023-12-01,,,
2023,수원시,권선구청,2023-06-29 8:04,평동 오목초교 정문 우측 삼거리,고정형,2023-12-01,,,
2023,수원시,권선구청,2023-06-29 8:05,곡반정동 하나로마트한국빌딩앞,고정형,2023-12-01,,,
2023,수원시,권선구청,2023-06-29 8:10,구운동 구운초교 정문 우측 삼거리,고정형,2023-12-01,,,
2023,수원시,권선구청,2023-06-29 8:29,권선2동 곡정초교 정문 좌측 사거리,고정형,2023-12-01,,,
2023,수원시,팔달구청,2023-06-29 9:01,매산동 팅스몰 주차장 출구 옆,고정형,2023-12-01,,,
2023,수원시,영통구청,2023-06-29 9:23,이의동 창룡대로298번길,주행형,2023-12-01,,,
2023,수원시,영통구청,2023-06-29 9:32,이의동 드림스퀘어Ⅱ 앞,고정형,2023-12-01,,,
2023,수원시,권선구청,2023-06-29 9:37,서둔동 수원역한라비발디퍼스트 앞2,고정형,2023-12-01,,,
2023,수원시,영통구청,2023-06-29 9:46,광교동 광교이의119안전센터,고정형,2023-12-01,,,
2023,수원시,권선구청,2023-06-29 10:00,평동 수원역고가밑 (애경뒷길),고정형,2023-12-01,,,
2023,수원시,팔달구청,2023-06-29 10:11,인계동 한국씨티은행,고정형,2023-12-01,,,
2023,수원시,팔달구청,2023-06-29 10:17,인계동 드림캐슬주상복합,고정형,2023-12-01,,,
2023,수원시,팔달구청,2023-06-29 10:21,팔달로2가 팔달로2가 정조로796번길,주행형,2023-12-01,,,
2023,수원시,팔달구청,2023-06-29 10:26,교동 역전농협,고정형,2023-12-01,,,
2023,수원시,팔달구청,2023-06-29 10:29,교동 수원향교 앞 팔달보건소 뒤,고정형,2023-12-01,,,
2023,수원시,팔달구청,2023-06-29 10:34,매산동 팅스몰 주차장 출구 옆,고정형,2023-12-01,,,
2023,수원시,팔달구청,2023-06-29 10:49,매산동 역전농협,고정형,2023-12-01,,,
2023,수원시,권선구청,2023-06-29 11:07,금곡동 가온초교 정문 우측 사거리,고정형,2023-12-01,,,
2023,수원시,팔달구청,2023-06-29 11:19,화서1동 수원역푸르지오자이 북문 우측,고정형,2023-12-01,,,
2023,수원시,팔달구청,2023-06-29 11:19,화서1동 수원역푸르지오자이 북문 우측,고정형,2023-12-01,,,
2023,수원시,권선구청,2023-06-29 12:22,입북동 당수초교 정문 우측 사거리,고정형,2023-12-01,,,
2023,수원시,팔달구청,2023-06-29 13:22,매산동 역전농협,고정형,2023-12-01,,,
2023,수원시,팔달구청,2023-06-29 14:05,화서1동 수원역푸르지오자이 북문 우측,고정형,2023-12-01,,,
2023,수원시,팔달구청,2023-06-29 14:22,교동 수원향교 앞 팔달보건소 뒤,고정형,2023-12-01,,,
2023,수원시,팔달구청,2023-06-29 14:33,매산동 팔달로 10번길 8,고정형,2023-12-01,,,
2023,수원시,영통구청,2023-06-29 14:34,이의동 드림스퀘어Ⅱ 앞,고정형,2023-12-01,,,
2023,수원시,팔달구청,2023-06-29 14:35,인계동 한국씨티은행,고정형,2023-12-01,,,
2023,수원시,권선구청,2023-06-29 14:36,서둔동 가온팰리스옆2,고정형,2023-12-01,,,
2023,수원시,팔달구청,2023-06-29 14:47,화서1동 푸르지오자이 북문 CU 앞 횡단보도,고정형,2023-12-01,,,
2023,수원시,영통구청,2023-06-29 14:59,망포동 E-마트 에브리데이 앞,고정형,2023-12-01,37.2361017468141,127.060345496536,
2023,수원시,영통구청,2023-06-29 15:02,원천동 광교매원초등학교,고정형,2023-12-01,,,
2023,수원시,팔달구청,2023-06-29 15:02,인계동 한국씨티은행,고정형,2023-12-01,,,
2023,수원시,권선구청,2023-06-29 15:12,구운동 구운초교 정문 우측 삼거리,고정형,2023-12-01,,,
2023,수원시,팔달구청,2023-06-29 15:16,매산동 팅스몰 주차장 출구 옆,고정형,2023-12-01,,,
2023,수원시,권선구청,2023-06-29 15:50,곡반정동 105-4,국민신문고,2023-12-01,,,
2023,수원시,팔달구청,2023-06-29 16:03,인계동 경인통계청,고정형,2023-12-01,,,
2023,수원시,팔달구청,2023-06-29 16:11,화서1동 수원역푸르지오자이 북문 우측,고정형,2023-12-01,,,
2023,수원시,팔달구청,2023-06-29 16:15,매산동 팅스몰 주차장 출구 옆,고정형,2023-12-01,,,
2023,수원시,권선구청,2023-06-29 16:23,서둔동 가온팰리스옆2,고정형,2023-12-01,,,
2023,수원시,권선구청,2023-06-29 16:27,서둔동 수원역한라비발디퍼스트 앞1,고정형,2023-12-01,,,
2023,수원시,팔달구청,2023-06-29 16:35,인계동 경인통계청,고정형,2023-12-01,,,
2023,수원시,팔달구청,2023-06-29 16:48,인계동 한국씨티은행,고정형,2023-12-01,,,
2023,수원시,팔달구청,2023-06-29 16:53,매산동 팅스몰 주차장 출구 옆,고정형,2023-12-01,,,
2023,수원시,팔달구청,2023-06-29 17:06,화서1동 푸르지오자이 북문 CU 앞 횡단보도,고정형,2023-12-01,,,
2023,수원시,팔달구청,2023-06-29 17:06,화서1동 푸르지오자이 북문 CU 앞 횡단보도,고정형,2023-12-01,,,
2023,수원시,팔달구청,2023-06-29 17:12,인계동 드림캐슬주상복합,고정형,2023-12-01,,,
2023,수원시,팔달구청,2023-06-29 17:17,화서1동 수원역푸르지오자이 북문 우측,고정형,2023-12-01,,,
2023,수원시,영통구청,2023-06-29 17:26,이의동 드림스퀘어Ⅱ 앞,고정형,2023-12-01,,,
2023,수원시,영통구청,2023-06-29 17:26,이의동 드림스퀘어Ⅱ 앞,고정형,2023-12-01,,,
2023,수원시,팔달구청,2023-06-29 17:35,매산동 역전농협,고정형,2023-12-01,,,
2023,수원시,팔달구청,2023-06-29 18:21,매산동 팅스몰 주차장 출구 옆,고정형,2023-12-01,,,
2023,수원시,팔달구청,2023-06-29 18:29,매산동 팔달로 10번길 8,고정형,2023-12-01,,,
2023,수원시,팔달구청,2023-06-29 18:32,인계동 드림캐슬주상복합,고정형,2023-12-01,,,
2023,수원시,팔달구청,2023-06-29 18:48,매산동 팔달로 10번길 8,고정형,2023-12-01,,,
2023,수원시,팔달구청,2023-06-29 18:55,매산동 팔달로 10번길 8,고정형,2023-12-01,,,
2023,수원시,팔달구청,2023-06-29 18:56,매산동 팅스몰 주차장 출구 옆,고정형,2023-12-01,,,
2023,수원시,팔달구청,2023-06-29 18:56,매산동 팅스몰 주차장 출구 옆,고정형,2023-12-01,,,
2023,수원시,팔달구청,2023-06-29 19:29,매교동 매교동 287-110 교차로모퉁이,국민신문고,2023-12-01,,,
2023,수원시,팔달구청,2023-06-29 19:29,매교동 매교동 287-110 교차로모퉁이,국민신문고,2023-12-01,,,
2023,수원시,팔달구청,2023-06-29 19:43,매산동 팅스몰 주차장 출구 옆,고정형,2023-12-01,,,
2023,수원시,장안구청,2023-06-29 19:43,율전동 율전동 507,국민신문고,2023-12-01,,,
2023,수원시,영통구청,2023-06-29 20:21,광교동 광교웰빙타운한양수자인,고정형,2023-12-01,,,
2023,수원시,팔달구청,2023-06-29 20:35,인계동 드림캐슬주상복합,고정형,2023-12-01,,,
2023,수원시,영통구청,2023-06-29 21:17,-1 영통동 1079,국민신문고,2023-12-01,,,
2023,수원시,팔달구청,2023-06-29 21:21,인계동 드림캐슬주상복합,고정형,2023-12-01,,,
2023,수원시,권선구청,2023-06-30 5:14,곡반정동 562-2,국민신문고,2023-12-01,,,
2023,수원시,영통구청,2023-06-30 7:07,원천동 광교에일린의뜰 북측,고정형,2023-12-01,,,
2023,수원시,팔달구청,2023-06-30 7:30,매산동 역전농협,고정형,2023-12-01,,,
2023,수원시,팔달구청,2023-06-30 7:30,매산동 역전농협,고정형,2023-12-01,,,
2023,수원시,팔달구청,2023-06-30 7:36,매산동 팅스몰 주차장 출구 옆,고정형,2023-12-01,,,
2023,수원시,팔달구청,2023-06-30 7:36,매산동 팅스몰 주차장 출구 옆,고정형,2023-12-01,,,
2023,수원시,권선구청,2023-06-30 8:03,곡반정동 하나로마트한국빌딩앞,고정형,2023-12-01,,,
2023,수원시,팔달구청,2023-06-30 8:03,북수동 쌈지공원 앞,고정형,2023-12-01,,,
2023,수원시,권선구청,2023-06-30 8:04,곡반정동 하나로마트한국빌딩앞,고정형,2023-12-01,,,
2023,수원시,권선구청,2023-06-30 8:04,곡반정동 하나로마트한국빌딩앞,고정형,2023-12-01,,,
2023,수원시,권선구청,2023-06-30 8:07,세류3동 신곡초교 후문 좌측 사거리,고정형,2023-12-01,,,
2023,수원시,권선구청,2023-06-30 8:07,서둔동 가온팰리스옆2,고정형,2023-12-01,,,
2023,수원시,권선구청,2023-06-30 8:55,서둔동 수원역한라비발디퍼스트 앞1,고정형,2023-12-01,,,
2023,수원시,영통구청,2023-06-30 9:22,광교동 광교 덴티움지식산업센터 앞 사거리,고정형,2023-12-01,,,
2023,수원시,영통구청,2023-06-30 9:22,광교동 광교 덴티움지식산업센터 앞 사거리,고정형,2023-12-01,,,
2023,수원시,영통구청,2023-06-30 10:14,경기도수원시영통구매탄동 수원시 영통구 매탄동 1263,보행,2023-12-01,,,
2023,수원시,영통구청,2023-06-30 10:15,경기도수원시영통구매탄동 수원시 영통구 매탄동 1263,보행,2023-12-01,,,
2023,수원시,영통구청,2023-06-30 10:16,경기도수원시영통구매탄동 수원시 영통구 매탄동 1263,보행,2023-12-01,,,
2023,수원시,팔달구청,2023-06-30 10:18,남수동 남수동 정조로796번길,주행형,2023-12-01,,,
2023,수원시,팔달구청,2023-06-30 10:19,영동 영동 팔달문로9,주행형,2023-12-01,,,
2023,수원시,영통구청,2023-06-30 10:27,광교동 광교이의119안전센터,고정형,2023-12-01,,,
2023,수원시,영통구청,2023-06-30 10:28,이의동 드림스퀘어Ⅱ 앞,고정형,2023-12-01,,,
2023,수원시,영통구청,2023-06-30 10:28,이의동 도청예정부지,고정형,2023-12-01,,,
2023,수원시,팔달구청,2023-06-30 10:47,인계동 드림캐슬주상복합,고정형,2023-12-01,,,
2023,수원시,영통구청,2023-06-30 11:09,원천동 삼성전자중문,고정형,2023-12-01,,,
2023,수원시,영통구청,2023-06-30 11:36,이의동 광교호반베르디움 103동 앞,고정형,2023-12-01,,,
2023,수원시,권선구청,2023-06-30 12:00,입북동 당수초교 정문 우측 사거리,고정형,2023-12-01,,,
2023,수원시,권선구청,2023-06-30 13:27,평동 오목초교 정문 우측 삼거리,고정형,2023-12-01,,,
2023,수원시,영통구청,2023-06-30 13:49,영통동 마사회뒷길,고정형,2023-12-01,,,
2023,수원시,팔달구청,2023-06-30 14:26,화서1동 수원역푸르지오자이 북문 우측,고정형,2023-12-01,,,
2023,수원시,팔달구청,2023-06-30 14:26,경기도수원시장안구영화동 수원시 팔달구 우만동 135,보행,2023-12-01,,,
2023,수원시,팔달구청,2023-06-30 14:33,북수동 쌈지공원 앞,고정형,2023-12-01,,,
2023,수원시,영통구청,2023-06-30 14:33,이의동 드림스퀘어Ⅱ 앞,고정형,2023-12-01,,,
2023,수원시,팔달구청,2023-06-30 14:33,인계동 한국씨티은행,고정형,2023-12-01,,,
2023,수원시,팔달구청,2023-06-30 14:34,매산동 팅스몰 주차장 출구 옆,고정형,2023-12-01,,,
2023,수원시,권선구청,2023-06-30 14:49,서둔동 수원역한라비발디퍼스트 앞1,고정형,2023-12-01,,,
2023,수원시,영통구청,2023-06-30 14:49,영통동 롯데마트 뒤,고정형,2023-12-01,37.27220279535416,127.10856729001851,
2023,수원시,권선구청,2023-06-30 14:50,서둔동 가온팰리스옆2,고정형,2023-12-01,,,
2023,수원시,영통구청,2023-06-30 14:54,이의동 드림스퀘어Ⅱ 앞,고정형,2023-12-01,,,
2023,수원시,팔달구청,2023-06-30 15:07,남수동 남수동 정조로796번길,주행형,2023-12-01,,,
2023,수원시,팔달구청,2023-06-30 15:07,남수동 남수동 정조로796번길,주행형,2023-12-01,,,
2023,수원시,팔달구청,2023-06-30 15:08,팔달로2가 팔달로2가 정조로796번길,주행형,2023-12-01,,,
2023,수원시,팔달구청,2023-06-30 15:08,팔달로2가 팔달로2가 정조로796번길,주행형,2023-12-01,,,
2023,수원시,팔달구청,2023-06-30 15:08,남수동 남수동 정조로796번길,주행형,2023-12-01,,,
2023,수원시,팔달구청,2023-06-30 15:08,남수동 남수동 정조로796번길,주행형,2023-12-01,,,
2023,수원시,팔달구청,2023-06-30 15:13,인계동 한국씨티은행,고정형,2023-12-01,,,
2023,수원시,팔달구청,2023-06-30 15:13,인계동 한국씨티은행,고정형,2023-12-01,,,
2023,수원시,팔달구청,2023-06-30 15:15,팔달로2가 팔달로2가 팔달문로275,주행형,2023-12-01,,,
2023,수원시,팔달구청,2023-06-30 15:15,경기도수원시팔달구인계동 수원시 팔달구 경수대로 526,보행,2023-12-01,,,
2023,수원시,팔달구청,2023-06-30 15:15,경기도수원시팔달구인계동 수원시 팔달구 경수대로 526,보행,2023-12-01,,,
2023,수원시,팔달구청,2023-06-30 15:17,경기도수원시팔달구인계동 수원시 팔달구 경수대로526,보행,2023-12-01,,,
2023,수원시,팔달구청,2023-06-30 15:33,화서1동 수원역푸르지오자이 북문 우측,고정형,2023-12-01,,,
2023,수원시,팔달구청,2023-06-30 15:38,매산동 팔달로 10번길 8,고정형,2023-12-01,,,
2023,수원시,권선구청,2023-06-30 15:40,서둔동 롯데몰9번출구앞주변,고정형,2023-12-01,,,
2023,수원시,팔달구청,2023-06-30 15:56,인계동 경인통계청,고정형,2023-12-01,,,
2023,수원시,팔달구청,2023-06-30 16:00,인계동 드림캐슬주상복합,고정형,2023-12-01,,,
2023,수원시,권선구청,2023-06-30 16:02,입북동 당수초교 정문 우측 사거리,고정형,2023-12-01,,,
2023,수원시,팔달구청,2023-06-30 16:04,인계동 드림캐슬주상복합,고정형,2023-12-01,,,
2023,수원시,팔달구청,2023-06-30 16:04,인계동 드림캐슬주상복합,고정형,2023-12-01,,,
2023,수원시,팔달구청,2023-06-30 16:12,인계동 한국씨티은행,고정형,2023-12-01,,,
2023,수원시,팔달구청,2023-06-30 16:21,인계동 드림캐슬주상복합,고정형,2023-12-01,,,
2023,수원시,영통구청,2023-06-30 16:54,광교동 광교더사랑교회뒷길,고정형,2023-12-01,,,
2023,수원시,팔달구청,2023-06-30 17:38,인계동 드림캐슬주상복합,고정형,2023-12-01,,,
2023,수원시,권선구청,2023-06-30 17:40,입북동 당수초교 정문 우측 사거리,고정형,2023-12-01,,,
2023,수원시,영통구청,2023-06-30 17:44,원천동 광교 한화겔러리아 앞,고정형,2023-12-01,,,
2023,수원시,팔달구청,2023-06-30 17:52,매산동 팅스몰 주차장 출구 옆,고정형,2023-12-01,,,
2023,수원시,팔달구청,2023-06-30 18:09,매산동 팅스몰 주차장 출구 옆,고정형,2023-12-01,,,
2023,수원시,영통구청,2023-06-30 18:25,광교동 광교이의119안전센터,고정형,2023-12-01,,,
2023,수원시,팔달구청,2023-06-30 18:38,인계동 드림캐슬주상복합,고정형,2023-12-01,,,
2023,수원시,팔달구청,2023-06-30 18:39,매산동 팅스몰 주차장 출구 옆,고정형,2023-12-01,,,
2023,수원시,팔달구청,2023-06-30 18:40,매산동 팅스몰 주차장 출구 옆,고정형,2023-12-01,,,
2023,수원시,팔달구청,2023-06-30 18:43,화서1동 수원역푸르지오자이 북문 우측,고정형,2023-12-01,,,
2023,수원시,팔달구청,2023-06-30 19:15,매산동 팅스몰 주차장 출구 옆,고정형,2023-12-01,,,
2023,수원시,영통구청,2023-06-30 19:16,영통동 매영로365번길,주행형,2023-12-01,,,
2023,수원시,영통구청,2023-06-30 19:16,영통동 매영로365번길,주행형,2023-12-01,,,
2023,수원시,팔달구청,2023-06-30 19:29,매산동 팔달로 10번길 8,고정형,2023-12-01,,,
2023,수원시,팔달구청,2023-06-30 19:39,인계동 드림캐슬주상복합,고정형,2023-12-01,,,
2023,수원시,장안구청,2023-06-30 20:06,하광교동 하광교동427-2,국민신문고,2023-12-01,,,
2023,수원시,팔달구청,2023-06-30 20:11,매산동 팅스몰 주차장 출구 옆,고정형,2023-12-01,,,
2023,수원시,팔달구청,2023-06-30 20:20,매산동 팅스몰 주차장 출구 옆,고정형,2023-12-01,,,
2023,수원시,팔달구청,2023-06-30 20:21,인계동 드림캐슬주상복합,고정형,2023-12-01,,,
2023,수원시,영통구청,2023-06-30 20:29,경기도수원시영통구원천동 수원시 영통구 원천동 182,보행,2023-12-01,,,
2023,수원시,영통구청,2023-06-30 20:31,원천동 광교매원초등학교,고정형,2023-12-01,,,
2023,수원시,영통구청,2023-06-30 20:45,원천동 광교매원초등학교,고정형,2023-12-01,,,
2023,수원시,팔달구청,2023-06-30 20:52,인계동 드림캐슬주상복합,고정형,2023-12-01,,,
2023,수원시,팔달구청,2023-06-30 21:43,인계동 드림캐슬주상복합,고정형,2023-12-01,,,
2023,수원시,권선구청,2023-07-01 9:04,곡반정동 하나로마트한국빌딩앞,고정형,2023-12-01,,,
2023,수원시,팔달구청,2023-07-01 9:05,매산동 팅스몰 주차장 출구 옆,고정형,2023-12-01,,,
2023,수원시,팔달구청,2023-07-01 9:05,매산동 팅스몰 주차장 출구 옆,고정형,2023-12-01,,,
2023,수원시,권선구청,2023-07-01 9:05,서둔동 가온팰리스옆2,고정형,2023-12-01,,,
2023,수원시,팔달구청,2023-07-01 9:05,매산동 팅스몰 주차장 출구 옆,고정형,2023-12-01,,,
2023,수원시,팔달구청,2023-07-01 9:05,매산동 팅스몰 주차장 출구 옆,고정형,2023-12-01,,,
2023,수원시,권선구청,2023-07-01 9:08,서둔동 가온팰리스옆2,고정형,2023-12-01,,,
2023,수원시,팔달구청,2023-07-01 9:08,매산동 팔달로 10번길 8,고정형,2023-12-01,,,
2023,수원시,영통구청,2023-07-01 9:17,하동 광교호반마을한양수자인,고정형,2023-12-01,,,
2023,수원시,팔달구청,2023-07-01 9:49,화서1동 수원역푸르지오자이 북문 우측,고정형,2023-12-01,,,
2023,수원시,팔달구청,2023-07-01 9:55,매산동 팅스몰 주차장 출구 옆,고정형,2023-12-01,,,
2023,수원시,팔달구청,2023-07-01 10:14,매산동 역전농협,고정형,2023-12-01,,,
2023,수원시,권선구청,2023-07-01 10:18,서둔동 가온팰리스옆2,고정형,2023-12-01,,,
2023,수원시,영통구청,2023-07-01 10:31,영통동 롯데마트 뒤,고정형,2023-12-01,37.27220279535416,127.10856729001851,
2023,수원시,팔달구청,2023-07-01 10:38,인계동 한국씨티은행,고정형,2023-12-01,,,
2023,수원시,권선구청,2023-07-01 10:46,금곡동 일신건영아파트 앞 놀이터,고정형,2023-12-01,,,
2023,수원시,팔달구청,2023-07-01 10:55,매산동 역전농협,고정형,2023-12-01,,,
2023,수원시,팔달구청,2023-07-01 10:56,매교동 매교동 287-37 어린이보호구역,국민신문고,2023-12-01,,,
2023,수원시,팔달구청,2023-07-01 10:57,매교동 매교동 287-480 어린이보호구역,국민신문고,2023-12-01,,,
2023,수원시,영통구청,2023-07-01 11:31,영통동 매영로365번길,주행형,2023-12-01,,,
2023,수원시,영통구청,2023-07-01 11:31,영통동 매영로365번길,주행형,2023-12-01,,,
2023,수원시,영통구청,2023-07-01 11:31,영통동 매영로365번길,주행형,2023-12-01,,,
2023,수원시,영통구청,2023-07-01 11:31,영통동 매영로365번길,주행형,2023-12-01,,,
2023,수원시,영통구청,2023-07-01 11:31,영통동 매영로365번길,주행형,2023-12-01,,,
2023,수원시,영통구청,2023-07-01 11:31,영통동 매영로365번길,주행형,2023-12-01,,,
2023,수원시,영통구청,2023-07-01 11:31,영통동 매영로365번길,주행형,2023-12-01,,,
2023,수원시,영통구청,2023-07-01 11:31,영통동 매영로365번길,주행형,2023-12-01,,,
2023,수원시,팔달구청,2023-07-01 11:36,경기도수원시팔달구지동 수원시 팔달구 영동8,보행,2023-12-01,,,
2023,수원시,팔달구청,2023-07-01 11:37,경기도수원시팔달구지동 수원시 팔달구 영동8,보행,2023-12-01,,,
2023,수원시,영통구청,2023-07-01 12:05,하동 광교호반마을한양수자인,고정형,2023-12-01,,,
2023,수원시,팔달구청,2023-07-01 12:27,화서1동 푸르지오자이 북문 CU 앞 횡단보도,고정형,2023-12-01,,,
2023,수원시,팔달구청,2023-07-01 12:40,행궁동 팔달문 버스정류장,고정형,2023-12-01,,,
2023,수원시,영통구청,2023-07-01 12:43,광교동 광교이의119안전센터,고정형,2023-12-01,,,
2023,수원시,영통구청,2023-07-01 12:57,이의동 도청예정부지,고정형,2023-12-01,,,
2023,수원시,팔달구청,2023-07-01 13:21,화서1동 수원역푸르지오자이 북문 우측,고정형,2023-12-01,,,
2023,수원시,팔달구청,2023-07-01 13:33,화서1동 푸르지오자이 북문 CU 앞 횡단보도,고정형,2023-12-01,,,
2023,수원시,팔달구청,2023-07-01 14:24,화서1동 수원역푸르지오자이 북문 우측,고정형,2023-12-01,,,
2023,수원시,팔달구청,2023-07-01 14:32,북수동 쌈지공원 앞,고정형,2023-12-01,,,
2023,수원시,권선구청,2023-07-01 14:33,곡선동 권선중앙약국 건너편,고정형,2023-12-01,,,
2023,수원시,팔달구청,2023-07-01 14:33,인계동 경인통계청,고정형,2023-12-01,,,
2023,수원시,권선구청,2023-07-01 14:33,서둔동 가온팰리스옆2,고정형,2023-12-01,,,
2023,수원시,팔달구청,2023-07-01 14:36,매산동 팅스몰 주차장 출구 옆,고정형,2023-12-01,,,
2023,수원시,팔달구청,2023-07-01 14:36,매산동 팅스몰 주차장 출구 옆,고정형,2023-12-01,,,
2023,수원시,팔달구청,2023-07-01 14:46,매산동 팅스몰 주차장 출구 옆,고정형,2023-12-01,,,
2023,수원시,권선구청,2023-07-01 14:57,오목천동 한화꿈에그린아파트 209동앞,고정형,2023-12-01,,,
2023,수원시,팔달구청,2023-07-01 15:19,매산동 팅스몰 주차장 출구 옆,고정형,2023-12-01,,,
2023,수원시,팔달구청,2023-07-01 15:19,매산동 팅스몰 주차장 출구 옆,고정형,2023-12-01,,,
2023,수원시,팔달구청,2023-07-01 15:21,매산동 팅스몰 주차장 출구 옆,고정형,2023-12-01,,,
2023,수원시,영통구청,2023-07-01 15:34,영통동 롯데마트 뒤,고정형,2023-12-01,37.27220279535416,127.10856729001851,
2023,수원시,팔달구청,2023-07-01 15:42,행궁동 화홍사랑채,고정형,2023-12-01,,,
2023,수원시,팔달구청,2023-07-01 15:42,행궁동 화홍사랑채,고정형,2023-12-01,,,
2023,수원시,영통구청,2023-07-01 15:42,영통동 롯데마트 뒤,고정형,2023-12-01,37.27220279535416,127.10856729001851,
2023,수원시,팔달구청,2023-07-01 15:46,인계동 경인통계청,고정형,2023-12-01,,,
2023,수원시,팔달구청,2023-07-01 15:53,인계동 한국씨티은행,고정형,2023-12-01,,,
2023,수원시,팔달구청,2023-07-01 15:53,경기도수원시팔달구고등동 수원시 팔달구 매산로2가12-5,보행,2023-12-01,,,
2023,수원시,영통구청,2023-07-01 15:55,영통동 롯데마트 뒤,고정형,2023-12-01,37.27220279535416,127.10856729001851,
2023,수원시,장안구청,2023-07-01 16:06,경기도수원시장안구율전동 수원시 장안구 율전동 181,보행,2023-12-01,,,
2023,수원시,팔달구청,2023-07-01 16:15,북수동 쌈지공원 앞,고정형,2023-12-01,,,
2023,수원시,팔달구청,2023-07-01 16:22,매산동 팅스몰 주차장 출구 옆,고정형,2023-12-01,,,
2023,수원시,팔달구청,2023-07-01 16:23,매산동 팅스몰 주차장 출구 옆,고정형,2023-12-01,,,
2023,수원시,영통구청,2023-07-01 16:23,이의동 광교호반베르디움 103동 앞,고정형,2023-12-01,,,
2023,수원시,권선구청,2023-07-01 16:26,서둔동 가온팰리스옆2,고정형,2023-12-01,,,
2023,수원시,팔달구청,2023-07-01 16:30,매산동 팅스몰 주차장 출구 옆,고정형,2023-12-01,,,
2023,수원시,영통구청,2023-07-01 16:31,영통동 매영로365번길,주행형,2023-12-01,,,
2023,수원시,영통구청,2023-07-01 16:31,영통동 매영로365번길,주행형,2023-12-01,,,
2023,수원시,영통구청,2023-07-01 16:31,영통동 매영로365번길,주행형,2023-12-01,,,
2023,수원시,영통구청,2023-07-01 16:31,영통동 매영로365번길,주행형,2023-12-01,,,
2023,수원시,영통구청,2023-07-01 16:31,영통동 매영로365번길,주행형,2023-12-01,,,
2023,수원시,영통구청,2023-07-01 16:31,영통동 매영로365번길,주행형,2023-12-01,,,
2023,수원시,영통구청,2023-07-01 16:31,영통동 매영로365번길,주행형,2023-12-01,,,
2023,수원시,영통구청,2023-07-01 16:31,영통동 매영로365번길,주행형,2023-12-01,,,
2023,수원시,영통구청,2023-07-01 16:31,영통동 매영로365번길,주행형,2023-12-01,,,
2023,수원시,영통구청,2023-07-01 16:32,영통동 매영로365번길,주행형,2023-12-01,,,
2023,수원시,영통구청,2023-07-01 16:32,영통동 매영로365번길,주행형,2023-12-01,,,
2023,수원시,팔달구청,2023-07-01 16:33,경기도수원시팔달구우만동 수원시 팔달구 지동 477-7.,보행,2023-12-01,,,
2023,수원시,영통구청,2023-07-01 16:37,망포동 E-마트 에브리데이 앞,고정형,2023-12-01,37.2361017468141,127.060345496536,
2023,수원시,권선구청,2023-07-01 16:48,서둔동 수원역한라비발디퍼스트 앞1,고정형,2023-12-01,,,
2023,수원시,영통구청,2023-07-01 16:52,영통동 보보스스포츠센터앞,고정형,2023-12-01,,,
2023,수원시,권선구청,2023-07-01 16:53,금곡동 일신건영아파트 앞 놀이터,고정형,2023-12-01,,,
2023,수원시,권선구청,2023-07-01 16:57,권선동 권선동 한라비발디앞 놀이터,고정형,2023-12-01,,,
2023,수원시,팔달구청,2023-07-01 17:08,인계동 경인통계청,고정형,2023-12-01,,,
2023,수원시,팔달구청,2023-07-01 17:08,인계동 경인통계청,고정형,2023-12-01,,,
2023,수원시,권선구청,2023-07-01 17:09,곡반정동 하나로마트한국빌딩앞,고정형,2023-12-01,,,
2023,수원시,팔달구청,2023-07-01 17:13,인계동 경인통계청,고정형,2023-12-01,,,
2023,수원시,팔달구청,2023-07-01 17:14,북수동 쌈지공원 앞,고정형,2023-12-01,,,
2023,수원시,영통구청,2023-07-01 17:16,영통동 보보스스포츠센터앞,고정형,2023-12-01,,,
2023,수원시,팔달구청,2023-07-01 17:20,매산동 팅스몰 주차장 출구 옆,고정형,2023-12-01,,,
2023,수원시,팔달구청,2023-07-01 17:30,행궁동 화홍사랑채,고정형,2023-12-01,,,
2023,수원시,팔달구청,2023-07-01 17:30,신풍동 미술관로터리,고정형,2023-12-01,,,
2023,수원시,팔달구청,2023-07-01 17:53,교동 수원향교 앞 팔달보건소 뒤,고정형,2023-12-01,,,
2023,수원시,권선구청,2023-07-01 18:08,곡반정동 105-11,국민신문고,2023-12-01,,,
2023,수원시,팔달구청,2023-07-01 18:33,매산동 팅스몰 주차장 출구 옆,고정형,2023-12-01,,,
2023,수원시,팔달구청,2023-07-01 19:01,매산동 팅스몰 주차장 출구 옆,고정형,2023-12-01,,,
2023,수원시,팔달구청,2023-07-01 19:23,매산동 팔달로 10번길 8,고정형,2023-12-01,,,
2023,수원시,팔달구청,2023-07-01 19:41,화서1동 수원역푸르지오자이 북문 우측,고정형,2023-12-01,,,
2023,수원시,권선구청,2023-07-01 20:07,곡반정동 562-2,국민신문고,2023-12-01,,,
2023,수원시,권선구청,2023-07-01 20:07,곡반정동 105-4,국민신문고,2023-12-01,,,
2023,수원시,권선구청,2023-07-01 20:07,곡반정동 105-4,국민신문고,2023-12-01,,,
2023,수원시,권선구청,2023-07-01 20:09,곡반정동 562-2,국민신문고,2023-12-01,,,
2023,수원시,권선구청,2023-07-02 0:37,곡반정동 1035,국민신문고,2023-12-01,,,
2023,수원시,권선구청,2023-07-02 0:37,곡반정동 1035,국민신문고,2023-12-01,,,
2023,수원시,권선구청,2023-07-02 3:02,곡반정동 156-11,국민신문고,2023-12-01,,,
2023,수원시,권선구청,2023-07-02 3:09,곡반정동 156-8,국민신문고,2023-12-01,,,
2023,수원시,권선구청,2023-07-02 3:11,곡반정동 156-7,국민신문고,2023-12-01,,,
2023,수원시,권선구청,2023-07-02 3:58,서둔동 97-154,국민신문고,2023-12-01,,,
2023,수원시,권선구청,2023-07-02 9:02,곡반정동 궁촌육교앞,고정형,2023-12-01,,,
2023,수원시,권선구청,2023-07-02 9:02,곡반정동 궁촌육교앞,고정형,2023-12-01,,,
2023,수원시,팔달구청,2023-07-02 9:02,인계동 경인통계청,고정형,2023-12-01,,,
2023,수원시,권선구청,2023-07-02 9:03,서둔동 가온팰리스옆2,고정형,2023-12-01,,,
2023,수원시,권선구청,2023-07-02 9:03,곡반정동 하나로마트한국빌딩앞,고정형,2023-12-01,,,
2023,수원시,권선구청,2023-07-02 9:03,서둔동 가온팰리스옆1,고정형,2023-12-01,,,
2023,수원시,팔달구청,2023-07-02 9:04,매산동 팔달로 10번길 8,고정형,2023-12-01,,,
2023,수원시,팔달구청,2023-07-02 9:04,매산동 팅스몰 주차장 출구 옆,고정형,2023-12-01,,,
2023,수원시,팔달구청,2023-07-02 9:05,인계동 드림캐슬주상복합,고정형,2023-12-01,,,
2023,수원시,팔달구청,2023-07-02 9:05,매산동 팅스몰 주차장 출구 옆,고정형,2023-12-01,,,
2023,수원시,팔달구청,2023-07-02 9:05,인계동 드림캐슬주상복합,고정형,2023-12-01,,,
2023,수원시,팔달구청,2023-07-02 9:05,인계동 한국씨티은행,고정형,2023-12-01,,,
2023,수원시,팔달구청,2023-07-02 9:06,매산동 팅스몰 주차장 출구 옆,고정형,2023-12-01,,,
2023,수원시,팔달구청,2023-07-02 9:06,고등동 고등동 180-170 횡단보도,국민신문고,2023-12-01,,,
2023,수원시,팔달구청,2023-07-02 9:06,고등동 고등동 180-170 횡단보도,국민신문고,2023-12-01,,,
2023,수원시,권선구청,2023-07-02 9:13,곡반정동 하나로마트한국빌딩앞,고정형,2023-12-01,,,
2023,수원시,팔달구청,2023-07-02 9:18,북수동 쌈지공원 앞,고정형,2023-12-01,,,
2023,수원시,팔달구청,2023-07-02 9:19,화서1동 수원역푸르지오자이 북문 우측,고정형,2023-12-01,,,
2023,수원시,팔달구청,2023-07-02 9:20,교동 수원향교 앞 팔달보건소 뒤,고정형,2023-12-01,,,
2023,수원시,팔달구청,2023-07-02 9:28,화서1동 푸르지오자이 북문 CU 앞 횡단보도,고정형,2023-12-01,,,
2023,수원시,영통구청,2023-07-02 9:39,원천동 삼성전자중문,고정형,2023-12-01,,,
2023,수원시,권선구청,2023-07-02 9:43,권선동 권선동 한라비발디앞 놀이터,고정형,2023-12-01,,,
2023,수원시,권선구청,2023-07-02 9:56,권선동 NC터미널점 버스정류장 앞,고정형,2023-12-01,,,
2023,수원시,팔달구청,2023-07-02 9:58,화서1동 수원역푸르지오자이 북문 우측,고정형,2023-12-01,,,
2023,수원시,권선구청,2023-07-02 10:01,곡반정동 하나로마트한국빌딩앞,고정형,2023-12-01,,,
2023,수원시,권선구청,2023-07-02 10:01,곡반정동 하나로마트한국빌딩앞,고정형,2023-12-01,,,
2023,수원시,권선구청,2023-07-02 10:01,곡반정동 하나로마트한국빌딩앞,고정형,2023-12-01,,,
2023,수원시,팔달구청,2023-07-02 10:23,화서동 푸르지오자이 북문 CU 앞 횡단보도,고정형,2023-12-01,,,
2023,수원시,장안구청,2023-07-02 10:56,경기도수원시장안구송죽동 수원시 장안구 송죽동 33,보행,2023-12-01,,,
2023,수원시,팔달구청,2023-07-02 10:59,화서1동 푸르지오자이 북문 CU 앞 횡단보도,고정형,2023-12-01,,,
2023,수원시,영통구청,2023-07-02 13:11,망포동 힐스테이트 119동 ~방죽공원 삼거리,고정형,2023-12-01,,,
2023,수원시,팔달구청,2023-07-02 13:13,화서1동 수원역푸르지오자이 북문 우측,고정형,2023-12-01,,,
2023,수원시,팔달구청,2023-07-02 13:25,화서1동 푸르지오자이 북문 CU 앞 횡단보도,고정형,2023-12-01,,,
2023,수원시,팔달구청,2023-07-02 14:09,화서1동 푸르지오자이 북문 CU 앞 횡단보도,고정형,2023-12-01,,,
2023,수원시,팔달구청,2023-07-02 14:19,고등동 고등동 180-9 횡단보도,국민신문고,2023-12-01,,,
2023,수원시,팔달구청,2023-07-02 14:32,북수동 쌈지공원 앞,고정형,2023-12-01,,,
2023,수원시,팔달구청,2023-07-02 14:34,매산동 팅스몰 주차장 출구 옆,고정형,2023-12-01,,,
2023,수원시,팔달구청,2023-07-02 14:34,매산동 팅스몰 주차장 출구 옆,고정형,2023-12-01,,,
2023,수원시,팔달구청,2023-07-02 14:35,행궁동 화홍사랑채,고정형,2023-12-01,,,
2023,수원시,팔달구청,2023-07-02 14:35,인계동 경인통계청,고정형,2023-12-01,,,
2023,수원시,권선구청,2023-07-02 14:37,곡반정동 하나로마트한국빌딩앞,고정형,2023-12-01,,,
2023,수원시,권선구청,2023-07-02 14:45,곡반정동 하나로마트한국빌딩앞,고정형,2023-12-01,,,
2023,수원시,팔달구청,2023-07-02 14:47,인계동 경인통계청,고정형,2023-12-01,,,
2023,수원시,팔달구청,2023-07-02 14:52,매산동 팅스몰 주차장 출구 옆,고정형,2023-12-01,,,
2023,수원시,팔달구청,2023-07-02 14:53,인계동 한국씨티은행,고정형,2023-12-01,,,
2023,수원시,권선구청,2023-07-02 14:56,서둔동 수원역한라비발디퍼스트 앞1,고정형,2023-12-01,,,
2023,수원시,권선구청,2023-07-02 14:56,서둔동 수원역한라비발디퍼스트 앞1,고정형,2023-12-01,,,
2023,수원시,권선구청,2023-07-02 15:03,서둔동 수원역한라비발디퍼스트 앞1,고정형,2023-12-01,,,
2023,수원시,권선구청,2023-07-02 15:05,오목천동 한화꿈에그린아파트 214동앞,고정형,2023-12-01,,,
2023,수원시,팔달구청,2023-07-02 15:12,화서1동 푸르지오자이 북문 CU 앞 횡단보도,고정형,2023-12-01,,,
2023,수원시,팔달구청,2023-07-02 15:12,인계동 경인통계청,고정형,2023-12-01,,,
2023,수원시,팔달구청,2023-07-02 15:12,인계동 경인통계청,고정형,2023-12-01,,,
2023,수원시,권선구청,2023-07-02 15:15,서둔동 가온팰리스옆2,고정형,2023-12-01,,,
2023,수원시,권선구청,2023-07-02 15:20,서둔동 수원역한라비발디퍼스트 앞1,고정형,2023-12-01,,,
2023,수원시,팔달구청,2023-07-02 15:23,인계동 경인통계청,고정형,2023-12-01,,,
2023,수원시,권선구청,2023-07-02 15:46,서둔동 수원역한라비발디퍼스트 앞1,고정형,2023-12-01,,,
2023,수원시,팔달구청,2023-07-02 15:54,행궁동 화홍사랑채,고정형,2023-12-01,,,
2023,수원시,영통구청,2023-07-02 15:56,경기도수원시영통구망포동 수원시 영통구 망포동 356,보행,2023-12-01,,,
2023,수원시,팔달구청,2023-07-02 15:58,매교동 매교동 118-23 소화전,국민신문고,2023-12-01,,,
2023,수원시,영통구청,2023-07-02 15:59,영통동 롯데마트 뒤,고정형,2023-12-01,37.27220279535416,127.10856729001851,
2023,수원시,권선구청,2023-07-02 16:00,서둔동 가온팰리스옆2,고정형,2023-12-01,,,
2023,수원시,팔달구청,2023-07-02 16:00,인계동 한국씨티은행,고정형,2023-12-01,,,
2023,수원시,팔달구청,2023-07-02 16:04,매산동 팅스몰 주차장 출구 옆,고정형,2023-12-01,,,
2023,수원시,팔달구청,2023-07-02 16:11,인계동 한국씨티은행,고정형,2023-12-01,,,
2023,수원시,팔달구청,2023-07-02 16:14,북수동 쌈지공원 앞,고정형,2023-12-01,,,
2023,수원시,팔달구청,2023-07-02 16:14,인계동 드림캐슬주상복합,고정형,2023-12-01,,,
2023,수원시,팔달구청,2023-07-02 16:23,매산동 팔달로 10번길 8,고정형,2023-12-01,,,
2023,수원시,권선구청,2023-07-02 16:24,곡선동 권선중앙약국 건너편,고정형,2023-12-01,,,
2023,수원시,팔달구청,2023-07-02 16:26,인계동 한국씨티은행,고정형,2023-12-01,,,
2023,수원시,권선구청,2023-07-02 16:27,서둔동 수원역한라비발디퍼스트 앞1,고정형,2023-12-01,,,
2023,수원시,팔달구청,2023-07-02 16:34,인계동 경인통계청,고정형,2023-12-01,,,
2023,수원시,권선구청,2023-07-02 16:34,곡반정동 궁촌육교앞,고정형,2023-12-01,,,
2023,수원시,팔달구청,2023-07-02 16:50,인계동 한국씨티은행,고정형,2023-12-01,,,
2023,수원시,팔달구청,2023-07-02 16:50,인계동 한국씨티은행,고정형,2023-12-01,,,
2023,수원시,권선구청,2023-07-02 17:02,서둔동 수원역한라비발디퍼스트 앞1,고정형,2023-12-01,,,
2023,수원시,권선구청,2023-07-02 17:02,서둔동 수원역한라비발디퍼스트 앞1,고정형,2023-12-01,,,
2023,수원시,팔달구청,2023-07-02 17:04,인계동 경인통계청,고정형,2023-12-01,,,
2023,수원시,권선구청,2023-07-02 17:13,곡반정동 하나로마트한국빌딩앞,고정형,2023-12-01,,,
2023,수원시,권선구청,2023-07-02 17:15,곡반정동 하나로마트한국빌딩앞,고정형,2023-12-01,,,
2023,수원시,권선구청,2023-07-02 17:19,서둔동 가온팰리스옆1,고정형,2023-12-01,,,
2023,수원시,권선구청,2023-07-02 17:22,서둔동 수원역한라비발디퍼스트 앞2,고정형,2023-12-01,,,
2023,수원시,팔달구청,2023-07-02 17:37,인계동 드림캐슬주상복합,고정형,2023-12-01,,,
2023,수원시,팔달구청,2023-07-02 17:37,인계동 한국씨티은행,고정형,2023-12-01,,,
2023,수원시,팔달구청,2023-07-02 18:11,매산동 팅스몰 주차장 출구 옆,고정형,2023-12-01,,,
2023,수원시,팔달구청,2023-07-02 18:13,매산동 팅스몰 주차장 출구 옆,고정형,2023-12-01,,,
2023,수원시,팔달구청,2023-07-02 18:32,매산동 팅스몰 주차장 출구 옆,고정형,2023-12-01,,,
2023,수원시,팔달구청,2023-07-02 18:48,화서1동 수원역푸르지오자이 북문 우측,고정형,2023-12-01,,,
2023,수원시,팔달구청,2023-07-02 18:57,매산동 팔달로 10번길 8,고정형,2023-12-01,,,
2023,수원시,팔달구청,2023-07-02 19:27,화서1동 수원역푸르지오자이 북문 우측,고정형,2023-12-01,,,
2023,수원시,팔달구청,2023-07-02 19:31,매산동 팅스몰 주차장 출구 옆,고정형,2023-12-01,,,
2023,수원시,팔달구청,2023-07-02 19:36,매산동 팅스몰 주차장 출구 옆,고정형,2023-12-01,,,
2023,수원시,팔달구청,2023-07-02 20:27,매산동 팅스몰 주차장 출구 옆,고정형,2023-12-01,,,
2023,수원시,권선구청,2023-07-02 21:04,곡반정동 562-2,국민신문고,2023-12-01,,,
2023,수원시,권선구청,2023-07-02 21:06,곡반정동 478-16,국민신문고,2023-12-01,,,
2023,수원시,권선구청,2023-07-03 0:12,곡반정동 562-2,국민신문고,2023-12-01,,,
2023,수원시,권선구청,2023-07-03 0:18,곡반정동 562-2,국민신문고,2023-12-01,,,
2023,수원시,권선구청,2023-07-03 5:33,곡반정동 562-2,국민신문고,2023-12-01,,,
2023,수원시,팔달구청,2023-07-03 7:04,화서1동 수원역푸르지오자이 북문 우측,고정형,2023-12-01,,,
2023,수원시,팔달구청,2023-07-03 7:34,매산동 팅스몰 주차장 출구 옆,고정형,2023-12-01,,,
2023,수원시,팔달구청,2023-07-03 7:34,매산동 팅스몰 주차장 출구 옆,고정형,2023-12-01,,,
2023,수원시,팔달구청,2023-07-03 7:35,매산동 팅스몰 주차장 출구 옆,고정형,2023-12-01,,,
2023,수원시,팔달구청,2023-07-03 7:36,매산동 팅스몰 주차장 출구 옆,고정형,2023-12-01,,,
2023,수원시,권선구청,2023-07-03 8:03,구운동 구운초교 정문 우측 삼거리,고정형,2023-12-01,,,
2023,수원시,권선구청,2023-07-03 8:03,서둔동 가온팰리스옆2,고정형,2023-12-01,,,
2023,수원시,팔달구청,2023-07-03 8:04,고등동 수원초등학교 정문 좌측 사거리,고정형,2023-12-01,,,
2023,수원시,팔달구청,2023-07-03 8:35,화서1동 화서초등학교 둘레길 중간지점,고정형,2023-12-01,,,
2023,수원시,팔달구청,2023-07-03 8:37,경기도수원시팔달구매산로3가 수원시 팔달구 매산로3가 111-149,보행,2023-12-01,,,
2023,수원시,팔달구청,2023-07-03 9:14,고등동 고등동 161-11 횡단보도,국민신문고,2023-12-01,,,
2023,수원시,팔달구청,2023-07-03 9:24,인계동 경인통계청,고정형,2023-12-01,,,
2023,수원시,영통구청,2023-07-03 9:25,원천동 광교매원초등학교,고정형,2023-12-01,,,
2023,수원시,영통구청,2023-07-03 9:39,이의동 드림스퀘어Ⅱ 앞,고정형,2023-12-01,,,
2023,수원시,영통구청,2023-07-03 9:46,이의동 드림스퀘어Ⅱ 앞,고정형,2023-12-01,,,
2023,수원시,팔달구청,2023-07-03 9:46,인계동 드림캐슬주상복합,고정형,2023-12-01,,,
2023,수원시,팔달구청,2023-07-03 10:30,행궁동 팔달문 버스정류장,고정형,2023-12-01,,,
2023,수원시,팔달구청,2023-07-03 13:00,화서1동 수원역푸르지오자이 북문 우측,고정형,2023-12-01,,,
2023,수원시,영통구청,2023-07-03 13:00,광교동 광교웰빙타운한양수자인,고정형,2023-12-01,,,
2023,수원시,영통구청,2023-07-03 13:00,광교동 광교웰빙타운한양수자인,고정형,2023-12-01,,,
2023,수원시,팔달구청,2023-07-03 13:06,행궁동 팔달문 버스정류장,고정형,2023-12-01,,,
2023,수원시,영통구청,2023-07-03 13:11,영통동 마사회뒷길,고정형,2023-12-01,,,
2023,수원시,권선구청,2023-07-03 13:29,구운동 구운초교 정문 우측 삼거리,고정형,2023-12-01,,,
2023,수원시,영통구청,2023-07-03 14:13,광교동 광교 덴티움지식산업센터 앞 사거리,고정형,2023-12-01,,,
2023,수원시,팔달구청,2023-07-03 14:25,매산로3가 매산로3가 향교로61,주행형,2023-12-01,,,
2023,수원시,팔달구청,2023-07-03 14:34,인계동 드림캐슬주상복합,고정형,2023-12-01,,,
2023,수원시,팔달구청,2023-07-03 14:36,인계동 드림캐슬주상복합,고정형,2023-12-01,,,
2023,수원시,권선구청,2023-07-03 14:36,호매실동 금호프라자 대각 맞은편,고정형,2023-12-01,,,
2023,수원시,영통구청,2023-07-03 14:48,이의동 드림스퀘어Ⅱ 앞,고정형,2023-12-01,,,
2023,수원시,영통구청,2023-07-03 14:50,이의동 드림스퀘어Ⅱ 앞,고정형,2023-12-01,,,
2023,수원시,권선구청,2023-07-03 15:01,권선동 권선동 한라비발디앞 놀이터,고정형,2023-12-01,,,
2023,수원시,권선구청,2023-07-03 15:06,권선동 NC터미널점 버스정류장 앞,고정형,2023-12-01,,,
2023,수원시,권선구청,2023-07-03 15:28,서둔동 가온팰리스옆2,고정형,2023-12-01,,,
2023,수원시,팔달구청,2023-07-03 16:10,매산동 팅스몰 주차장 출구 옆,고정형,2023-12-01,,,
2023,수원시,팔달구청,2023-07-03 16:18,화서1동 수원역푸르지오자이 북문 우측,고정형,2023-12-01,,,
2023,수원시,팔달구청,2023-07-03 16:23,화서1동 푸르지오자이 북문 CU 앞 횡단보도,고정형,2023-12-01,,,
2023,수원시,팔달구청,2023-07-03 16:25,화서동 수원역푸르지오자이 북문 우측,고정형,2023-12-01,,,
2023,수원시,팔달구청,2023-07-03 16:28,인계동 한국씨티은행,고정형,2023-12-01,,,
2023,수원시,팔달구청,2023-07-03 16:28,인계동 한국씨티은행,고정형,2023-12-01,,,
2023,수원시,팔달구청,2023-07-03 16:30,북수동 쌈지공원 앞,고정형,2023-12-01,,,
2023,수원시,팔달구청,2023-07-03 17:05,매산동 팅스몰 주차장 출구 옆,고정형,2023-12-01,,,
2023,수원시,팔달구청,2023-07-03 17:06,매산동 팅스몰 주차장 출구 옆,고정형,2023-12-01,,,
2023,수원시,팔달구청,2023-07-03 17:10,화서1동 수원역푸르지오자이 북문 우측,고정형,2023-12-01,,,
2023,수원시,팔달구청,2023-07-03 17:30,화서1동 수원역푸르지오자이 북문 우측,고정형,2023-12-01,,,
2023,수원시,팔달구청,2023-07-03 18:10,인계동 드림캐슬주상복합,고정형,2023-12-01,,,
2023,수원시,팔달구청,2023-07-03 18:29,화서1동 푸르지오자이 북문 CU 앞 횡단보도,고정형,2023-12-01,,,
2023,수원시,영통구청,2023-07-03 18:55,이의동 광교가재울마을사거리,고정형,2023-12-01,,,
2023,수원시,팔달구청,2023-07-03 18:56,인계동 드림캐슬주상복합,고정형,2023-12-01,,,
2023,수원시,팔달구청,2023-07-03 18:57,매산동 팅스몰 주차장 출구 옆,고정형,2023-12-01,,,
2023,수원시,팔달구청,2023-07-03 19:04,인계동 드림캐슬주상복합,고정형,2023-12-01,,,
2023,수원시,권선구청,2023-07-03 19:25,곡반정동 139-5,국민신문고,2023-12-01,,,
2023,수원시,영통구청,2023-07-03 19:27,영통동 매영로365번길,주행형,2023-12-01,,,
2023,수원시,영통구청,2023-07-03 19:27,영통동 매영로365번길,주행형,2023-12-01,,,
2023,수원시,영통구청,2023-07-03 19:27,영통동 매영로365번길,주행형,2023-12-01,,,
2023,수원시,영통구청,2023-07-03 19:28,영통동 매영로365번길,주행형,2023-12-01,,,
2023,수원시,영통구청,2023-07-03 19:28,영통동 매영로365번길,주행형,2023-12-01,,,
2023,수원시,영통구청,2023-07-03 19:28,영통동 매영로365번길,주행형,2023-12-01,,,
2023,수원시,영통구청,2023-07-03 19:28,영통동 매영로365번길,주행형,2023-12-01,,,
2023,수원시,영통구청,2023-07-03 19:28,영통동 매영로365번길,주행형,2023-12-01,,,
2023,수원시,영통구청,2023-07-03 19:28,영통동 매영로365번길,주행형,2023-12-01,,,
2023,수원시,영통구청,2023-07-03 19:28,영통동 매영로365번길,주행형,2023-12-01,,,
2023,수원시,영통구청,2023-07-03 19:28,영통동 매영로365번길,주행형,2023-12-01,,,
2023,수원시,팔달구청,2023-07-03 19:46,매산동 팅스몰 주차장 출구 옆,고정형,2023-12-01,,,
2023,수원시,팔달구청,2023-07-03 19:46,매산동 팅스몰 주차장 출구 옆,고정형,2023-12-01,,,
2023,수원시,영통구청,2023-07-03 19:46,원천동 삼성전자중문,고정형,2023-12-01,,,
2023,수원시,팔달구청,2023-07-03 19:51,매산동 팅스몰 주차장 출구 옆,고정형,2023-12-01,,,
2023,수원시,팔달구청,2023-07-03 20:04,인계동 드림캐슬주상복합,고정형,2023-12-01,,,
2023,수원시,팔달구청,2023-07-03 20:04,인계동 드림캐슬주상복합,고정형,2023-12-01,,,
2023,수원시,팔달구청,2023-07-03 20:08,화서1동 수원역푸르지오자이 북문 우측,고정형,2023-12-01,,,
2023,수원시,팔달구청,2023-07-03 20:11,인계동 드림캐슬주상복합,고정형,2023-12-01,,,
2023,수원시,팔달구청,2023-07-03 20:31,화서1동 수원역푸르지오자이 북문 우측,고정형,2023-12-01,,,
2023,수원시,팔달구청,2023-07-03 21:08,화서동 푸르지오자이 북문 CU 앞 횡단보도,고정형,2023-12-01,,,
2023,수원시,권선구청,2023-07-03 21:39,곡반정동 562-2,국민신문고,2023-12-01,,,
2023,수원시,권선구청,2023-07-04 5:43,곡반정동 562-2,국민신문고,2023-12-01,,,
2023,수원시,권선구청,2023-07-04 6:08,곡반정동 562-2,국민신문고,2023-12-01,,,
2023,수원시,권선구청,2023-07-04 6:08,곡반정동 562-2,국민신문고,2023-12-01,,,
2023,수원시,권선구청,2023-07-04 6:26,곡반정동 562-2,국민신문고,2023-12-01,,,
2023,수원시,권선구청,2023-07-04 6:28,곡반정동 562-2,국민신문고,2023-12-01,,,
2023,수원시,팔달구청,2023-07-04 7:02,화서1동 수원역푸르지오자이 북문 우측,고정형,2023-12-01,,,
2023,수원시,팔달구청,2023-07-04 7:35,매산동 팅스몰 주차장 출구 옆,고정형,2023-12-01,,,
2023,수원시,팔달구청,2023-07-04 7:38,인계동 한국씨티은행,고정형,2023-12-01,,,
2023,수원시,권선구청,2023-07-04 8:03,서둔동 가온팰리스옆1,고정형,2023-12-01,,,
2023,수원시,권선구청,2023-07-04 8:03,곡반정동 하나로마트한국빌딩앞,고정형,2023-12-01,,,
2023,수원시,권선구청,2023-07-04 8:04,서둔동 가온팰리스옆2,고정형,2023-12-01,,,
2023,수원시,권선구청,2023-07-04 8:05,서둔동 가온팰리스옆2,고정형,2023-12-01,,,
2023,수원시,권선구청,2023-07-04 8:05,서둔동 가온팰리스옆2,고정형,2023-12-01,,,
2023,수원시,팔달구청,2023-07-04 8:22,인계동 한국씨티은행,고정형,2023-12-01,,,
2023,수원시,권선구청,2023-07-04 8:38,권선2동 곡정초교 정문 좌측 사거리,고정형,2023-12-01,,,
2023,수원시,권선구청,2023-07-04 9:00,서둔동 가온팰리스옆2,고정형,2023-12-01,,,
2023,수원시,영통구청,2023-07-04 9:12,광교동 광교웰빙타운한양수자인,고정형,2023-12-01,,,
2023,수원시,장안구청,2023-07-04 9:14,정자3동 정자동 오일뱅크,고정형,2023-12-01,,,
2023,수원시,팔달구청,2023-07-04 9:15,인계동 드림캐슬주상복합,고정형,2023-12-01,,,
2023,수원시,영통구청,2023-07-04 9:20,이의동 드림스퀘어Ⅱ 앞,고정형,2023-12-01,,,
2023,수원시,팔달구청,2023-07-04 10:13,인계동 경인통계청,고정형,2023-12-01,,,
2023,수원시,팔달구청,2023-07-04 10:18,남수동 남수동 정조로800번길,주행형,2023-12-01,,,
2023,수원시,팔달구청,2023-07-04 10:19,남수동 남수동 정조로796번길,주행형,2023-12-01,,,
2023,수원시,영통구청,2023-07-04 10:34,원천동 광교아이파크올웨이즈앞,고정형,2023-12-01,,,
2023,수원시,팔달구청,2023-07-04 10:39,고등동 고등동 265-37 소화전,국민신문고,2023-12-01,,,
2023,수원시,팔달구청,2023-07-04 10:47,인계동 경인통계청,고정형,2023-12-01,,,
2023,수원시,영통구청,2023-07-04 10:51,원천동 광교 한화겔러리아 앞,고정형,2023-12-01,,,
2023,수원시,영통구청,2023-07-04 10:51,원천동 광교 한화겔러리아 앞,고정형,2023-12-01,,,
2023,수원시,권선구청,2023-07-04 11:03,곡반정동 196-7,국민신문고,2023-12-01,,,
2023,수원시,권선구청,2023-07-04 11:03,곡반정동 196-7,국민신문고,2023-12-01,,,
2023,수원시,영통구청,2023-07-04 11:33,망포동 힐스테이트 119동 ~방죽공원 삼거리,고정형,2023-12-01,,,
2023,수원시,팔달구청,2023-07-04 12:49,화서1동 푸르지오자이 북문 CU 앞 횡단보도,고정형,2023-12-01,,,
2023,수원시,팔달구청,2023-07-04 12:56,화서1동 푸르지오자이 북문 CU 앞 횡단보도,고정형,2023-12-01,,,
2023,수원시,팔달구청,2023-07-04 12:56,화서동 수원역푸르지오자이 북문 우측,고정형,2023-12-01,,,
2023,수원시,권선구청,2023-07-04 13:07,권선동 NC터미널점 버스정류장 앞,고정형,2023-12-01,,,
2023,수원시,영통구청,2023-07-04 13:57,이의동 드림스퀘어Ⅱ 앞,고정형,2023-12-01,,,
2023,수원시,권선구청,2023-07-04 14:32,평동 고현초교 정문 좌측 삼거리,고정형,2023-12-01,,,
2023,수원시,팔달구청,2023-07-04 14:35,인계동 드림캐슬주상복합,고정형,2023-12-01,,,
2023,수원시,팔달구청,2023-07-04 14:40,교동 교동 효원로55번길,주행형,2023-12-01,,,
2023,수원시,팔달구청,2023-07-04 14:47,고등동 수원초등학교 정문 좌측 사거리,고정형,2023-12-01,,,
2023,수원시,팔달구청,2023-07-04 14:48,매산로3가 매산로3가 효원로 6,주행형,2023-12-01,,,
2023,수원시,팔달구청,2023-07-04 14:48,매산로3가 매산로3가 효원로 6,주행형,2023-12-01,,,
2023,수원시,권선구청,2023-07-04 14:51,서둔동 가온팰리스옆2,고정형,2023-12-01,,,
2023,수원시,권선구청,2023-07-04 14:51,서둔동 가온팰리스옆2,고정형,2023-12-01,,,
2023,수원시,팔달구청,2023-07-04 15:00,인계동 드림캐슬주상복합,고정형,2023-12-01,,,
2023,수원시,팔달구청,2023-07-04 15:00,인계동 드림캐슬주상복합,고정형,2023-12-01,,,
2023,수원시,권선구청,2023-07-04 15:02,곡반정동 105-4,국민신문고,2023-12-01,,,
2023,수원시,팔달구청,2023-07-04 15:04,매산동 팅스몰 주차장 출구 옆,고정형,2023-12-01,,,
2023,수원시,팔달구청,2023-07-04 15:08,북수동 쌈지공원 앞,고정형,2023-12-01,,,
2023,수원시,권선구청,2023-07-04 15:08,오목천동 한화꿈에그린아파트 209동앞,고정형,2023-12-01,,,
2023,수원시,팔달구청,2023-07-04 15:11,매산동 팅스몰 주차장 출구 옆,고정형,2023-12-01,,,
2023,수원시,팔달구청,2023-07-04 15:16,경기도수원시장안구영화동 수원시 팔달구 매교동161,보행,2023-12-01,,,
2023,수원시,팔달구청,2023-07-04 15:18,화서1동 푸르지오자이 북문 CU 앞 횡단보도,고정형,2023-12-01,,,
2023,수원시,팔달구청,2023-07-04 15:18,화서1동 푸르지오자이 북문 CU 앞 횡단보도,고정형,2023-12-01,,,
2023,수원시,팔달구청,2023-07-04 15:19,인계동 드림캐슬주상복합,고정형,2023-12-01,,,
2023,수원시,권선구청,2023-07-04 15:22,서둔동 가온팰리스옆2,고정형,2023-12-01,,,
2023,수원시,팔달구청,2023-07-04 15:32,화서1동 수원역푸르지오자이 북문 우측,고정형,2023-12-01,,,
2023,수원시,영통구청,2023-07-04 16:08,망포동 힐스테이트 119동 ~방죽공원 삼거리,고정형,2023-12-01,,,
2023,수원시,영통구청,2023-07-04 16:08,망포동 힐스테이트 119동 ~방죽공원 삼거리,고정형,2023-12-01,,,
2023,수원시,영통구청,2023-07-04 16:19,이의동 드림스퀘어Ⅱ 앞,고정형,2023-12-01,,,
2023,수원시,팔달구청,2023-07-04 16:20,매산동 팅스몰 주차장 출구 옆,고정형,2023-12-01,,,
2023,수원시,팔달구청,2023-07-04 16:28,화서1동 수원역푸르지오자이 북문 우측,고정형,2023-12-01,,,
2023,수원시,권선구청,2023-07-04 16:54,입북동 당수초교 정문 우측 사거리,고정형,2023-12-01,,,
2023,수원시,팔달구청,2023-07-04 17:04,인계동 드림캐슬주상복합,고정형,2023-12-01,,,
2023,수원시,영통구청,2023-07-04 17:09,이의동 드림스퀘어Ⅱ 앞,고정형,2023-12-01,,,
2023,수원시,영통구청,2023-07-04 17:09,이의동 드림스퀘어Ⅱ 앞,고정형,2023-12-01,,,
2023,수원시,권선구청,2023-07-04 17:34,세류3동 신곡초교 후문 좌측 사거리,고정형,2023-12-01,,,
2023,수원시,팔달구청,2023-07-04 18:25,매산동 팅스몰 주차장 출구 옆,고정형,2023-12-01,,,
2023,수원시,팔달구청,2023-07-04 18:27,매산동 팅스몰 주차장 출구 옆,고정형,2023-12-01,,,
2023,수원시,팔달구청,2023-07-04 18:30,화서1동 수원역푸르지오자이 북문 우측,고정형,2023-12-01,,,
2023,수원시,팔달구청,2023-07-04 18:41,화서1동 푸르지오자이 북문 CU 앞 횡단보도,고정형,2023-12-01,,,
2023,수원시,권선구청,2023-07-04 18:53,곡반정동 562-2,국민신문고,2023-12-01,,,
2023,수원시,권선구청,2023-07-04 18:55,곡반정동 156-1,국민신문고,2023-12-01,,,
2023,수원시,권선구청,2023-07-04 18:55,곡반정동 156-1,국민신문고,2023-12-01,,,
2023,수원시,권선구청,2023-07-04 18:57,곡반정동 562-2,국민신문고,2023-12-01,,,
2023,수원시,팔달구청,2023-07-04 19:09,매산동 팅스몰 주차장 출구 옆,고정형,2023-12-01,,,
2023,수원시,권선구청,2023-07-04 19:23,곡반정동 192-4,국민신문고,2023-12-01,,,
2023,수원시,팔달구청,2023-07-04 19:31,인계동 드림캐슬주상복합,고정형,2023-12-01,,,
2023,수원시,팔달구청,2023-07-04 19:51,매산동 팅스몰 주차장 출구 옆,고정형,2023-12-01,,,
2023,수원시,팔달구청,2023-07-04 19:56,인계동 드림캐슬주상복합,고정형,2023-12-01,,,
2023,수원시,팔달구청,2023-07-04 20:04,매산동 팅스몰 주차장 출구 옆,고정형,2023-12-01,,,
2023,수원시,팔달구청,2023-07-04 20:08,매산동 팅스몰 주차장 출구 옆,고정형,2023-12-01,,,
2023,수원시,팔달구청,2023-07-04 21:25,인계동 드림캐슬주상복합,고정형,2023-12-01,,,
2023,수원시,권선구청,2023-07-05 6:22,곡반정동 562-2,국민신문고,2023-12-01,,,
2023,수원시,권선구청,2023-07-05 6:22,곡반정동 562-2,국민신문고,2023-12-01,,,
2023,수원시,팔달구청,2023-07-05 7:03,화서1동 수원역푸르지오자이 북문 우측,고정형,2023-12-01,,,
2023,수원시,팔달구청,2023-07-05 7:33,매산동 팅스몰 주차장 출구 옆,고정형,2023-12-01,,,
2023,수원시,권선구청,2023-07-05 7:51,곡반정동 198-2,주민신고제,2023-12-01,,,
2023,수원시,팔달구청,2023-07-05 7:52,인계동 드림캐슬주상복합,고정형,2023-12-01,,,
2023,수원시,영통구청,2023-07-05 7:59,원천동 광교매원초등학교,고정형,2023-12-01,,,
2023,수원시,영통구청,2023-07-05 7:59,원천동 광교매원초등학교,고정형,2023-12-01,,,
2023,수원시,권선구청,2023-07-05 8:04,평동 오목초교 정문 우측 삼거리,고정형,2023-12-01,,,
2023,수원시,권선구청,2023-07-05 8:04,곡반정동 하나로마트한국빌딩앞,고정형,2023-12-01,,,
2023,수원시,권선구청,2023-07-05 8:04,곡반정동 하나로마트한국빌딩앞,고정형,2023-12-01,,,
2023,수원시,권선구청,2023-07-05 8:05,곡반정동 하나로마트한국빌딩앞,고정형,2023-12-01,,,
2023,수원시,권선구청,2023-07-05 8:05,곡반정동 하나로마트한국빌딩앞,고정형,2023-12-01,,,
2023,수원시,권선구청,2023-07-05 8:45,곡반정동 480-17,국민신문고,2023-12-01,,,
2023,수원시,영통구청,2023-07-05 9:01,이의동 드림스퀘어Ⅱ 앞,고정형,2023-12-01,,,
2023,수원시,팔달구청,2023-07-05 9:01,화서1동 수원역푸르지오자이 북문 우측,고정형,2023-12-01,,,
2023,수원시,권선구청,2023-07-05 9:16,구운동 구운초교 정문 우측 삼거리,고정형,2023-12-01,,,
2023,수원시,권선구청,2023-07-05 9:16,구운동 구운초교 정문 우측 삼거리,고정형,2023-12-01,,,
2023,수원시,팔달구청,2023-07-05 9:28,인계동 경인통계청,고정형,2023-12-01,,,
2023,수원시,권선구청,2023-07-05 9:47,서둔동 가온팰리스옆2,고정형,2023-12-01,,,
2023,수원시,권선구청,2023-07-05 9:47,서둔동 가온팰리스옆2,고정형,2023-12-01,,,
2023,수원시,팔달구청,2023-07-05 9:51,북수동 쌈지공원 앞,고정형,2023-12-01,,,
2023,수원시,영통구청,2023-07-05 10:04,영통구 망포동 57-5,국민신문고,2023-12-01,,,
2023,수원시,팔달구청,2023-07-05 10:06,화서1동 수원역푸르지오자이 북문 우측,고정형,2023-12-01,,,
2023,수원시,팔달구청,2023-07-05 10:13,팔달로2가 팔달로2가 정조로796번길,주행형,2023-12-01,,,
2023,수원시,팔달구청,2023-07-05 10:13,팔달로2가 팔달로2가 정조로796번길,주행형,2023-12-01,,,
2023,수원시,팔달구청,2023-07-05 10:30,인계동 인계동 수원천로229번길,주행형,2023-12-01,,,
2023,수원시,팔달구청,2023-07-05 11:24,화서1동 수원역푸르지오자이 북문 우측,고정형,2023-12-01,,,
2023,수원시,팔달구청,2023-07-05 11:55,화서1동 수원역푸르지오자이 북문 우측,고정형,2023-12-01,,,
2023,수원시,팔달구청,2023-07-05 11:57,화서동 푸르지오자이 북문 CU 앞 횡단보도,고정형,2023-12-01,,,
2023,수원시,팔달구청,2023-07-05 12:13,화서1동 수원역푸르지오자이 북문 우측,고정형,2023-12-01,,,
2023,수원시,권선구청,2023-07-05 13:15,평동 오현초교 정문 우측 사거리,고정형,2023-12-01,,,
2023,수원시,영통구청,2023-07-05 13:40,원천동 광교아이파크올웨이즈앞,고정형,2023-12-01,,,
2023,수원시,팔달구청,2023-07-05 14:12,매교동 매교동 120-5 소화전,주민신고제,2023-12-01,,,
2023,수원시,팔달구청,2023-07-05 14:24,팔달로2가 팔달로2가 정조로796번길,주행형,2023-12-01,,,
2023,수원시,팔달구청,2023-07-05 14:32,북수동 쌈지공원 앞,고정형,2023-12-01,,,
2023,수원시,팔달구청,2023-07-05 14:34,북수동 쌈지공원 앞,고정형,2023-12-01,,,
2023,수원시,권선구청,2023-07-05 14:36,입북동 당수초교 정문 우측 사거리,고정형,2023-12-01,,,
2023,수원시,권선구청,2023-07-05 14:46,호매실동 금호프라자 대각 맞은편,고정형,2023-12-01,,,
2023,수원시,팔달구청,2023-07-05 15:01,매산동 팅스몰 주차장 출구 옆,고정형,2023-12-01,,,
2023,수원시,팔달구청,2023-07-05 15:01,매산동 팅스몰 주차장 출구 옆,고정형,2023-12-01,,,
2023,수원시,팔달구청,2023-07-05 15:02,화서1동 수원역푸르지오자이 북문 우측,고정형,2023-12-01,,,
2023,수원시,팔달구청,2023-07-05 15:07,인계동 경인통계청,고정형,2023-12-01,,,
2023,수원시,권선구청,2023-07-05 15:17,입북동 율전로37번길,주행형,2023-12-01,,,
2023,수원시,권선구청,2023-07-05 15:17,입북동 율전로37번길,주행형,2023-12-01,,,
2023,수원시,권선구청,2023-07-05 15:17,입북동 율전로37번길,주행형,2023-12-01,,,
2023,수원시,권선구청,2023-07-05 15:17,입북동 율전로37번길,주행형,2023-12-01,,,
2023,수원시,권선구청,2023-07-05 15:18,입북동 율전로37번길,주행형,2023-12-01,,,
2023,수원시,권선구청,2023-07-05 15:18,입북동 율전로37번길,주행형,2023-12-01,,,
2023,수원시,권선구청,2023-07-05 15:18,입북동 율전로37번길,주행형,2023-12-01,,,
2023,수원시,권선구청,2023-07-05 15:18,입북동 율전로37번길,주행형,2023-12-01,,,
2023,수원시,권선구청,2023-07-05 15:19,입북동 율전로37번길,주행형,2023-12-01,,,
2023,수원시,권선구청,2023-07-05 15:19,입북동 율전로37번길,주행형,2023-12-01,,,
2023,수원시,권선구청,2023-07-05 15:19,입북동 율전로37번길,주행형,2023-12-01,,,
2023,수원시,권선구청,2023-07-05 15:19,입북동 율전로37번길,주행형,2023-12-01,,,
2023,수원시,권선구청,2023-07-05 15:19,입북동 율전로37번길,주행형,2023-12-01,,,
2023,수원시,권선구청,2023-07-05 15:20,서둔동 수원역한라비발디퍼스트 앞2,고정형,2023-12-01,,,
2023,수원시,팔달구청,2023-07-05 16:01,인계동 드림캐슬주상복합,고정형,2023-12-01,,,
2023,수원시,팔달구청,2023-07-05 16:13,매산동 팅스몰 주차장 출구 옆,고정형,2023-12-01,,,
2023,수원시,팔달구청,2023-07-05 16:23,매산동 팅스몰 주차장 출구 옆,고정형,2023-12-01,,,
2023,수원시,팔달구청,2023-07-05 16:48,인계동 드림캐슬주상복합,고정형,2023-12-01,,,
2023,수원시,권선구청,2023-07-05 17:07,곡반정동 562-2,국민신문고,2023-12-01,,,
2023,수원시,팔달구청,2023-07-05 17:09,매산동 팅스몰 주차장 출구 옆,고정형,2023-12-01,,,
2023,수원시,팔달구청,2023-07-05 17:19,북수동 쌈지공원 앞,고정형,2023-12-01,,,
2023,수원시,권선구청,2023-07-05 17:28,곡반정동 196-7,국민신문고,2023-12-01,,,
2023,수원시,권선구청,2023-07-05 17:28,곡반정동 196-7,국민신문고,2023-12-01,,,
2023,수원시,권선구청,2023-07-05 17:36,입북동 당수초교 정문 우측 사거리,고정형,2023-12-01,,,
2023,수원시,팔달구청,2023-07-05 17:59,화서1동 푸르지오자이 북문 CU 앞 횡단보도,고정형,2023-12-01,,,
2023,수원시,권선구청,2023-07-05 18:32,오목천동 527-5,국민신문고,2023-12-01,,,
2023,수원시,팔달구청,2023-07-05 18:39,인계동 드림캐슬주상복합,고정형,2023-12-01,,,
2023,수원시,팔달구청,2023-07-05 19:05,화서1동 푸르지오자이 북문 CU 앞 횡단보도,고정형,2023-12-01,,,
2023,수원시,팔달구청,2023-07-05 19:15,매산동 팅스몰 주차장 출구 옆,고정형,2023-12-01,,,
2023,수원시,권선구청,2023-07-05 19:16,곡반정동 192-5,국민신문고,2023-12-01,,,
2023,수원시,팔달구청,2023-07-05 20:07,매산동 팅스몰 주차장 출구 옆,고정형,2023-12-01,,,
2023,수원시,팔달구청,2023-07-05 20:22,인계동 드림캐슬주상복합,고정형,2023-12-01,,,
2023,수원시,팔달구청,2023-07-05 20:48,인계동 드림캐슬주상복합,고정형,2023-12-01,,,
2023,수원시,권선구청,2023-07-05 21:54,곡반정동 562-9,국민신문고,2023-12-01,,,
2023,수원시,권선구청,2023-07-05 21:55,곡반정동 562-9,국민신문고,2023-12-01,,,
2023,수원시,권선구청,2023-07-05 21:55,곡반정동 156-1,국민신문고,2023-12-01,,,
2023,수원시,권선구청,2023-07-05 21:59,곡반정동 151-1,국민신문고,2023-12-01,,,
2023,수원시,장안구청,2023-07-05 22:00,상광교동 하광교동 437-2,국민신문고,2023-12-01,,,
2023,수원시,권선구청,2023-07-06 5:36,곡반정동 562-2,국민신문고,2023-12-01,,,
2023,수원시,권선구청,2023-07-06 5:37,곡반정동 562-2,국민신문고,2023-12-01,,,
2023,수원시,팔달구청,2023-07-06 7:02,화서1동 수원역푸르지오자이 북문 우측,고정형,2023-12-01,,,
2023,수원시,팔달구청,2023-07-06 7:04,화서1동 푸르지오자이 북문 CU 앞 횡단보도,고정형,2023-12-01,,,
2023,수원시,팔달구청,2023-07-06 7:04,화서1동 푸르지오자이 북문 CU 앞 횡단보도,고정형,2023-12-01,,,
2023,수원시,팔달구청,2023-07-06 7:33,매산동 팅스몰 주차장 출구 옆,고정형,2023-12-01,,,
2023,수원시,팔달구청,2023-07-06 7:35,매산동 팅스몰 주차장 출구 옆,고정형,2023-12-01,,,
2023,수원시,권선구청,2023-07-06 8:01,곡반정동 562-2,국민신문고,2023-12-01,,,
2023,수원시,팔달구청,2023-07-06 8:03,북수동 쌈지공원 앞,고정형,2023-12-01,,,
2023,수원시,권선구청,2023-07-06 8:03,서둔동 가온팰리스옆2,고정형,2023-12-01,,,
2023,수원시,권선구청,2023-07-06 8:04,구운동 구운동 명품닭갈비,고정형,2023-12-01,,,
2023,수원시,권선구청,2023-07-06 8:05,서둔동 가온팰리스옆2,고정형,2023-12-01,,,
2023,수원시,권선구청,2023-07-06 8:21,서둔동 서둔로256번길,주행형,2023-12-01,,,
2023,수원시,권선구청,2023-07-06 8:21,서둔동 서둔로256번길,주행형,2023-12-01,,,
2023,수원시,팔달구청,2023-07-06 8:53,화서1동 화서초등학교 둘레길 중간지점,고정형,2023-12-01,,,
2023,수원시,팔달구청,2023-07-06 9:01,화서1동 푸르지오자이 북문 CU 앞 횡단보도,고정형,2023-12-01,,,
2023,수원시,팔달구청,2023-07-06 9:18,인계동 수원역푸르지오자이 북문 우측,고정형,2023-12-01,,,
2023,수원시,팔달구청,2023-07-06 10:17,경기도수원시팔달구화서동 수원시 팔달구 우만동 480-20,보행,2023-12-01,,,
2023,수원시,팔달구청,2023-07-06 10:25,경기도수원시팔달구교동 수원시 팔달구 교동 185-5,보행,2023-12-01,,,
2023,수원시,팔달구청,2023-07-06 10:41,경기도수원시팔달구화서동 수원시 팔달구 인계로94번길 29,보행,2023-12-01,,,
2023,수원시,권선구청,2023-07-06 11:38,곡반정동 191-4,국민신문고,2023-12-01,,,
2023,수원시,권선구청,2023-07-06 11:42,곡반정동 562-2,국민신문고,2023-12-01,,,
2023,수원시,권선구청,2023-07-06 11:42,곡반정동 562-2,국민신문고,2023-12-01,,,
2023,수원시,권선구청,2023-07-06 12:53,입북동 당수초교 정문 우측 사거리,고정형,2023-12-01,,,
2023,수원시,팔달구청,2023-07-06 12:54,매산동 역전농협,고정형,2023-12-01,,,
2023,수원시,영통구청,2023-07-06 13:11,광교동 광교더사랑교회뒷길,고정형,2023-12-01,,,
2023,수원시,권선구청,2023-07-06 13:30,평동 오현초교 정문 우측 사거리,고정형,2023-12-01,,,
2023,수원시,영통구청,2023-07-06 13:43,이의동 드림스퀘어Ⅱ 앞,고정형,2023-12-01,,,
2023,수원시,팔달구청,2023-07-06 14:33,인계동 드림캐슬주상복합,고정형,2023-12-01,,,
2023,수원시,팔달구청,2023-07-06 14:34,매산동 팅스몰 주차장 출구 옆,고정형,2023-12-01,,,
2023,수원시,팔달구청,2023-07-06 14:34,인계동 드림캐슬주상복합,고정형,2023-12-01,,,
2023,수원시,팔달구청,2023-07-06 14:34,인계동 드림캐슬주상복합,고정형,2023-12-01,,,
2023,수원시,팔달구청,2023-07-06 14:35,인계동 경인통계청,고정형,2023-12-01,,,
2023,수원시,권선구청,2023-07-06 14:35,서둔동 가온팰리스옆2,고정형,2023-12-01,,,
2023,수원시,팔달구청,2023-07-06 14:39,인계동 드림캐슬주상복합,고정형,2023-12-01,,,
2023,수원시,팔달구청,2023-07-06 14:39,인계동 드림캐슬주상복합,고정형,2023-12-01,,,
2023,수원시,팔달구청,2023-07-06 15:00,인계동 경인통계청,고정형,2023-12-01,,,
2023,수원시,팔달구청,2023-07-06 15:06,매산동 팅스몰 주차장 출구 옆,고정형,2023-12-01,,,
2023,수원시,권선구청,2023-07-06 15:17,서둔동 가온팰리스옆2,고정형,2023-12-01,,,
2023,수원시,권선구청,2023-07-06 15:27,입북동 당수초교 정문 우측 사거리,고정형,2023-12-01,,,
2023,수원시,팔달구청,2023-07-06 15:40,인계동 드림캐슬주상복합,고정형,2023-12-01,,,
2023,수원시,팔달구청,2023-07-06 15:49,매산동 팅스몰 주차장 출구 옆,고정형,2023-12-01,,,
2023,수원시,권선구청,2023-07-06 15:52,평동 수원역고가밑 (애경뒷길),고정형,2023-12-01,,,
2023,수원시,권선구청,2023-07-06 16:05,경기도수원시권선구금곡동 수원시 권선구 금곡동 704-1,보행,2023-12-01,,,
2023,수원시,팔달구청,2023-07-06 16:34,화서1동 수원역푸르지오자이 북문 우측,고정형,2023-12-01,,,
2023,수원시,팔달구청,2023-07-06 16:38,화서동 푸르지오자이 북문 CU 앞 횡단보도,고정형,2023-12-01,,,
2023,수원시,팔달구청,2023-07-06 17:02,매산동 팅스몰 주차장 출구 옆,고정형,2023-12-01,,,
2023,수원시,팔달구청,2023-07-06 17:09,화서1동 수원역푸르지오자이 북문 우측,고정형,2023-12-01,,,
2023,수원시,팔달구청,2023-07-06 17:40,인계동 한국씨티은행,고정형,2023-12-01,,,
2023,수원시,팔달구청,2023-07-06 17:40,인계동 한국씨티은행,고정형,2023-12-01,,,
2023,수원시,팔달구청,2023-07-06 17:53,화서1동 수원역푸르지오자이 북문 우측,고정형,2023-12-01,,,
2023,수원시,팔달구청,2023-07-06 18:04,인계동 드림캐슬주상복합,고정형,2023-12-01,,,
2023,수원시,팔달구청,2023-07-06 18:06,매산동 팅스몰 주차장 출구 옆,고정형,2023-12-01,,,
2023,수원시,팔달구청,2023-07-06 19:22,매산동 팅스몰 주차장 출구 옆,고정형,2023-12-01,,,
2023,수원시,팔달구청,2023-07-06 19:30,인계동 드림캐슬주상복합,고정형,2023-12-01,,,
2023,수원시,팔달구청,2023-07-06 20:02,인계동 드림캐슬주상복합,고정형,2023-12-01,,,
2023,수원시,팔달구청,2023-07-06 20:02,인계동 드림캐슬주상복합,고정형,2023-12-01,,,
2023,수원시,팔달구청,2023-07-06 20:05,인계동 드림캐슬주상복합,고정형,2023-12-01,,,
2023,수원시,팔달구청,2023-07-06 20:15,매산동 팅스몰 주차장 출구 옆,고정형,2023-12-01,,,
2023,수원시,팔달구청,2023-07-06 20:26,인계동 드림캐슬주상복합,고정형,2023-12-01,,,
2023,수원시,영통구청,2023-07-06 20:39,하동 광교호반마을한양수자인,고정형,2023-12-01,,,
2023,수원시,팔달구청,2023-07-06 20:43,인계동 드림캐슬주상복합,고정형,2023-12-01,,,
2023,수원시,권선구청,2023-07-06 20:43,곡반정동 562-2,국민신문고,2023-12-01,,,
2023,수원시,팔달구청,2023-07-06 21:03,인계동 드림캐슬주상복합,고정형,2023-12-01,,,
2023,수원시,팔달구청,2023-07-06 21:23,인계동 드림캐슬주상복합,고정형,2023-12-01,,,
2023,수원시,권선구청,2023-07-06 21:40,곡반정동 156-11,국민신문고,2023-12-01,,,
2023,수원시,권선구청,2023-07-06 21:41,곡반정동 562-8,국민신문고,2023-12-01,,,
2023,수원시,권선구청,2023-07-06 21:44,곡반정동 562-9,국민신문고,2023-12-01,,,
2023,수원시,권선구청,2023-07-06 21:49,곡반정동 562-2,국민신문고,2023-12-01,,,
2023,수원시,권선구청,2023-07-07 0:05,곡반정동 117너1355,국민신문고,2023-12-01,,,
2023,수원시,팔달구청,2023-07-07 4:19,매교동 매교동 88-18 소화전,국민신문고,2023-12-01,,,
2023,수원시,권선구청,2023-07-07 5:30,곡반정동 562-2,국민신문고,2023-12-01,,,
2023,수원시,권선구청,2023-07-07 6:28,곡반정동 562-2,국민신문고,2023-12-01,,,
2023,수원시,영통구청,2023-07-07 7:03,이의동 드림스퀘어Ⅱ 앞,고정형,2023-12-01,,,
2023,수원시,팔달구청,2023-07-07 7:34,매산동 팅스몰 주차장 출구 옆,고정형,2023-12-01,,,
2023,수원시,팔달구청,2023-07-07 7:49,화서1동 수원역푸르지오자이 북문 우측,고정형,2023-12-01,,,
2023,수원시,팔달구청,2023-07-07 7:51,화서동 푸르지오자이 북문 CU 앞 횡단보도,고정형,2023-12-01,,,
2023,수원시,영통구청,2023-07-07 7:59,이의동 드림스퀘어Ⅱ 앞,고정형,2023-12-01,,,
2023,수원시,권선구청,2023-07-07 8:03,곡반정동 하나로마트한국빌딩앞,고정형,2023-12-01,,,
2023,수원시,권선구청,2023-07-07 8:04,서둔동 가온팰리스옆2,고정형,2023-12-01,,,
2023,수원시,권선구청,2023-07-07 8:04,서둔동 가온팰리스옆2,고정형,2023-12-01,,,
2023,수원시,영통구청,2023-07-07 8:06,이의동 드림스퀘어Ⅱ 앞,고정형,2023-12-01,,,
2023,수원시,권선구청,2023-07-07 8:10,서둔동 가온팰리스옆2,고정형,2023-12-01,,,
2023,수원시,권선구청,2023-07-07 8:14,서둔동 가온팰리스옆2,고정형,2023-12-01,,,
2023,수원시,팔달구청,2023-07-07 8:33,화서1동 화서초등학교 둘레길 중간지점,고정형,2023-12-01,,,
2023,수원시,팔달구청,2023-07-07 9:13,북수동 쌈지공원 앞,고정형,2023-12-01,,,
2023,수원시,권선구청,2023-07-07 9:25,곡반정동 하나로마트한국빌딩앞,고정형,2023-12-01,,,
2023,수원시,팔달구청,2023-07-07 9:37,화서1동 화서초등학교 둘레길 중간지점,고정형,2023-12-01,,,
2023,수원시,팔달구청,2023-07-07 9:58,화서1동 수원역푸르지오자이 북문 우측,고정형,2023-12-01,,,
2023,수원시,권선구청,2023-07-07 9:58,금곡동 일신건영아파트 앞 놀이터,고정형,2023-12-01,,,
2023,수원시,팔달구청,2023-07-07 10:03,인계동 드림캐슬주상복합,고정형,2023-12-01,,,
2023,수원시,팔달구청,2023-07-07 10:09,매산동 팅스몰 주차장 출구 옆,고정형,2023-12-01,,,
2023,수원시,영통구청,2023-07-07 10:50,이의동 광교가재울마을사거리,고정형,2023-12-01,,,
2023,수원시,영통구청,2023-07-07 11:18,영통동 롯데마트 뒤,고정형,2023-12-01,37.27220279535416,127.10856729001851,
2023,수원시,권선구청,2023-07-07 11:31,금곡동 가온초교 정문 우측 사거리,고정형,2023-12-01,,,
2023,수원시,영통구청,2023-07-07 12:31,이의동 드림스퀘어Ⅱ 앞,고정형,2023-12-01,,,
2023,수원시,팔달구청,2023-07-07 13:25,교동 수원향교 앞 팔달보건소 뒤,고정형,2023-12-01,,,
2023,수원시,팔달구청,2023-07-07 13:36,행궁동 팔달문 버스정류장,고정형,2023-12-01,,,
2023,수원시,영통구청,2023-07-07 14:36,이의동 드림스퀘어Ⅱ 앞,고정형,2023-12-01,,,
2023,수원시,권선구청,2023-07-07 14:38,서둔동 가온팰리스옆2,고정형,2023-12-01,,,
2023,수원시,팔달구청,2023-07-07 14:51,북수동 쌈지공원 앞,고정형,2023-12-01,,,
2023,수원시,권선구청,2023-07-07 14:53,서둔동 가온팰리스옆2,고정형,2023-12-01,,,
2023,수원시,팔달구청,2023-07-07 14:54,인계동 한국씨티은행,고정형,2023-12-01,,,
2023,수원시,권선구청,2023-07-07 15:40,권선동 1440-2,국민신문고,2023-12-01,,,
2023,수원시,영통구청,2023-07-07 15:41,경기도수원시영통구하동 수원시 영통구 하동 147,보행,2023-12-01,,,
2023,수원시,팔달구청,2023-07-07 15:43,인계동 경인통계청,고정형,2023-12-01,,,
2023,수원시,팔달구청,2023-07-07 15:43,인계동 경인통계청,고정형,2023-12-01,,,
2023,수원시,영통구청,2023-07-07 15:43,경기도수원시영통구하동 수원시 영통구 하동 147,보행,2023-12-01,,,
2023,수원시,영통구청,2023-07-07 15:44,경기도수원시영통구하동 수원시 영통구 하동 147,보행,2023-12-01,,,
2023,수원시,영통구청,2023-07-07 15:45,경기도수원시영통구하동 수원시 영통구 하동 147,보행,2023-12-01,,,
2023,수원시,권선구청,2023-07-07 15:46,세류3동 신곡초교 후문 좌측 사거리,고정형,2023-12-01,,,
2023,수원시,권선구청,2023-07-07 16:00,세류3동 신곡초교 후문 좌측 사거리,고정형,2023-12-01,,,
2023,수원시,권선구청,2023-07-07 16:02,평동 고현초교 정문 좌측 삼거리,고정형,2023-12-01,,,
2023,수원시,영통구청,2023-07-07 16:13,광교동 광교이의119안전센터,고정형,2023-12-01,,,
2023,수원시,권선구청,2023-07-07 16:24,서둔동 가온팰리스옆2,고정형,2023-12-01,,,
2023,수원시,팔달구청,2023-07-07 16:27,매산동 팅스몰 주차장 출구 옆,고정형,2023-12-01,,,
2023,수원시,영통구청,2023-07-07 16:28,광교동 광교이의119안전센터,고정형,2023-12-01,,,
2023,수원시,권선구청,2023-07-07 16:35,서둔동 가온팰리스옆2,고정형,2023-12-01,,,
2023,수원시,팔달구청,2023-07-07 16:40,신풍동 미술관로터리,고정형,2023-12-01,,,
2023,수원시,영통구청,2023-07-07 16:45,광교동 광교이의119안전센터,고정형,2023-12-01,,,
2023,수원시,권선구청,2023-07-07 16:57,곡반정동 하나로마트한국빌딩앞,고정형,2023-12-01,,,
2023,수원시,권선구청,2023-07-07 17:11,평동 수원역고가밑 (애경뒷길),고정형,2023-12-01,,,
2023,수원시,권선구청,2023-07-07 17:11,서둔동 가온팰리스옆2,고정형,2023-12-01,,,
2023,수원시,권선구청,2023-07-07 17:35,서둔동 가온팰리스옆2,고정형,2023-12-01,,,
2023,수원시,영통구청,2023-07-07 17:37,영통동 보보스스포츠센터앞,고정형,2023-12-01,,,
2023,수원시,팔달구청,2023-07-07 17:45,화서1동 푸르지오자이 북문 CU 앞 횡단보도,고정형,2023-12-01,,,
2023,수원시,팔달구청,2023-07-07 17:54,매산동 팅스몰 주차장 출구 옆,고정형,2023-12-01,,,
2023,수원시,팔달구청,2023-07-07 18:12,매산동 팅스몰 주차장 출구 옆,고정형,2023-12-01,,,
2023,수원시,팔달구청,2023-07-07 18:47,매산동 팅스몰 주차장 출구 옆,고정형,2023-12-01,,,
2023,수원시,팔달구청,2023-07-07 19:01,화서1동 푸르지오자이 북문 CU 앞 횡단보도,고정형,2023-12-01,,,
2023,수원시,팔달구청,2023-07-07 19:22,인계동 드림캐슬주상복합,고정형,2023-12-01,,,
2023,수원시,영통구청,2023-07-07 19:24,망포동 E-마트 에브리데이 앞,고정형,2023-12-01,37.2361017468141,127.060345496536,
2023,수원시,팔달구청,2023-07-07 19:26,매산동 팅스몰 주차장 출구 옆,고정형,2023-12-01,,,
2023,수원시,영통구청,2023-07-07 19:37,경기도수원시영통구원천동 수원시 영통구 원천동 295,보행,2023-12-01,,,
2023,수원시,팔달구청,2023-07-07 19:59,화서1동 푸르지오자이 북문 CU 앞 횡단보도,고정형,2023-12-01,,,
2023,수원시,영통구청,2023-07-07 20:20,영통동 롯데마트 뒤,고정형,2023-12-01,37.27220279535416,127.10856729001851,
2023,수원시,권선구청,2023-07-07 21:12,곡반정동 154-1,국민신문고,2023-12-01,,,
2023,수원시,팔달구청,2023-07-07 21:15,인계동 드림캐슬주상복합,고정형,2023-12-01,,,
2023,수원시,권선구청,2023-07-07 21:20,곡반정동 156-8,국민신문고,2023-12-01,,,
2023,수원시,권선구청,2023-07-07 21:21,곡반정동 156-8,국민신문고,2023-12-01,,,
2023,수원시,팔달구청,2023-07-07 21:41,인계동 드림캐슬주상복합,고정형,2023-12-01,,,
2023,수원시,팔달구청,2023-07-07 23:25,매교동 매교동 287-37 횡단보도,국민신문고,2023-12-01,,,
2023,수원시,팔달구청,2023-07-08 5:14,매교동 매교동 88-18 소화전,국민신문고,2023-12-01,,,
2023,수원시,팔달구청,2023-07-08 9:02,인계동 드림캐슬주상복합,고정형,2023-12-01,,,
2023,수원시,권선구청,2023-07-08 9:03,서둔동 가온팰리스옆2,고정형,2023-12-01,,,
2023,수원시,팔달구청,2023-07-08 9:03,인계동 드림캐슬주상복합,고정형,2023-12-01,,,
2023,수원시,권선구청,2023-07-08 9:04,서둔동 가온팰리스옆2,고정형,2023-12-01,,,
2023,수원시,권선구청,2023-07-08 9:04,서둔동 수원역한라비발디퍼스트 앞1,고정형,2023-12-01,,,
2023,수원시,영통구청,2023-07-08 9:05,이의동 광교가재울마을사거리,고정형,2023-12-01,,,
2023,수원시,팔달구청,2023-07-08 9:06,매산동 팅스몰 주차장 출구 옆,고정형,2023-12-01,,,
2023,수원시,팔달구청,2023-07-08 9:07,인계동 경인통계청,고정형,2023-12-01,,,
2023,수원시,팔달구청,2023-07-08 9:10,인계동 한국씨티은행,고정형,2023-12-01,,,
2023,수원시,팔달구청,2023-07-08 9:11,매산동 팅스몰 주차장 출구 옆,고정형,2023-12-01,,,
2023,수원시,팔달구청,2023-07-08 9:11,매산동 팅스몰 주차장 출구 옆,고정형,2023-12-01,,,
2023,수원시,팔달구청,2023-07-08 9:11,인계동 한국씨티은행,고정형,2023-12-01,,,
2023,수원시,팔달구청,2023-07-08 9:17,인계동 경인통계청,고정형,2023-12-01,,,
2023,수원시,팔달구청,2023-07-08 9:32,인계동 경인통계청,고정형,2023-12-01,,,
2023,수원시,권선구청,2023-07-08 9:34,서둔동 가온팰리스옆2,고정형,2023-12-01,,,
2023,수원시,권선구청,2023-07-08 9:45,곡반정동 하나로마트한국빌딩앞,고정형,2023-12-01,,,
2023,수원시,팔달구청,2023-07-08 10:04,매산동 팅스몰 주차장 출구 옆,고정형,2023-12-01,,,
2023,수원시,팔달구청,2023-07-08 10:11,화서1동 수원역푸르지오자이 북문 우측,고정형,2023-12-01,,,
2023,수원시,권선구청,2023-07-08 10:53,곡반정동 156-9,국민신문고,2023-12-01,,,
2023,수원시,권선구청,2023-07-08 10:55,곡반정동 562-9,국민신문고,2023-12-01,,,
2023,수원시,팔달구청,2023-07-08 11:19,지동 지동 팔달문로32번길,주행형,2023-12-01,,,
2023,수원시,영통구청,2023-07-08 11:22,망포동 E-마트 에브리데이 앞,고정형,2023-12-01,37.2361017468141,127.060345496536,
2023,수원시,영통구청,2023-07-08 11:22,망포동 E-마트 에브리데이 앞,고정형,2023-12-01,37.2361017468141,127.060345496536,
2023,수원시,팔달구청,2023-07-08 11:27,화서1동 푸르지오자이 북문 CU 앞 횡단보도,고정형,2023-12-01,,,
2023,수원시,팔달구청,2023-07-08 11:27,화서1동 푸르지오자이 북문 CU 앞 횡단보도,고정형,2023-12-01,,,
2023,수원시,팔달구청,2023-07-08 11:34,매산동 역전농협,고정형,2023-12-01,,,
2023,수원시,팔달구청,2023-07-08 11:38,화서1동 푸르지오자이 북문 CU 앞 횡단보도,고정형,2023-12-01,,,
2023,수원시,영통구청,2023-07-08 11:54,하동 광교호반마을한양수자인,고정형,2023-12-01,,,
2023,수원시,장안구청,2023-07-08 12:41,율전동 율전동 571-1,국민신문고,2023-12-01,37.3086950877624,126.966462923673,
2023,수원시,영통구청,2023-07-08 13:14,영통동 마사회뒷길,고정형,2023-12-01,,,
2023,수원시,영통구청,2023-07-08 13:45,영통동 롯데마트 뒤,고정형,2023-12-01,37.27220279535416,127.10856729001851,
2023,수원시,팔달구청,2023-07-08 14:26,매교동 매교동 120-6 소화전,국민신문고,2023-12-01,,,
2023,수원시,팔달구청,2023-07-08 14:33,화서1동 푸르지오자이 북문 CU 앞 횡단보도,고정형,2023-12-01,,,
2023,수원시,영통구청,2023-07-08 14:33,이의동 드림스퀘어Ⅱ 앞,고정형,2023-12-01,,,
2023,수원시,영통구청,2023-07-08 14:34,이의동 드림스퀘어Ⅱ 앞,고정형,2023-12-01,,,
2023,수원시,팔달구청,2023-07-08 14:34,인계동 드림캐슬주상복합,고정형,2023-12-01,,,
2023,수원시,팔달구청,2023-07-08 14:35,인계동 경인통계청,고정형,2023-12-01,,,
2023,수원시,팔달구청,2023-07-08 14:36,인계동 드림캐슬주상복합,고정형,2023-12-01,,,
2023,수원시,팔달구청,2023-07-08 14:37,매산동 팅스몰 주차장 출구 옆,고정형,2023-12-01,,,
2023,수원시,권선구청,2023-07-08 14:37,서둔동 수원역한라비발디퍼스트 앞1,고정형,2023-12-01,,,
2023,수원시,영통구청,2023-07-08 14:59,광교동 광교이의119안전센터,고정형,2023-12-01,,,
2023,수원시,팔달구청,2023-07-08 15:04,남수동 남수동 정조로800번길,주행형,2023-12-01,,,
2023,수원시,팔달구청,2023-07-08 15:04,남수동 남수동 정조로800번길,주행형,2023-12-01,,,
2023,수원시,팔달구청,2023-07-08 15:07,행궁동 화홍사랑채,고정형,2023-12-01,,,
2023,수원시,팔달구청,2023-07-08 15:07,행궁동 화홍사랑채,고정형,2023-12-01,,,
2023,수원시,팔달구청,2023-07-08 15:07,인계동 경인통계청,고정형,2023-12-01,,,
2023,수원시,팔달구청,2023-07-08 15:07,인계동 경인통계청,고정형,2023-12-01,,,
2023,수원시,팔달구청,2023-07-08 15:32,인계동 드림캐슬주상복합,고정형,2023-12-01,,,
2023,수원시,팔달구청,2023-07-08 15:33,인계동 경인통계청,고정형,2023-12-01,,,
2023,수원시,팔달구청,2023-07-08 15:52,행궁동 화홍사랑채,고정형,2023-12-01,,,
2023,수원시,팔달구청,2023-07-08 15:59,인계동 한국씨티은행,고정형,2023-12-01,,,
2023,수원시,팔달구청,2023-07-08 16:20,인계동 경인통계청,고정형,2023-12-01,,,
2023,수원시,팔달구청,2023-07-08 16:20,인계동 경인통계청,고정형,2023-12-01,,,
2023,수원시,팔달구청,2023-07-08 16:21,인계동 한국씨티은행,고정형,2023-12-01,,,
2023,수원시,팔달구청,2023-07-08 16:28,화서1동 푸르지오자이 북문 CU 앞 횡단보도,고정형,2023-12-01,,,
2023,수원시,권선구청,2023-07-08 16:30,곡반정동 하나로마트한국빌딩앞,고정형,2023-12-01,,,
2023,수원시,권선구청,2023-07-08 16:30,곡반정동 하나로마트한국빌딩앞,고정형,2023-12-01,,,
2023,수원시,영통구청,2023-07-08 16:38,이의동 드림스퀘어Ⅱ 앞,고정형,2023-12-01,,,
2023,수원시,영통구청,2023-07-08 16:38,이의동 드림스퀘어Ⅱ 앞,고정형,2023-12-01,,,
2023,수원시,팔달구청,2023-07-08 16:40,화서1동 푸르지오자이 북문 CU 앞 횡단보도,고정형,2023-12-01,,,
2023,수원시,팔달구청,2023-07-08 16:45,인계동 드림캐슬주상복합,고정형,2023-12-01,,,
2023,수원시,팔달구청,2023-07-08 16:46,매산동 팅스몰 주차장 출구 옆,고정형,2023-12-01,,,
2023,수원시,팔달구청,2023-07-08 16:54,인계동 한국씨티은행,고정형,2023-12-01,,,
2023,수원시,팔달구청,2023-07-08 16:59,매산동 팅스몰 주차장 출구 옆,고정형,2023-12-01,,,
2023,수원시,권선구청,2023-07-08 17:04,곡선동 권선중앙약국 건너편,고정형,2023-12-01,,,
2023,수원시,팔달구청,2023-07-08 17:08,인계동 드림캐슬주상복합,고정형,2023-12-01,,,
2023,수원시,팔달구청,2023-07-08 17:20,화서1동 수원역푸르지오자이 북문 우측,고정형,2023-12-01,,,
2023,수원시,팔달구청,2023-07-08 17:39,매산동 팅스몰 주차장 출구 옆,고정형,2023-12-01,,,
2023,수원시,팔달구청,2023-07-08 18:09,매산동 팅스몰 주차장 출구 옆,고정형,2023-12-01,,,
2023,수원시,권선구청,2023-07-08 18:14,곡반정동 562-2,국민신문고,2023-12-01,,,
2023,수원시,권선구청,2023-07-08 18:17,곡반정동 117-2,국민신문고,2023-12-01,,,
2023,수원시,팔달구청,2023-07-08 18:24,매산동 팅스몰 주차장 출구 옆,고정형,2023-12-01,,,
2023,수원시,팔달구청,2023-07-08 18:34,인계동 드림캐슬주상복합,고정형,2023-12-01,,,
2023,수원시,팔달구청,2023-07-08 18:40,매산동 팅스몰 주차장 출구 옆,고정형,2023-12-01,,,
2023,수원시,팔달구청,2023-07-08 18:40,매산동 팅스몰 주차장 출구 옆,고정형,2023-12-01,,,
2023,수원시,팔달구청,2023-07-08 18:41,매산동 팅스몰 주차장 출구 옆,고정형,2023-12-01,,,
2023,수원시,팔달구청,2023-07-08 19:24,인계동 드림캐슬주상복합,고정형,2023-12-01,,,
2023,수원시,팔달구청,2023-07-08 19:25,매산동 역전농협,고정형,2023-12-01,,,
2023,수원시,팔달구청,2023-07-08 19:36,인계동 드림캐슬주상복합,고정형,2023-12-01,,,
2023,수원시,팔달구청,2023-07-08 20:23,인계동 드림캐슬주상복합,고정형,2023-12-01,,,
2023,수원시,권선구청,2023-07-08 21:03,곡반정동 105-4,국민신문고,2023-12-01,,,
2023,수원시,권선구청,2023-07-08 21:03,곡반정동 105-4,국민신문고,2023-12-01,,,
2023,수원시,권선구청,2023-07-08 21:44,곡반정동 191-4,국민신문고,2023-12-01,,,
2023,수원시,권선구청,2023-07-08 21:48,곡반정동 196-7,국민신문고,2023-12-01,,,
2023,수원시,권선구청,2023-07-08 21:50,곡반정동 197-8,국민신문고,2023-12-01,,,
2023,수원시,권선구청,2023-07-08 23:38,곡반정동 191-8,국민신문고,2023-12-01,,,
2023,수원시,팔달구청,2023-07-09 9:02,매산동 팅스몰 주차장 출구 옆,고정형,2023-12-01,,,
2023,수원시,팔달구청,2023-07-09 9:02,인계동 경인통계청,고정형,2023-12-01,,,
2023,수원시,팔달구청,2023-07-09 9:02,인계동 경인통계청,고정형,2023-12-01,,,
2023,수원시,팔달구청,2023-07-09 9:02,매산동 팅스몰 주차장 출구 옆,고정형,2023-12-01,,,
2023,수원시,권선구청,2023-07-09 9:02,곡반정동 궁촌육교앞,고정형,2023-12-01,,,
2023,수원시,팔달구청,2023-07-09 9:03,화서1동 푸르지오자이 북문 CU 앞 횡단보도,고정형,2023-12-01,,,
2023,수원시,팔달구청,2023-07-09 9:03,화서1동 푸르지오자이 북문 CU 앞 횡단보도,고정형,2023-12-01,,,
2023,수원시,팔달구청,2023-07-09 9:03,화서1동 수원역푸르지오자이 북문 우측,고정형,2023-12-01,,,
2023,수원시,팔달구청,2023-07-09 9:03,화서1동 푸르지오자이 북문 CU 앞 횡단보도,고정형,2023-12-01,,,
2023,수원시,팔달구청,2023-07-09 9:03,매산동 팅스몰 주차장 출구 옆,고정형,2023-12-01,,,
2023,수원시,팔달구청,2023-07-09 9:03,인계동 경인통계청,고정형,2023-12-01,,,
2023,수원시,권선구청,2023-07-09 9:03,서둔동 수원역한라비발디퍼스트 앞1,고정형,2023-12-01,,,
2023,수원시,팔달구청,2023-07-09 9:04,매산동 팅스몰 주차장 출구 옆,고정형,2023-12-01,,,
2023,수원시,팔달구청,2023-07-09 9:04,인계동 경인통계청,고정형,2023-12-01,,,
2023,수원시,팔달구청,2023-07-09 9:04,매산동 팅스몰 주차장 출구 옆,고정형,2023-12-01,,,
2023,수원시,팔달구청,2023-07-09 9:06,인계동 한국씨티은행,고정형,2023-12-01,,,
2023,수원시,팔달구청,2023-07-09 9:06,인계동 경인통계청,고정형,2023-12-01,,,
2023,수원시,권선구청,2023-07-09 9:07,곡반정동 하나로마트한국빌딩앞,고정형,2023-12-01,,,
2023,수원시,팔달구청,2023-07-09 9:10,인계동 드림캐슬주상복합,고정형,2023-12-01,,,
2023,수원시,팔달구청,2023-07-09 9:10,매산동 팅스몰 주차장 출구 옆,고정형,2023-12-01,,,
2023,수원시,팔달구청,2023-07-09 9:11,인계동 드림캐슬주상복합,고정형,2023-12-01,,,
2023,수원시,권선구청,2023-07-09 9:13,서둔동 가온팰리스옆1,고정형,2023-12-01,,,
2023,수원시,팔달구청,2023-07-09 9:19,인계동 한국씨티은행,고정형,2023-12-01,,,
2023,수원시,팔달구청,2023-07-09 9:19,인계동 한국씨티은행,고정형,2023-12-01,,,
2023,수원시,팔달구청,2023-07-09 9:38,인계동 드림캐슬주상복합,고정형,2023-12-01,,,
2023,수원시,영통구청,2023-07-09 9:40,원천동 광교에일린의뜰 북측,고정형,2023-12-01,,,
2023,수원시,권선구청,2023-07-09 9:55,서둔동 가온팰리스옆2,고정형,2023-12-01,,,
2023,수원시,팔달구청,2023-07-09 10:03,매산동 팅스몰 주차장 출구 옆,고정형,2023-12-01,,,
2023,수원시,팔달구청,2023-07-09 10:07,매산동 팅스몰 주차장 출구 옆,고정형,2023-12-01,,,
2023,수원시,팔달구청,2023-07-09 10:13,매산동 역전농협,고정형,2023-12-01,,,
2023,수원시,팔달구청,2023-07-09 10:15,화서1동 수원역푸르지오자이 북문 우측,고정형,2023-12-01,,,
2023,수원시,권선구청,2023-07-09 10:15,곡반정동 196-7,국민신문고,2023-12-01,,,
2023,수원시,권선구청,2023-07-09 10:18,서둔동 수원역한라비발디퍼스트 앞1,고정형,2023-12-01,,,
2023,수원시,팔달구청,2023-07-09 10:40,인계동 드림캐슬주상복합,고정형,2023-12-01,,,
2023,수원시,팔달구청,2023-07-09 11:04,경기도수원시팔달구고등동 수원시 팔달구 화서동 212-1,보행,2023-12-01,,,
2023,수원시,팔달구청,2023-07-09 11:13,화서1동 수원역푸르지오자이 북문 우측,고정형,2023-12-01,,,
2023,수원시,팔달구청,2023-07-09 12:06,화서1동 수원역푸르지오자이 북문 우측,고정형,2023-12-01,,,
2023,수원시,팔달구청,2023-07-09 12:42,화서1동 수원역푸르지오자이 북문 우측,고정형,2023-12-01,,,
2023,수원시,팔달구청,2023-07-09 13:00,행궁동 팔달문 버스정류장,고정형,2023-12-01,,,
2023,수원시,팔달구청,2023-07-09 14:00,행궁동 팔달문 버스정류장,고정형,2023-12-01,,,
2023,수원시,팔달구청,2023-07-09 14:10,매산동 역전농협,고정형,2023-12-01,,,
2023,수원시,영통구청,2023-07-09 14:24,영통동 롯데마트 뒤,고정형,2023-12-01,37.27220279535416,127.10856729001851,
2023,수원시,권선구청,2023-07-09 14:25,권선동 NC터미널점 버스정류장 앞,고정형,2023-12-01,,,
2023,수원시,팔달구청,2023-07-09 14:29,화서1동 수원역푸르지오자이 북문 우측,고정형,2023-12-01,,,
2023,수원시,팔달구청,2023-07-09 14:32,매산동 팅스몰 주차장 출구 옆,고정형,2023-12-01,,,
2023,수원시,권선구청,2023-07-09 14:33,호매실동 금호프라자 대각 맞은편,고정형,2023-12-01,,,
2023,수원시,영통구청,2023-07-09 14:34,이의동 드림스퀘어Ⅱ 앞,고정형,2023-12-01,,,
2023,수원시,팔달구청,2023-07-09 14:34,매산동 팔달로 10번길 8,고정형,2023-12-01,,,
2023,수원시,권선구청,2023-07-09 14:34,서둔동 가온팰리스옆1,고정형,2023-12-01,,,
2023,수원시,팔달구청,2023-07-09 14:34,인계동 경인통계청,고정형,2023-12-01,,,
2023,수원시,팔달구청,2023-07-09 14:34,매산동 팅스몰 주차장 출구 옆,고정형,2023-12-01,,,
2023,수원시,팔달구청,2023-07-09 14:34,매산동 팅스몰 주차장 출구 옆,고정형,2023-12-01,,,
2023,수원시,팔달구청,2023-07-09 14:37,행궁동 화홍사랑채,고정형,2023-12-01,,,
2023,수원시,팔달구청,2023-07-09 14:40,인계동 드림캐슬주상복합,고정형,2023-12-01,,,
2023,수원시,영통구청,2023-07-09 14:40,광교동 광교이의119안전센터,고정형,2023-12-01,,,
2023,수원시,팔달구청,2023-07-09 14:46,인계동 경인통계청,고정형,2023-12-01,,,
2023,수원시,팔달구청,2023-07-09 14:46,매산동 역전농협,고정형,2023-12-01,,,
2023,수원시,권선구청,2023-07-09 14:47,호매실동 금호프라자 대각 맞은편,고정형,2023-12-01,,,
2023,수원시,권선구청,2023-07-09 15:07,호매실동 금호프라자 대각 맞은편,고정형,2023-12-01,,,
2023,수원시,영통구청,2023-07-09 15:08,망포동 E-마트 에브리데이 앞,고정형,2023-12-01,37.2361017468141,127.060345496536,
2023,수원시,팔달구청,2023-07-09 15:09,인계동 한국씨티은행,고정형,2023-12-01,,,
2023,수원시,팔달구청,2023-07-09 15:10,매산동 팅스몰 주차장 출구 옆,고정형,2023-12-01,,,
2023,수원시,팔달구청,2023-07-09 15:17,매산동 팅스몰 주차장 출구 옆,고정형,2023-12-01,,,
2023,수원시,권선구청,2023-07-09 15:22,서둔동 28-9,주민신고제,2023-12-01,,,
2023,수원시,팔달구청,2023-07-09 15:27,화서1동 수원역푸르지오자이 북문 우측,고정형,2023-12-01,,,
2023,수원시,팔달구청,2023-07-09 15:28,인계동 드림캐슬주상복합,고정형,2023-12-01,,,
2023,수원시,팔달구청,2023-07-09 15:37,매산동 팔달로 10번길 8,고정형,2023-12-01,,,
2023,수원시,권선구청,2023-07-09 15:41,곡반정동 하나로마트한국빌딩앞,고정형,2023-12-01,,,
2023,수원시,권선구청,2023-07-09 15:46,호매실동 금호프라자 대각 맞은편,고정형,2023-12-01,,,
2023,수원시,권선구청,2023-07-09 15:51,곡반정동 하나로마트한국빌딩앞,고정형,2023-12-01,,,
2023,수원시,영통구청,2023-07-09 15:55,이의동 도청예정부지,고정형,2023-12-01,,,
2023,수원시,영통구청,2023-07-09 16:04,망포동 E-마트 에브리데이 앞,고정형,2023-12-01,37.2361017468141,127.060345496536,
2023,수원시,영통구청,2023-07-09 16:04,망포동 E-마트 에브리데이 앞,고정형,2023-12-01,37.2361017468141,127.060345496536,
2023,수원시,팔달구청,2023-07-09 16:14,화서1동 수원역푸르지오자이 북문 우측,고정형,2023-12-01,,,
2023,수원시,팔달구청,2023-07-09 16:17,행궁동 화홍사랑채,고정형,2023-12-01,,,
2023,수원시,팔달구청,2023-07-09 16:19,인계동 드림캐슬주상복합,고정형,2023-12-01,,,
2023,수원시,팔달구청,2023-07-09 16:20,매산동 팅스몰 주차장 출구 옆,고정형,2023-12-01,,,
2023,수원시,권선구청,2023-07-09 16:23,곡반정동 궁촌육교앞,고정형,2023-12-01,,,
2023,수원시,권선구청,2023-07-09 16:27,호매실동 금호프라자 대각 맞은편,고정형,2023-12-01,,,
2023,수원시,권선구청,2023-07-09 16:27,호매실동 금호프라자 대각 맞은편,고정형,2023-12-01,,,
2023,수원시,권선구청,2023-07-09 16:30,호매실동 금호프라자 대각 맞은편,고정형,2023-12-01,,,
2023,수원시,영통구청,2023-07-09 16:41,이의동 드림스퀘어Ⅱ 앞,고정형,2023-12-01,,,
2023,수원시,팔달구청,2023-07-09 16:46,인계동 한국씨티은행,고정형,2023-12-01,,,
2023,수원시,영통구청,2023-07-09 16:49,광교동 광교웰빙타운한양수자인,고정형,2023-12-01,,,
2023,수원시,팔달구청,2023-07-09 16:53,매산동 팅스몰 주차장 출구 옆,고정형,2023-12-01,,,
2023,수원시,팔달구청,2023-07-09 16:53,화서1동 수원역푸르지오자이 북문 우측,고정형,2023-12-01,,,
2023,수원시,팔달구청,2023-07-09 16:53,화서1동 수원역푸르지오자이 북문 우측,고정형,2023-12-01,,,
2023,수원시,권선구청,2023-07-09 16:59,서둔동 가온팰리스옆2,고정형,2023-12-01,,,
2023,수원시,팔달구청,2023-07-09 17:00,인계동 경인통계청,고정형,2023-12-01,,,
2023,수원시,영통구청,2023-07-09 17:10,영통동 롯데마트 뒤,고정형,2023-12-01,37.27220279535416,127.10856729001851,
2023,수원시,팔달구청,2023-07-09 17:10,행궁동 팔달문 버스정류장,고정형,2023-12-01,,,
2023,수원시,권선구청,2023-07-09 17:13,곡반정동 하나로마트한국빌딩앞,고정형,2023-12-01,,,
2023,수원시,권선구청,2023-07-09 17:14,곡반정동 156-11,국민신문고,2023-12-01,,,
2023,수원시,권선구청,2023-07-09 17:15,곡반정동 하나로마트한국빌딩앞,고정형,2023-12-01,,,
2023,수원시,팔달구청,2023-07-09 17:16,화서1동 푸르지오자이 북문 CU 앞 횡단보도,고정형,2023-12-01,,,
2023,수원시,권선구청,2023-07-09 17:16,곡반정동 562-2,국민신문고,2023-12-01,,,
2023,수원시,팔달구청,2023-07-09 17:31,매산동 팅스몰 주차장 출구 옆,고정형,2023-12-01,,,
2023,수원시,팔달구청,2023-07-09 17:31,매산동 팅스몰 주차장 출구 옆,고정형,2023-12-01,,,
2023,수원시,팔달구청,2023-07-09 17:31,매산동 팅스몰 주차장 출구 옆,고정형,2023-12-01,,,
2023,수원시,팔달구청,2023-07-09 17:48,인계동 한국씨티은행,고정형,2023-12-01,,,
2023,수원시,권선구청,2023-07-09 17:52,곡반정동 562-2,국민신문고,2023-12-01,,,
2023,수원시,팔달구청,2023-07-09 18:38,매산동 팅스몰 주차장 출구 옆,고정형,2023-12-01,,,
2023,수원시,팔달구청,2023-07-09 18:50,화서1동 푸르지오자이 북문 CU 앞 횡단보도,고정형,2023-12-01,,,
2023,수원시,팔달구청,2023-07-09 18:53,인계동 드림캐슬주상복합,고정형,2023-12-01,,,
2023,수원시,팔달구청,2023-07-09 18:57,인계동 드림캐슬주상복합,고정형,2023-12-01,,,
2023,수원시,팔달구청,2023-07-09 18:57,인계동 드림캐슬주상복합,고정형,2023-12-01,,,
2023,수원시,팔달구청,2023-07-09 19:18,화서1동 푸르지오자이 북문 CU 앞 횡단보도,고정형,2023-12-01,,,
2023,수원시,팔달구청,2023-07-09 19:19,매산동 팅스몰 주차장 출구 옆,고정형,2023-12-01,,,
2023,수원시,팔달구청,2023-07-09 19:49,매산동 팅스몰 주차장 출구 옆,고정형,2023-12-01,,,
2023,수원시,팔달구청,2023-07-09 20:33,매산동 팅스몰 주차장 출구 옆,고정형,2023-12-01,,,
2023,수원시,팔달구청,2023-07-09 20:39,화서1동 수원역푸르지오자이 북문 우측,고정형,2023-12-01,,,
2023,수원시,권선구청,2023-07-09 20:51,곡반정동 191-13,국민신문고,2023-12-01,,,
2023,수원시,권선구청,2023-07-10 5:48,곡반정동 562-2,국민신문고,2023-12-01,,,
2023,수원시,팔달구청,2023-07-10 7:03,화서1동 수원역푸르지오자이 북문 우측,고정형,2023-12-01,,,
2023,수원시,팔달구청,2023-07-10 7:34,인계동 경인통계청,고정형,2023-12-01,,,
2023,수원시,팔달구청,2023-07-10 7:34,인계동 경인통계청,고정형,2023-12-01,,,
2023,수원시,팔달구청,2023-07-10 7:35,매산동 팅스몰 주차장 출구 옆,고정형,2023-12-01,,,
2023,수원시,영통구청,2023-07-10 7:52,광교동 광교이의119안전센터,고정형,2023-12-01,,,
2023,수원시,권선구청,2023-07-10 8:02,곡반정동 하나로마트한국빌딩앞,고정형,2023-12-01,,,
2023,수원시,권선구청,2023-07-10 8:05,오목천동 한화꿈에그린아파트 214동앞,고정형,2023-12-01,,,
2023,수원시,권선구청,2023-07-10 8:05,서둔동 가온팰리스옆2,고정형,2023-12-01,,,
2023,수원시,권선구청,2023-07-10 8:05,서둔동 가온팰리스옆2,고정형,2023-12-01,,,
2023,수원시,권선구청,2023-07-10 8:11,곡반정동 하나로마트한국빌딩앞,고정형,2023-12-01,,,
2023,수원시,영통구청,2023-07-10 8:21,이의동 드림스퀘어Ⅱ 앞,고정형,2023-12-01,,,
2023,수원시,장안구청,2023-07-10 8:26,경기도수원시장안구영화동 수원시 장안구 영화동 333,보행,2023-12-01,,,
2023,수원시,팔달구청,2023-07-10 8:34,인계동 경인통계청,고정형,2023-12-01,,,
2023,수원시,권선구청,2023-07-10 9:13,권선동 NC터미널점 버스정류장 앞,고정형,2023-12-01,,,
2023,수원시,팔달구청,2023-07-10 9:14,인계동 드림캐슬주상복합,고정형,2023-12-01,,,
2023,수원시,영통구청,2023-07-10 9:14,광교동 광교이의119안전센터,고정형,2023-12-01,,,
2023,수원시,영통구청,2023-07-10 9:14,광교동 광교이의119안전센터,고정형,2023-12-01,,,
2023,수원시,팔달구청,2023-07-10 9:40,인계동 드림캐슬주상복합,고정형,2023-12-01,,,
2023,수원시,팔달구청,2023-07-10 9:55,매산동 팅스몰 주차장 출구 옆,고정형,2023-12-01,,,
2023,수원시,팔달구청,2023-07-10 10:12,인계동 경인통계청,고정형,2023-12-01,,,
2023,수원시,권선구청,2023-07-10 10:30,곡반정동 하나로마트한국빌딩앞,고정형,2023-12-01,,,
2023,수원시,영통구청,2023-07-10 10:33,망포동 힐스테이트 119동 ~방죽공원 삼거리,고정형,2023-12-01,,,
2023,수원시,권선구청,2023-07-10 10:36,곡반정동 하나로마트한국빌딩앞,고정형,2023-12-01,,,
2023,수원시,팔달구청,2023-07-10 11:09,화서1동 푸르지오자이 북문 CU 앞 횡단보도,고정형,2023-12-01,,,
2023,수원시,권선구청,2023-07-10 11:21,권선동 NC터미널점 버스정류장 앞,고정형,2023-12-01,,,
2023,수원시,영통구청,2023-07-10 11:34,영통동 롯데마트 뒤,고정형,2023-12-01,37.27220279535416,127.10856729001851,
2023,수원시,영통구청,2023-07-10 11:54,이의동 광교가재울마을사거리,고정형,2023-12-01,,,
2023,수원시,팔달구청,2023-07-10 12:15,화서1동 수원역푸르지오자이 북문 우측,고정형,2023-12-01,,,
2023,수원시,권선구청,2023-07-10 12:16,권선동 NC터미널점 버스정류장 앞,고정형,2023-12-01,,,
2023,수원시,영통구청,2023-07-10 12:49,이의동 드림스퀘어Ⅱ 앞,고정형,2023-12-01,,,
2023,수원시,권선구청,2023-07-10 12:52,권선2동 곡정초교 정문 좌측 사거리,고정형,2023-12-01,,,
2023,수원시,팔달구청,2023-07-10 12:56,화서1동 수원역푸르지오자이 북문 우측,고정형,2023-12-01,,,
2023,수원시,권선구청,2023-07-10 13:40,입북동 당수초교 정문 우측 사거리,고정형,2023-12-01,,,
2023,수원시,영통구청,2023-07-10 13:42,광교동 광교웰빙타운한양수자인,고정형,2023-12-01,,,
2023,수원시,팔달구청,2023-07-10 13:53,고등동 수원초등학교 정문 좌측 사거리,고정형,2023-12-01,,,
2023,수원시,팔달구청,2023-07-10 14:08,교동 수원향교 앞 팔달보건소 뒤,고정형,2023-12-01,,,
2023,수원시,팔달구청,2023-07-10 14:11,남수동 남수동 정조로788번길,주행형,2023-12-01,,,
2023,수원시,팔달구청,2023-07-10 14:11,남수동 남수동 정조로796번길,주행형,2023-12-01,,,
2023,수원시,팔달구청,2023-07-10 14:12,영동 영동 수원천로275,주행형,2023-12-01,,,
2023,수원시,팔달구청,2023-07-10 14:12,영동 영동 수원천로275,주행형,2023-12-01,,,
2023,수원시,팔달구청,2023-07-10 14:21,장안동 장안동 화서문로17번길,주행형,2023-12-01,,,
2023,수원시,팔달구청,2023-07-10 14:21,장안동 장안동 화서문로17번길,주행형,2023-12-01,,,
2023,수원시,팔달구청,2023-07-10 14:21,장안동 장안동 화서문로17번길,주행형,2023-12-01,,,
2023,수원시,팔달구청,2023-07-10 14:21,장안동 장안동 화서문로17번길,주행형,2023-12-01,,,
2023,수원시,팔달구청,2023-07-10 14:21,장안동 장안동 화서문로17번길,주행형,2023-12-01,,,
2023,수원시,팔달구청,2023-07-10 14:21,장안동 장안동 화서문로17번길,주행형,2023-12-01,,,
2023,수원시,팔달구청,2023-07-10 14:22,장안동 장안동 화서문로17번길,주행형,2023-12-01,,,
2023,수원시,권선구청,2023-07-10 14:22,권선동 NC터미널점 버스정류장 앞,고정형,2023-12-01,,,
2023,수원시,팔달구청,2023-07-10 14:22,장안동 장안동 화서문로17번길,주행형,2023-12-01,,,
2023,수원시,팔달구청,2023-07-10 14:22,장안동 장안동 화서문로17번길,주행형,2023-12-01,,,
2023,수원시,권선구청,2023-07-10 14:33,서둔동 수원역한라비발디퍼스트 앞1,고정형,2023-12-01,,,
2023,수원시,팔달구청,2023-07-10 14:33,매산동 팅스몰 주차장 출구 옆,고정형,2023-12-01,,,
2023,수원시,팔달구청,2023-07-10 14:36,인계동 경인통계청,고정형,2023-12-01,,,
2023,수원시,팔달구청,2023-07-10 14:43,매교동 매교동 88-18 소화전,주민신고제,2023-12-01,,,
2023,수원시,영통구청,2023-07-10 14:45,이의동 드림스퀘어Ⅱ 앞,고정형,2023-12-01,,,
2023,수원시,팔달구청,2023-07-10 14:46,인계동 경인통계청,고정형,2023-12-01,,,
2023,수원시,팔달구청,2023-07-10 14:48,인계동 한국씨티은행,고정형,2023-12-01,,,
2023,수원시,권선구청,2023-07-10 14:51,권선동 NC터미널점 버스정류장 앞,고정형,2023-12-01,,,
2023,수원시,영통구청,2023-07-10 15:40,망포동 힐스테이트 119동 ~방죽공원 삼거리,고정형,2023-12-01,,,
2023,수원시,팔달구청,2023-07-10 16:00,인계동 드림캐슬주상복합,고정형,2023-12-01,,,
2023,수원시,팔달구청,2023-07-10 16:23,매산동 팅스몰 주차장 출구 옆,고정형,2023-12-01,,,
2023,수원시,팔달구청,2023-07-10 16:28,화서1동 푸르지오자이 북문 CU 앞 횡단보도,고정형,2023-12-01,,,
2023,수원시,팔달구청,2023-07-10 16:38,매산동 팅스몰 주차장 출구 옆,고정형,2023-12-01,,,
2023,수원시,팔달구청,2023-07-10 16:38,매산동 팅스몰 주차장 출구 옆,고정형,2023-12-01,,,
2023,수원시,팔달구청,2023-07-10 16:54,매산동 역전농협,고정형,2023-12-01,,,
2023,수원시,팔달구청,2023-07-10 16:59,고등동 고등동 180-170 교차로모퉁이,국민신문고,2023-12-01,,,
2023,수원시,팔달구청,2023-07-10 17:00,인계동 드림캐슬주상복합,고정형,2023-12-01,,,
2023,수원시,권선구청,2023-07-10 17:14,입북동 당수초교 정문 우측 사거리,고정형,2023-12-01,,,
2023,수원시,영통구청,2023-07-10 17:15,이의동 광교가재울마을사거리,고정형,2023-12-01,,,
2023,수원시,영통구청,2023-07-10 17:15,이의동 광교가재울마을사거리,고정형,2023-12-01,,,
2023,수원시,팔달구청,2023-07-10 17:16,인계동 경인통계청,고정형,2023-12-01,,,
2023,수원시,권선구청,2023-07-10 17:24,곡반정동 하나로마트한국빌딩앞,고정형,2023-12-01,,,
2023,수원시,팔달구청,2023-07-10 17:35,인계동 드림캐슬주상복합,고정형,2023-12-01,,,
2023,수원시,권선구청,2023-07-10 17:37,평동 오목초교 정문 우측 삼거리,고정형,2023-12-01,,,
2023,수원시,팔달구청,2023-07-10 17:41,인계동 한국씨티은행,고정형,2023-12-01,,,
2023,수원시,권선구청,2023-07-10 17:42,입북동 당수초교 정문 우측 사거리,고정형,2023-12-01,,,
2023,수원시,팔달구청,2023-07-10 17:52,인계동 드림캐슬주상복합,고정형,2023-12-01,,,
2023,수원시,팔달구청,2023-07-10 18:08,매산동 팅스몰 주차장 출구 옆,고정형,2023-12-01,,,
2023,수원시,팔달구청,2023-07-10 18:08,매산동 팅스몰 주차장 출구 옆,고정형,2023-12-01,,,
2023,수원시,팔달구청,2023-07-10 19:07,매산동 팅스몰 주차장 출구 옆,고정형,2023-12-01,,,
2023,수원시,팔달구청,2023-07-10 19:08,고등동 고등동 156-117 횡단보도,국민신문고,2023-12-01,,,
2023,수원시,팔달구청,2023-07-10 19:36,화서1동 수원역푸르지오자이 북문 우측,고정형,2023-12-01,,,
2023,수원시,영통구청,2023-07-10 19:39,광교동 광교 덴티움지식산업센터 앞 사거리,고정형,2023-12-01,,,
2023,수원시,영통구청,2023-07-10 19:39,광교동 광교이의119안전센터,고정형,2023-12-01,,,
2023,수원시,영통구청,2023-07-10 19:39,경기도수원시영통구망포동 수원시 영통구 망포동 78,보행,2023-12-01,,,
2023,수원시,팔달구청,2023-07-10 19:53,매산동 팅스몰 주차장 출구 옆,고정형,2023-12-01,,,
2023,수원시,팔달구청,2023-07-10 19:53,매산동 팅스몰 주차장 출구 옆,고정형,2023-12-01,,,
2023,수원시,팔달구청,2023-07-10 20:58,인계동 드림캐슬주상복합,고정형,2023-12-01,,,
2023,수원시,권선구청,2023-07-10 21:28,곡반정동 562-2,국민신문고,2023-12-01,,,
2023,수원시,권선구청,2023-07-10 22:40,곡반정동 562-9,국민신문고,2023-12-01,,,
2023,수원시,권선구청,2023-07-11 1:22,오목천동 527-5,국민신문고,2023-12-01,,,
2023,수원시,권선구청,2023-07-11 5:39,곡반정동 562-2,국민신문고,2023-12-01,,,
2023,수원시,권선구청,2023-07-11 6:22,곡반정동 562-2,국민신문고,2023-12-01,,,
2023,수원시,팔달구청,2023-07-11 7:03,화서1동 수원역푸르지오자이 북문 우측,고정형,2023-12-01,,,
2023,수원시,영통구청,2023-07-11 8:00,망포동 힐스테이트 119동 ~방죽공원 삼거리,고정형,2023-12-01,,,
2023,수원시,영통구청,2023-07-11 8:01,이의동 드림스퀘어Ⅱ 앞,고정형,2023-12-01,,,
2023,수원시,권선구청,2023-07-11 8:04,곡반정동 궁촌육교앞,고정형,2023-12-01,,,
2023,수원시,권선구청,2023-07-11 8:04,서둔동 가온팰리스옆2,고정형,2023-12-01,,,
2023,수원시,권선구청,2023-07-11 8:06,곡반정동 하나로마트한국빌딩앞,고정형,2023-12-01,,,
2023,수원시,권선구청,2023-07-11 8:29,서둔동 가온팰리스옆2,고정형,2023-12-01,,,
2023,수원시,권선구청,2023-07-11 8:29,서둔동 가온팰리스옆2,고정형,2023-12-01,,,
2023,수원시,팔달구청,2023-07-11 8:37,매산동 팅스몰 주차장 출구 옆,고정형,2023-12-01,,,
2023,수원시,권선구청,2023-07-11 9:02,권선2동 곡정초교 정문 좌측 사거리,고정형,2023-12-01,,,
2023,수원시,권선구청,2023-07-11 9:24,입북동 율전로37번길,주행형,2023-12-01,,,
2023,수원시,권선구청,2023-07-11 9:24,입북동 율전로37번길,주행형,2023-12-01,,,
2023,수원시,권선구청,2023-07-11 9:24,입북동 율전로37번길,주행형,2023-12-01,,,
2023,수원시,권선구청,2023-07-11 9:24,입북동 율전로37번길,주행형,2023-12-01,,,
2023,수원시,권선구청,2023-07-11 9:24,입북동 율전로37번길,주행형,2023-12-01,,,
2023,수원시,권선구청,2023-07-11 9:25,입북동 율전로37번길,주행형,2023-12-01,,,
2023,수원시,권선구청,2023-07-11 9:26,입북동 율전로37번길,주행형,2023-12-01,,,
2023,수원시,권선구청,2023-07-11 10:17,서둔동 가온팰리스옆2,고정형,2023-12-01,,,
2023,수원시,권선구청,2023-07-11 10:17,서둔동 가온팰리스옆2,고정형,2023-12-01,,,
2023,수원시,팔달구청,2023-07-11 10:34,매산로3가 매산로3가 향교로61,주행형,2023-12-01,,,
2023,수원시,팔달구청,2023-07-11 11:41,화서1동 수원역푸르지오자이 북문 우측,고정형,2023-12-01,,,
2023,수원시,팔달구청,2023-07-11 12:08,화서1동 푸르지오자이 북문 CU 앞 횡단보도,고정형,2023-12-01,,,
2023,수원시,팔달구청,2023-07-11 12:15,화서1동 수원역푸르지오자이 북문 우측,고정형,2023-12-01,,,
2023,수원시,팔달구청,2023-07-11 13:38,화서1동 수원역푸르지오자이 북문 우측,고정형,2023-12-01,,,
2023,수원시,팔달구청,2023-07-11 14:25,행궁동 팔달문 버스정류장,고정형,2023-12-01,,,
2023,수원시,팔달구청,2023-07-11 14:26,인계동 수원시 팔달구 북수동 303-1,보행,2023-12-01,,,
2023,수원시,팔달구청,2023-07-11 14:29,남수동 남수동 정조로796번길,주행형,2023-12-01,,,
2023,수원시,팔달구청,2023-07-11 14:35,인계동 한국씨티은행,고정형,2023-12-01,,,
2023,수원시,팔달구청,2023-07-11 14:35,인계동 한국씨티은행,고정형,2023-12-01,,,
2023,수원시,팔달구청,2023-07-11 14:35,인계동 드림캐슬주상복합,고정형,2023-12-01,,,
2023,수원시,팔달구청,2023-07-11 14:37,인계동 경인통계청,고정형,2023-12-01,,,
2023,수원시,권선구청,2023-07-11 14:51,입북동 당수초교 정문 우측 사거리,고정형,2023-12-01,,,
2023,수원시,팔달구청,2023-07-11 14:54,인계동 드림캐슬주상복합,고정형,2023-12-01,,,
2023,수원시,권선구청,2023-07-11 15:00,서둔동 가온팰리스옆2,고정형,2023-12-01,,,
2023,수원시,팔달구청,2023-07-11 15:31,인계동 드림캐슬주상복합,고정형,2023-12-01,,,
2023,수원시,팔달구청,2023-07-11 15:42,인계동 드림캐슬주상복합,고정형,2023-12-01,,,
2023,수원시,팔달구청,2023-07-11 15:42,화서1동 푸르지오자이 북문 CU 앞 횡단보도,고정형,2023-12-01,,,
2023,수원시,팔달구청,2023-07-11 15:47,인계동 드림캐슬주상복합,고정형,2023-12-01,,,
2023,수원시,팔달구청,2023-07-11 15:53,화서1동 화서초등학교 둘레길 중간지점,고정형,2023-12-01,,,
2023,수원시,팔달구청,2023-07-11 15:54,인계동 드림캐슬주상복합,고정형,2023-12-01,,,
2023,수원시,권선구청,2023-07-11 16:03,구운동 구운초교 정문 우측 삼거리,고정형,2023-12-01,,,
2023,수원시,팔달구청,2023-07-11 16:07,인계동 드림캐슬주상복합,고정형,2023-12-01,,,
2023,수원시,팔달구청,2023-07-11 16:21,인계동 드림캐슬주상복합,고정형,2023-12-01,,,
2023,수원시,팔달구청,2023-07-11 16:25,화서1동 수원역푸르지오자이 북문 우측,고정형,2023-12-01,,,
2023,수원시,권선구청,2023-07-11 16:34,입북동 당수초교 정문 우측 사거리,고정형,2023-12-01,,,
2023,수원시,권선구청,2023-07-11 16:34,입북동 당수초교 정문 우측 사거리,고정형,2023-12-01,,,
2023,수원시,팔달구청,2023-07-11 16:42,인계동 드림캐슬주상복합,고정형,2023-12-01,,,
2023,수원시,영통구청,2023-07-11 16:45,광교동 광교 덴티움지식산업센터 앞 사거리,고정형,2023-12-01,,,
2023,수원시,팔달구청,2023-07-11 16:45,인계동 푸르지오자이 북문 CU 앞 횡단보도,고정형,2023-12-01,,,
2023,수원시,팔달구청,2023-07-11 16:47,인계동 경인통계청,고정형,2023-12-01,,,
2023,수원시,권선구청,2023-07-11 16:59,고색동 도이치 고객주차장 출입구,고정형,2023-12-01,,,
2023,수원시,팔달구청,2023-07-11 17:14,인계동 경인통계청,고정형,2023-12-01,,,
2023,수원시,팔달구청,2023-07-11 17:27,인계동 드림캐슬주상복합,고정형,2023-12-01,,,
2023,수원시,권선구청,2023-07-11 17:31,금곡동 수원문산고속도로,주행형,2023-12-01,,,
2023,수원시,권선구청,2023-07-11 17:31,금곡동 수원문산고속도로,주행형,2023-12-01,,,
2023,수원시,권선구청,2023-07-11 17:31,금곡동 수원문산고속도로,주행형,2023-12-01,,,
2023,수원시,권선구청,2023-07-11 17:31,금곡동 수원문산고속도로,주행형,2023-12-01,,,
2023,수원시,권선구청,2023-07-11 17:31,금곡동 수원문산고속도로,주행형,2023-12-01,,,
2023,수원시,권선구청,2023-07-11 17:31,금곡동 수원문산고속도로,주행형,2023-12-01,,,
2023,수원시,팔달구청,2023-07-11 17:31,인계동 드림캐슬주상복합,고정형,2023-12-01,,,
2023,수원시,권선구청,2023-07-11 17:32,금곡동 수원문산고속도로,주행형,2023-12-01,,,
2023,수원시,권선구청,2023-07-11 17:32,금곡동 수원문산고속도로,주행형,2023-12-01,,,
2023,수원시,권선구청,2023-07-11 17:32,금곡동 수원문산고속도로,주행형,2023-12-01,,,
2023,수원시,권선구청,2023-07-11 17:32,금곡동 수원문산고속도로,주행형,2023-12-01,,,
2023,수원시,권선구청,2023-07-11 17:32,금곡동 수원문산고속도로,주행형,2023-12-01,,,
2023,수원시,권선구청,2023-07-11 17:32,금곡동 수원문산고속도로,주행형,2023-12-01,,,
2023,수원시,권선구청,2023-07-11 17:32,금곡동 수원문산고속도로,주행형,2023-12-01,,,
2023,수원시,권선구청,2023-07-11 17:32,금곡동 수원문산고속도로,주행형,2023-12-01,,,
2023,수원시,권선구청,2023-07-11 17:32,금곡동 수원문산고속도로,주행형,2023-12-01,,,
2023,수원시,권선구청,2023-07-11 17:33,금곡동 수원문산고속도로,주행형,2023-12-01,,,
2023,수원시,팔달구청,2023-07-11 17:35,인계동 드림캐슬주상복합,고정형,2023-12-01,,,
2023,수원시,영통구청,2023-07-11 17:35,이의동 부함식당 앞,고정형,2023-12-01,,,
2023,수원시,영통구청,2023-07-11 18:20,영통동 마사회뒷길,고정형,2023-12-01,,,
2023,수원시,팔달구청,2023-07-11 18:43,화서1동 수원역푸르지오자이 북문 우측,고정형,2023-12-01,,,
2023,수원시,팔달구청,2023-07-11 18:56,고등동 고등동 156-117 횡단보도,국민신문고,2023-12-01,,,
2023,수원시,팔달구청,2023-07-11 19:15,화서1동 수원역푸르지오자이 북문 우측,고정형,2023-12-01,,,
2023,수원시,팔달구청,2023-07-11 19:17,인계동 드림캐슬주상복합,고정형,2023-12-01,,,
2023,수원시,팔달구청,2023-07-11 19:19,인계동 드림캐슬주상복합,고정형,2023-12-01,,,
2023,수원시,팔달구청,2023-07-11 19:19,인계동 드림캐슬주상복합,고정형,2023-12-01,,,
2023,수원시,팔달구청,2023-07-11 19:56,매산동 역전농협,고정형,2023-12-01,,,
2023,수원시,팔달구청,2023-07-11 20:45,인계동 드림캐슬주상복합,고정형,2023-12-01,,,
2023,수원시,팔달구청,2023-07-11 21:10,매산동 역전농협,고정형,2023-12-01,,,
2023,수원시,팔달구청,2023-07-11 21:34,매산동 역전농협,고정형,2023-12-01,,,
2023,수원시,권선구청,2023-07-11 23:53,곡반정동 191-9,국민신문고,2023-12-01,,,
2023,수원시,권선구청,2023-07-12 0:21,곡반정동 191-4,국민신문고,2023-12-01,,,
2023,수원시,권선구청,2023-07-12 0:24,곡반정동 191-4,국민신문고,2023-12-01,,,
2023,수원시,권선구청,2023-07-12 0:42,오목천동 527-12,국민신문고,2023-12-01,,,
2023,수원시,팔달구청,2023-07-12 7:02,화서1동 수원역푸르지오자이 북문 우측,고정형,2023-12-01,,,
2023,수원시,팔달구청,2023-07-12 7:33,매산동 팅스몰 주차장 출구 옆,고정형,2023-12-01,,,
2023,수원시,팔달구청,2023-07-12 7:35,인계동 경인통계청,고정형,2023-12-01,,,
2023,수원시,권선구청,2023-07-12 8:02,곡반정동 하나로마트한국빌딩앞,고정형,2023-12-01,,,
2023,수원시,권선구청,2023-07-12 8:02,서둔동 가온팰리스옆2,고정형,2023-12-01,,,
2023,수원시,권선구청,2023-07-12 8:03,곡반정동 하나로마트한국빌딩앞,고정형,2023-12-01,,,
2023,수원시,권선구청,2023-07-12 8:03,권선동 NC터미널점 버스정류장 앞,고정형,2023-12-01,,,
2023,수원시,영통구청,2023-07-12 8:08,200.9,주행형,2023-12-01,,,
2023,수원시,영통구청,2023-07-12 8:08,288.85,주행형,2023-12-01,,,
2023,수원시,권선구청,2023-07-12 8:12,곡반정동 하나로마트한국빌딩앞,고정형,2023-12-01,,,
2023,수원시,권선구청,2023-07-12 8:12,곡반정동 105-11,국민신문고,2023-12-01,,,
2023,수원시,영통구청,2023-07-12 8:13,101.96,주행형,2023-12-01,,,
2023,수원시,영통구청,2023-07-12 8:43,경기도수원시영통구망포동 수원시 영통구 망포동 58,보행,2023-12-01,,,
2023,수원시,팔달구청,2023-07-12 9:07,인계동 경인통계청,고정형,2023-12-01,,,
2023,수원시,팔달구청,2023-07-12 9:09,인계동 드림캐슬주상복합,고정형,2023-12-01,,,
2023,수원시,권선구청,2023-07-12 9:21,평동 SK모터스 고가 옆,고정형,2023-12-01,,,
2023,수원시,팔달구청,2023-07-12 9:27,인계동 경인통계청,고정형,2023-12-01,,,
2023,수원시,영통구청,2023-07-12 9:30,원천동 삼성전자중문,고정형,2023-12-01,,,
2023,수원시,팔달구청,2023-07-12 9:33,인계동 드림캐슬주상복합,고정형,2023-12-01,,,
2023,수원시,권선구청,2023-07-12 9:52,경기도수원시권선구평동 수원시 권선구 평동 2-14,보행,2023-12-01,,,
2023,수원시,권선구청,2023-07-12 9:54,경기도수원시권선구평동 수원시 권선구 평동 2-14,보행,2023-12-01,,,
2023,수원시,권선구청,2023-07-12 9:54,경기도수원시권선구평동 수원시 권선구 평동 2-14,보행,2023-12-01,,,
2023,수원시,영통구청,2023-07-12 10:04,312.95,주행형,2023-12-01,,,
2023,수원시,영통구청,2023-07-12 10:04,312.95,주행형,2023-12-01,,,
2023,수원시,영통구청,2023-07-12 10:04,312.95,주행형,2023-12-01,,,
2023,수원시,영통구청,2023-07-12 10:04,316.28,주행형,2023-12-01,,,
2023,수원시,영통구청,2023-07-12 10:04,316.28,주행형,2023-12-01,,,
2023,수원시,영통구청,2023-07-12 10:04,342.25,주행형,2023-12-01,,,
2023,수원시,영통구청,2023-07-12 10:04,342.25,주행형,2023-12-01,,,
2023,수원시,영통구청,2023-07-12 10:05,312.18,주행형,2023-12-01,,,
2023,수원시,영통구청,2023-07-12 10:05,312.18,주행형,2023-12-01,,,
2023,수원시,영통구청,2023-07-12 10:05,304.78,주행형,2023-12-01,,,
2023,수원시,영통구청,2023-07-12 10:05,304.78,주행형,2023-12-01,,,
2023,수원시,영통구청,2023-07-12 10:05,304.76,주행형,2023-12-01,,,
2023,수원시,영통구청,2023-07-12 10:05,304.76,주행형,2023-12-01,,,
2023,수원시,영통구청,2023-07-12 10:05,311.22,주행형,2023-12-01,,,
2023,수원시,영통구청,2023-07-12 10:05,311.22,주행형,2023-12-01,,,
2023,수원시,영통구청,2023-07-12 10:05,298.83,주행형,2023-12-01,,,
2023,수원시,영통구청,2023-07-12 10:05,298.83,주행형,2023-12-01,,,
2023,수원시,영통구청,2023-07-12 10:06,132.49,주행형,2023-12-01,,,
2023,수원시,영통구청,2023-07-12 10:06,132.49,주행형,2023-12-01,,,
2023,수원시,영통구청,2023-07-12 10:06,140.74,주행형,2023-12-01,,,
2023,수원시,영통구청,2023-07-12 10:06,140.74,주행형,2023-12-01,,,
2023,수원시,영통구청,2023-07-12 10:06,121.28,주행형,2023-12-01,,,
2023,수원시,영통구청,2023-07-12 10:06,121.28,주행형,2023-12-01,,,
2023,수원시,영통구청,2023-07-12 10:06,122.45,주행형,2023-12-01,,,
2023,수원시,영통구청,2023-07-12 10:06,122.45,주행형,2023-12-01,,,
2023,수원시,영통구청,2023-07-12 10:07,221.02,주행형,2023-12-01,,,
2023,수원시,영통구청,2023-07-12 10:07,221.02,주행형,2023-12-01,,,
2023,수원시,영통구청,2023-07-12 10:07,229.33,주행형,2023-12-01,,,
2023,수원시,영통구청,2023-07-12 10:07,229.33,주행형,2023-12-01,,,
2023,수원시,영통구청,2023-07-12 10:07,228.09,주행형,2023-12-01,,,
2023,수원시,영통구청,2023-07-12 10:07,228.09,주행형,2023-12-01,,,
2023,수원시,영통구청,2023-07-12 10:07,221.33,주행형,2023-12-01,,,
2023,수원시,영통구청,2023-07-12 10:07,221.33,주행형,2023-12-01,,,
2023,수원시,영통구청,2023-07-12 10:07,209.04,주행형,2023-12-01,,,
2023,수원시,영통구청,2023-07-12 10:07,209.04,주행형,2023-12-01,,,
2023,수원시,영통구청,2023-07-12 10:07,205.67,주행형,2023-12-01,,,
2023,수원시,영통구청,2023-07-12 10:07,205.67,주행형,2023-12-01,,,
2023,수원시,영통구청,2023-07-12 10:07,202.84,주행형,2023-12-01,,,
2023,수원시,영통구청,2023-07-12 10:07,202.84,주행형,2023-12-01,,,
2023,수원시,영통구청,2023-07-12 10:07,205.58,주행형,2023-12-01,,,
2023,수원시,영통구청,2023-07-12 10:07,205.58,주행형,2023-12-01,,,
2023,수원시,영통구청,2023-07-12 10:07,205.64,주행형,2023-12-01,,,
2023,수원시,영통구청,2023-07-12 10:07,205.64,주행형,2023-12-01,,,
2023,수원시,영통구청,2023-07-12 10:07,204.57,주행형,2023-12-01,,,
2023,수원시,영통구청,2023-07-12 10:07,204.57,주행형,2023-12-01,,,
2023,수원시,영통구청,2023-07-12 10:07,203.18,주행형,2023-12-01,,,
2023,수원시,영통구청,2023-07-12 10:07,203.18,주행형,2023-12-01,,,
2023,수원시,영통구청,2023-07-12 10:08,246.25,주행형,2023-12-01,,,
2023,수원시,영통구청,2023-07-12 10:08,246.25,주행형,2023-12-01,,,
2023,수원시,영통구청,2023-07-12 10:09,278.76,주행형,2023-12-01,,,
2023,수원시,영통구청,2023-07-12 10:09,278.76,주행형,2023-12-01,,,
2023,수원시,영통구청,2023-07-12 10:09,264.01,주행형,2023-12-01,,,
2023,수원시,영통구청,2023-07-12 10:09,264.01,주행형,2023-12-01,,,
2023,수원시,영통구청,2023-07-12 10:09,210.27,주행형,2023-12-01,,,
2023,수원시,영통구청,2023-07-12 10:09,210.27,주행형,2023-12-01,,,
2023,수원시,영통구청,2023-07-12 10:09,216.45,주행형,2023-12-01,,,
2023,수원시,영통구청,2023-07-12 10:09,216.45,주행형,2023-12-01,,,
2023,수원시,영통구청,2023-07-12 10:09,212.65,주행형,2023-12-01,,,
2023,수원시,영통구청,2023-07-12 10:09,212.65,주행형,2023-12-01,,,
2023,수원시,영통구청,2023-07-12 10:09,199.63,주행형,2023-12-01,,,
2023,수원시,영통구청,2023-07-12 10:09,199.63,주행형,2023-12-01,,,
2023,수원시,영통구청,2023-07-12 10:09,221.3,주행형,2023-12-01,,,
2023,수원시,영통구청,2023-07-12 10:09,221.3,주행형,2023-12-01,,,
2023,수원시,영통구청,2023-07-12 10:11,274.88,주행형,2023-12-01,,,
2023,수원시,영통구청,2023-07-12 10:11,274.88,주행형,2023-12-01,,,
2023,수원시,영통구청,2023-07-12 10:11,289.82,주행형,2023-12-01,,,
2023,수원시,영통구청,2023-07-12 10:11,289.82,주행형,2023-12-01,,,
2023,수원시,팔달구청,2023-07-12 10:16,매교동 수원시 팔달구 인계동 281-12,보행,2023-12-01,,,
2023,수원시,영통구청,2023-07-12 10:22,65.82,주행형,2023-12-01,,,
2023,수원시,영통구청,2023-07-12 10:22,46.13,주행형,2023-12-01,,,
2023,수원시,영통구청,2023-07-12 10:22,42.14,주행형,2023-12-01,,,
2023,수원시,영통구청,2023-07-12 10:22,42.14,주행형,2023-12-01,,,
2023,수원시,영통구청,2023-07-12 10:22,61.95,주행형,2023-12-01,,,
2023,수원시,영통구청,2023-07-12 10:22,122.95,주행형,2023-12-01,,,
2023,수원시,영통구청,2023-07-12 10:22,110.57,주행형,2023-12-01,,,
2023,수원시,영통구청,2023-07-12 10:22,107.44,주행형,2023-12-01,,,
2023,수원시,영통구청,2023-07-12 10:22,112.04,주행형,2023-12-01,,,
2023,수원시,영통구청,2023-07-12 10:23,49.66,주행형,2023-12-01,,,
2023,수원시,영통구청,2023-07-12 10:23,49,주행형,2023-12-01,,,
2023,수원시,영통구청,2023-07-12 10:23,47.53,주행형,2023-12-01,,,
2023,수원시,영통구청,2023-07-12 10:23,46.56,주행형,2023-12-01,,,
2023,수원시,영통구청,2023-07-12 10:23,43.19,주행형,2023-12-01,,,
2023,수원시,영통구청,2023-07-12 10:23,47.45,주행형,2023-12-01,,,
2023,수원시,영통구청,2023-07-12 10:23,50.95,주행형,2023-12-01,,,
2023,수원시,권선구청,2023-07-12 10:39,평동 오목초교 정문 우측 삼거리,고정형,2023-12-01,,,
2023,수원시,팔달구청,2023-07-12 11:01,화서1동 푸르지오자이 북문 CU 앞 횡단보도,고정형,2023-12-01,,,
2023,수원시,권선구청,2023-07-12 11:14,권선동 NC터미널점 버스정류장 앞,고정형,2023-12-01,,,
2023,수원시,장안구청,2023-07-12 13:19,상광교동 광교버스정류장종점,고정형,2023-12-01,,,
2023,수원시,권선구청,2023-07-12 13:20,고색동 도이치 고객주차장 출입구,고정형,2023-12-01,,,
2023,수원시,영통구청,2023-07-12 13:40,광교동 광교웰빙타운한양수자인,고정형,2023-12-01,,,
2023,수원시,팔달구청,2023-07-12 13:52,화서1동 수원역푸르지오자이 북문 우측,고정형,2023-12-01,,,
2023,수원시,영통구청,2023-07-12 14:10,104.36,주행형,2023-12-01,,,
2023,수원시,영통구청,2023-07-12 14:10,104.36,주행형,2023-12-01,,,
2023,수원시,영통구청,2023-07-12 14:10,102.82,주행형,2023-12-01,,,
2023,수원시,영통구청,2023-07-12 14:10,102.82,주행형,2023-12-01,,,
2023,수원시,영통구청,2023-07-12 14:10,99.46,주행형,2023-12-01,,,
2023,수원시,영통구청,2023-07-12 14:10,99.46,주행형,2023-12-01,,,
2023,수원시,영통구청,2023-07-12 14:10,98.84,주행형,2023-12-01,,,
2023,수원시,영통구청,2023-07-12 14:10,98.84,주행형,2023-12-01,,,
2023,수원시,영통구청,2023-07-12 14:11,252.39,주행형,2023-12-01,,,
2023,수원시,영통구청,2023-07-12 14:11,252.39,주행형,2023-12-01,,,
2023,수원시,영통구청,2023-07-12 14:11,245.9,주행형,2023-12-01,,,
2023,수원시,영통구청,2023-07-12 14:11,245.9,주행형,2023-12-01,,,
2023,수원시,영통구청,2023-07-12 14:11,235.78,주행형,2023-12-01,,,
2023,수원시,영통구청,2023-07-12 14:11,235.78,주행형,2023-12-01,,,
2023,수원시,영통구청,2023-07-12 14:11,58.06,주행형,2023-12-01,,,
2023,수원시,영통구청,2023-07-12 14:11,58.06,주행형,2023-12-01,,,
2023,수원시,팔달구청,2023-07-12 14:22,남수동 남수동 정조로800번길,주행형,2023-12-01,,,
2023,수원시,팔달구청,2023-07-12 14:23,남수동 남수동 정조로796번길,주행형,2023-12-01,,,
2023,수원시,영통구청,2023-07-12 14:24,50.51,주행형,2023-12-01,,,
2023,수원시,영통구청,2023-07-12 14:24,50.51,주행형,2023-12-01,,,
2023,수원시,영통구청,2023-07-12 14:24,50.51,주행형,2023-12-01,,,
2023,수원시,영통구청,2023-07-12 14:24,57.28,주행형,2023-12-01,,,
2023,수원시,영통구청,2023-07-12 14:24,57.28,주행형,2023-12-01,,,
2023,수원시,영통구청,2023-07-12 14:24,57.48,주행형,2023-12-01,,,
2023,수원시,영통구청,2023-07-12 14:24,57.48,주행형,2023-12-01,,,
2023,수원시,영통구청,2023-07-12 14:24,57.48,주행형,2023-12-01,,,
2023,수원시,영통구청,2023-07-12 14:25,295.33,주행형,2023-12-01,,,
2023,수원시,영통구청,2023-07-12 14:25,295.33,주행형,2023-12-01,,,
2023,수원시,영통구청,2023-07-12 14:25,314.96,주행형,2023-12-01,,,
2023,수원시,영통구청,2023-07-12 14:25,314.96,주행형,2023-12-01,,,
2023,수원시,영통구청,2023-07-12 14:26,267.69,주행형,2023-12-01,,,
2023,수원시,영통구청,2023-07-12 14:26,267.69,주행형,2023-12-01,,,
2023,수원시,영통구청,2023-07-12 14:26,262.98,주행형,2023-12-01,,,
2023,수원시,영통구청,2023-07-12 14:26,262.98,주행형,2023-12-01,,,
2023,수원시,영통구청,2023-07-12 14:26,266.02,주행형,2023-12-01,,,
2023,수원시,영통구청,2023-07-12 14:26,266.02,주행형,2023-12-01,,,
2023,수원시,영통구청,2023-07-12 14:27,93.49,주행형,2023-12-01,,,
2023,수원시,영통구청,2023-07-12 14:27,93.49,주행형,2023-12-01,,,
2023,수원시,권선구청,2023-07-12 14:35,평동 고현초교 정문 좌측 삼거리,고정형,2023-12-01,,,
2023,수원시,팔달구청,2023-07-12 14:46,매교동 매교동 매산로116번길,주행형,2023-12-01,,,
2023,수원시,영통구청,2023-07-12 14:49,이의동 드림스퀘어Ⅱ 앞,고정형,2023-12-01,,,
2023,수원시,팔달구청,2023-07-12 15:14,화서1동 수원역푸르지오자이 북문 우측,고정형,2023-12-01,,,
2023,수원시,영통구청,2023-07-12 15:18,이의동 드림스퀘어Ⅱ 앞,고정형,2023-12-01,,,
2023,수원시,팔달구청,2023-07-12 15:20,매산동 팅스몰 주차장 출구 옆,고정형,2023-12-01,,,
2023,수원시,영통구청,2023-07-12 15:21,101.86,주행형,2023-12-01,,,
2023,수원시,영통구청,2023-07-12 15:21,99.29,주행형,2023-12-01,,,
2023,수원시,영통구청,2023-07-12 15:21,106.95,주행형,2023-12-01,,,
2023,수원시,영통구청,2023-07-12 15:21,110.53,주행형,2023-12-01,,,
2023,수원시,영통구청,2023-07-12 15:22,286.45,주행형,2023-12-01,,,
2023,수원시,영통구청,2023-07-12 15:22,286.07,주행형,2023-12-01,,,
2023,수원시,영통구청,2023-07-12 15:22,278.99,주행형,2023-12-01,,,
2023,수원시,영통구청,2023-07-12 15:22,281.46,주행형,2023-12-01,,,
2023,수원시,영통구청,2023-07-12 15:22,282.52,주행형,2023-12-01,,,
2023,수원시,영통구청,2023-07-12 15:22,289.75,주행형,2023-12-01,,,
2023,수원시,팔달구청,2023-07-12 15:28,화서동 화서동 팔달로99번길,주행형,2023-12-01,,,
2023,수원시,권선구청,2023-07-12 15:39,금곡동 수원문산고속도로,주행형,2023-12-01,,,
2023,수원시,권선구청,2023-07-12 15:39,금곡동 수원문산고속도로,주행형,2023-12-01,,,
2023,수원시,권선구청,2023-07-12 15:39,금곡동 수원문산고속도로,주행형,2023-12-01,,,
2023,수원시,권선구청,2023-07-12 15:39,금곡동 수원문산고속도로,주행형,2023-12-01,,,
2023,수원시,권선구청,2023-07-12 15:40,금곡동 수원문산고속도로,주행형,2023-12-01,,,
2023,수원시,권선구청,2023-07-12 15:40,금곡동 수원문산고속도로,주행형,2023-12-01,,,
2023,수원시,권선구청,2023-07-12 15:40,금곡동 수원문산고속도로,주행형,2023-12-01,,,
2023,수원시,권선구청,2023-07-12 15:40,금곡동 수원문산고속도로,주행형,2023-12-01,,,
2023,수원시,권선구청,2023-07-12 15:40,금곡동 수원문산고속도로,주행형,2023-12-01,,,
2023,수원시,권선구청,2023-07-12 15:40,금곡동 수원문산고속도로,주행형,2023-12-01,,,
2023,수원시,권선구청,2023-07-12 15:40,금곡동 수원문산고속도로,주행형,2023-12-01,,,
2023,수원시,권선구청,2023-07-12 15:40,금곡동 수원문산고속도로,주행형,2023-12-01,,,
2023,수원시,권선구청,2023-07-12 15:41,금곡동 수원문산고속도로,주행형,2023-12-01,,,
2023,수원시,권선구청,2023-07-12 15:41,금곡동 수원문산고속도로,주행형,2023-12-01,,,
2023,수원시,팔달구청,2023-07-12 15:43,매산동 팅스몰 주차장 출구 옆,고정형,2023-12-01,,,
2023,수원시,권선구청,2023-07-12 15:43,금곡동 수원문산고속도로,주행형,2023-12-01,,,
2023,수원시,팔달구청,2023-07-12 16:09,인계동 경인통계청,고정형,2023-12-01,,,
2023,수원시,팔달구청,2023-07-12 16:22,매산동 팅스몰 주차장 출구 옆,고정형,2023-12-01,,,
2023,수원시,장안구청,2023-07-12 16:25,경기도수원시장안구정자동 수원시 장안구 정자동 533,보행,2023-12-01,,,
2023,수원시,영통구청,2023-07-12 16:26,영통동 보보스스포츠센터앞,고정형,2023-12-01,,,
2023,수원시,권선구청,2023-07-12 16:33,입북동 당수초교 정문 우측 사거리,고정형,2023-12-01,,,
2023,수원시,팔달구청,2023-07-12 16:49,인계동 드림캐슬주상복합,고정형,2023-12-01,,,
2023,수원시,권선구청,2023-07-12 17:03,서둔동 세화로135번길,주행형,2023-12-01,,,
2023,수원시,권선구청,2023-07-12 17:03,서둔동 세화로135번길,주행형,2023-12-01,,,
2023,수원시,권선구청,2023-07-12 17:19,세류3동 신곡초교 후문 좌측 사거리,고정형,2023-12-01,,,
2023,수원시,팔달구청,2023-07-12 17:21,인계동 경인통계청,고정형,2023-12-01,,,
2023,수원시,팔달구청,2023-07-12 17:36,인계동 드림캐슬주상복합,고정형,2023-12-01,,,
2023,수원시,팔달구청,2023-07-12 18:26,매산동 팅스몰 주차장 출구 옆,고정형,2023-12-01,,,
2023,수원시,영통구청,2023-07-12 18:29,망포동 E-마트 에브리데이 앞,고정형,2023-12-01,37.2361017468141,127.060345496536,
2023,수원시,권선구청,2023-07-12 18:36,곡반정동 197-8,국민신문고,2023-12-01,,,
2023,수원시,영통구청,2023-07-12 18:38,이의동 광교가재울마을사거리,고정형,2023-12-01,,,
2023,수원시,팔달구청,2023-07-12 18:56,매산동 팅스몰 주차장 출구 옆,고정형,2023-12-01,,,
2023,수원시,영통구청,2023-07-12 19:03,263.37,주행형,2023-12-01,,,
2023,수원시,영통구청,2023-07-12 19:03,263.37,주행형,2023-12-01,,,
2023,수원시,영통구청,2023-07-12 19:03,188.24,주행형,2023-12-01,,,
2023,수원시,영통구청,2023-07-12 19:03,188.24,주행형,2023-12-01,,,
2023,수원시,영통구청,2023-07-12 19:04,253.48,주행형,2023-12-01,,,
2023,수원시,영통구청,2023-07-12 19:04,253.48,주행형,2023-12-01,,,
2023,수원시,영통구청,2023-07-12 19:04,269.02,주행형,2023-12-01,,,
2023,수원시,영통구청,2023-07-12 19:04,269.02,주행형,2023-12-01,,,
2023,수원시,영통구청,2023-07-12 19:04,269.02,주행형,2023-12-01,,,
2023,수원시,영통구청,2023-07-12 19:05,248.52,주행형,2023-12-01,,,
2023,수원시,영통구청,2023-07-12 19:05,248.52,주행형,2023-12-01,,,
2023,수원시,영통구청,2023-07-12 19:05,269.83,주행형,2023-12-01,,,
2023,수원시,영통구청,2023-07-12 19:05,269.83,주행형,2023-12-01,,,
2023,수원시,팔달구청,2023-07-12 19:11,교동 수원향교 앞 팔달보건소 뒤,고정형,2023-12-01,,,
2023,수원시,장안구청,2023-07-12 19:21,상광교동 광교버스정류장종점,고정형,2023-12-01,,,
2023,수원시,영통구청,2023-07-12 19:30,287.15,주행형,2023-12-01,,,
2023,수원시,영통구청,2023-07-12 19:30,287.15,주행형,2023-12-01,,,
2023,수원시,영통구청,2023-07-12 19:31,263.58,주행형,2023-12-01,,,
2023,수원시,영통구청,2023-07-12 19:31,263.58,주행형,2023-12-01,,,
2023,수원시,영통구청,2023-07-12 19:31,272.49,주행형,2023-12-01,,,
2023,수원시,영통구청,2023-07-12 19:31,270.66,주행형,2023-12-01,,,
2023,수원시,영통구청,2023-07-12 19:31,272.49,주행형,2023-12-01,,,
2023,수원시,영통구청,2023-07-12 19:31,270.66,주행형,2023-12-01,,,
2023,수원시,팔달구청,2023-07-12 19:35,매산동 팅스몰 주차장 출구 옆,고정형,2023-12-01,,,
2023,수원시,영통구청,2023-07-12 19:42,182.23,주행형,2023-12-01,,,
2023,수원시,영통구청,2023-07-12 19:42,182.23,주행형,2023-12-01,,,
2023,수원시,영통구청,2023-07-12 19:42,181.76,주행형,2023-12-01,,,
2023,수원시,영통구청,2023-07-12 19:42,181.76,주행형,2023-12-01,,,
2023,수원시,영통구청,2023-07-12 19:42,186.33,주행형,2023-12-01,,,
2023,수원시,영통구청,2023-07-12 19:42,186.33,주행형,2023-12-01,,,
2023,수원시,영통구청,2023-07-12 19:42,182.4,주행형,2023-12-01,,,
2023,수원시,영통구청,2023-07-12 19:42,182.4,주행형,2023-12-01,,,
2023,수원시,권선구청,2023-07-12 20:15,곡반정동 562-2,국민신문고,2023-12-01,,,
2023,수원시,영통구청,2023-07-12 20:16,48.69,주행형,2023-12-01,,,
2023,수원시,영통구청,2023-07-12 20:16,48.69,주행형,2023-12-01,,,
2023,수원시,영통구청,2023-07-12 20:22,31.51,주행형,2023-12-01,,,
2023,수원시,영통구청,2023-07-12 20:22,31.51,주행형,2023-12-01,,,
2023,수원시,영통구청,2023-07-12 20:23,35.14,주행형,2023-12-01,,,
2023,수원시,영통구청,2023-07-12 20:23,35.14,주행형,2023-12-01,,,
2023,수원시,영통구청,2023-07-12 20:23,36.37,주행형,2023-12-01,,,
2023,수원시,영통구청,2023-07-12 20:23,36.37,주행형,2023-12-01,,,
2023,수원시,영통구청,2023-07-12 20:23,27.41,주행형,2023-12-01,,,
2023,수원시,영통구청,2023-07-12 20:23,27.41,주행형,2023-12-01,,,
2023,수원시,영통구청,2023-07-12 20:28,269.61,주행형,2023-12-01,,,
2023,수원시,영통구청,2023-07-12 20:28,269.61,주행형,2023-12-01,,,
2023,수원시,팔달구청,2023-07-12 20:32,인계동 드림캐슬주상복합,고정형,2023-12-01,,,
2023,수원시,영통구청,2023-07-12 20:33,32.56,주행형,2023-12-01,,,
2023,수원시,영통구청,2023-07-12 20:33,32.56,주행형,2023-12-01,,,
2023,수원시,영통구청,2023-07-12 20:33,46.01,주행형,2023-12-01,,,
2023,수원시,영통구청,2023-07-12 20:33,46.01,주행형,2023-12-01,,,
2023,수원시,영통구청,2023-07-12 20:33,1.79,주행형,2023-12-01,,,
2023,수원시,영통구청,2023-07-12 20:33,1.79,주행형,2023-12-01,,,
2023,수원시,영통구청,2023-07-12 20:33,22.69,주행형,2023-12-01,,,
2023,수원시,영통구청,2023-07-12 20:33,22.69,주행형,2023-12-01,,,
2023,수원시,영통구청,2023-07-12 20:34,37.01,주행형,2023-12-01,,,
2023,수원시,영통구청,2023-07-12 20:34,37.01,주행형,2023-12-01,,,
2023,수원시,영통구청,2023-07-12 20:34,34.99,주행형,2023-12-01,,,
2023,수원시,영통구청,2023-07-12 20:34,34.99,주행형,2023-12-01,,,
2023,수원시,팔달구청,2023-07-12 20:36,인계동 드림캐슬주상복합,고정형,2023-12-01,,,
2023,수원시,권선구청,2023-07-12 22:39,곡반정동 91-8,국민신문고,2023-12-01,,,
2023,수원시,팔달구청,2023-07-12 22:45,매교동 매교동 287-37 횡단보도,국민신문고,2023-12-01,,,
2023,수원시,권선구청,2023-07-13 5:29,곡반정동 562-2,국민신문고,2023-12-01,,,
2023,수원시,권선구청,2023-07-13 6:02,곡반정동 105-4,국민신문고,2023-12-01,,,
2023,수원시,팔달구청,2023-07-13 7:02,화서1동 수원역푸르지오자이 북문 우측,고정형,2023-12-01,,,
2023,수원시,팔달구청,2023-07-13 7:03,매교동 매교동 287-480 횡단보도,국민신문고,2023-12-01,,,
2023,수원시,영통구청,2023-07-13 7:23,이의동 드림스퀘어Ⅱ 앞,고정형,2023-12-01,,,
2023,수원시,팔달구청,2023-07-13 7:33,매산동 팅스몰 주차장 출구 옆,고정형,2023-12-01,,,
2023,수원시,팔달구청,2023-07-13 7:33,매산동 팅스몰 주차장 출구 옆,고정형,2023-12-01,,,
2023,수원시,팔달구청,2023-07-13 7:34,인계동 경인통계청,고정형,2023-12-01,,,
2023,수원시,팔달구청,2023-07-13 7:49,매산동 팅스몰 주차장 출구 옆,고정형,2023-12-01,,,
2023,수원시,영통구청,2023-07-13 7:59,299.56,주행형,2023-12-01,,,
2023,수원시,영통구청,2023-07-13 7:59,299.56,주행형,2023-12-01,,,
2023,수원시,영통구청,2023-07-13 7:59,301.46,주행형,2023-12-01,,,
2023,수원시,영통구청,2023-07-13 7:59,301.46,주행형,2023-12-01,,,
2023,수원시,영통구청,2023-07-13 7:59,247.46,주행형,2023-12-01,,,
2023,수원시,영통구청,2023-07-13 7:59,247.46,주행형,2023-12-01,,,
2023,수원시,영통구청,2023-07-13 8:00,3.4,주행형,2023-12-01,37.2633258734704,127.108419264656,
2023,수원시,영통구청,2023-07-13 8:00,3.4,주행형,2023-12-01,37.2633258734704,127.108419264656,
2023,수원시,영통구청,2023-07-13 8:00,169.46,주행형,2023-12-01,,,
2023,수원시,영통구청,2023-07-13 8:00,169.46,주행형,2023-12-01,,,
2023,수원시,영통구청,2023-07-13 8:02,22.46,주행형,2023-12-01,,,
2023,수원시,영통구청,2023-07-13 8:02,22.46,주행형,2023-12-01,,,
2023,수원시,영통구청,2023-07-13 8:02,194.67,주행형,2023-12-01,,,
2023,수원시,영통구청,2023-07-13 8:02,299.99,주행형,2023-12-01,,,
2023,수원시,영통구청,2023-07-13 8:03,40.5,주행형,2023-12-01,,,
2023,수원시,영통구청,2023-07-13 8:03,40.5,주행형,2023-12-01,,,
2023,수원시,영통구청,2023-07-13 8:03,43.26,주행형,2023-12-01,,,
2023,수원시,영통구청,2023-07-13 8:03,43.26,주행형,2023-12-01,,,
2023,수원시,영통구청,2023-07-13 8:03,46.5,주행형,2023-12-01,,,
2023,수원시,영통구청,2023-07-13 8:03,46.5,주행형,2023-12-01,,,
2023,수원시,영통구청,2023-07-13 8:03,34.62,주행형,2023-12-01,,,
2023,수원시,영통구청,2023-07-13 8:03,34.62,주행형,2023-12-01,,,
2023,수원시,영통구청,2023-07-13 8:03,36.58,주행형,2023-12-01,,,
2023,수원시,영통구청,2023-07-13 8:03,36.58,주행형,2023-12-01,,,
2023,수원시,영통구청,2023-07-13 8:03,38.92,주행형,2023-12-01,,,
2023,수원시,영통구청,2023-07-13 8:03,38.92,주행형,2023-12-01,,,
2023,수원시,영통구청,2023-07-13 8:03,43.69,주행형,2023-12-01,,,
2023,수원시,영통구청,2023-07-13 8:03,43.69,주행형,2023-12-01,,,
2023,수원시,팔달구청,2023-07-13 8:03,고등동 수원초등학교 정문 좌측 사거리,고정형,2023-12-01,,,
2023,수원시,영통구청,2023-07-13 8:03,35.5,주행형,2023-12-01,,,
2023,수원시,영통구청,2023-07-13 8:03,35.5,주행형,2023-12-01,,,
2023,수원시,영통구청,2023-07-13 8:03,199.91,주행형,2023-12-01,,,
2023,수원시,영통구청,2023-07-13 8:03,199.92,주행형,2023-12-01,,,
2023,수원시,영통구청,2023-07-13 8:04,35.98,주행형,2023-12-01,,,
2023,수원시,영통구청,2023-07-13 8:04,35.98,주행형,2023-12-01,,,
2023,수원시,영통구청,2023-07-13 8:04,42.87,주행형,2023-12-01,,,
2023,수원시,영통구청,2023-07-13 8:04,42.87,주행형,2023-12-01,,,
2023,수원시,팔달구청,2023-07-13 8:04,우만동 우만초등학교 정문 앞 CCTV,보행,2023-12-01,,,
2023,수원시,권선구청,2023-07-13 8:05,곡반정동 하나로마트한국빌딩앞,고정형,2023-12-01,,,
2023,수원시,권선구청,2023-07-13 8:05,서둔동 가온팰리스옆2,고정형,2023-12-01,,,
2023,수원시,영통구청,2023-07-13 8:05,63.47,주행형,2023-12-01,,,
2023,수원시,영통구청,2023-07-13 8:05,63.47,주행형,2023-12-01,,,
2023,수원시,영통구청,2023-07-13 8:05,82.05,주행형,2023-12-01,,,
2023,수원시,영통구청,2023-07-13 8:05,82.05,주행형,2023-12-01,,,
2023,수원시,영통구청,2023-07-13 8:05,82.05,주행형,2023-12-01,,,
2023,수원시,권선구청,2023-07-13 8:05,곡반정동 하나로마트한국빌딩앞,고정형,2023-12-01,,,
2023,수원시,영통구청,2023-07-13 8:05,57.88,주행형,2023-12-01,,,
2023,수원시,영통구청,2023-07-13 8:05,57.88,주행형,2023-12-01,,,
2023,수원시,영통구청,2023-07-13 8:06,62.73,주행형,2023-12-01,,,
2023,수원시,영통구청,2023-07-13 8:06,62.73,주행형,2023-12-01,,,
2023,수원시,권선구청,2023-07-13 8:06,평동 오목초교 정문 우측 삼거리,고정형,2023-12-01,,,
2023,수원시,권선구청,2023-07-13 8:06,곡반정동 하나로마트한국빌딩앞,고정형,2023-12-01,,,
2023,수원시,영통구청,2023-07-13 8:07,108.58,주행형,2023-12-01,,,
2023,수원시,영통구청,2023-07-13 8:07,107.4,주행형,2023-12-01,,,
2023,수원시,권선구청,2023-07-13 8:07,곡반정동 하나로마트한국빌딩앞,고정형,2023-12-01,,,
2023,수원시,영통구청,2023-07-13 8:07,106.52,주행형,2023-12-01,,,
2023,수원시,권선구청,2023-07-13 8:07,곡반정동 하나로마트한국빌딩앞,고정형,2023-12-01,,,
2023,수원시,영통구청,2023-07-13 8:09,300.06,주행형,2023-12-01,,,
2023,수원시,영통구청,2023-07-13 8:09,300.06,주행형,2023-12-01,,,
2023,수원시,권선구청,2023-07-13 8:09,곡반정동 하나로마트한국빌딩앞,고정형,2023-12-01,,,
2023,수원시,권선구청,2023-07-13 8:10,권선2동 곡정초교 정문 좌측 사거리,고정형,2023-12-01,,,
2023,수원시,권선구청,2023-07-13 8:12,곡반정동 하나로마트한국빌딩앞,고정형,2023-12-01,,,
2023,수원시,권선구청,2023-07-13 8:16,곡반정동 하나로마트한국빌딩앞,고정형,2023-12-01,,,
2023,수원시,영통구청,2023-07-13 8:17,199.99,주행형,2023-12-01,,,
2023,수원시,영통구청,2023-07-13 8:18,200.95,주행형,2023-12-01,,,
2023,수원시,영통구청,2023-07-13 8:22,88.49,주행형,2023-12-01,,,
2023,수원시,팔달구청,2023-07-13 8:33,화서1동 화서초등학교 둘레길 중간지점,고정형,2023-12-01,,,
2023,수원시,팔달구청,2023-07-13 8:33,화서1동 화서초등학교 둘레길 중간지점,고정형,2023-12-01,,,
2023,수원시,팔달구청,2023-07-13 8:54,교동 수원향교 앞 팔달보건소 뒤,고정형,2023-12-01,,,
2023,수원시,팔달구청,2023-07-13 8:58,화서1동 수원역푸르지오자이 북문 우측,고정형,2023-12-01,,,
2023,수원시,권선구청,2023-07-13 9:21,곡반정동 하나로마트한국빌딩앞,고정형,2023-12-01,,,
2023,수원시,팔달구청,2023-07-13 9:40,매산동 팅스몰 주차장 출구 옆,고정형,2023-12-01,,,
2023,수원시,팔달구청,2023-07-13 9:43,인계동 드림캐슬주상복합,고정형,2023-12-01,,,
2023,수원시,영통구청,2023-07-13 9:44,이의동 드림스퀘어Ⅱ 앞,고정형,2023-12-01,,,
2023,수원시,영통구청,2023-07-13 9:48,광교동 광교이의119안전센터,고정형,2023-12-01,,,
2023,수원시,팔달구청,2023-07-13 9:58,화서1동 수원역푸르지오자이 북문 우측,고정형,2023-12-01,,,
2023,수원시,권선구청,2023-07-13 10:10,평동 고현초교 정문 좌측 삼거리,고정형,2023-12-01,,,
2023,수원시,권선구청,2023-07-13 10:19,세류3동 신곡초교 후문 좌측 사거리,고정형,2023-12-01,,,
2023,수원시,팔달구청,2023-07-13 10:20,교동 수원향교 앞 팔달보건소 뒤,고정형,2023-12-01,,,
2023,수원시,팔달구청,2023-07-13 10:22,화서1동 수원역푸르지오자이 북문 우측,고정형,2023-12-01,,,
2023,수원시,영통구청,2023-07-13 11:12,영통동 롯데마트 뒤,고정형,2023-12-01,37.27220279535416,127.10856729001851,
2023,수원시,영통구청,2023-07-13 11:26,영통동 롯데마트 뒤,고정형,2023-12-01,37.27220279535416,127.10856729001851,
2023,수원시,영통구청,2023-07-13 11:40,원천동 광교매원초등학교,고정형,2023-12-01,,,
2023,수원시,권선구청,2023-07-13 13:20,평동 오현초교 정문 우측 사거리,고정형,2023-12-01,,,
2023,수원시,팔달구청,2023-07-13 14:09,화서1동 수원역푸르지오자이 북문 우측,고정형,2023-12-01,,,
2023,수원시,팔달구청,2023-07-13 14:11,인계동 푸르지오자이 북문 CU 앞 횡단보도,고정형,2023-12-01,,,
2023,수원시,영통구청,2023-07-13 14:31,영통동 롯데마트 뒤,고정형,2023-12-01,37.27220279535416,127.10856729001851,
2023,수원시,팔달구청,2023-07-13 14:33,인계동 드림캐슬주상복합,고정형,2023-12-01,,,
2023,수원시,팔달구청,2023-07-13 14:38,인계동 한국씨티은행,고정형,2023-12-01,,,
2023,수원시,팔달구청,2023-07-13 14:39,인계동 드림캐슬주상복합,고정형,2023-12-01,,,
2023,수원시,영통구청,2023-07-13 14:43,영통동 보보스스포츠센터앞,고정형,2023-12-01,,,
2023,수원시,팔달구청,2023-07-13 14:47,인계동 드림캐슬주상복합,고정형,2023-12-01,,,
2023,수원시,영통구청,2023-07-13 14:49,이의동 드림스퀘어Ⅱ 앞,고정형,2023-12-01,,,
2023,수원시,권선구청,2023-07-13 14:51,세류3동 신곡초교 후문 좌측 사거리,고정형,2023-12-01,,,
2023,수원시,팔달구청,2023-07-13 15:04,매산동 팔달로 10번길 8,고정형,2023-12-01,,,
2023,수원시,팔달구청,2023-07-13 15:05,남수동 남수동 정조로800번길,주행형,2023-12-01,,,
2023,수원시,팔달구청,2023-07-13 15:05,남수동 남수동 정조로800번길,주행형,2023-12-01,,,
2023,수원시,팔달구청,2023-07-13 15:06,영동 영동 팔달문로9,주행형,2023-12-01,,,
2023,수원시,팔달구청,2023-07-13 15:06,매산동 팔달로 10번길 8,고정형,2023-12-01,,,
2023,수원시,팔달구청,2023-07-13 15:06,팔달로2가 팔달로2가 정조로796번길,주행형,2023-12-01,,,
2023,수원시,팔달구청,2023-07-13 15:15,인계동 드림캐슬주상복합,고정형,2023-12-01,,,
2023,수원시,팔달구청,2023-07-13 15:17,인계동 드림캐슬주상복합,고정형,2023-12-01,,,
2023,수원시,권선구청,2023-07-13 15:19,곡반정동 105-4,국민신문고,2023-12-01,,,
2023,수원시,팔달구청,2023-07-13 15:23,매산동 팔달로 10번길 8,고정형,2023-12-01,,,
2023,수원시,권선구청,2023-07-13 15:25,곡선동 권선중앙약국 건너편,고정형,2023-12-01,,,
2023,수원시,팔달구청,2023-07-13 15:28,고등동 수원시 팔달구 정조로766,보행,2023-12-01,,,
2023,수원시,권선구청,2023-07-13 15:47,오목천동 527-5,국민신문고,2023-12-01,,,
2023,수원시,팔달구청,2023-07-13 15:50,매산동 팅스몰 주차장 출구 옆,고정형,2023-12-01,,,
2023,수원시,팔달구청,2023-07-13 15:50,매교동 매교동 287-37 횡단보도,국민신문고,2023-12-01,,,
2023,수원시,권선구청,2023-07-13 16:16,곡반정동 198-2,국민신문고,2023-12-01,,,
2023,수원시,권선구청,2023-07-13 16:16,곡반정동 191-4,국민신문고,2023-12-01,,,
2023,수원시,권선구청,2023-07-13 16:24,서둔동 가온팰리스옆2,고정형,2023-12-01,,,
2023,수원시,팔달구청,2023-07-13 16:28,신풍동 미술관로터리,고정형,2023-12-01,,,
2023,수원시,팔달구청,2023-07-13 16:28,신풍동 미술관로터리,고정형,2023-12-01,,,
2023,수원시,권선구청,2023-07-13 16:43,곡반정동 하나로마트한국빌딩앞,고정형,2023-12-01,,,
2023,수원시,권선구청,2023-07-13 16:48,곡반정동 하나로마트한국빌딩앞,고정형,2023-12-01,,,
2023,수원시,팔달구청,2023-07-13 16:53,화서1동 수원역푸르지오자이 북문 우측,고정형,2023-12-01,,,
2023,수원시,장안구청,2023-07-13 16:55,정자3동 정자동 오일뱅크,고정형,2023-12-01,,,
2023,수원시,팔달구청,2023-07-13 17:00,화서1동 수원역푸르지오자이 북문 우측,고정형,2023-12-01,,,
2023,수원시,팔달구청,2023-07-13 17:02,매산동 팅스몰 주차장 출구 옆,고정형,2023-12-01,,,
2023,수원시,팔달구청,2023-07-13 17:03,인계동 드림캐슬주상복합,고정형,2023-12-01,,,
2023,수원시,권선구청,2023-07-13 17:08,입북동 당수초교 정문 우측 사거리,고정형,2023-12-01,,,
2023,수원시,팔달구청,2023-07-13 17:12,인계동 한국씨티은행,고정형,2023-12-01,,,
2023,수원시,팔달구청,2023-07-13 17:19,매산동 팅스몰 주차장 출구 옆,고정형,2023-12-01,,,
2023,수원시,팔달구청,2023-07-13 17:57,인계동 드림캐슬주상복합,고정형,2023-12-01,,,
2023,수원시,팔달구청,2023-07-13 18:01,인계동 드림캐슬주상복합,고정형,2023-12-01,,,
2023,수원시,팔달구청,2023-07-13 18:09,매산동 팔달로 10번길 8,고정형,2023-12-01,,,
2023,수원시,팔달구청,2023-07-13 18:29,교동 수원향교 앞 팔달보건소 뒤,고정형,2023-12-01,,,
2023,수원시,팔달구청,2023-07-13 18:32,인계동 드림캐슬주상복합,고정형,2023-12-01,,,
2023,수원시,팔달구청,2023-07-13 18:44,매산동 팅스몰 주차장 출구 옆,고정형,2023-12-01,,,
2023,수원시,팔달구청,2023-07-13 18:46,화서1동 푸르지오자이 북문 CU 앞 횡단보도,고정형,2023-12-01,,,
2023,수원시,팔달구청,2023-07-13 18:53,화서1동 수원역푸르지오자이 북문 우측,고정형,2023-12-01,,,
2023,수원시,영통구청,2023-07-13 20:14,영통동 롯데마트 뒤,고정형,2023-12-01,37.27220279535416,127.10856729001851,
2023,수원시,영통구청,2023-07-13 20:26,망포동 E-마트 에브리데이 앞,고정형,2023-12-01,37.2361017468141,127.060345496536,
2023,수원시,팔달구청,2023-07-13 20:32,교동 수원향교 앞 팔달보건소 뒤,고정형,2023-12-01,,,
2023,수원시,영통구청,2023-07-13 20:35,184.09,주행형,2023-12-01,,,
2023,수원시,영통구청,2023-07-13 20:35,184.09,주행형,2023-12-01,,,
2023,수원시,영통구청,2023-07-13 20:35,209.55,주행형,2023-12-01,,,
2023,수원시,영통구청,2023-07-13 20:35,209.55,주행형,2023-12-01,,,
2023,수원시,영통구청,2023-07-13 20:35,178.74,주행형,2023-12-01,,,
2023,수원시,영통구청,2023-07-13 20:35,178.74,주행형,2023-12-01,,,
2023,수원시,영통구청,2023-07-13 20:35,178.74,주행형,2023-12-01,,,
2023,수원시,영통구청,2023-07-13 20:35,123.27,주행형,2023-12-01,,,
2023,수원시,영통구청,2023-07-13 20:35,123.27,주행형,2023-12-01,,,
2023,수원시,영통구청,2023-07-13 20:36,195.7,주행형,2023-12-01,,,
2023,수원시,영통구청,2023-07-13 20:36,195.7,주행형,2023-12-01,,,
2023,수원시,영통구청,2023-07-13 20:36,208.02,주행형,2023-12-01,,,
2023,수원시,영통구청,2023-07-13 20:36,208.02,주행형,2023-12-01,,,
2023,수원시,영통구청,2023-07-13 20:36,207.48,주행형,2023-12-01,,,
2023,수원시,영통구청,2023-07-13 20:36,207.48,주행형,2023-12-01,,,
2023,수원시,영통구청,2023-07-13 20:36,209.38,주행형,2023-12-01,,,
2023,수원시,영통구청,2023-07-13 20:36,209.38,주행형,2023-12-01,,,
2023,수원시,영통구청,2023-07-13 20:36,211.86,주행형,2023-12-01,,,
2023,수원시,영통구청,2023-07-13 20:36,211.86,주행형,2023-12-01,,,
2023,수원시,영통구청,2023-07-13 20:36,210.12,주행형,2023-12-01,,,
2023,수원시,영통구청,2023-07-13 20:36,210.12,주행형,2023-12-01,,,
2023,수원시,영통구청,2023-07-13 20:36,201.16,주행형,2023-12-01,,,
2023,수원시,영통구청,2023-07-13 20:36,201.16,주행형,2023-12-01,,,
2023,수원시,영통구청,2023-07-13 20:36,183.54,주행형,2023-12-01,,,
2023,수원시,영통구청,2023-07-13 20:36,183.54,주행형,2023-12-01,,,
2023,수원시,영통구청,2023-07-13 20:36,187.04,주행형,2023-12-01,,,
2023,수원시,영통구청,2023-07-13 20:36,187.04,주행형,2023-12-01,,,
2023,수원시,팔달구청,2023-07-13 20:42,매교동 매교동 77-84 교차로모퉁이,국민신문고,2023-12-01,,,
2023,수원시,팔달구청,2023-07-13 21:24,인계동 드림캐슬주상복합,고정형,2023-12-01,,,
2023,수원시,팔달구청,2023-07-13 21:43,인계동 드림캐슬주상복합,고정형,2023-12-01,,,
2023,수원시,권선구청,2023-07-14 5:45,곡반정동 562-2,국민신문고,2023-12-01,,,
2023,수원시,팔달구청,2023-07-14 7:02,화서1동 수원역푸르지오자이 북문 우측,고정형,2023-12-01,,,
2023,수원시,팔달구청,2023-07-14 7:03,화서1동 푸르지오자이 북문 CU 앞 횡단보도,고정형,2023-12-01,,,
2023,수원시,팔달구청,2023-07-14 7:03,화서1동 푸르지오자이 북문 CU 앞 횡단보도,고정형,2023-12-01,,,
2023,수원시,팔달구청,2023-07-14 7:34,화서1동 푸르지오자이 북문 CU 앞 횡단보도,고정형,2023-12-01,,,
2023,수원시,팔달구청,2023-07-14 7:35,인계동 경인통계청,고정형,2023-12-01,,,
2023,수원시,팔달구청,2023-07-14 7:35,매산동 팅스몰 주차장 출구 옆,고정형,2023-12-01,,,
2023,수원시,권선구청,2023-07-14 8:03,곡반정동 하나로마트한국빌딩앞,고정형,2023-12-01,,,
2023,수원시,권선구청,2023-07-14 8:03,곡반정동 하나로마트한국빌딩앞,고정형,2023-12-01,,,
2023,수원시,권선구청,2023-07-14 8:04,곡반정동 하나로마트한국빌딩앞,고정형,2023-12-01,,,
2023,수원시,권선구청,2023-07-14 8:04,곡반정동 하나로마트한국빌딩앞,고정형,2023-12-01,,,
2023,수원시,권선구청,2023-07-14 8:05,서둔동 가온팰리스옆2,고정형,2023-12-01,,,
2023,수원시,권선구청,2023-07-14 8:05,곡반정동 하나로마트한국빌딩앞,고정형,2023-12-01,,,
2023,수원시,권선구청,2023-07-14 8:06,곡반정동 하나로마트한국빌딩앞,고정형,2023-12-01,,,
2023,수원시,권선구청,2023-07-14 8:06,곡반정동 하나로마트한국빌딩앞,고정형,2023-12-01,,,
2023,수원시,권선구청,2023-07-14 8:06,곡반정동 하나로마트한국빌딩앞,고정형,2023-12-01,,,
2023,수원시,권선구청,2023-07-14 8:11,곡반정동 하나로마트한국빌딩앞,고정형,2023-12-01,,,
2023,수원시,팔달구청,2023-07-14 8:50,교동 수원향교 앞 팔달보건소 뒤,고정형,2023-12-01,,,
2023,수원시,팔달구청,2023-07-14 8:53,화서1동 푸르지오자이 북문 CU 앞 횡단보도,고정형,2023-12-01,,,
2023,수원시,팔달구청,2023-07-14 9:17,인계동 드림캐슬주상복합,고정형,2023-12-01,,,
2023,수원시,권선구청,2023-07-14 9:20,곡반정동 하나로마트한국빌딩앞,고정형,2023-12-01,,,
2023,수원시,팔달구청,2023-07-14 9:29,교동 수원향교 앞 팔달보건소 뒤,고정형,2023-12-01,,,
2023,수원시,권선구청,2023-07-14 9:50,고색동 도이치 고객주차장 출입구,고정형,2023-12-01,,,
2023,수원시,영통구청,2023-07-14 10:00,302.21,주행형,2023-12-01,,,
2023,수원시,영통구청,2023-07-14 10:00,302.21,주행형,2023-12-01,,,
2023,수원시,영통구청,2023-07-14 10:00,297.19,주행형,2023-12-01,,,
2023,수원시,영통구청,2023-07-14 10:00,297.19,주행형,2023-12-01,,,
2023,수원시,영통구청,2023-07-14 10:00,301.3,주행형,2023-12-01,,,
2023,수원시,영통구청,2023-07-14 10:00,301.3,주행형,2023-12-01,,,
2023,수원시,영통구청,2023-07-14 10:00,298.06,주행형,2023-12-01,,,
2023,수원시,영통구청,2023-07-14 10:00,298.06,주행형,2023-12-01,,,
2023,수원시,영통구청,2023-07-14 10:00,298.06,주행형,2023-12-01,,,
2023,수원시,영통구청,2023-07-14 10:02,190.19,주행형,2023-12-01,,,
2023,수원시,영통구청,2023-07-14 10:02,190.19,주행형,2023-12-01,,,
2023,수원시,영통구청,2023-07-14 10:02,190.19,주행형,2023-12-01,,,
2023,수원시,영통구청,2023-07-14 10:02,196.63,주행형,2023-12-01,,,
2023,수원시,영통구청,2023-07-14 10:02,196.63,주행형,2023-12-01,,,
2023,수원시,영통구청,2023-07-14 10:02,192.83,주행형,2023-12-01,,,
2023,수원시,영통구청,2023-07-14 10:02,192.83,주행형,2023-12-01,,,
2023,수원시,영통구청,2023-07-14 10:02,170.31,주행형,2023-12-01,,,
2023,수원시,영통구청,2023-07-14 10:02,170.31,주행형,2023-12-01,,,
2023,수원시,영통구청,2023-07-14 10:04,218.79,주행형,2023-12-01,,,
2023,수원시,영통구청,2023-07-14 10:04,218.79,주행형,2023-12-01,,,
2023,수원시,영통구청,2023-07-14 10:04,218.21,주행형,2023-12-01,,,
2023,수원시,영통구청,2023-07-14 10:04,218.21,주행형,2023-12-01,,,
2023,수원시,영통구청,2023-07-14 10:04,216,주행형,2023-12-01,,,
2023,수원시,영통구청,2023-07-14 10:04,216,주행형,2023-12-01,,,
2023,수원시,영통구청,2023-07-14 10:04,207.61,주행형,2023-12-01,,,
2023,수원시,영통구청,2023-07-14 10:04,207.61,주행형,2023-12-01,,,
2023,수원시,영통구청,2023-07-14 10:05,277.71,주행형,2023-12-01,,,
2023,수원시,영통구청,2023-07-14 10:05,277.71,주행형,2023-12-01,,,
2023,수원시,영통구청,2023-07-14 10:05,263.25,주행형,2023-12-01,,,
2023,수원시,영통구청,2023-07-14 10:05,263.25,주행형,2023-12-01,,,
2023,수원시,영통구청,2023-07-14 10:05,263.25,주행형,2023-12-01,,,
2023,수원시,영통구청,2023-07-14 10:05,240.21,주행형,2023-12-01,,,
2023,수원시,영통구청,2023-07-14 10:05,240.21,주행형,2023-12-01,,,
2023,수원시,영통구청,2023-07-14 10:05,208.13,주행형,2023-12-01,,,
2023,수원시,영통구청,2023-07-14 10:05,208.13,주행형,2023-12-01,,,
2023,수원시,영통구청,2023-07-14 10:06,253.26,주행형,2023-12-01,,,
2023,수원시,영통구청,2023-07-14 10:06,253.26,주행형,2023-12-01,,,
2023,수원시,영통구청,2023-07-14 10:08,82.51,주행형,2023-12-01,,,
2023,수원시,영통구청,2023-07-14 10:08,82.51,주행형,2023-12-01,,,
2023,수원시,영통구청,2023-07-14 10:08,181.11,주행형,2023-12-01,,,
2023,수원시,영통구청,2023-07-14 10:08,181.11,주행형,2023-12-01,,,
2023,수원시,영통구청,2023-07-14 10:08,173.2,주행형,2023-12-01,,,
2023,수원시,영통구청,2023-07-14 10:08,173.2,주행형,2023-12-01,,,
2023,수원시,영통구청,2023-07-14 10:08,176.3,주행형,2023-12-01,,,
2023,수원시,영통구청,2023-07-14 10:08,176.3,주행형,2023-12-01,,,
2023,수원시,영통구청,2023-07-14 10:08,194.07,주행형,2023-12-01,,,
2023,수원시,영통구청,2023-07-14 10:08,194.07,주행형,2023-12-01,,,
2023,수원시,영통구청,2023-07-14 10:14,이의동 드림스퀘어Ⅱ 앞,고정형,2023-12-01,,,
2023,수원시,권선구청,2023-07-14 10:15,곡반정동 하나로마트한국빌딩앞,고정형,2023-12-01,,,
2023,수원시,영통구청,2023-07-14 10:24,42.42,주행형,2023-12-01,,,
2023,수원시,영통구청,2023-07-14 10:24,45.63,주행형,2023-12-01,,,
2023,수원시,영통구청,2023-07-14 10:24,40.98,주행형,2023-12-01,,,
2023,수원시,영통구청,2023-07-14 10:24,49.63,주행형,2023-12-01,,,
2023,수원시,영통구청,2023-07-14 10:24,39.69,주행형,2023-12-01,,,
2023,수원시,영통구청,2023-07-14 10:24,41.14,주행형,2023-12-01,,,
2023,수원시,팔달구청,2023-07-14 10:25,화서1동 수원역푸르지오자이 북문 우측,고정형,2023-12-01,,,
2023,수원시,영통구청,2023-07-14 10:31,74.21,주행형,2023-12-01,,,
2023,수원시,영통구청,2023-07-14 10:31,74.21,주행형,2023-12-01,,,
2023,수원시,영통구청,2023-07-14 10:31,74.21,주행형,2023-12-01,,,
2023,수원시,영통구청,2023-07-14 10:31,70.15,주행형,2023-12-01,,,
2023,수원시,영통구청,2023-07-14 10:31,70.15,주행형,2023-12-01,,,
2023,수원시,팔달구청,2023-07-14 10:32,교동 수원향교 앞 팔달보건소 뒤,고정형,2023-12-01,,,
2023,수원시,권선구청,2023-07-14 10:38,평동 고현초교 정문 좌측 삼거리,고정형,2023-12-01,,,
2023,수원시,영통구청,2023-07-14 10:51,50.35,주행형,2023-12-01,,,
2023,수원시,영통구청,2023-07-14 10:51,50.76,주행형,2023-12-01,,,
2023,수원시,영통구청,2023-07-14 10:51,111.98,주행형,2023-12-01,,,
2023,수원시,영통구청,2023-07-14 10:51,109.84,주행형,2023-12-01,,,
2023,수원시,영통구청,2023-07-14 10:52,34.14,주행형,2023-12-01,,,
2023,수원시,영통구청,2023-07-14 10:52,19.84,주행형,2023-12-01,,,
2023,수원시,영통구청,2023-07-14 10:52,49.7,주행형,2023-12-01,,,
2023,수원시,영통구청,2023-07-14 10:52,60.76,주행형,2023-12-01,,,
2023,수원시,영통구청,2023-07-14 10:52,70.24,주행형,2023-12-01,,,
2023,수원시,영통구청,2023-07-14 10:53,46.49,주행형,2023-12-01,,,
2023,수원시,권선구청,2023-07-14 11:03,금곡동 가온초교 정문 우측 사거리,고정형,2023-12-01,,,
2023,수원시,장안구청,2023-07-14 11:19,조원동 조원로41번길,주행형,2023-12-01,,,
2023,수원시,팔달구청,2023-07-14 11:31,화서1동 수원역푸르지오자이 북문 우측,고정형,2023-12-01,,,
2023,수원시,권선구청,2023-07-14 12:32,곡반정동 562-2,국민신문고,2023-12-01,,,
2023,수원시,권선구청,2023-07-14 13:12,권선동 191-4,국민신문고,2023-12-01,,,
2023,수원시,권선구청,2023-07-14 13:29,입북동 당수초교 정문 우측 사거리,고정형,2023-12-01,,,
2023,수원시,권선구청,2023-07-14 13:29,평동 오현초교 정문 우측 사거리,고정형,2023-12-01,,,
2023,수원시,팔달구청,2023-07-14 14:03,화서1동 수원역푸르지오자이 북문 우측,고정형,2023-12-01,,,
2023,수원시,영통구청,2023-07-14 14:12,202.16,주행형,2023-12-01,,,
2023,수원시,영통구청,2023-07-14 14:12,197.35,주행형,2023-12-01,,,
2023,수원시,영통구청,2023-07-14 14:12,192.54,주행형,2023-12-01,,,
2023,수원시,영통구청,2023-07-14 14:16,200.04,주행형,2023-12-01,,,
2023,수원시,영통구청,2023-07-14 14:16,201.66,주행형,2023-12-01,,,
2023,수원시,영통구청,2023-07-14 14:17,242.19,주행형,2023-12-01,,,
2023,수원시,영통구청,2023-07-14 14:17,201.74,주행형,2023-12-01,,,
2023,수원시,영통구청,2023-07-14 14:17,206.21,주행형,2023-12-01,,,
2023,수원시,영통구청,2023-07-14 14:17,201.37,주행형,2023-12-01,,,
2023,수원시,영통구청,2023-07-14 14:17,197.48,주행형,2023-12-01,,,
2023,수원시,영통구청,2023-07-14 14:17,199.45,주행형,2023-12-01,,,
2023,수원시,영통구청,2023-07-14 14:17,201.3,주행형,2023-12-01,,,
2023,수원시,영통구청,2023-07-14 14:18,195.08,주행형,2023-12-01,,,
2023,수원시,영통구청,2023-07-14 14:24,188.46,주행형,2023-12-01,,,
2023,수원시,영통구청,2023-07-14 14:24,188.46,주행형,2023-12-01,,,
2023,수원시,권선구청,2023-07-14 14:31,입북동 당수초교 정문 우측 사거리,고정형,2023-12-01,,,
2023,수원시,팔달구청,2023-07-14 14:33,매산동 역전농협,고정형,2023-12-01,,,
2023,수원시,팔달구청,2023-07-14 14:33,매산동 팅스몰 주차장 출구 옆,고정형,2023-12-01,,,
2023,수원시,팔달구청,2023-07-14 14:35,인계동 한국씨티은행,고정형,2023-12-01,,,
2023,수원시,팔달구청,2023-07-14 14:36,인계동 드림캐슬주상복합,고정형,2023-12-01,,,
2023,수원시,팔달구청,2023-07-14 14:41,인계동 드림캐슬주상복합,고정형,2023-12-01,,,
2023,수원시,팔달구청,2023-07-14 14:42,화서1동 수원역푸르지오자이 북문 우측,고정형,2023-12-01,,,
2023,수원시,권선구청,2023-07-14 14:45,곡반정동 하나로마트한국빌딩앞,고정형,2023-12-01,,,
2023,수원시,팔달구청,2023-07-14 14:50,영동 영동 팔달문로9,주행형,2023-12-01,,,
2023,수원시,팔달구청,2023-07-14 14:59,인계동 경인통계청,고정형,2023-12-01,,,
2023,수원시,팔달구청,2023-07-14 15:06,장안동 장안동 화서문로17번길,주행형,2023-12-01,,,
2023,수원시,팔달구청,2023-07-14 15:06,장안동 장안동 화서문로17번길,주행형,2023-12-01,,,
2023,수원시,팔달구청,2023-07-14 15:06,장안동 장안동 화서문로17번길,주행형,2023-12-01,,,
2023,수원시,팔달구청,2023-07-14 15:06,장안동 장안동 화서문로17번길,주행형,2023-12-01,,,
2023,수원시,팔달구청,2023-07-14 15:11,신풍동 신풍동 화서문로 53-1,주행형,2023-12-01,,,
2023,수원시,팔달구청,2023-07-14 15:18,매산동 팅스몰 주차장 출구 옆,고정형,2023-12-01,,,
2023,수원시,팔달구청,2023-07-14 15:18,화서1동 수원역푸르지오자이 북문 우측,고정형,2023-12-01,,,
2023,수원시,팔달구청,2023-07-14 15:31,매산동 팔달로 10번길 8,고정형,2023-12-01,,,
2023,수원시,권선구청,2023-07-14 15:31,서둔동 가온팰리스옆2,고정형,2023-12-01,,,
2023,수원시,권선구청,2023-07-14 15:31,서둔동 가온팰리스옆2,고정형,2023-12-01,,,
2023,수원시,팔달구청,2023-07-14 15:33,매향동 매향동 창룡대로 80,주행형,2023-12-01,,,
2023,수원시,팔달구청,2023-07-14 15:33,매향동 매향동 창룡대로 80,주행형,2023-12-01,,,
2023,수원시,팔달구청,2023-07-14 15:41,경기도수원시팔달구지동 수원시 팔달구 고등동61-142,보행,2023-12-01,,,
2023,수원시,팔달구청,2023-07-14 15:56,경기도수원시장안구정자동 수원시 팔달구 화서동 718-2,보행,2023-12-01,,,
2023,수원시,권선구청,2023-07-14 16:05,곡반정동 하나로마트한국빌딩앞,고정형,2023-12-01,,,
2023,수원시,권선구청,2023-07-14 16:09,평동 오목초교 정문 우측 삼거리,고정형,2023-12-01,,,
2023,수원시,권선구청,2023-07-14 16:09,평동 오목초교 정문 우측 삼거리,고정형,2023-12-01,,,
2023,수원시,팔달구청,2023-07-14 16:11,매산동 팅스몰 주차장 출구 옆,고정형,2023-12-01,,,
2023,수원시,팔달구청,2023-07-14 16:17,매산동 팅스몰 주차장 출구 옆,고정형,2023-12-01,,,
2023,수원시,팔달구청,2023-07-14 16:19,인계동 경인통계청,고정형,2023-12-01,,,
2023,수원시,팔달구청,2023-07-14 16:44,인계동 드림캐슬주상복합,고정형,2023-12-01,,,
2023,수원시,팔달구청,2023-07-14 17:06,화서1동 화서초등학교 둘레길 중간지점,고정형,2023-12-01,,,
2023,수원시,팔달구청,2023-07-14 17:18,인계동 경인통계청,고정형,2023-12-01,,,
2023,수원시,권선구청,2023-07-14 17:35,입북동 당수초교 정문 우측 사거리,고정형,2023-12-01,,,
2023,수원시,권선구청,2023-07-14 17:36,호매실동 금호프라자 대각 맞은편,고정형,2023-12-01,,,
2023,수원시,팔달구청,2023-07-14 17:43,매산동 팅스몰 주차장 출구 옆,고정형,2023-12-01,,,
2023,수원시,영통구청,2023-07-14 17:59,이의동 광교가재울마을사거리,고정형,2023-12-01,,,
2023,수원시,팔달구청,2023-07-14 18:14,매산동 팅스몰 주차장 출구 옆,고정형,2023-12-01,,,
2023,수원시,팔달구청,2023-07-14 18:15,매산동 팅스몰 주차장 출구 옆,고정형,2023-12-01,,,
2023,수원시,팔달구청,2023-07-14 18:20,매산동 팅스몰 주차장 출구 옆,고정형,2023-12-01,,,
2023,수원시,팔달구청,2023-07-14 18:28,인계동 드림캐슬주상복합,고정형,2023-12-01,,,
2023,수원시,영통구청,2023-07-14 18:29,망포동 E-마트 에브리데이 앞,고정형,2023-12-01,37.2361017468141,127.060345496536,
2023,수원시,권선구청,2023-07-14 18:34,곡반정동 192-4,국민신문고,2023-12-01,,,
2023,수원시,팔달구청,2023-07-14 18:44,인계동 드림캐슬주상복합,고정형,2023-12-01,,,
2023,수원시,팔달구청,2023-07-14 19:34,화서1동 수원역푸르지오자이 북문 우측,고정형,2023-12-01,,,
2023,수원시,팔달구청,2023-07-14 19:51,인계동 드림캐슬주상복합,고정형,2023-12-01,,,
2023,수원시,팔달구청,2023-07-14 20:02,매산동 팅스몰 주차장 출구 옆,고정형,2023-12-01,,,
2023,수원시,영통구청,2023-07-14 20:04,광교동 광교더사랑교회뒷길,고정형,2023-12-01,,,
2023,수원시,팔달구청,2023-07-14 20:05,매산동 팅스몰 주차장 출구 옆,고정형,2023-12-01,,,
2023,수원시,팔달구청,2023-07-14 20:19,인계동 드림캐슬주상복합,고정형,2023-12-01,,,
2023,수원시,팔달구청,2023-07-14 20:22,인계동 드림캐슬주상복합,고정형,2023-12-01,,,
2023,수원시,팔달구청,2023-07-14 20:25,인계동 드림캐슬주상복합,고정형,2023-12-01,,,
2023,수원시,영통구청,2023-07-14 20:32,망포동 E-마트 에브리데이 앞,고정형,2023-12-01,37.2361017468141,127.060345496536,
2023,수원시,팔달구청,2023-07-14 21:29,인계동 드림캐슬주상복합,고정형,2023-12-01,,,
2023,수원시,팔달구청,2023-07-14 21:30,매산동 역전농협,고정형,2023-12-01,,,
2023,수원시,권선구청,2023-07-15 9:02,곡반정동 궁촌육교앞,고정형,2023-12-01,,,
2023,수원시,권선구청,2023-07-15 9:03,곡반정동 하나로마트한국빌딩앞,고정형,2023-12-01,,,
2023,수원시,팔달구청,2023-07-15 9:03,인계동 경인통계청,고정형,2023-12-01,,,
2023,수원시,팔달구청,2023-07-15 9:03,인계동 드림캐슬주상복합,고정형,2023-12-01,,,
2023,수원시,영통구청,2023-07-15 9:03,이의동 드림스퀘어Ⅱ 앞,고정형,2023-12-01,,,
2023,수원시,권선구청,2023-07-15 9:04,곡반정동 하나로마트한국빌딩앞,고정형,2023-12-01,,,
2023,수원시,권선구청,2023-07-15 9:04,곡반정동 하나로마트한국빌딩앞,고정형,2023-12-01,,,
2023,수원시,권선구청,2023-07-15 9:04,곡반정동 하나로마트한국빌딩앞,고정형,2023-12-01,,,
2023,수원시,팔달구청,2023-07-15 9:04,매산동 팅스몰 주차장 출구 옆,고정형,2023-12-01,,,
2023,수원시,권선구청,2023-07-15 9:05,서둔동 가온팰리스옆2,고정형,2023-12-01,,,
2023,수원시,팔달구청,2023-07-15 9:05,인계동 드림캐슬주상복합,고정형,2023-12-01,,,
2023,수원시,팔달구청,2023-07-15 9:05,인계동 드림캐슬주상복합,고정형,2023-12-01,,,
2023,수원시,팔달구청,2023-07-15 9:05,매산동 팅스몰 주차장 출구 옆,고정형,2023-12-01,,,
2023,수원시,영통구청,2023-07-15 9:06,원천동 광교 한화겔러리아 앞,고정형,2023-12-01,,,
2023,수원시,팔달구청,2023-07-15 9:18,인계동 한국씨티은행,고정형,2023-12-01,,,
2023,수원시,권선구청,2023-07-15 9:18,곡반정동 하나로마트한국빌딩앞,고정형,2023-12-01,,,
2023,수원시,팔달구청,2023-07-15 9:20,인계동 경인통계청,고정형,2023-12-01,,,
2023,수원시,권선구청,2023-07-15 9:51,서둔동 1212,국민신문고,2023-12-01,,,
2023,수원시,팔달구청,2023-07-15 9:56,매산동 팅스몰 주차장 출구 옆,고정형,2023-12-01,,,
2023,수원시,팔달구청,2023-07-15 10:04,인계동 경인통계청,고정형,2023-12-01,,,
2023,수원시,팔달구청,2023-07-15 10:10,매산동 팅스몰 주차장 출구 옆,고정형,2023-12-01,,,
2023,수원시,권선구청,2023-07-15 10:12,곡반정동 하나로마트한국빌딩앞,고정형,2023-12-01,,,
2023,수원시,팔달구청,2023-07-15 10:12,화서1동 수원역푸르지오자이 북문 우측,고정형,2023-12-01,,,
2023,수원시,팔달구청,2023-07-15 10:16,매산동 팅스몰 주차장 출구 옆,고정형,2023-12-01,,,
2023,수원시,권선구청,2023-07-15 10:17,고색동 도이치 고객주차장 출입구,고정형,2023-12-01,,,
2023,수원시,영통구청,2023-07-15 10:24,이의동 도청예정부지,고정형,2023-12-01,,,
2023,수원시,팔달구청,2023-07-15 10:34,인계동 한국씨티은행,고정형,2023-12-01,,,
2023,수원시,권선구청,2023-07-15 10:40,오목천동 527-5,국민신문고,2023-12-01,,,
2023,수원시,팔달구청,2023-07-15 10:48,화서1동 푸르지오자이 북문 CU 앞 횡단보도,고정형,2023-12-01,,,
2023,수원시,영통구청,2023-07-15 10:55,광교동 광교이의119안전센터,고정형,2023-12-01,,,
2023,수원시,영통구청,2023-07-15 10:55,광교동 광교이의119안전센터,고정형,2023-12-01,,,
2023,수원시,팔달구청,2023-07-15 11:08,화서1동 푸르지오자이 북문 CU 앞 횡단보도,고정형,2023-12-01,,,
2023,수원시,팔달구청,2023-07-15 11:32,매산동 역전농협,고정형,2023-12-01,,,
2023,수원시,영통구청,2023-07-15 11:34,201.18,주행형,2023-12-01,,,
2023,수원시,영통구청,2023-07-15 11:34,196.94,주행형,2023-12-01,,,
2023,수원시,영통구청,2023-07-15 11:34,161.58,주행형,2023-12-01,,,
2023,수원시,영통구청,2023-07-15 11:34,110.04,주행형,2023-12-01,,,
2023,수원시,영통구청,2023-07-15 11:56,망포동 E-마트 에브리데이 앞,고정형,2023-12-01,37.2361017468141,127.060345496536,
2023,수원시,영통구청,2023-07-15 11:57,망포동 E-마트 에브리데이 앞,고정형,2023-12-01,37.2361017468141,127.060345496536,
2023,수원시,팔달구청,2023-07-15 11:58,화서1동 푸르지오자이 북문 CU 앞 횡단보도,고정형,2023-12-01,,,
2023,수원시,영통구청,2023-07-15 11:59,263.85,주행형,2023-12-01,,,
2023,수원시,영통구청,2023-07-15 11:59,262.99,주행형,2023-12-01,,,
2023,수원시,팔달구청,2023-07-15 12:15,인계동 인계동 권광로303번길,주행형,2023-12-01,,,
2023,수원시,팔달구청,2023-07-15 12:15,인계동 인계동 권광로303번길,주행형,2023-12-01,,,
2023,수원시,영통구청,2023-07-15 12:16,망포동 E-마트 에브리데이 앞,고정형,2023-12-01,37.2361017468141,127.060345496536,
2023,수원시,영통구청,2023-07-15 12:29,영통동 마사회뒷길,고정형,2023-12-01,,,
2023,수원시,영통구청,2023-07-15 12:55,하동 광교호반마을한양수자인,고정형,2023-12-01,,,
2023,수원시,영통구청,2023-07-15 13:01,216.03,주행형,2023-12-01,,,
2023,수원시,영통구청,2023-07-15 13:04,35.68,주행형,2023-12-01,,,
2023,수원시,권선구청,2023-07-15 13:12,고색동 도이치 고객주차장 출입구,고정형,2023-12-01,,,
2023,수원시,영통구청,2023-07-15 13:29,이의동 광교호반베르디움 103동 앞,고정형,2023-12-01,,,
2023,수원시,팔달구청,2023-07-15 13:42,행궁동 팔달문 버스정류장,고정형,2023-12-01,,,
2023,수원시,장안구청,2023-07-15 13:49,정자동 수성로189번길,주행형,2023-12-01,,,
2023,수원시,장안구청,2023-07-15 13:49,정자동 수성로189번길,주행형,2023-12-01,,,
2023,수원시,팔달구청,2023-07-15 14:13,교동 수원향교 앞 팔달보건소 뒤,고정형,2023-12-01,,,
2023,수원시,권선구청,2023-07-15 14:33,서둔동 가온팰리스옆2,고정형,2023-12-01,,,
2023,수원시,팔달구청,2023-07-15 14:34,매산동 팅스몰 주차장 출구 옆,고정형,2023-12-01,,,
2023,수원시,팔달구청,2023-07-15 14:34,매산동 팅스몰 주차장 출구 옆,고정형,2023-12-01,,,
2023,수원시,팔달구청,2023-07-15 14:34,매산동 팅스몰 주차장 출구 옆,고정형,2023-12-01,,,
2023,수원시,팔달구청,2023-07-15 14:34,인계동 한국씨티은행,고정형,2023-12-01,,,
2023,수원시,팔달구청,2023-07-15 14:36,매산동 팅스몰 주차장 출구 옆,고정형,2023-12-01,,,
2023,수원시,팔달구청,2023-07-15 14:36,매산동 팔달로 10번길 8,고정형,2023-12-01,,,
2023,수원시,팔달구청,2023-07-15 14:37,화서1동 푸르지오자이 북문 CU 앞 횡단보도,고정형,2023-12-01,,,
2023,수원시,팔달구청,2023-07-15 14:38,인계동 경인통계청,고정형,2023-12-01,,,
2023,수원시,팔달구청,2023-07-15 14:39,매산동 팔달로 10번길 8,고정형,2023-12-01,,,
2023,수원시,팔달구청,2023-07-15 14:42,매산동 팅스몰 주차장 출구 옆,고정형,2023-12-01,,,
2023,수원시,팔달구청,2023-07-15 14:44,매산동 팅스몰 주차장 출구 옆,고정형,2023-12-01,,,
2023,수원시,권선구청,2023-07-15 14:50,권선동 NC터미널점 버스정류장 앞,고정형,2023-12-01,,,
2023,수원시,권선구청,2023-07-15 14:52,오목천동 527-5,국민신문고,2023-12-01,,,
2023,수원시,팔달구청,2023-07-15 15:10,화서1동 수원역푸르지오자이 북문 우측,고정형,2023-12-01,,,
2023,수원시,팔달구청,2023-07-15 15:13,인계동 한국씨티은행,고정형,2023-12-01,,,
2023,수원시,팔달구청,2023-07-15 15:13,인계동 한국씨티은행,고정형,2023-12-01,,,
2023,수원시,권선구청,2023-07-15 15:19,서둔동 수원역한라비발디퍼스트 앞1,고정형,2023-12-01,,,
2023,수원시,팔달구청,2023-07-15 15:23,인계동 경인통계청,고정형,2023-12-01,,,
2023,수원시,팔달구청,2023-07-15 15:28,인계동 한국씨티은행,고정형,2023-12-01,,,
2023,수원시,팔달구청,2023-07-15 15:29,매산동 팅스몰 주차장 출구 옆,고정형,2023-12-01,,,
2023,수원시,팔달구청,2023-07-15 15:31,인계동 드림캐슬주상복합,고정형,2023-12-01,,,
2023,수원시,팔달구청,2023-07-15 15:39,인계동 드림캐슬주상복합,고정형,2023-12-01,,,
2023,수원시,팔달구청,2023-07-15 15:39,인계동 경인통계청,고정형,2023-12-01,,,
2023,수원시,영통구청,2023-07-15 15:40,원천동 삼성전자중문,고정형,2023-12-01,,,
2023,수원시,권선구청,2023-07-15 15:49,서둔동 가온팰리스옆1,고정형,2023-12-01,,,
2023,수원시,영통구청,2023-07-15 15:51,영통구 영톧동 1079,국민신문고,2023-12-01,,,
2023,수원시,팔달구청,2023-07-15 15:56,매산동 팅스몰 주차장 출구 옆,고정형,2023-12-01,,,
2023,수원시,권선구청,2023-07-15 16:00,서둔동 롯데몰9번출구앞주변,고정형,2023-12-01,,,
2023,수원시,영통구청,2023-07-15 16:04,영통동 마사회뒷길,고정형,2023-12-01,,,
2023,수원시,권선구청,2023-07-15 16:05,서둔동 수원역한라비발디퍼스트 앞1,고정형,2023-12-01,,,
2023,수원시,권선구청,2023-07-15 16:06,서둔동 가온팰리스옆2,고정형,2023-12-01,,,
2023,수원시,팔달구청,2023-07-15 16:08,인계동 경인통계청,고정형,2023-12-01,,,
2023,수원시,권선구청,2023-07-15 16:11,곡반정동 하나로마트한국빌딩앞,고정형,2023-12-01,,,
2023,수원시,팔달구청,2023-07-15 16:11,인계동 드림캐슬주상복합,고정형,2023-12-01,,,
2023,수원시,권선구청,2023-07-15 16:18,서둔동 수원역한라비발디퍼스트 앞1,고정형,2023-12-01,,,
2023,수원시,권선구청,2023-07-15 16:19,서둔동 수원역한라비발디퍼스트 앞2,고정형,2023-12-01,,,
2023,수원시,영통구청,2023-07-15 16:21,영통동 마사회뒷길,고정형,2023-12-01,,,
2023,수원시,권선구청,2023-07-15 16:23,서둔동 수원역한라비발디퍼스트 앞1,고정형,2023-12-01,,,
2023,수원시,팔달구청,2023-07-15 16:28,인계동 한국씨티은행,고정형,2023-12-01,,,
2023,수원시,팔달구청,2023-07-15 16:29,화서1동 수원역푸르지오자이 북문 우측,고정형,2023-12-01,,,
2023,수원시,영통구청,2023-07-15 16:30,영통동 마사회뒷길,고정형,2023-12-01,,,
2023,수원시,팔달구청,2023-07-15 16:34,인계동 한국씨티은행,고정형,2023-12-01,,,
2023,수원시,팔달구청,2023-07-15 16:37,매산동 팅스몰 주차장 출구 옆,고정형,2023-12-01,,,
2023,수원시,권선구청,2023-07-15 16:45,서둔동 가온팰리스옆1,고정형,2023-12-01,,,
2023,수원시,영통구청,2023-07-15 16:46,광교동 광교웰빙타운한양수자인,고정형,2023-12-01,,,
2023,수원시,권선구청,2023-07-15 16:54,곡반정동 하나로마트한국빌딩앞,고정형,2023-12-01,,,
2023,수원시,팔달구청,2023-07-15 17:00,인계동 한국씨티은행,고정형,2023-12-01,,,
2023,수원시,권선구청,2023-07-15 17:10,곡반정동 하나로마트한국빌딩앞,고정형,2023-12-01,,,
2023,수원시,팔달구청,2023-07-15 17:18,화서1동 수원역푸르지오자이 북문 우측,고정형,2023-12-01,,,
2023,수원시,팔달구청,2023-07-15 17:19,인계동 드림캐슬주상복합,고정형,2023-12-01,,,
2023,수원시,권선구청,2023-07-15 17:20,평동 자동차매매센터2,고정형,2023-12-01,,,
2023,수원시,팔달구청,2023-07-15 17:25,화서1동 푸르지오자이 북문 CU 앞 횡단보도,고정형,2023-12-01,,,
2023,수원시,팔달구청,2023-07-15 17:25,화서1동 푸르지오자이 북문 CU 앞 횡단보도,고정형,2023-12-01,,,
2023,수원시,팔달구청,2023-07-15 17:26,인계동 드림캐슬주상복합,고정형,2023-12-01,,,
2023,수원시,팔달구청,2023-07-15 17:26,인계동 드림캐슬주상복합,고정형,2023-12-01,,,
2023,수원시,팔달구청,2023-07-15 17:40,매산동 팅스몰 주차장 출구 옆,고정형,2023-12-01,,,
2023,수원시,팔달구청,2023-07-15 17:48,인계동 경인통계청,고정형,2023-12-01,,,
2023,수원시,팔달구청,2023-07-15 17:54,인계동 드림캐슬주상복합,고정형,2023-12-01,,,
2023,수원시,팔달구청,2023-07-15 17:58,화서1동 수원역푸르지오자이 북문 우측,고정형,2023-12-01,,,
2023,수원시,팔달구청,2023-07-15 18:06,매산동 팅스몰 주차장 출구 옆,고정형,2023-12-01,,,
2023,수원시,팔달구청,2023-07-15 18:07,화서1동 수원역푸르지오자이 북문 우측,고정형,2023-12-01,,,
2023,수원시,팔달구청,2023-07-15 18:08,매산동 팔달로 10번길 8,고정형,2023-12-01,,,
2023,수원시,팔달구청,2023-07-15 18:08,매산동 팔달로 10번길 8,고정형,2023-12-01,,,
2023,수원시,팔달구청,2023-07-15 18:22,화서1동 수원역푸르지오자이 북문 우측,고정형,2023-12-01,,,
2023,수원시,영통구청,2023-07-15 18:22,영통구 서천동 254-3,주민신고제,2023-12-01,,,
2023,수원시,팔달구청,2023-07-15 18:25,매산동 팅스몰 주차장 출구 옆,고정형,2023-12-01,,,
2023,수원시,팔달구청,2023-07-15 18:45,인계동 드림캐슬주상복합,고정형,2023-12-01,,,
2023,수원시,권선구청,2023-07-15 18:45,곡반정동 562-2,국민신문고,2023-12-01,,,
2023,수원시,팔달구청,2023-07-15 18:46,인계동 드림캐슬주상복합,고정형,2023-12-01,,,
2023,수원시,팔달구청,2023-07-15 18:53,화서1동 수원역푸르지오자이 북문 우측,고정형,2023-12-01,,,
2023,수원시,팔달구청,2023-07-15 19:00,인계동 드림캐슬주상복합,고정형,2023-12-01,,,
2023,수원시,팔달구청,2023-07-15 19:02,매산동 팅스몰 주차장 출구 옆,고정형,2023-12-01,,,
2023,수원시,팔달구청,2023-07-15 19:06,고등동 고등동 180-17 교차로모퉁이,국민신문고,2023-12-01,,,
2023,수원시,팔달구청,2023-07-15 19:18,화서1동 수원역푸르지오자이 북문 우측,고정형,2023-12-01,,,
2023,수원시,팔달구청,2023-07-15 20:10,인계동 드림캐슬주상복합,고정형,2023-12-01,,,
2023,수원시,팔달구청,2023-07-15 20:14,매산동 팅스몰 주차장 출구 옆,고정형,2023-12-01,,,
2023,수원시,팔달구청,2023-07-15 20:23,인계동 드림캐슬주상복합,고정형,2023-12-01,,,
2023,수원시,팔달구청,2023-07-15 20:26,화서1동 수원역푸르지오자이 북문 우측,고정형,2023-12-01,,,
2023,수원시,권선구청,2023-07-16 9:02,곡반정동 하나로마트한국빌딩앞,고정형,2023-12-01,,,
2023,수원시,팔달구청,2023-07-16 9:02,인계동 경인통계청,고정형,2023-12-01,,,
2023,수원시,권선구청,2023-07-16 9:02,곡반정동 하나로마트한국빌딩앞,고정형,2023-12-01,,,
2023,수원시,권선구청,2023-07-16 9:02,곡반정동 하나로마트한국빌딩앞,고정형,2023-12-01,,,
2023,수원시,권선구청,2023-07-16 9:03,서둔동 가온팰리스옆2,고정형,2023-12-01,,,
2023,수원시,팔달구청,2023-07-16 9:03,인계동 경인통계청,고정형,2023-12-01,,,
2023,수원시,팔달구청,2023-07-16 9:03,인계동 경인통계청,고정형,2023-12-01,,,
2023,수원시,권선구청,2023-07-16 9:03,권선동 권선동 한라비발디앞 놀이터,고정형,2023-12-01,,,
2023,수원시,권선구청,2023-07-16 9:04,곡반정동 하나로마트한국빌딩앞,고정형,2023-12-01,,,
2023,수원시,권선구청,2023-07-16 9:04,곡반정동 하나로마트한국빌딩앞,고정형,2023-12-01,,,
2023,수원시,영통구청,2023-07-16 9:05,광교동 광교 덴티움지식산업센터 앞 사거리,고정형,2023-12-01,,,
2023,수원시,권선구청,2023-07-16 9:05,오목천동 한화꿈에그린아파트 214동앞,고정형,2023-12-01,,,
2023,수원시,영통구청,2023-07-16 9:08,광교동 광교더사랑교회뒷길,고정형,2023-12-01,,,
2023,수원시,권선구청,2023-07-16 9:10,곡반정동 하나로마트한국빌딩앞,고정형,2023-12-01,,,
2023,수원시,팔달구청,2023-07-16 9:11,매산동 팅스몰 주차장 출구 옆,고정형,2023-12-01,,,
2023,수원시,팔달구청,2023-07-16 9:23,매산동 팅스몰 주차장 출구 옆,고정형,2023-12-01,,,
2023,수원시,권선구청,2023-07-16 9:27,서둔동 가온팰리스옆1,고정형,2023-12-01,,,
2023,수원시,팔달구청,2023-07-16 9:29,매산동 팅스몰 주차장 출구 옆,고정형,2023-12-01,,,
2023,수원시,팔달구청,2023-07-16 9:34,매산동 팅스몰 주차장 출구 옆,고정형,2023-12-01,,,
2023,수원시,팔달구청,2023-07-16 9:55,화서1동 수원역푸르지오자이 북문 우측,고정형,2023-12-01,,,
2023,수원시,권선구청,2023-07-16 10:05,서둔동 가온팰리스옆1,고정형,2023-12-01,,,
2023,수원시,권선구청,2023-07-16 10:05,서둔동 가온팰리스옆1,고정형,2023-12-01,,,
2023,수원시,팔달구청,2023-07-16 10:08,매산동 팅스몰 주차장 출구 옆,고정형,2023-12-01,,,
2023,수원시,권선구청,2023-07-16 10:09,오목천동 한화꿈에그린아파트 209동앞,고정형,2023-12-01,,,
2023,수원시,영통구청,2023-07-16 10:17,망포동 E-마트 에브리데이 앞,고정형,2023-12-01,37.2361017468141,127.060345496536,
2023,수원시,팔달구청,2023-07-16 10:39,매산동 팅스몰 주차장 출구 옆,고정형,2023-12-01,,,
2023,수원시,팔달구청,2023-07-16 10:47,인계동 드림캐슬주상복합,고정형,2023-12-01,,,
2023,수원시,영통구청,2023-07-16 11:00,광교동 광교이의119안전센터,고정형,2023-12-01,,,
2023,수원시,팔달구청,2023-07-16 11:07,행궁동 팔달문 버스정류장,고정형,2023-12-01,,,
2023,수원시,영통구청,2023-07-16 11:29,영통동 마사회뒷길,고정형,2023-12-01,,,
2023,수원시,영통구청,2023-07-16 11:59,309.13,주행형,2023-12-01,,,
2023,수원시,영통구청,2023-07-16 11:59,313.35,주행형,2023-12-01,,,
2023,수원시,영통구청,2023-07-16 11:59,315.93,주행형,2023-12-01,,,
2023,수원시,영통구청,2023-07-16 11:59,317.33,주행형,2023-12-01,,,
2023,수원시,영통구청,2023-07-16 11:59,307.77,주행형,2023-12-01,,,
2023,수원시,영통구청,2023-07-16 11:59,307.73,주행형,2023-12-01,,,
2023,수원시,영통구청,2023-07-16 12:00,33.08,주행형,2023-12-01,,,
2023,수원시,영통구청,2023-07-16 12:00,39.33,주행형,2023-12-01,,,
2023,수원시,영통구청,2023-07-16 12:00,37.65,주행형,2023-12-01,,,
2023,수원시,영통구청,2023-07-16 12:00,143.94,주행형,2023-12-01,,,
2023,수원시,영통구청,2023-07-16 12:00,221.9,주행형,2023-12-01,,,
2023,수원시,영통구청,2023-07-16 12:00,41.52,주행형,2023-12-01,,,
2023,수원시,영통구청,2023-07-16 12:00,223.7,주행형,2023-12-01,,,
2023,수원시,영통구청,2023-07-16 12:00,41.03,주행형,2023-12-01,,,
2023,수원시,영통구청,2023-07-16 12:00,9.17,주행형,2023-12-01,,,
2023,수원시,영통구청,2023-07-16 12:00,314.16,주행형,2023-12-01,,,
2023,수원시,영통구청,2023-07-16 12:01,133.3,주행형,2023-12-01,,,
2023,수원시,영통구청,2023-07-16 12:01,127.23,주행형,2023-12-01,,,
2023,수원시,영통구청,2023-07-16 12:01,118.44,주행형,2023-12-01,,,
2023,수원시,영통구청,2023-07-16 12:01,118.44,주행형,2023-12-01,,,
2023,수원시,영통구청,2023-07-16 12:01,105.49,주행형,2023-12-01,,,
2023,수원시,영통구청,2023-07-16 12:01,105.49,주행형,2023-12-01,,,
2023,수원시,영통구청,2023-07-16 12:01,37.56,주행형,2023-12-01,,,
2023,수원시,영통구청,2023-07-16 12:01,40.21,주행형,2023-12-01,,,
2023,수원시,영통구청,2023-07-16 12:01,41.56,주행형,2023-12-01,,,
2023,수원시,영통구청,2023-07-16 12:01,40.24,주행형,2023-12-01,,,
2023,수원시,영통구청,2023-07-16 12:02,147.97,주행형,2023-12-01,,,
2023,수원시,영통구청,2023-07-16 12:03,198.05,주행형,2023-12-01,,,
2023,수원시,영통구청,2023-07-16 12:03,166.16,주행형,2023-12-01,,,
2023,수원시,영통구청,2023-07-16 12:03,299.43,주행형,2023-12-01,,,
2023,수원시,영통구청,2023-07-16 12:03,267.3,주행형,2023-12-01,,,
2023,수원시,영통구청,2023-07-16 12:03,234.18,주행형,2023-12-01,,,
2023,수원시,영통구청,2023-07-16 12:03,234.18,주행형,2023-12-01,,,
2023,수원시,영통구청,2023-07-16 12:03,234.94,주행형,2023-12-01,,,
2023,수원시,영통구청,2023-07-16 12:03,239.34,주행형,2023-12-01,,,
2023,수원시,영통구청,2023-07-16 12:03,236.66,주행형,2023-12-01,,,
2023,수원시,영통구청,2023-07-16 12:03,200.99,주행형,2023-12-01,,,
2023,수원시,영통구청,2023-07-16 12:03,311.77,주행형,2023-12-01,,,
2023,수원시,영통구청,2023-07-16 12:03,311.77,주행형,2023-12-01,,,
2023,수원시,영통구청,2023-07-16 12:03,228.29,주행형,2023-12-01,,,
2023,수원시,영통구청,2023-07-16 12:03,123.51,주행형,2023-12-01,,,
2023,수원시,영통구청,2023-07-16 12:03,221.11,주행형,2023-12-01,,,
2023,수원시,영통구청,2023-07-16 12:04,216.26,주행형,2023-12-01,,,
2023,수원시,영통구청,2023-07-16 12:04,214.84,주행형,2023-12-01,,,
2023,수원시,영통구청,2023-07-16 12:04,210.88,주행형,2023-12-01,,,
2023,수원시,영통구청,2023-07-16 12:04,212.94,주행형,2023-12-01,,,
2023,수원시,영통구청,2023-07-16 12:04,215.65,주행형,2023-12-01,,,
2023,수원시,영통구청,2023-07-16 12:04,233.61,주행형,2023-12-01,,,
2023,수원시,영통구청,2023-07-16 12:04,236.09,주행형,2023-12-01,,,
2023,수원시,영통구청,2023-07-16 12:04,221.64,주행형,2023-12-01,,,
2023,수원시,영통구청,2023-07-16 12:04,216.9,주행형,2023-12-01,,,
2023,수원시,영통구청,2023-07-16 12:04,211.6,주행형,2023-12-01,,,
2023,수원시,영통구청,2023-07-16 12:04,216.43,주행형,2023-12-01,,,
2023,수원시,영통구청,2023-07-16 12:04,216.43,주행형,2023-12-01,,,
2023,수원시,영통구청,2023-07-16 12:04,213.17,주행형,2023-12-01,,,
2023,수원시,영통구청,2023-07-16 12:04,209.37,주행형,2023-12-01,,,
2023,수원시,영통구청,2023-07-16 12:05,164.81,주행형,2023-12-01,,,
2023,수원시,영통구청,2023-07-16 12:05,210.71,주행형,2023-12-01,,,
2023,수원시,영통구청,2023-07-16 12:05,202.27,주행형,2023-12-01,,,
2023,수원시,영통구청,2023-07-16 12:16,172.96,주행형,2023-12-01,,,
2023,수원시,영통구청,2023-07-16 12:18,226.07,주행형,2023-12-01,,,
2023,수원시,영통구청,2023-07-16 12:18,224.48,주행형,2023-12-01,,,
2023,수원시,영통구청,2023-07-16 12:18,88.08,주행형,2023-12-01,,,
2023,수원시,영통구청,2023-07-16 12:18,18.89,주행형,2023-12-01,,,
2023,수원시,영통구청,2023-07-16 12:18,37.25,주행형,2023-12-01,,,
2023,수원시,영통구청,2023-07-16 12:19,229.56,주행형,2023-12-01,,,
2023,수원시,영통구청,2023-07-16 12:50,광교동 광교이의119안전센터,고정형,2023-12-01,,,
2023,수원시,팔달구청,2023-07-16 13:43,화서1동 수원역푸르지오자이 북문 우측,고정형,2023-12-01,,,
2023,수원시,팔달구청,2023-07-16 13:48,화서1동 푸르지오자이 북문 CU 앞 횡단보도,고정형,2023-12-01,,,
2023,수원시,팔달구청,2023-07-16 14:01,화서1동 수원역푸르지오자이 북문 우측,고정형,2023-12-01,,,
2023,수원시,팔달구청,2023-07-16 14:06,화서1동 수원역푸르지오자이 북문 우측,고정형,2023-12-01,,,
2023,수원시,팔달구청,2023-07-16 14:13,매산동 역전농협,고정형,2023-12-01,,,
2023,수원시,권선구청,2023-07-16 14:31,서둔동 롯데몰9번출구앞주변,고정형,2023-12-01,,,
2023,수원시,권선구청,2023-07-16 14:32,곡반정동 하나로마트한국빌딩앞,고정형,2023-12-01,,,
2023,수원시,팔달구청,2023-07-16 14:33,인계동 경인통계청,고정형,2023-12-01,,,
2023,수원시,영통구청,2023-07-16 14:34,영통동 보보스스포츠센터앞,고정형,2023-12-01,,,
2023,수원시,팔달구청,2023-07-16 14:34,인계동 드림캐슬주상복합,고정형,2023-12-01,,,
2023,수원시,권선구청,2023-07-16 14:35,서둔동 가온팰리스옆2,고정형,2023-12-01,,,
2023,수원시,권선구청,2023-07-16 14:35,서둔동 가온팰리스옆2,고정형,2023-12-01,,,
2023,수원시,팔달구청,2023-07-16 14:35,매산동 팅스몰 주차장 출구 옆,고정형,2023-12-01,,,
2023,수원시,팔달구청,2023-07-16 14:36,신풍동 미술관로터리,고정형,2023-12-01,,,
2023,수원시,팔달구청,2023-07-16 14:37,매산동 팅스몰 주차장 출구 옆,고정형,2023-12-01,,,
2023,수원시,팔달구청,2023-07-16 14:38,매산동 팅스몰 주차장 출구 옆,고정형,2023-12-01,,,
2023,수원시,팔달구청,2023-07-16 14:38,매산동 팅스몰 주차장 출구 옆,고정형,2023-12-01,,,
2023,수원시,팔달구청,2023-07-16 14:39,인계동 경인통계청,고정형,2023-12-01,,,
2023,수원시,팔달구청,2023-07-16 14:39,경기도수원시팔달구화서동 수원시 팔달구 화서동 184-362,보행,2023-12-01,,,
2023,수원시,팔달구청,2023-07-16 14:44,매산동 팅스몰 주차장 출구 옆,고정형,2023-12-01,,,
2023,수원시,영통구청,2023-07-16 14:46,영통동 롯데마트 뒤,고정형,2023-12-01,37.27220279535416,127.10856729001851,
2023,수원시,권선구청,2023-07-16 15:03,권선동 권선동 한라비발디앞 놀이터,고정형,2023-12-01,,,
2023,수원시,팔달구청,2023-07-16 15:04,인계동 경인통계청,고정형,2023-12-01,,,
2023,수원시,팔달구청,2023-07-16 15:04,교동 수원향교 앞 팔달보건소 뒤,고정형,2023-12-01,,,
2023,수원시,권선구청,2023-07-16 15:10,곡반정동 하나로마트한국빌딩앞,고정형,2023-12-01,,,
2023,수원시,권선구청,2023-07-16 15:13,평동 수원역고가밑 (애경뒷길),고정형,2023-12-01,,,
2023,수원시,장안구청,2023-07-16 15:16,경기도수원시장안구조원동 수원시 장안구 조원동 846,보행,2023-12-01,,,
2023,수원시,팔달구청,2023-07-16 15:20,매산동 팅스몰 주차장 출구 옆,고정형,2023-12-01,,,
2023,수원시,권선구청,2023-07-16 15:29,평동 수원역고가밑 정류장,고정형,2023-12-01,,,
2023,수원시,팔달구청,2023-07-16 15:30,인계동 드림캐슬주상복합,고정형,2023-12-01,,,
2023,수원시,영통구청,2023-07-16 15:31,망포동 E-마트 에브리데이 앞,고정형,2023-12-01,37.2361017468141,127.060345496536,
2023,수원시,영통구청,2023-07-16 15:32,영통동 보보스스포츠센터앞,고정형,2023-12-01,,,
2023,수원시,권선구청,2023-07-16 15:39,서둔동 가온팰리스옆1,고정형,2023-12-01,,,
2023,수원시,영통구청,2023-07-16 15:41,356.36,주행형,2023-12-01,,,
2023,수원시,영통구청,2023-07-16 15:41,338.78,주행형,2023-12-01,,,
2023,수원시,권선구청,2023-07-16 15:43,곡반정동 하나로마트한국빌딩앞,고정형,2023-12-01,,,
2023,수원시,영통구청,2023-07-16 15:44,98.18,주행형,2023-12-01,,,
2023,수원시,영통구청,2023-07-16 15:44,91.21,주행형,2023-12-01,,,
2023,수원시,영통구청,2023-07-16 15:44,83.92,주행형,2023-12-01,,,
2023,수원시,영통구청,2023-07-16 15:44,49.75,주행형,2023-12-01,,,
2023,수원시,영통구청,2023-07-16 15:45,115.51,주행형,2023-12-01,,,
2023,수원시,영통구청,2023-07-16 15:45,113.98,주행형,2023-12-01,,,
2023,수원시,권선구청,2023-07-16 15:49,곡반정동 하나로마트한국빌딩앞,고정형,2023-12-01,,,
2023,수원시,권선구청,2023-07-16 15:51,곡반정동 하나로마트한국빌딩앞,고정형,2023-12-01,,,
2023,수원시,권선구청,2023-07-16 15:57,평동 수원역고가밑 (애경뒷길),고정형,2023-12-01,,,
2023,수원시,팔달구청,2023-07-16 16:02,인계동 경인통계청,고정형,2023-12-01,,,
2023,수원시,팔달구청,2023-07-16 16:04,화서1동 푸르지오자이 북문 CU 앞 횡단보도,고정형,2023-12-01,,,
2023,수원시,권선구청,2023-07-16 16:11,서둔동 가온팰리스옆1,고정형,2023-12-01,,,
2023,수원시,팔달구청,2023-07-16 16:15,매산동 팅스몰 주차장 출구 옆,고정형,2023-12-01,,,
2023,수원시,권선구청,2023-07-16 16:21,서둔동 수원역한라비발디퍼스트 앞1,고정형,2023-12-01,,,
2023,수원시,팔달구청,2023-07-16 16:24,화서1동 푸르지오자이 북문 CU 앞 횡단보도,고정형,2023-12-01,,,
2023,수원시,영통구청,2023-07-16 16:28,영통동 롯데마트 뒤,고정형,2023-12-01,37.27220279535416,127.10856729001851,
2023,수원시,영통구청,2023-07-16 16:28,영통동 롯데마트 뒤,고정형,2023-12-01,37.27220279535416,127.10856729001851,
2023,수원시,영통구청,2023-07-16 16:30,84.86,주행형,2023-12-01,,,
2023,수원시,영통구청,2023-07-16 16:30,86.92,주행형,2023-12-01,,,
2023,수원시,영통구청,2023-07-16 16:30,86.83,주행형,2023-12-01,,,
2023,수원시,영통구청,2023-07-16 16:30,86.16,주행형,2023-12-01,,,
2023,수원시,영통구청,2023-07-16 16:30,87.63,주행형,2023-12-01,,,
2023,수원시,영통구청,2023-07-16 16:30,88.67,주행형,2023-12-01,,,
2023,수원시,팔달구청,2023-07-16 16:30,인계동 경인통계청,고정형,2023-12-01,,,
2023,수원시,영통구청,2023-07-16 16:32,86.55,주행형,2023-12-01,,,
2023,수원시,영통구청,2023-07-16 16:32,85.71,주행형,2023-12-01,,,
2023,수원시,영통구청,2023-07-16 16:32,88.51,주행형,2023-12-01,,,
2023,수원시,영통구청,2023-07-16 16:32,96.57,주행형,2023-12-01,,,
2023,수원시,영통구청,2023-07-16 16:36,경기도수원시영통구망포동 수원시 영통구 망포동 573,보행,2023-12-01,,,
2023,수원시,팔달구청,2023-07-16 16:41,매산동 역전농협,고정형,2023-12-01,,,
2023,수원시,팔달구청,2023-07-16 16:41,매산동 팅스몰 주차장 출구 옆,고정형,2023-12-01,,,
2023,수원시,팔달구청,2023-07-16 16:41,인계동 드림캐슬주상복합,고정형,2023-12-01,,,
2023,수원시,팔달구청,2023-07-16 16:41,인계동 드림캐슬주상복합,고정형,2023-12-01,,,
2023,수원시,팔달구청,2023-07-16 16:49,행궁동 화홍사랑채,고정형,2023-12-01,,,
2023,수원시,팔달구청,2023-07-16 17:01,화서동 수원역푸르지오자이 북문 우측,고정형,2023-12-01,,,
2023,수원시,팔달구청,2023-07-16 17:14,인계동 한국씨티은행,고정형,2023-12-01,,,
2023,수원시,영통구청,2023-07-16 17:16,경기도수원시영통구영통동 수원시 영통구 영통동 1057,보행,2023-12-01,,,
2023,수원시,영통구청,2023-07-16 17:17,경기도수원시영통구영통동 수원시 영통구 영통동 1057,보행,2023-12-01,,,
2023,수원시,팔달구청,2023-07-16 17:21,행궁동 화홍사랑채,고정형,2023-12-01,,,
2023,수원시,영통구청,2023-07-16 17:21,영통동 보보스스포츠센터앞,고정형,2023-12-01,,,
2023,수원시,팔달구청,2023-07-16 17:23,인계동 드림캐슬주상복합,고정형,2023-12-01,,,
2023,수원시,권선구청,2023-07-16 17:24,곡반정동 하나로마트한국빌딩앞,고정형,2023-12-01,,,
2023,수원시,영통구청,2023-07-16 17:28,이의동 드림스퀘어Ⅱ 앞,고정형,2023-12-01,,,
2023,수원시,팔달구청,2023-07-16 17:28,인계동 드림캐슬주상복합,고정형,2023-12-01,,,
2023,수원시,팔달구청,2023-07-16 17:28,인계동 드림캐슬주상복합,고정형,2023-12-01,,,
2023,수원시,팔달구청,2023-07-16 17:31,매산동 팅스몰 주차장 출구 옆,고정형,2023-12-01,,,
2023,수원시,팔달구청,2023-07-16 17:33,인계동 경인통계청,고정형,2023-12-01,,,
2023,수원시,팔달구청,2023-07-16 17:36,행궁동 화홍사랑채,고정형,2023-12-01,,,
2023,수원시,팔달구청,2023-07-16 17:36,행궁동 화홍사랑채,고정형,2023-12-01,,,
2023,수원시,권선구청,2023-07-16 17:40,곡반정동 480-17,국민신문고,2023-12-01,,,
2023,수원시,권선구청,2023-07-16 17:41,곡반정동 198-2,국민신문고,2023-12-01,,,
2023,수원시,권선구청,2023-07-16 17:41,곡반정동 140-8,국민신문고,2023-12-01,,,
2023,수원시,권선구청,2023-07-16 17:41,곡반정동 198-2,국민신문고,2023-12-01,,,
2023,수원시,팔달구청,2023-07-16 17:47,화서1동 수원역푸르지오자이 북문 우측,고정형,2023-12-01,,,
2023,수원시,팔달구청,2023-07-16 18:44,인계동 드림캐슬주상복합,고정형,2023-12-01,,,
2023,수원시,팔달구청,2023-07-16 18:58,화서1동 수원역푸르지오자이 북문 우측,고정형,2023-12-01,,,
2023,수원시,팔달구청,2023-07-16 19:08,화서1동 푸르지오자이 북문 CU 앞 횡단보도,고정형,2023-12-01,,,
2023,수원시,팔달구청,2023-07-16 19:32,화서1동 수원역푸르지오자이 북문 우측,고정형,2023-12-01,,,
2023,수원시,팔달구청,2023-07-16 19:53,매산동 팅스몰 주차장 출구 옆,고정형,2023-12-01,,,
2023,수원시,권선구청,2023-07-16 23:46,오목천동 527-12,국민신문고,2023-12-01,,,
2023,수원시,권선구청,2023-07-17 1:37,오목천동 527-5,국민신문고,2023-12-01,,,
2023,수원시,권선구청,2023-07-17 5:40,곡반정동 562-2,국민신문고,2023-12-01,,,
2023,수원시,팔달구청,2023-07-17 7:04,화서1동 수원역푸르지오자이 북문 우측,고정형,2023-12-01,,,
2023,수원시,팔달구청,2023-07-17 7:32,매산동 팅스몰 주차장 출구 옆,고정형,2023-12-01,,,
2023,수원시,팔달구청,2023-07-17 7:34,인계동 경인통계청,고정형,2023-12-01,,,
2023,수원시,팔달구청,2023-07-17 7:34,인계동 경인통계청,고정형,2023-12-01,,,
2023,수원시,팔달구청,2023-07-17 7:35,매산동 팅스몰 주차장 출구 옆,고정형,2023-12-01,,,
2023,수원시,팔달구청,2023-07-17 7:38,인계동 경인통계청,고정형,2023-12-01,,,
2023,수원시,권선구청,2023-07-17 8:03,서둔동 가온팰리스옆2,고정형,2023-12-01,,,
2023,수원시,권선구청,2023-07-17 8:03,서둔동 가온팰리스옆2,고정형,2023-12-01,,,
2023,수원시,권선구청,2023-07-17 8:06,평동 오목초교 정문 우측 삼거리,고정형,2023-12-01,,,
2023,수원시,권선구청,2023-07-17 8:06,곡반정동 하나로마트한국빌딩앞,고정형,2023-12-01,,,
2023,수원시,권선구청,2023-07-17 8:09,입북동 당수초교 정문 우측 사거리,고정형,2023-12-01,,,
2023,수원시,권선구청,2023-07-17 8:09,곡반정동 562-2,국민신문고,2023-12-01,,,
2023,수원시,권선구청,2023-07-17 8:12,권선2동 곡정초교 정문 좌측 사거리,고정형,2023-12-01,,,
2023,수원시,팔달구청,2023-07-17 8:12,화서동 수원시 팔달구 고등동 187,보행,2023-12-01,,,
2023,수원시,팔달구청,2023-07-17 8:13,화서동 수원시 팔달구 고등동 187,보행,2023-12-01,,,
2023,수원시,권선구청,2023-07-17 8:14,서둔동 롯데몰9번출구앞주변,고정형,2023-12-01,,,
2023,수원시,권선구청,2023-07-17 8:17,서둔동 가온팰리스옆2,고정형,2023-12-01,,,
2023,수원시,권선구청,2023-07-17 8:17,서둔동 가온팰리스옆2,고정형,2023-12-01,,,
2023,수원시,권선구청,2023-07-17 8:31,서둔동 가온팰리스옆2,고정형,2023-12-01,,,
2023,수원시,권선구청,2023-07-17 8:42,입북동 당수초교 정문 우측 사거리,고정형,2023-12-01,,,
2023,수원시,팔달구청,2023-07-17 8:43,인계동 경인통계청,고정형,2023-12-01,,,
2023,수원시,권선구청,2023-07-17 8:58,곡반정동 하나로마트한국빌딩앞,고정형,2023-12-01,,,
2023,수원시,팔달구청,2023-07-17 9:05,교동 교동 매산로92번길,주행형,2023-12-01,,,
2023,수원시,팔달구청,2023-07-17 9:05,교동 교동 매산로92번길,주행형,2023-12-01,,,
2023,수원시,팔달구청,2023-07-17 9:17,교동 수원향교 앞 팔달보건소 뒤,고정형,2023-12-01,,,
2023,수원시,팔달구청,2023-07-17 9:25,매산동 역전농협,고정형,2023-12-01,,,
2023,수원시,권선구청,2023-07-17 9:35,고색동 도이치 고객주차장 출입구,고정형,2023-12-01,,,
2023,수원시,영통구청,2023-07-17 9:59,이의동 부함식당 앞,고정형,2023-12-01,,,
2023,수원시,팔달구청,2023-07-17 10:08,화서1동 수원역푸르지오자이 북문 우측,고정형,2023-12-01,,,
2023,수원시,팔달구청,2023-07-17 10:08,화서1동 수원역푸르지오자이 북문 우측,고정형,2023-12-01,,,
2023,수원시,영통구청,2023-07-17 10:18,망포동 망포동 123-19,주행형,2023-12-01,,,
2023,수원시,영통구청,2023-07-17 10:18,망포동 망포동 123-19,주행형,2023-12-01,,,
2023,수원시,영통구청,2023-07-17 10:18,망포동 망포동 123-19,주행형,2023-12-01,,,
2023,수원시,영통구청,2023-07-17 10:18,망포동 망포동 123-19,주행형,2023-12-01,,,
2023,수원시,팔달구청,2023-07-17 10:28,경기도수원시팔달구인계동 수원시 팔달구 인계동 935-6,보행,2023-12-01,,,
2023,수원시,팔달구청,2023-07-17 10:29,북수동 쌈지공원 앞,고정형,2023-12-01,,,
2023,수원시,권선구청,2023-07-17 10:35,서둔동 수원역한라비발디퍼스트 앞2,고정형,2023-12-01,,,
2023,수원시,팔달구청,2023-07-17 10:42,인계동 드림캐슬주상복합,고정형,2023-12-01,,,
2023,수원시,영통구청,2023-07-17 10:43,원천동 삼성전자중문,고정형,2023-12-01,,,
2023,수원시,팔달구청,2023-07-17 10:59,화서1동 수원역푸르지오자이 북문 우측,고정형,2023-12-01,,,
2023,수원시,영통구청,2023-07-17 11:56,망포동 E-마트 에브리데이 앞,고정형,2023-12-01,37.2361017468141,127.060345496536,
2023,수원시,영통구청,2023-07-17 11:56,망포동 E-마트 에브리데이 앞,고정형,2023-12-01,37.2361017468141,127.060345496536,
2023,수원시,팔달구청,2023-07-17 12:08,화서1동 수원역푸르지오자이 북문 우측,고정형,2023-12-01,,,
2023,수원시,팔달구청,2023-07-17 12:13,매산동 역전농협,고정형,2023-12-01,,,
2023,수원시,영통구청,2023-07-17 13:03,이의동 광교가재울마을사거리,고정형,2023-12-01,,,
2023,수원시,팔달구청,2023-07-17 13:21,화서1동 수원역푸르지오자이 북문 우측,고정형,2023-12-01,,,
2023,수원시,권선구청,2023-07-17 13:31,권선동 NC터미널점 버스정류장 앞,고정형,2023-12-01,,,
2023,수원시,영통구청,2023-07-17 13:58,이의동 광교가재울마을사거리,고정형,2023-12-01,,,
2023,수원시,영통구청,2023-07-17 14:16,경기도수원시영통구망포동 수원시 영통구 망포동 350,보행,2023-12-01,,,
2023,수원시,팔달구청,2023-07-17 14:24,팔달로2가 팔달로2가 수원천로 283,주행형,2023-12-01,,,
2023,수원시,팔달구청,2023-07-17 14:24,남수동 남수동 정조로796번길,주행형,2023-12-01,,,
2023,수원시,팔달구청,2023-07-17 14:28,영동 영동 수원천로 246,주행형,2023-12-01,,,
2023,수원시,팔달구청,2023-07-17 14:33,인계동 한국씨티은행,고정형,2023-12-01,,,
2023,수원시,영통구청,2023-07-17 14:34,이의동 드림스퀘어Ⅱ 앞,고정형,2023-12-01,,,
2023,수원시,영통구청,2023-07-17 14:36,영통동 롯데마트 뒤,고정형,2023-12-01,37.27220279535416,127.10856729001851,
2023,수원시,권선구청,2023-07-17 14:37,금곡동 금곡로222번길,주행형,2023-12-01,,,
2023,수원시,권선구청,2023-07-17 14:37,금곡동 금곡로222번길,주행형,2023-12-01,,,
2023,수원시,권선구청,2023-07-17 14:37,금곡동 금곡로222번길,주행형,2023-12-01,,,
2023,수원시,권선구청,2023-07-17 14:37,금곡동 금곡로222번길,주행형,2023-12-01,,,
2023,수원시,권선구청,2023-07-17 14:43,곡반정동 하나로마트한국빌딩앞,고정형,2023-12-01,,,
2023,수원시,팔달구청,2023-07-17 14:49,인계동 경인통계청,고정형,2023-12-01,,,
2023,수원시,팔달구청,2023-07-17 14:51,북수동 쌈지공원 앞,고정형,2023-12-01,,,
2023,수원시,권선구청,2023-07-17 15:03,권선동 NC터미널점 버스정류장 앞,고정형,2023-12-01,,,
2023,수원시,팔달구청,2023-07-17 15:05,인계동 한국씨티은행,고정형,2023-12-01,,,
2023,수원시,영통구청,2023-07-17 15:06,이의동 드림스퀘어Ⅱ 앞,고정형,2023-12-01,,,
2023,수원시,영통구청,2023-07-17 15:06,이의동 드림스퀘어Ⅱ 앞,고정형,2023-12-01,,,
2023,수원시,팔달구청,2023-07-17 15:29,인계동 드림캐슬주상복합,고정형,2023-12-01,,,
2023,수원시,팔달구청,2023-07-17 15:29,경기도수원시팔달구남창동 수원시 팔달구 행궁로18,보행,2023-12-01,,,
2023,수원시,권선구청,2023-07-17 15:43,서둔동 서둔로256번길,주행형,2023-12-01,,,
2023,수원시,영통구청,2023-07-17 16:03,이의동 드림스퀘어Ⅱ 앞,고정형,2023-12-01,,,
2023,수원시,팔달구청,2023-07-17 16:25,매산동 팅스몰 주차장 출구 옆,고정형,2023-12-01,,,
2023,수원시,권선구청,2023-07-17 16:30,구운동 구운초교 정문 우측 삼거리,고정형,2023-12-01,,,
2023,수원시,권선구청,2023-07-17 16:33,경기도수원시권선구고색동 수원시 권선구 고색동 627-7,보행,2023-12-01,,,
2023,수원시,팔달구청,2023-07-17 16:35,인계동 경인통계청,고정형,2023-12-01,,,
2023,수원시,권선구청,2023-07-17 16:35,경기도수원시권선구고색동 수원시 권선구 고색동 627-5,보행,2023-12-01,,,
2023,수원시,권선구청,2023-07-17 16:42,경기도수원시권선구고색동 수원시 권선구 고색동 629-4,보행,2023-12-01,,,
2023,수원시,팔달구청,2023-07-17 16:58,인계동 한국씨티은행,고정형,2023-12-01,,,
2023,수원시,팔달구청,2023-07-17 17:08,인계동 경인통계청,고정형,2023-12-01,,,
2023,수원시,팔달구청,2023-07-17 17:10,인계동 드림캐슬주상복합,고정형,2023-12-01,,,
2023,수원시,권선구청,2023-07-17 17:32,입북동 당수초교 정문 우측 사거리,고정형,2023-12-01,,,
2023,수원시,영통구청,2023-07-17 17:36,경기도수원시영통구원천동 수원시 영통구 원천동 19,보행,2023-12-01,,,
2023,수원시,권선구청,2023-07-17 17:36,구운동 1298-1,국민신문고,2023-12-01,,,
2023,수원시,권선구청,2023-07-17 17:39,서둔동 가온팰리스옆1,고정형,2023-12-01,,,
2023,수원시,팔달구청,2023-07-17 18:13,매산동 팅스몰 주차장 출구 옆,고정형,2023-12-01,,,
2023,수원시,팔달구청,2023-07-17 18:15,교동 수원향교 앞 팔달보건소 뒤,고정형,2023-12-01,,,
2023,수원시,팔달구청,2023-07-17 18:41,화서1동 푸르지오자이 북문 CU 앞 횡단보도,고정형,2023-12-01,,,
2023,수원시,팔달구청,2023-07-17 18:41,화서1동 푸르지오자이 북문 CU 앞 횡단보도,고정형,2023-12-01,,,
2023,수원시,영통구청,2023-07-17 18:50,망포동 E-마트 에브리데이 앞,고정형,2023-12-01,37.2361017468141,127.060345496536,
2023,수원시,팔달구청,2023-07-17 19:04,인계동 드림캐슬주상복합,고정형,2023-12-01,,,
2023,수원시,팔달구청,2023-07-17 19:20,인계동 드림캐슬주상복합,고정형,2023-12-01,,,
2023,수원시,팔달구청,2023-07-17 19:31,매산동 팅스몰 주차장 출구 옆,고정형,2023-12-01,,,
2023,수원시,팔달구청,2023-07-17 19:31,매산동 팅스몰 주차장 출구 옆,고정형,2023-12-01,,,
2023,수원시,팔달구청,2023-07-17 19:46,인계동 드림캐슬주상복합,고정형,2023-12-01,,,
2023,수원시,권선구청,2023-07-17 20:52,곡반정동 117-10,국민신문고,2023-12-01,,,
2023,수원시,팔달구청,2023-07-17 21:14,인계동 드림캐슬주상복합,고정형,2023-12-01,,,
2023,수원시,팔달구청,2023-07-17 21:14,인계동 드림캐슬주상복합,고정형,2023-12-01,,,
2023,수원시,팔달구청,2023-07-17 21:27,화서1동 수원역푸르지오자이 북문 우측,고정형,2023-12-01,,,
2023,수원시,권선구청,2023-07-18 5:26,곡반정동 562-2,국민신문고,2023-12-01,,,
2023,수원시,팔달구청,2023-07-18 7:03,화서1동 수원역푸르지오자이 북문 우측,고정형,2023-12-01,,,
2023,수원시,팔달구청,2023-07-18 7:06,화서1동 푸르지오자이 북문 CU 앞 횡단보도,고정형,2023-12-01,,,
2023,수원시,팔달구청,2023-07-18 7:06,화서1동 푸르지오자이 북문 CU 앞 횡단보도,고정형,2023-12-01,,,
2023,수원시,팔달구청,2023-07-18 7:34,매산동 팅스몰 주차장 출구 옆,고정형,2023-12-01,,,
2023,수원시,팔달구청,2023-07-18 7:34,매산동 팅스몰 주차장 출구 옆,고정형,2023-12-01,,,
2023,수원시,권선구청,2023-07-18 8:02,서둔동 가온팰리스옆2,고정형,2023-12-01,,,
2023,수원시,권선구청,2023-07-18 8:03,곡반정동 하나로마트한국빌딩앞,고정형,2023-12-01,,,
2023,수원시,권선구청,2023-07-18 8:04,곡반정동 하나로마트한국빌딩앞,고정형,2023-12-01,,,
2023,수원시,권선구청,2023-07-18 8:05,곡반정동 하나로마트한국빌딩앞,고정형,2023-12-01,,,
2023,수원시,권선구청,2023-07-18 8:08,서둔동 가온팰리스옆2,고정형,2023-12-01,,,
2023,수원시,권선구청,2023-07-18 8:08,서둔동 가온팰리스옆2,고정형,2023-12-01,,,
2023,수원시,권선구청,2023-07-18 8:08,입북동 당수초교 정문 우측 사거리,고정형,2023-12-01,,,
2023,수원시,팔달구청,2023-07-18 8:08,고등동 역전농협,고정형,2023-12-01,,,
2023,수원시,영통구청,2023-07-18 8:24,이의동 드림스퀘어Ⅱ 앞,고정형,2023-12-01,,,
2023,수원시,권선구청,2023-07-18 8:31,평동 오목초교 정문 우측 삼거리,고정형,2023-12-01,,,
2023,수원시,팔달구청,2023-07-18 8:59,매산동 팅스몰 주차장 출구 옆,고정형,2023-12-01,,,
2023,수원시,팔달구청,2023-07-18 9:23,인계동 드림캐슬주상복합,고정형,2023-12-01,,,
2023,수원시,팔달구청,2023-07-18 9:32,매산동 팅스몰 주차장 출구 옆,고정형,2023-12-01,,,
2023,수원시,권선구청,2023-07-18 9:33,곡반정동 하나로마트한국빌딩앞,고정형,2023-12-01,,,
2023,수원시,팔달구청,2023-07-18 9:43,인계동 드림캐슬주상복합,고정형,2023-12-01,,,
2023,수원시,영통구청,2023-07-18 10:05,이의동 드림스퀘어Ⅱ 앞,고정형,2023-12-01,,,
2023,수원시,권선구청,2023-07-18 10:12,고색동 도이치 고객주차장 출입구,고정형,2023-12-01,,,
2023,수원시,팔달구청,2023-07-18 10:18,경기도수원시팔달구매향동 수원시 팔달구 창룡대로41,보행,2023-12-01,,,
2023,수원시,팔달구청,2023-07-18 11:54,교동 수원향교 앞 팔달보건소 뒤,고정형,2023-12-01,,,
2023,수원시,영통구청,2023-07-18 12:28,원천동 광교 한화겔러리아 앞,고정형,2023-12-01,,,
2023,수원시,권선구청,2023-07-18 12:30,평동 오현초교 정문 우측 사거리,고정형,2023-12-01,,,
2023,수원시,영통구청,2023-07-18 13:20,영통동 롯데마트 뒤,고정형,2023-12-01,37.27220279535416,127.10856729001851,
2023,수원시,영통구청,2023-07-18 13:55,경기도수원시영통구매탄동 수원시 영통구 매탄동 398,보행,2023-12-01,,,
2023,수원시,영통구청,2023-07-18 13:55,경기도수원시영통구매탄동 수원시 영통구 매탄동 398,보행,2023-12-01,,,
2023,수원시,영통구청,2023-07-18 13:55,경기도수원시영통구매탄동 수원시 영통구 매탄동 398,보행,2023-12-01,,,
2023,수원시,영통구청,2023-07-18 13:56,경기도수원시영통구매탄동 수원시 영통구 매탄동 398,보행,2023-12-01,,,
2023,수원시,영통구청,2023-07-18 13:57,영통동 롯데마트 뒤,고정형,2023-12-01,37.27220279535416,127.10856729001851,
2023,수원시,영통구청,2023-07-18 13:57,경기도수원시영통구매탄동 수원시 영통구 매탄동 398,보행,2023-12-01,,,
2023,수원시,팔달구청,2023-07-18 14:24,팔달로2가 팔달로2가 정조로796번길,주행형,2023-12-01,,,
2023,수원시,권선구청,2023-07-18 14:33,서둔동 가온팰리스옆2,고정형,2023-12-01,,,
2023,수원시,팔달구청,2023-07-18 14:34,인계동 드림캐슬주상복합,고정형,2023-12-01,,,
2023,수원시,팔달구청,2023-07-18 14:35,우만동 우만동 경수대로 634,주행형,2023-12-01,,,
2023,수원시,팔달구청,2023-07-18 14:39,인계동 경인통계청,고정형,2023-12-01,,,
2023,수원시,권선구청,2023-07-18 14:39,평동 오목초교 정문 우측 삼거리,고정형,2023-12-01,,,
2023,수원시,권선구청,2023-07-18 14:39,평동 오목초교 정문 우측 삼거리,고정형,2023-12-01,,,
2023,수원시,팔달구청,2023-07-18 14:43,인계동 한국씨티은행,고정형,2023-12-01,,,
2023,수원시,권선구청,2023-07-18 15:08,세류3동 신곡초교 후문 좌측 사거리,고정형,2023-12-01,,,
2023,수원시,권선구청,2023-07-18 15:18,곡반정동 191-13,국민신문고,2023-12-01,,,
2023,수원시,권선구청,2023-07-18 15:25,권선동 권선동 한라비발디앞 놀이터,고정형,2023-12-01,,,
2023,수원시,권선구청,2023-07-18 15:25,권선동 권선동 한라비발디앞 놀이터,고정형,2023-12-01,,,
2023,수원시,팔달구청,2023-07-18 15:32,인계동 드림캐슬주상복합,고정형,2023-12-01,,,
2023,수원시,팔달구청,2023-07-18 15:48,매산동 팅스몰 주차장 출구 옆,고정형,2023-12-01,,,
2023,수원시,팔달구청,2023-07-18 16:16,인계동 경인통계청,고정형,2023-12-01,,,
2023,수원시,팔달구청,2023-07-18 16:19,인계동 드림캐슬주상복합,고정형,2023-12-01,,,
2023,수원시,팔달구청,2023-07-18 16:35,인계동 드림캐슬주상복합,고정형,2023-12-01,,,
2023,수원시,팔달구청,2023-07-18 16:40,화서1동 수원역푸르지오자이 북문 우측,고정형,2023-12-01,,,
2023,수원시,영통구청,2023-07-18 16:43,이의동 드림스퀘어Ⅱ 앞,고정형,2023-12-01,,,
2023,수원시,권선구청,2023-07-18 16:43,입북동 율전로37번길,주행형,2023-12-01,,,
2023,수원시,권선구청,2023-07-18 16:43,입북동 율전로37번길,주행형,2023-12-01,,,
2023,수원시,권선구청,2023-07-18 16:43,입북동 율전로37번길,주행형,2023-12-01,,,
2023,수원시,권선구청,2023-07-18 16:43,입북동 율전로37번길,주행형,2023-12-01,,,
2023,수원시,권선구청,2023-07-18 16:44,입북동 율전로37번길,주행형,2023-12-01,,,
2023,수원시,권선구청,2023-07-18 16:44,입북동 율전로37번길,주행형,2023-12-01,,,
2023,수원시,권선구청,2023-07-18 16:44,입북동 율전로37번길,주행형,2023-12-01,,,
2023,수원시,권선구청,2023-07-18 16:44,입북동 율전로37번길,주행형,2023-12-01,,,
2023,수원시,권선구청,2023-07-18 16:45,입북동 율전로37번길,주행형,2023-12-01,,,
2023,수원시,권선구청,2023-07-18 16:45,입북동 율전로37번길,주행형,2023-12-01,,,
2023,수원시,권선구청,2023-07-18 16:45,입북동 율전로37번길,주행형,2023-12-01,,,
2023,수원시,권선구청,2023-07-18 16:45,입북동 율전로37번길,주행형,2023-12-01,,,
2023,수원시,팔달구청,2023-07-18 16:51,매산동 팅스몰 주차장 출구 옆,고정형,2023-12-01,,,
2023,수원시,권선구청,2023-07-18 16:56,세류3동 신곡초교 후문 좌측 사거리,고정형,2023-12-01,,,
2023,수원시,팔달구청,2023-07-18 16:58,인계동 한국씨티은행,고정형,2023-12-01,,,
2023,수원시,권선구청,2023-07-18 16:59,권선동 NC터미널점 버스정류장 앞,고정형,2023-12-01,,,
2023,수원시,팔달구청,2023-07-18 17:04,인계동 드림캐슬주상복합,고정형,2023-12-01,,,
2023,수원시,팔달구청,2023-07-18 17:05,매산동 팅스몰 주차장 출구 옆,고정형,2023-12-01,,,
2023,수원시,권선구청,2023-07-18 17:07,곡반정동 하나로마트한국빌딩앞,고정형,2023-12-01,,,
2023,수원시,영통구청,2023-07-18 17:11,이의동 드림스퀘어Ⅱ 앞,고정형,2023-12-01,,,
2023,수원시,영통구청,2023-07-18 17:11,이의동 드림스퀘어Ⅱ 앞,고정형,2023-12-01,,,
2023,수원시,팔달구청,2023-07-18 17:20,인계동 한국씨티은행,고정형,2023-12-01,,,
2023,수원시,영통구청,2023-07-18 17:22,이의동 광교가재울마을사거리,고정형,2023-12-01,,,
2023,수원시,권선구청,2023-07-18 17:23,곡반정동 하나로마트한국빌딩앞,고정형,2023-12-01,,,
2023,수원시,팔달구청,2023-07-18 17:54,매산동 팅스몰 주차장 출구 옆,고정형,2023-12-01,,,
2023,수원시,팔달구청,2023-07-18 17:58,인계동 드림캐슬주상복합,고정형,2023-12-01,,,
2023,수원시,팔달구청,2023-07-18 18:02,화서1동 수원역푸르지오자이 북문 우측,고정형,2023-12-01,,,
2023,수원시,권선구청,2023-07-18 18:06,세류동 1027-45,국민신문고,2023-12-01,,,
2023,수원시,팔달구청,2023-07-18 18:30,매산동 팔달로 10번길 8,고정형,2023-12-01,,,
2023,수원시,팔달구청,2023-07-18 18:40,인계동 드림캐슬주상복합,고정형,2023-12-01,,,
2023,수원시,권선구청,2023-07-18 18:49,곡반정동 196-7,국민신문고,2023-12-01,,,
2023,수원시,팔달구청,2023-07-18 19:02,매산동 팅스몰 주차장 출구 옆,고정형,2023-12-01,,,
2023,수원시,팔달구청,2023-07-18 19:08,매산동 팅스몰 주차장 출구 옆,고정형,2023-12-01,,,
2023,수원시,권선구청,2023-07-18 19:32,경기도수원시권선구호매실동 수원시 권선구 호매실동 403-4,보행,2023-12-01,,,
2023,수원시,팔달구청,2023-07-18 19:51,인계동 드림캐슬주상복합,고정형,2023-12-01,,,
2023,수원시,팔달구청,2023-07-18 19:57,인계동 드림캐슬주상복합,고정형,2023-12-01,,,
2023,수원시,영통구청,2023-07-18 19:57,이의동 광교호반베르디움 103동 앞,고정형,2023-12-01,,,
2023,수원시,팔달구청,2023-07-18 20:30,인계동 드림캐슬주상복합,고정형,2023-12-01,,,
2023,수원시,팔달구청,2023-07-18 20:35,매산동 팔달로 10번길 8,고정형,2023-12-01,,,
2023,수원시,권선구청,2023-07-18 21:25,곡반정동 105-8,국민신문고,2023-12-01,,,
2023,수원시,권선구청,2023-07-18 21:25,곡반정동 105-4,국민신문고,2023-12-01,,,
2023,수원시,권선구청,2023-07-18 21:27,곡반정동 105-11,국민신문고,2023-12-01,,,
2023,수원시,권선구청,2023-07-18 21:27,곡반정동 105-11,국민신문고,2023-12-01,,,
2023,수원시,권선구청,2023-07-18 21:35,곡반정동 149-1,국민신문고,2023-12-01,,,
2023,수원시,권선구청,2023-07-18 21:41,곡반정동 156-1,국민신문고,2023-12-01,,,
2023,수원시,팔달구청,2023-07-18 21:43,매산동 역전농협,고정형,2023-12-01,,,
2023,수원시,권선구청,2023-07-18 21:43,곡반정동 478-16,국민신문고,2023-12-01,,,
2023,수원시,권선구청,2023-07-18 21:43,곡반정동 478-5,국민신문고,2023-12-01,,,
2023,수원시,권선구청,2023-07-18 21:45,곡반정동 156-8,국민신문고,2023-12-01,,,
2023,수원시,팔달구청,2023-07-18 21:46,인계동 드림캐슬주상복합,고정형,2023-12-01,,,
2023,수원시,권선구청,2023-07-18 21:46,곡반정동 156-1,국민신문고,2023-12-01,,,
2023,수원시,권선구청,2023-07-18 23:11,권선동 경기78아8843,국민신문고,2023-12-01,,,
2023,수원시,권선구청,2023-07-19 6:18,곡반정동 562-2,국민신문고,2023-12-01,,,
2023,수원시,권선구청,2023-07-19 6:18,곡반정동 562-2,국민신문고,2023-12-01,,,
2023,수원시,팔달구청,2023-07-19 7:33,매산동 팔달로 10번길 8,고정형,2023-12-01,,,
2023,수원시,팔달구청,2023-07-19 7:34,인계동 경인통계청,고정형,2023-12-01,,,
2023,수원시,팔달구청,2023-07-19 7:34,인계동 경인통계청,고정형,2023-12-01,,,
2023,수원시,팔달구청,2023-07-19 7:35,인계동 경인통계청,고정형,2023-12-01,,,
2023,수원시,권선구청,2023-07-19 8:03,곡반정동 하나로마트한국빌딩앞,고정형,2023-12-01,,,
2023,수원시,권선구청,2023-07-19 8:03,곡반정동 하나로마트한국빌딩앞,고정형,2023-12-01,,,
2023,수원시,권선구청,2023-07-19 8:05,곡반정동 하나로마트한국빌딩앞,고정형,2023-12-01,,,
2023,수원시,권선구청,2023-07-19 8:06,곡반정동 하나로마트한국빌딩앞,고정형,2023-12-01,,,
2023,수원시,권선구청,2023-07-19 8:10,서둔동 가온팰리스옆2,고정형,2023-12-01,,,
2023,수원시,권선구청,2023-07-19 8:10,서둔동 가온팰리스옆2,고정형,2023-12-01,,,
2023,수원시,권선구청,2023-07-19 8:10,곡반정동 562-2,국민신문고,2023-12-01,,,
2023,수원시,권선구청,2023-07-19 8:11,곡반정동 하나로마트한국빌딩앞,고정형,2023-12-01,,,
2023,수원시,권선구청,2023-07-19 8:12,곡반정동 궁촌육교앞,고정형,2023-12-01,,,
2023,수원시,권선구청,2023-07-19 8:12,곡반정동 562-2,국민신문고,2023-12-01,,,
2023,수원시,권선구청,2023-07-19 9:08,곡반정동 하나로마트한국빌딩앞,고정형,2023-12-01,,,
2023,수원시,권선구청,2023-07-19 9:34,고색동 도이치 고객주차장 출입구,고정형,2023-12-01,,,
2023,수원시,팔달구청,2023-07-19 9:42,매산동 역전농협,고정형,2023-12-01,,,
2023,수원시,팔달구청,2023-07-19 9:45,북수동 쌈지공원 앞,고정형,2023-12-01,,,
2023,수원시,팔달구청,2023-07-19 9:51,화서1동 수원역푸르지오자이 북문 우측,고정형,2023-12-01,,,
2023,수원시,팔달구청,2023-07-19 9:56,인계동 드림캐슬주상복합,고정형,2023-12-01,,,
2023,수원시,팔달구청,2023-07-19 10:14,경기도수원시팔달구매향동 수원시 팔달구 우만동 480-35,보행,2023-12-01,,,
2023,수원시,팔달구청,2023-07-19 10:18,경기도수원시팔달구매향동 수원시 팔달구 우만동 480-35,보행,2023-12-01,,,
2023,수원시,팔달구청,2023-07-19 10:34,인계동 드림캐슬주상복합,고정형,2023-12-01,,,
2023,수원시,영통구청,2023-07-19 10:35,망포동 힐스테이트 119동 ~방죽공원 삼거리,고정형,2023-12-01,,,
2023,수원시,권선구청,2023-07-19 10:39,금곡동 수원문산고속도로,주행형,2023-12-01,,,
2023,수원시,권선구청,2023-07-19 10:39,금곡동 수원문산고속도로,주행형,2023-12-01,,,
2023,수원시,팔달구청,2023-07-19 10:39,영동 영동 수원천로 275,주행형,2023-12-01,,,
2023,수원시,권선구청,2023-07-19 10:39,금곡동 수원문산고속도로,주행형,2023-12-01,,,
2023,수원시,팔달구청,2023-07-19 10:39,영동 영동 수원천로 275,주행형,2023-12-01,,,
2023,수원시,권선구청,2023-07-19 10:39,금곡동 수원문산고속도로,주행형,2023-12-01,,,
2023,수원시,권선구청,2023-07-19 10:39,금곡동 수원문산고속도로,주행형,2023-12-01,,,
2023,수원시,팔달구청,2023-07-19 10:39,인계동 경인통계청,고정형,2023-12-01,,,
2023,수원시,팔달구청,2023-07-19 10:39,팔달로2가 팔달로2가 정조로796번길,주행형,2023-12-01,,,
2023,수원시,팔달구청,2023-07-19 10:39,팔달로2가 팔달로2가 정조로796번길,주행형,2023-12-01,,,
2023,수원시,팔달구청,2023-07-19 10:39,남수동 남수동 정조로796번길,주행형,2023-12-01,,,
2023,수원시,권선구청,2023-07-19 10:40,금곡동 수원문산고속도로,주행형,2023-12-01,,,
2023,수원시,권선구청,2023-07-19 10:40,금곡동 수원문산고속도로,주행형,2023-12-01,,,
2023,수원시,권선구청,2023-07-19 10:40,금곡동 수원문산고속도로,주행형,2023-12-01,,,
2023,수원시,권선구청,2023-07-19 10:40,금곡동 수원문산고속도로,주행형,2023-12-01,,,
2023,수원시,권선구청,2023-07-19 10:40,금곡동 수원문산고속도로,주행형,2023-12-01,,,
2023,수원시,권선구청,2023-07-19 10:40,금곡동 수원문산고속도로(주행형),보행,2023-12-01,,,
2023,수원시,영통구청,2023-07-19 11:33,경기도수원시영통구매탄동 수원시 영통구 매탄동 378,보행,2023-12-01,,,
2023,수원시,팔달구청,2023-07-19 11:56,화서1동 푸르지오자이 북문 CU 앞 횡단보도,고정형,2023-12-01,,,
2023,수원시,권선구청,2023-07-19 12:32,입북동 당수초교 정문 우측 사거리,고정형,2023-12-01,,,
2023,수원시,권선구청,2023-07-19 12:49,고색동 도이치 고객주차장 출입구,고정형,2023-12-01,,,
2023,수원시,영통구청,2023-07-19 13:43,망포동 E-마트 에브리데이 앞,고정형,2023-12-01,37.2361017468141,127.060345496536,
2023,수원시,팔달구청,2023-07-19 14:34,영동 영동 수원천로 275,주행형,2023-12-01,,,
2023,수원시,팔달구청,2023-07-19 14:34,영동 영동 수원천로 275,주행형,2023-12-01,,,
2023,수원시,팔달구청,2023-07-19 14:34,영동 영동 수원천로 275,주행형,2023-12-01,,,
2023,수원시,팔달구청,2023-07-19 14:35,인계동 드림캐슬주상복합,고정형,2023-12-01,,,
2023,수원시,권선구청,2023-07-19 14:47,서둔동 수원역한라비발디퍼스트 앞1,고정형,2023-12-01,,,
2023,수원시,팔달구청,2023-07-19 14:52,인계동 드림캐슬주상복합,고정형,2023-12-01,,,
2023,수원시,팔달구청,2023-07-19 14:56,인계동 한국씨티은행,고정형,2023-12-01,,,
2023,수원시,팔달구청,2023-07-19 14:58,매산동 팅스몰 주차장 출구 옆,고정형,2023-12-01,,,
2023,수원시,팔달구청,2023-07-19 15:02,매교동 매교동 효원로93번길,주행형,2023-12-01,,,
2023,수원시,팔달구청,2023-07-19 15:23,인계동 경인통계청,고정형,2023-12-01,,,
2023,수원시,영통구청,2023-07-19 16:05,이의동 드림스퀘어Ⅱ 앞,고정형,2023-12-01,,,
2023,수원시,팔달구청,2023-07-19 16:07,인계동 한국씨티은행,고정형,2023-12-01,,,
2023,수원시,권선구청,2023-07-19 16:12,곡반정동 하나로마트한국빌딩앞,고정형,2023-12-01,,,
2023,수원시,팔달구청,2023-07-19 16:29,매산동 팅스몰 주차장 출구 옆,고정형,2023-12-01,,,
2023,수원시,팔달구청,2023-07-19 17:07,화서1동 수원역푸르지오자이 북문 우측,고정형,2023-12-01,,,
2023,수원시,권선구청,2023-07-19 17:07,경기도수원시권선구평동 수원시 권선구 평동 2-136,보행,2023-12-01,,,
2023,수원시,권선구청,2023-07-19 17:07,경기도수원시권선구평동 수원시 권선구 평동 2-136,보행,2023-12-01,,,
2023,수원시,권선구청,2023-07-19 17:09,경기도수원시권선구평동 수원시 권선구 평동 2-136,보행,2023-12-01,,,
2023,수원시,권선구청,2023-07-19 17:10,경기도수원시권선구평동 수원시 권선구 평동 2-14,보행,2023-12-01,,,
2023,수원시,권선구청,2023-07-19 17:10,경기도수원시권선구평동 수원시 권선구 평동 2-114,보행,2023-12-01,,,
2023,수원시,권선구청,2023-07-19 17:11,경기도수원시권선구평동 수원시 권선구 평동 2-140,보행,2023-12-01,,,
2023,수원시,권선구청,2023-07-19 17:11,경기도수원시권선구평동 수원시 권선구 평동 2-140,보행,2023-12-01,,,
2023,수원시,권선구청,2023-07-19 17:12,경기도수원시권선구평동 수원시 권선구 평동 2-138,보행,2023-12-01,,,
2023,수원시,팔달구청,2023-07-19 17:22,매산동 팅스몰 주차장 출구 옆,고정형,2023-12-01,,,
2023,수원시,팔달구청,2023-07-19 17:22,매산동 팅스몰 주차장 출구 옆,고정형,2023-12-01,,,
2023,수원시,팔달구청,2023-07-19 17:24,인계동 경인통계청,고정형,2023-12-01,,,
2023,수원시,팔달구청,2023-07-19 17:33,인계동 경인통계청,고정형,2023-12-01,,,
2023,수원시,권선구청,2023-07-19 17:36,곡반정동 하나로마트한국빌딩앞,고정형,2023-12-01,,,
2023,수원시,권선구청,2023-07-19 17:36,곡반정동 하나로마트한국빌딩앞,고정형,2023-12-01,,,
2023,수원시,권선구청,2023-07-19 17:49,권선동 NC터미널점 버스정류장 앞,고정형,2023-12-01,,,
2023,수원시,팔달구청,2023-07-19 17:51,인계동 드림캐슬주상복합,고정형,2023-12-01,,,
2023,수원시,영통구청,2023-07-19 18:14,영통동 롯데마트 뒤,고정형,2023-12-01,37.27220279535416,127.10856729001851,
2023,수원시,권선구청,2023-07-19 18:52,곡반정동 562-2,국민신문고,2023-12-01,,,
2023,수원시,팔달구청,2023-07-19 18:53,매산동 팅스몰 주차장 출구 옆,고정형,2023-12-01,,,
2023,수원시,권선구청,2023-07-19 18:58,곡반정동 100-12,국민신문고,2023-12-01,,,
2023,수원시,영통구청,2023-07-19 19:08,경기도수원시영통구망포동 수원시 영통구 망포동 78,보행,2023-12-01,,,
2023,수원시,팔달구청,2023-07-19 19:14,인계동 드림캐슬주상복합,고정형,2023-12-01,,,
2023,수원시,팔달구청,2023-07-19 19:24,화서1동 수원역푸르지오자이 북문 우측,고정형,2023-12-01,,,
2023,수원시,팔달구청,2023-07-19 19:32,인계동 드림캐슬주상복합,고정형,2023-12-01,,,
2023,수원시,팔달구청,2023-07-19 19:53,매산동 팅스몰 주차장 출구 옆,고정형,2023-12-01,,,
2023,수원시,팔달구청,2023-07-19 21:28,인계동 드림캐슬주상복합,고정형,2023-12-01,,,
2023,수원시,팔달구청,2023-07-19 21:32,화서1동 수원역푸르지오자이 북문 우측,고정형,2023-12-01,,,
2023,수원시,권선구청,2023-07-20 5:26,곡반정동 562-2,국민신문고,2023-12-01,,,
2023,수원시,권선구청,2023-07-20 5:30,곡반정동 562-2,국민신문고,2023-12-01,,,
2023,수원시,팔달구청,2023-07-20 7:04,화서1동 수원역푸르지오자이 북문 우측,고정형,2023-12-01,,,
2023,수원시,영통구청,2023-07-20 7:17,이의동 드림스퀘어Ⅱ 앞,고정형,2023-12-01,,,
2023,수원시,팔달구청,2023-07-20 7:32,인계동 드림캐슬주상복합,고정형,2023-12-01,,,
2023,수원시,팔달구청,2023-07-20 7:35,인계동 경인통계청,고정형,2023-12-01,,,
2023,수원시,영통구청,2023-07-20 7:40,망포동 힐스테이트 119동 ~방죽공원 삼거리,고정형,2023-12-01,,,
2023,수원시,팔달구청,2023-07-20 7:43,매산동 팅스몰 주차장 출구 옆,고정형,2023-12-01,,,
2023,수원시,팔달구청,2023-07-20 8:02,북수동 쌈지공원 앞,고정형,2023-12-01,,,
2023,수원시,권선구청,2023-07-20 8:02,곡반정동 105-8,국민신문고,2023-12-01,,,
2023,수원시,권선구청,2023-07-20 8:03,곡반정동 하나로마트한국빌딩앞,고정형,2023-12-01,,,
2023,수원시,권선구청,2023-07-20 8:03,곡반정동 하나로마트한국빌딩앞,고정형,2023-12-01,,,
2023,수원시,권선구청,2023-07-20 8:04,서둔동 가온팰리스옆2,고정형,2023-12-01,,,
2023,수원시,권선구청,2023-07-20 8:07,곡반정동 하나로마트한국빌딩앞,고정형,2023-12-01,,,
2023,수원시,권선구청,2023-07-20 8:12,곡반정동 하나로마트한국빌딩앞,고정형,2023-12-01,,,
2023,수원시,팔달구청,2023-07-20 9:41,인계동 드림캐슬주상복합,고정형,2023-12-01,,,
2023,수원시,권선구청,2023-07-20 9:43,고색동 도이치 고객주차장 출입구,고정형,2023-12-01,,,
2023,수원시,영통구청,2023-07-20 9:45,이의동 드림스퀘어Ⅱ 앞,고정형,2023-12-01,,,
2023,수원시,권선구청,2023-07-20 9:46,곡반정동 하나로마트한국빌딩앞,고정형,2023-12-01,,,
2023,수원시,영통구청,2023-07-20 9:47,이의동 드림스퀘어Ⅱ 앞,고정형,2023-12-01,,,
2023,수원시,팔달구청,2023-07-20 10:11,인계동 드림캐슬주상복합,고정형,2023-12-01,,,
2023,수원시,팔달구청,2023-07-20 10:14,인계동 한국씨티은행,고정형,2023-12-01,,,
2023,수원시,팔달구청,2023-07-20 10:14,인계동 한국씨티은행,고정형,2023-12-01,,,
2023,수원시,팔달구청,2023-07-20 10:19,인계동 경인통계청,고정형,2023-12-01,,,
2023,수원시,팔달구청,2023-07-20 10:19,인계동 경인통계청,고정형,2023-12-01,,,
2023,수원시,팔달구청,2023-07-20 10:30,매산동 팔달로 10번길 8,고정형,2023-12-01,,,
2023,수원시,팔달구청,2023-07-20 10:30,인계동 드림캐슬주상복합,고정형,2023-12-01,,,
2023,수원시,팔달구청,2023-07-20 10:43,남수동 남수동 정조로 796번길,주행형,2023-12-01,,,
2023,수원시,팔달구청,2023-07-20 10:43,남수동 남수동 정조로 796 번길,주행형,2023-12-01,,,
2023,수원시,영통구청,2023-07-20 10:55,이의동 광교가재울마을사거리,고정형,2023-12-01,,,
2023,수원시,장안구청,2023-07-20 10:56,율전동 율전동 507,국민신문고,2023-12-01,,,
2023,수원시,영통구청,2023-07-20 11:09,영통구 망포동 123-19,국민신문고,2023-12-01,,,
2023,수원시,영통구청,2023-07-20 11:09,영통구 망포동 123-19,국민신문고,2023-12-01,,,
2023,수원시,권선구청,2023-07-20 11:52,입북동 당수초교 정문 우측 사거리,고정형,2023-12-01,,,
2023,수원시,팔달구청,2023-07-20 12:01,화서1동 수원역푸르지오자이 북문 우측,고정형,2023-12-01,,,
2023,수원시,팔달구청,2023-07-20 12:04,화서동 푸르지오자이 북문 CU 앞 횡단보도,고정형,2023-12-01,,,
2023,수원시,영통구청,2023-07-20 12:05,하동 매탄동 1321,국민신문고,2023-12-01,,,
2023,수원시,영통구청,2023-07-20 12:12,광교동 광교더사랑교회뒷길,고정형,2023-12-01,,,
2023,수원시,영통구청,2023-07-20 12:34,영통동 롯데마트 뒤,고정형,2023-12-01,37.27220279535416,127.10856729001851,
2023,수원시,권선구청,2023-07-20 12:48,권선동 권선초등학교(한일수도),고정형,2023-12-01,,,
2023,수원시,영통구청,2023-07-20 12:58,이의동 도청예정부지,고정형,2023-12-01,,,
2023,수원시,팔달구청,2023-07-20 13:14,화서1동 수원역푸르지오자이 북문 우측,고정형,2023-12-01,,,
2023,수원시,영통구청,2023-07-20 13:40,광교동 광교웰빙타운한양수자인,고정형,2023-12-01,,,
2023,수원시,팔달구청,2023-07-20 14:04,교동 교동 매산로92번길,주행형,2023-12-01,,,
2023,수원시,권선구청,2023-07-20 14:11,평동 오현초교 정문 우측 사거리,고정형,2023-12-01,,,
2023,수원시,팔달구청,2023-07-20 14:15,고등동 수원초등학교 정문 좌측 사거리,고정형,2023-12-01,,,
2023,수원시,팔달구청,2023-07-20 14:24,영동 영동 수원천로 275,주행형,2023-12-01,,,
2023,수원시,팔달구청,2023-07-20 14:24,영동 영동 수원천로 275,주행형,2023-12-01,,,
2023,수원시,팔달구청,2023-07-20 14:25,화서1동 수원역푸르지오자이 북문 우측,고정형,2023-12-01,,,
2023,수원시,팔달구청,2023-07-20 14:33,북수동 쌈지공원 앞,고정형,2023-12-01,,,
2023,수원시,권선구청,2023-07-20 14:34,권선동 권선동 한라비발디앞 놀이터,고정형,2023-12-01,,,
2023,수원시,권선구청,2023-07-20 14:35,서둔동 가온팰리스옆2,고정형,2023-12-01,,,
2023,수원시,팔달구청,2023-07-20 14:36,매산동 팅스몰 주차장 출구 옆,고정형,2023-12-01,,,
2023,수원시,권선구청,2023-07-20 14:47,서둔동 수원역한라비발디퍼스트 앞1,고정형,2023-12-01,,,
2023,수원시,영통구청,2023-07-20 14:50,망포동 E-마트 에브리데이 앞,고정형,2023-12-01,37.2361017468141,127.060345496536,
2023,수원시,팔달구청,2023-07-20 14:55,매산동 팔달로 10번길 8,고정형,2023-12-01,,,
2023,수원시,팔달구청,2023-07-20 15:07,북수동 쌈지공원 앞,고정형,2023-12-01,,,
2023,수원시,팔달구청,2023-07-20 15:07,인계동 경인통계청,고정형,2023-12-01,,,
2023,수원시,팔달구청,2023-07-20 15:11,인계동 드림캐슬주상복합,고정형,2023-12-01,,,
2023,수원시,권선구청,2023-07-20 15:20,곡선동 권선중앙약국 건너편,고정형,2023-12-01,,,
2023,수원시,팔달구청,2023-07-20 15:28,화서1동 수원역푸르지오자이 북문 우측,고정형,2023-12-01,,,
2023,수원시,팔달구청,2023-07-20 15:39,화서동 푸르지오자이 북문 CU 앞 횡단보도,고정형,2023-12-01,,,
2023,수원시,팔달구청,2023-07-20 15:48,인계동 드림캐슬주상복합,고정형,2023-12-01,,,
2023,수원시,팔달구청,2023-07-20 15:48,인계동 드림캐슬주상복합,고정형,2023-12-01,,,
2023,수원시,팔달구청,2023-07-20 16:00,인계동 드림캐슬주상복합,고정형,2023-12-01,,,
2023,수원시,영통구청,2023-07-20 16:00,망포동 힐스테이트 119동 ~방죽공원 삼거리,고정형,2023-12-01,,,
2023,수원시,팔달구청,2023-07-20 16:02,북수동 쌈지공원 앞,고정형,2023-12-01,,,
2023,수원시,권선구청,2023-07-20 16:04,서둔동 가온팰리스옆1,고정형,2023-12-01,,,
2023,수원시,팔달구청,2023-07-20 16:08,인계동 경인통계청,고정형,2023-12-01,,,
2023,수원시,영통구청,2023-07-20 16:11,이의동 드림스퀘어Ⅱ 앞,고정형,2023-12-01,,,
2023,수원시,팔달구청,2023-07-20 16:51,인계동 한국씨티은행,고정형,2023-12-01,,,
2023,수원시,팔달구청,2023-07-20 16:53,고등동 수원초등학교 정문 좌측 사거리,고정형,2023-12-01,,,
2023,수원시,권선구청,2023-07-20 17:17,곡반정동 하나로마트한국빌딩앞,고정형,2023-12-01,,,
2023,수원시,팔달구청,2023-07-20 17:27,매산동 팔달로 10번길 8,고정형,2023-12-01,,,
2023,수원시,팔달구청,2023-07-20 18:18,화서1동 수원역푸르지오자이 북문 우측,고정형,2023-12-01,,,
2023,수원시,영통구청,2023-07-20 19:15,영통동 매영로365번길,주행형,2023-12-01,,,
2023,수원시,영통구청,2023-07-20 19:15,영통동 매영로365번길,주행형,2023-12-01,,,
2023,수원시,영통구청,2023-07-20 19:15,영통동 매영로365번길,주행형,2023-12-01,,,
2023,수원시,영통구청,2023-07-20 19:15,영통동 매영로365번길,주행형,2023-12-01,,,
2023,수원시,팔달구청,2023-07-20 19:30,화서1동 푸르지오자이 북문 CU 앞 횡단보도,고정형,2023-12-01,,,
2023,수원시,영통구청,2023-07-20 19:34,원천동 삼성전자중문,고정형,2023-12-01,,,
2023,수원시,팔달구청,2023-07-20 19:46,인계동 드림캐슬주상복합,고정형,2023-12-01,,,
2023,수원시,권선구청,2023-07-20 20:22,곡반정동 수원시 권선구 곡반정동 196-2,보행,2023-12-01,,,
2023,수원시,팔달구청,2023-07-20 20:33,매산동 팅스몰 주차장 출구 옆,고정형,2023-12-01,,,
2023,수원시,팔달구청,2023-07-20 20:34,매산동 역전농협,고정형,2023-12-01,,,
2023,수원시,팔달구청,2023-07-20 20:50,인계동 드림캐슬주상복합,고정형,2023-12-01,,,
2023,수원시,팔달구청,2023-07-20 20:50,인계동 드림캐슬주상복합,고정형,2023-12-01,,,
2023,수원시,팔달구청,2023-07-20 23:36,매교동 매교동 287-510 교차로모퉁이,국민신문고,2023-12-01,,,
2023,수원시,권선구청,2023-07-21 6:20,곡반정동 562-2,국민신문고,2023-12-01,,,
2023,수원시,팔달구청,2023-07-21 7:03,화서1동 수원역푸르지오자이 북문 우측,고정형,2023-12-01,,,
2023,수원시,팔달구청,2023-07-21 7:34,매산동 팅스몰 주차장 출구 옆,고정형,2023-12-01,,,
2023,수원시,팔달구청,2023-07-21 7:34,매산동 팅스몰 주차장 출구 옆,고정형,2023-12-01,,,
2023,수원시,팔달구청,2023-07-21 7:34,인계동 경인통계청,고정형,2023-12-01,,,
2023,수원시,권선구청,2023-07-21 8:03,서둔동 가온팰리스옆2,고정형,2023-12-01,,,
2023,수원시,권선구청,2023-07-21 8:05,곡반정동 하나로마트한국빌딩앞,고정형,2023-12-01,,,
2023,수원시,권선구청,2023-07-21 8:55,호매실동 금호프라자 대각 맞은편,고정형,2023-12-01,,,
2023,수원시,팔달구청,2023-07-21 9:22,인계동 경인통계청,고정형,2023-12-01,,,
2023,수원시,권선구청,2023-07-21 9:37,서둔동 가온팰리스옆2,고정형,2023-12-01,,,
2023,수원시,권선구청,2023-07-21 10:02,세류3동 신곡초교 후문 좌측 사거리,고정형,2023-12-01,,,
2023,수원시,권선구청,2023-07-21 10:17,권선동 권선동 한라비발디앞 놀이터,고정형,2023-12-01,,,
2023,수원시,권선구청,2023-07-21 10:17,권선동 권선동 한라비발디앞 놀이터,고정형,2023-12-01,,,
2023,수원시,팔달구청,2023-07-21 10:23,인계동 경인통계청,고정형,2023-12-01,,,
2023,수원시,권선구청,2023-07-21 10:32,세류3동 신곡초교 후문 좌측 사거리,고정형,2023-12-01,,,
2023,수원시,영통구청,2023-07-21 10:50,망포동 힐스테이트 119동 ~방죽공원 삼거리,고정형,2023-12-01,,,
2023,수원시,팔달구청,2023-07-21 10:55,경기도수원시팔달구인계동 수원시 팔달구 우만동 469-17,보행,2023-12-01,,,
2023,수원시,권선구청,2023-07-21 11:45,입북동 당수초교 정문 우측 사거리,고정형,2023-12-01,,,
2023,수원시,권선구청,2023-07-21 12:18,입북동 당수초교 정문 우측 사거리,고정형,2023-12-01,,,
2023,수원시,영통구청,2023-07-21 12:35,원천동 광교 한화겔러리아 앞,고정형,2023-12-01,,,
2023,수원시,권선구청,2023-07-21 12:39,평동 오현초교 정문 우측 사거리,고정형,2023-12-01,,,
2023,수원시,팔달구청,2023-07-21 13:05,화서1동 수원역푸르지오자이 북문 우측,고정형,2023-12-01,,,
2023,수원시,팔달구청,2023-07-21 13:14,화서1동 수원역푸르지오자이 북문 우측,고정형,2023-12-01,,,
2023,수원시,영통구청,2023-07-21 13:20,이의동 광교호반베르디움 103동 앞,고정형,2023-12-01,,,
2023,수원시,권선구청,2023-07-21 13:25,입북동 당수초교 정문 우측 사거리,고정형,2023-12-01,,,
2023,수원시,권선구청,2023-07-21 13:57,입북동 당수초교 정문 우측 사거리,고정형,2023-12-01,,,
2023,수원시,팔달구청,2023-07-21 13:57,교동 수원향교 앞 팔달보건소 뒤,고정형,2023-12-01,,,
2023,수원시,장안구청,2023-07-21 14:03,정자동 정자로133번길,주행형,2023-12-01,,,
2023,수원시,권선구청,2023-07-21 14:15,입북동 당수초교 정문 우측 사거리,고정형,2023-12-01,,,
2023,수원시,팔달구청,2023-07-21 14:34,매산동 팔달로 10번길 8,고정형,2023-12-01,,,
2023,수원시,권선구청,2023-07-21 14:36,서둔동 가온팰리스옆2,고정형,2023-12-01,,,
2023,수원시,팔달구청,2023-07-21 14:44,인계동 한국씨티은행,고정형,2023-12-01,,,
2023,수원시,권선구청,2023-07-21 14:47,금곡동 금곡로222번길,주행형,2023-12-01,,,
2023,수원시,권선구청,2023-07-21 14:47,금곡동 금곡로222번길,주행형,2023-12-01,,,
2023,수원시,권선구청,2023-07-21 14:47,금곡동 금곡로222번길,주행형,2023-12-01,,,
2023,수원시,권선구청,2023-07-21 14:47,금곡동 금곡로222번길,주행형,2023-12-01,,,
2023,수원시,팔달구청,2023-07-21 15:08,화서1동 수원역푸르지오자이 북문 우측,고정형,2023-12-01,,,
2023,수원시,권선구청,2023-07-21 15:12,평동 오현초교 정문 우측 사거리,고정형,2023-12-01,,,
2023,수원시,권선구청,2023-07-21 15:22,곡반정동 하나로마트한국빌딩앞,고정형,2023-12-01,,,
2023,수원시,권선구청,2023-07-21 15:22,곡반정동 하나로마트한국빌딩앞,고정형,2023-12-01,,,
2023,수원시,권선구청,2023-07-21 15:46,오목천동 한화꿈에그린아파트 214동앞,고정형,2023-12-01,,,
2023,수원시,팔달구청,2023-07-21 16:01,인계동 경인통계청,고정형,2023-12-01,,,
2023,수원시,팔달구청,2023-07-21 16:05,인계동 한국씨티은행,고정형,2023-12-01,,,
2023,수원시,권선구청,2023-07-21 16:14,서둔동 가온팰리스옆2,고정형,2023-12-01,,,
2023,수원시,팔달구청,2023-07-21 16:15,경기도수원시팔달구화서동 수원시 팔달구 화서동 184-361,보행,2023-12-01,,,
2023,수원시,팔달구청,2023-07-21 16:24,매산동 팅스몰 주차장 출구 옆,고정형,2023-12-01,,,
2023,수원시,팔달구청,2023-07-21 16:30,인계동 드림캐슬주상복합,고정형,2023-12-01,,,
2023,수원시,팔달구청,2023-07-21 16:48,화서1동 수원역푸르지오자이 북문 우측,고정형,2023-12-01,,,
2023,수원시,팔달구청,2023-07-21 16:52,인계동 드림캐슬주상복합,고정형,2023-12-01,,,
2023,수원시,영통구청,2023-07-21 16:57,망포동 힐스테이트 119동 ~방죽공원 삼거리,고정형,2023-12-01,,,
2023,수원시,영통구청,2023-07-21 16:57,망포동 힐스테이트 119동 ~방죽공원 삼거리,고정형,2023-12-01,,,
2023,수원시,팔달구청,2023-07-21 17:16,인계동 경인통계청,고정형,2023-12-01,,,
2023,수원시,팔달구청,2023-07-21 17:27,인계동 경인통계청,고정형,2023-12-01,,,
2023,수원시,권선구청,2023-07-21 17:30,입북동 당수초교 정문 우측 사거리,고정형,2023-12-01,,,
2023,수원시,팔달구청,2023-07-21 17:37,인계동 한국씨티은행,고정형,2023-12-01,,,
2023,수원시,팔달구청,2023-07-21 17:38,화서1동 수원역푸르지오자이 북문 우측,고정형,2023-12-01,,,
2023,수원시,권선구청,2023-07-21 17:39,서둔동 가온팰리스옆2,고정형,2023-12-01,,,
2023,수원시,영통구청,2023-07-21 18:14,경기도수원시영통구매탄동 수원시 영통구 동수원로 322-1구두수선대2,보행,2023-12-01,,,
2023,수원시,팔달구청,2023-07-21 18:21,인계동 드림캐슬주상복합,고정형,2023-12-01,,,
2023,수원시,팔달구청,2023-07-21 18:38,인계동 드림캐슬주상복합,고정형,2023-12-01,,,
2023,수원시,팔달구청,2023-07-21 20:55,인계동 드림캐슬주상복합,고정형,2023-12-01,,,
2023,수원시,팔달구청,2023-07-21 21:37,인계동 드림캐슬주상복합,고정형,2023-12-01,,,
2023,수원시,팔달구청,2023-07-21 21:39,인계동 드림캐슬주상복합,고정형,2023-12-01,,,
2023,수원시,권선구청,2023-07-22 9:02,곡반정동 하나로마트한국빌딩앞,고정형,2023-12-01,,,
2023,수원시,권선구청,2023-07-22 9:04,곡반정동 하나로마트한국빌딩앞,고정형,2023-12-01,,,
2023,수원시,팔달구청,2023-07-22 9:04,매산동 팅스몰 주차장 출구 옆,고정형,2023-12-01,,,
2023,수원시,권선구청,2023-07-22 9:04,곡반정동 하나로마트한국빌딩앞,고정형,2023-12-01,,,
2023,수원시,권선구청,2023-07-22 9:04,서둔동 가온팰리스옆2,고정형,2023-12-01,,,
2023,수원시,권선구청,2023-07-22 9:05,곡반정동 하나로마트한국빌딩앞,고정형,2023-12-01,,,
2023,수원시,권선구청,2023-07-22 9:11,서둔동 가온팰리스옆1,고정형,2023-12-01,,,
2023,수원시,권선구청,2023-07-22 9:11,서둔동 가온팰리스옆2,고정형,2023-12-01,,,
2023,수원시,권선구청,2023-07-22 9:11,서둔동 가온팰리스옆2,고정형,2023-12-01,,,
2023,수원시,팔달구청,2023-07-22 9:18,인계동 경인통계청,고정형,2023-12-01,,,
2023,수원시,영통구청,2023-07-22 9:30,영통동 롯데마트 뒤,고정형,2023-12-01,37.27220279535416,127.10856729001851,
2023,수원시,권선구청,2023-07-22 9:42,곡반정동 하나로마트한국빌딩앞,고정형,2023-12-01,,,
2023,수원시,팔달구청,2023-07-22 9:43,화서1동 수원역푸르지오자이 북문 우측,고정형,2023-12-01,,,
2023,수원시,팔달구청,2023-07-22 9:47,매산동 팅스몰 주차장 출구 옆,고정형,2023-12-01,,,
2023,수원시,팔달구청,2023-07-22 9:48,인계동 경인통계청,고정형,2023-12-01,,,
2023,수원시,팔달구청,2023-07-22 10:08,매산동 팅스몰 주차장 출구 옆,고정형,2023-12-01,,,
2023,수원시,권선구청,2023-07-22 11:05,고색동 도이치 고객주차장 출입구,고정형,2023-12-01,,,
2023,수원시,팔달구청,2023-07-22 11:33,화서1동 수원역푸르지오자이 북문 우측,고정형,2023-12-01,,,
2023,수원시,영통구청,2023-07-22 12:30,영통동 롯데마트 뒤,고정형,2023-12-01,37.27220279535416,127.10856729001851,
2023,수원시,영통구청,2023-07-22 12:30,영통동 롯데마트 뒤,고정형,2023-12-01,37.27220279535416,127.10856729001851,
2023,수원시,팔달구청,2023-07-22 12:52,화서1동 수원역푸르지오자이 북문 우측,고정형,2023-12-01,,,
2023,수원시,영통구청,2023-07-22 12:54,영통동 롯데마트 뒤,고정형,2023-12-01,37.27220279535416,127.10856729001851,
2023,수원시,영통구청,2023-07-22 13:02,하동 광교호반마을한양수자인,고정형,2023-12-01,,,
2023,수원시,팔달구청,2023-07-22 13:28,행궁동 팔달문 버스정류장,고정형,2023-12-01,,,
2023,수원시,팔달구청,2023-07-22 13:57,화서1동 수원역푸르지오자이 북문 우측,고정형,2023-12-01,,,
2023,수원시,팔달구청,2023-07-22 14:02,화서1동 푸르지오자이 북문 CU 앞 횡단보도,고정형,2023-12-01,,,
2023,수원시,팔달구청,2023-07-22 14:11,행궁동 팔달문 버스정류장,고정형,2023-12-01,,,
2023,수원시,영통구청,2023-07-22 14:12,영통동 롯데마트 뒤,고정형,2023-12-01,37.27220279535416,127.10856729001851,
2023,수원시,영통구청,2023-07-22 14:12,영통동 롯데마트 뒤,고정형,2023-12-01,37.27220279535416,127.10856729001851,
2023,수원시,팔달구청,2023-07-22 14:33,인계동 드림캐슬주상복합,고정형,2023-12-01,,,
2023,수원시,권선구청,2023-07-22 14:33,서둔동 가온팰리스옆2,고정형,2023-12-01,,,
2023,수원시,권선구청,2023-07-22 14:34,곡반정동 하나로마트한국빌딩앞,고정형,2023-12-01,,,
2023,수원시,팔달구청,2023-07-22 14:34,인계동 경인통계청,고정형,2023-12-01,,,
2023,수원시,권선구청,2023-07-22 14:34,곡반정동 하나로마트한국빌딩앞,고정형,2023-12-01,,,
2023,수원시,팔달구청,2023-07-22 14:35,매산동 팅스몰 주차장 출구 옆,고정형,2023-12-01,,,
2023,수원시,팔달구청,2023-07-22 14:35,인계동 경인통계청,고정형,2023-12-01,,,
2023,수원시,팔달구청,2023-07-22 14:35,인계동 드림캐슬주상복합,고정형,2023-12-01,,,
2023,수원시,권선구청,2023-07-22 14:35,서둔동 가온팰리스옆1,고정형,2023-12-01,,,
2023,수원시,팔달구청,2023-07-22 14:35,인계동 드림캐슬주상복합,고정형,2023-12-01,,,
2023,수원시,권선구청,2023-07-22 14:36,서둔동 가온팰리스옆2,고정형,2023-12-01,,,
2023,수원시,팔달구청,2023-07-22 14:36,인계동 드림캐슬주상복합,고정형,2023-12-01,,,
2023,수원시,팔달구청,2023-07-22 14:52,인계동 경인통계청,고정형,2023-12-01,,,
2023,수원시,팔달구청,2023-07-22 14:52,인계동 경인통계청,고정형,2023-12-01,,,
2023,수원시,팔달구청,2023-07-22 14:58,인계동 경인통계청,고정형,2023-12-01,,,
2023,수원시,영통구청,2023-07-22 15:02,영통동 마사회뒷길,고정형,2023-12-01,,,
2023,수원시,팔달구청,2023-07-22 15:04,행궁동 팔달문 버스정류장,고정형,2023-12-01,,,
2023,수원시,팔달구청,2023-07-22 15:04,인계동 한국씨티은행,고정형,2023-12-01,,,
2023,수원시,팔달구청,2023-07-22 15:07,매산동 팔달로 10번길 8,고정형,2023-12-01,,,
2023,수원시,팔달구청,2023-07-22 15:11,인계동 드림캐슬주상복합,고정형,2023-12-01,,,
2023,수원시,팔달구청,2023-07-22 15:20,매산동 팅스몰 주차장 출구 옆,고정형,2023-12-01,,,
2023,수원시,권선구청,2023-07-22 15:23,경기도수원시권선구곡반정동 수원시 권선구 곡반정동 197-6,보행,2023-12-01,,,
2023,수원시,팔달구청,2023-07-22 15:24,인계동 드림캐슬주상복합,고정형,2023-12-01,,,
2023,수원시,팔달구청,2023-07-22 15:25,매산동 팅스몰 주차장 출구 옆,고정형,2023-12-01,,,
2023,수원시,팔달구청,2023-07-22 15:26,화서1동 수원역푸르지오자이 북문 우측,고정형,2023-12-01,,,
2023,수원시,영통구청,2023-07-22 15:27,이의동 드림스퀘어Ⅱ 앞,고정형,2023-12-01,,,
2023,수원시,팔달구청,2023-07-22 15:27,인계동 드림캐슬주상복합,고정형,2023-12-01,,,
2023,수원시,영통구청,2023-07-22 15:37,영통동 마사회뒷길,고정형,2023-12-01,,,
2023,수원시,권선구청,2023-07-22 15:39,곡반정동 하나로마트한국빌딩앞,고정형,2023-12-01,,,
2023,수원시,팔달구청,2023-07-22 15:39,매산동 팅스몰 주차장 출구 옆,고정형,2023-12-01,,,
2023,수원시,팔달구청,2023-07-22 15:51,인계동 드림캐슬주상복합,고정형,2023-12-01,,,
2023,수원시,팔달구청,2023-07-22 15:52,인계동 한국씨티은행,고정형,2023-12-01,,,
2023,수원시,팔달구청,2023-07-22 15:53,인계동 경인통계청,고정형,2023-12-01,,,
2023,수원시,팔달구청,2023-07-22 15:54,화서1동 수원역푸르지오자이 북문 우측,고정형,2023-12-01,,,
2023,수원시,팔달구청,2023-07-22 15:54,북수동 쌈지공원 앞,고정형,2023-12-01,,,
2023,수원시,영통구청,2023-07-22 16:01,이의동 드림스퀘어Ⅱ 앞,고정형,2023-12-01,,,
2023,수원시,팔달구청,2023-07-22 16:08,매산동 팅스몰 주차장 출구 옆,고정형,2023-12-01,,,
2023,수원시,팔달구청,2023-07-22 16:09,매산동 팅스몰 주차장 출구 옆,고정형,2023-12-01,,,
2023,수원시,권선구청,2023-07-22 16:11,곡반정동 하나로마트한국빌딩앞,고정형,2023-12-01,,,
2023,수원시,팔달구청,2023-07-22 16:20,인계동 한국씨티은행,고정형,2023-12-01,,,
2023,수원시,장안구청,2023-07-22 16:21,경기도수원시장안구정자동 수원시 장안구 정자동 376,보행,2023-12-01,,,
2023,수원시,팔달구청,2023-07-22 16:22,인계동 경인통계청,고정형,2023-12-01,,,
2023,수원시,팔달구청,2023-07-22 16:28,행궁동 화홍사랑채,고정형,2023-12-01,,,
2023,수원시,팔달구청,2023-07-22 16:32,매교동 매교동 114-11 횡단보도,국민신문고,2023-12-01,,,
2023,수원시,팔달구청,2023-07-22 16:32,매교동 매교동 114-11 횡단보도,국민신문고,2023-12-01,,,
2023,수원시,팔달구청,2023-07-22 16:32,매교동 매교동 114-89 소화전,국민신문고,2023-12-01,,,
2023,수원시,권선구청,2023-07-22 16:33,서둔동 가온팰리스옆1,고정형,2023-12-01,,,
2023,수원시,영통구청,2023-07-22 16:38,이의동 드림스퀘어Ⅱ 앞,고정형,2023-12-01,,,
2023,수원시,팔달구청,2023-07-22 16:39,화서1동 수원역푸르지오자이 북문 우측,고정형,2023-12-01,,,
2023,수원시,팔달구청,2023-07-22 16:48,인계동 드림캐슬주상복합,고정형,2023-12-01,,,
2023,수원시,팔달구청,2023-07-22 17:18,인계동 경인통계청,고정형,2023-12-01,,,
2023,수원시,팔달구청,2023-07-22 17:18,인계동 경인통계청,고정형,2023-12-01,,,
2023,수원시,팔달구청,2023-07-22 17:18,인계동 드림캐슬주상복합,고정형,2023-12-01,,,
2023,수원시,팔달구청,2023-07-22 17:52,매산동 팅스몰 주차장 출구 옆,고정형,2023-12-01,,,
2023,수원시,팔달구청,2023-07-22 18:00,매산동 팅스몰 주차장 출구 옆,고정형,2023-12-01,,,
2023,수원시,팔달구청,2023-07-22 18:23,화서1동 푸르지오자이 북문 CU 앞 횡단보도,고정형,2023-12-01,,,
2023,수원시,팔달구청,2023-07-22 19:22,매산동 역전농협,고정형,2023-12-01,,,
2023,수원시,팔달구청,2023-07-22 19:41,매산동 팅스몰 주차장 출구 옆,고정형,2023-12-01,,,
2023,수원시,팔달구청,2023-07-22 20:04,인계동 드림캐슬주상복합,고정형,2023-12-01,,,
2023,수원시,팔달구청,2023-07-22 20:35,매산동 팅스몰 주차장 출구 옆,고정형,2023-12-01,,,
2023,수원시,팔달구청,2023-07-22 20:35,매산동 팅스몰 주차장 출구 옆,고정형,2023-12-01,,,
2023,수원시,팔달구청,2023-07-22 20:39,인계동 드림캐슬주상복합,고정형,2023-12-01,,,
2023,수원시,권선구청,2023-07-22 23:01,곡반정동 562-2,국민신문고,2023-12-01,,,
2023,수원시,권선구청,2023-07-22 23:03,곡반정동 562-2,국민신문고,2023-12-01,,,
2023,수원시,권선구청,2023-07-22 23:03,곡반정동 562-2,국민신문고,2023-12-01,,,
2023,수원시,권선구청,2023-07-22 23:06,곡반정동 156-1,국민신문고,2023-12-01,,,
2023,수원시,권선구청,2023-07-22 23:07,곡반정동 156-8,국민신문고,2023-12-01,,,
2023,수원시,팔달구청,2023-07-23 9:02,매산동 역전농협,고정형,2023-12-01,,,
2023,수원시,권선구청,2023-07-23 9:03,곡반정동 하나로마트한국빌딩앞,고정형,2023-12-01,,,
2023,수원시,팔달구청,2023-07-23 9:03,북수동 쌈지공원 앞,고정형,2023-12-01,,,
2023,수원시,권선구청,2023-07-23 9:03,곡반정동 하나로마트한국빌딩앞,고정형,2023-12-01,,,
2023,수원시,팔달구청,2023-07-23 9:04,인계동 드림캐슬주상복합,고정형,2023-12-01,,,
2023,수원시,권선구청,2023-07-23 9:04,서둔동 수원역한라비발디퍼스트 앞1,고정형,2023-12-01,,,
2023,수원시,팔달구청,2023-07-23 9:04,인계동 드림캐슬주상복합,고정형,2023-12-01,,,
2023,수원시,권선구청,2023-07-23 9:05,서둔동 가온팰리스옆2,고정형,2023-12-01,,,
2023,수원시,팔달구청,2023-07-23 9:07,인계동 경인통계청,고정형,2023-12-01,,,
2023,수원시,팔달구청,2023-07-23 9:07,인계동 경인통계청,고정형,2023-12-01,,,
2023,수원시,팔달구청,2023-07-23 9:16,매산동 팅스몰 주차장 출구 옆,고정형,2023-12-01,,,
2023,수원시,영통구청,2023-07-23 9:19,영통동 롯데마트 뒤,고정형,2023-12-01,37.27220279535416,127.10856729001851,
2023,수원시,권선구청,2023-07-23 9:44,곡반정동 궁촌육교앞,고정형,2023-12-01,,,
2023,수원시,팔달구청,2023-07-23 10:00,매산동 역전농협,고정형,2023-12-01,,,
2023,수원시,팔달구청,2023-07-23 10:01,인계동 경인통계청,고정형,2023-12-01,,,
2023,수원시,팔달구청,2023-07-23 10:02,매산동 팅스몰 주차장 출구 옆,고정형,2023-12-01,,,
2023,수원시,영통구청,2023-07-23 10:26,망포동 힐스테이트 119동 ~방죽공원 삼거리,고정형,2023-12-01,,,
2023,수원시,팔달구청,2023-07-23 10:37,화서1동 푸르지오자이 북문 CU 앞 횡단보도,고정형,2023-12-01,,,
2023,수원시,팔달구청,2023-07-23 11:16,화서1동 수원역푸르지오자이 북문 우측,고정형,2023-12-01,,,
2023,수원시,팔달구청,2023-07-23 12:20,화서1동 수원역푸르지오자이 북문 우측,고정형,2023-12-01,,,
2023,수원시,영통구청,2023-07-23 12:24,이의동 도청예정부지,고정형,2023-12-01,,,
2023,수원시,팔달구청,2023-07-23 13:05,화서1동 수원역푸르지오자이 북문 우측,고정형,2023-12-01,,,
2023,수원시,영통구청,2023-07-23 13:41,영통동 마사회뒷길,고정형,2023-12-01,,,
2023,수원시,권선구청,2023-07-23 14:32,곡반정동 하나로마트한국빌딩앞,고정형,2023-12-01,,,
2023,수원시,팔달구청,2023-07-23 14:33,화서1동 수원역푸르지오자이 북문 우측,고정형,2023-12-01,,,
2023,수원시,팔달구청,2023-07-23 14:33,인계동 드림캐슬주상복합,고정형,2023-12-01,,,
2023,수원시,권선구청,2023-07-23 14:35,서둔동 가온팰리스옆2,고정형,2023-12-01,,,
2023,수원시,권선구청,2023-07-23 14:36,곡반정동 하나로마트한국빌딩앞,고정형,2023-12-01,,,
2023,수원시,영통구청,2023-07-23 14:37,영통동 마사회뒷길,고정형,2023-12-01,,,
2023,수원시,팔달구청,2023-07-23 14:38,매산동 팅스몰 주차장 출구 옆,고정형,2023-12-01,,,
2023,수원시,팔달구청,2023-07-23 14:39,인계동 한국씨티은행,고정형,2023-12-01,,,
2023,수원시,팔달구청,2023-07-23 14:55,고등동 고등동 팔달로 14,주행형,2023-12-01,,,
2023,수원시,팔달구청,2023-07-23 14:56,화서1동 푸르지오자이 북문 CU 앞 횡단보도,고정형,2023-12-01,,,
2023,수원시,팔달구청,2023-07-23 15:00,행궁동 화홍사랑채,고정형,2023-12-01,,,
2023,수원시,팔달구청,2023-07-23 15:05,경기도수원시팔달구고등동 수원시 팔달구 팔달로120번길,보행,2023-12-01,,,
2023,수원시,팔달구청,2023-07-23 15:08,신풍동 미술관로터리,고정형,2023-12-01,,,
2023,수원시,권선구청,2023-07-23 15:08,호매실동 금호프라자 대각 맞은편,고정형,2023-12-01,,,
2023,수원시,팔달구청,2023-07-23 15:12,인계동 한국씨티은행,고정형,2023-12-01,,,
2023,수원시,권선구청,2023-07-23 15:14,서둔동 롯데몰9번출구앞주변,고정형,2023-12-01,,,
2023,수원시,팔달구청,2023-07-23 15:15,매산동 팔달로 10번길 8,고정형,2023-12-01,,,
2023,수원시,권선구청,2023-07-23 15:21,곡반정동 하나로마트한국빌딩앞,고정형,2023-12-01,,,
2023,수원시,권선구청,2023-07-23 15:24,곡반정동 궁촌육교앞,고정형,2023-12-01,,,
2023,수원시,팔달구청,2023-07-23 15:24,화서1동 수원역푸르지오자이 북문 우측,고정형,2023-12-01,,,
2023,수원시,팔달구청,2023-07-23 15:31,매산동 팅스몰 주차장 출구 옆,고정형,2023-12-01,,,
2023,수원시,팔달구청,2023-07-23 15:39,화서1동 수원역푸르지오자이 북문 우측,고정형,2023-12-01,,,
2023,수원시,팔달구청,2023-07-23 15:41,화서동 푸르지오자이 북문 CU 앞 횡단보도,고정형,2023-12-01,,,
2023,수원시,팔달구청,2023-07-23 15:57,인계동 드림캐슬주상복합,고정형,2023-12-01,,,
2023,수원시,팔달구청,2023-07-23 16:00,매산동 팅스몰 주차장 출구 옆,고정형,2023-12-01,,,
2023,수원시,팔달구청,2023-07-23 16:05,인계동 경인통계청,고정형,2023-12-01,,,
2023,수원시,팔달구청,2023-07-23 16:08,인계동 드림캐슬주상복합,고정형,2023-12-01,,,
2023,수원시,팔달구청,2023-07-23 16:09,매산동 팅스몰 주차장 출구 옆,고정형,2023-12-01,,,
2023,수원시,팔달구청,2023-07-23 16:27,인계동 드림캐슬주상복합,고정형,2023-12-01,,,
2023,수원시,권선구청,2023-07-23 16:27,오목천동 527-12,국민신문고,2023-12-01,,,
2023,수원시,권선구청,2023-07-23 16:31,서둔동 수원역한라비발디퍼스트 앞1,고정형,2023-12-01,,,
2023,수원시,팔달구청,2023-07-23 16:41,화서1동 푸르지오자이 북문 CU 앞 횡단보도,고정형,2023-12-01,,,
2023,수원시,팔달구청,2023-07-23 16:48,인계동 드림캐슬주상복합,고정형,2023-12-01,,,
2023,수원시,팔달구청,2023-07-23 16:48,북수동 쌈지공원 앞,고정형,2023-12-01,,,
2023,수원시,팔달구청,2023-07-23 16:55,인계동 경인통계청,고정형,2023-12-01,,,
2023,수원시,팔달구청,2023-07-23 16:56,매산동 역전농협,고정형,2023-12-01,,,
2023,수원시,영통구청,2023-07-23 17:02,광교동 광교웰빙타운한양수자인,고정형,2023-12-01,,,
2023,수원시,팔달구청,2023-07-23 17:09,매산동 팅스몰 주차장 출구 옆,고정형,2023-12-01,,,
2023,수원시,팔달구청,2023-07-23 17:12,인계동 경인통계청,고정형,2023-12-01,,,
2023,수원시,팔달구청,2023-07-23 17:12,인계동 경인통계청,고정형,2023-12-01,,,
2023,수원시,팔달구청,2023-07-23 17:25,교동 수원향교 앞 팔달보건소 뒤,고정형,2023-12-01,,,
2023,수원시,팔달구청,2023-07-23 17:52,인계동 드림캐슬주상복합,고정형,2023-12-01,,,
2023,수원시,팔달구청,2023-07-23 17:54,매산동 팔달로 10번길 8,고정형,2023-12-01,,,
2023,수원시,팔달구청,2023-07-23 17:55,인계동 드림캐슬주상복합,고정형,2023-12-01,,,
2023,수원시,팔달구청,2023-07-23 18:35,매산동 팅스몰 주차장 출구 옆,고정형,2023-12-01,,,
2023,수원시,팔달구청,2023-07-23 18:38,화서1동 푸르지오자이 북문 CU 앞 횡단보도,고정형,2023-12-01,,,
2023,수원시,팔달구청,2023-07-23 18:38,화서1동 푸르지오자이 북문 CU 앞 횡단보도,고정형,2023-12-01,,,
2023,수원시,팔달구청,2023-07-23 18:41,매산동 팅스몰 주차장 출구 옆,고정형,2023-12-01,,,
2023,수원시,팔달구청,2023-07-23 18:41,화서1동 푸르지오자이 북문 CU 앞 횡단보도,고정형,2023-12-01,,,
2023,수원시,팔달구청,2023-07-23 18:41,매산동 팅스몰 주차장 출구 옆,고정형,2023-12-01,,,
2023,수원시,팔달구청,2023-07-23 18:44,매산동 팅스몰 주차장 출구 옆,고정형,2023-12-01,,,
2023,수원시,팔달구청,2023-07-23 19:21,매산동 팅스몰 주차장 출구 옆,고정형,2023-12-01,,,
2023,수원시,팔달구청,2023-07-23 19:27,매교동 매교동 287-480 횡단보도,국민신문고,2023-12-01,,,
2023,수원시,팔달구청,2023-07-23 19:55,매산동 팅스몰 주차장 출구 옆,고정형,2023-12-01,,,
2023,수원시,권선구청,2023-07-23 19:57,곡반정동 149-9,국민신문고,2023-12-01,,,
2023,수원시,팔달구청,2023-07-23 20:13,인계동 드림캐슬주상복합,고정형,2023-12-01,,,
2023,수원시,권선구청,2023-07-23 20:17,곡반정동 156-16,국민신문고,2023-12-01,,,
2023,수원시,권선구청,2023-07-23 20:20,곡반정동 562-2,국민신문고,2023-12-01,,,
2023,수원시,권선구청,2023-07-23 20:20,곡반정동 156-8,국민신문고,2023-12-01,,,
2023,수원시,권선구청,2023-07-23 20:20,곡반정동 156-8,국민신문고,2023-12-01,,,
2023,수원시,권선구청,2023-07-23 20:25,곡반정동 562-2,국민신문고,2023-12-01,,,
2023,수원시,권선구청,2023-07-23 20:32,곡반정동 100-12,국민신문고,2023-12-01,,,
2023,수원시,권선구청,2023-07-24 0:04,곡반정동 562-2,국민신문고,2023-12-01,,,
2023,수원시,권선구청,2023-07-24 0:05,곡반정동 562-2,국민신문고,2023-12-01,,,
2023,수원시,권선구청,2023-07-24 0:05,곡반정동 562-2,국민신문고,2023-12-01,,,
2023,수원시,권선구청,2023-07-24 0:05,곡반정동 562-2,국민신문고,2023-12-01,,,
2023,수원시,권선구청,2023-07-24 1:46,곡반정동 191-4,국민신문고,2023-12-01,,,
2023,수원시,권선구청,2023-07-24 5:35,곡반정동 562-2,국민신문고,2023-12-01,,,
2023,수원시,권선구청,2023-07-24 6:48,곡반정동 562-2,국민신문고,2023-12-01,,,
2023,수원시,영통구청,2023-07-24 7:22,이의동 드림스퀘어Ⅱ 앞,고정형,2023-12-01,,,
2023,수원시,팔달구청,2023-07-24 7:32,매산동 팅스몰 주차장 출구 옆,고정형,2023-12-01,,,
2023,수원시,팔달구청,2023-07-24 7:33,인계동 경인통계청,고정형,2023-12-01,,,
2023,수원시,팔달구청,2023-07-24 7:34,매산동 팅스몰 주차장 출구 옆,고정형,2023-12-01,,,
2023,수원시,권선구청,2023-07-24 8:03,서둔동 수원역한라비발디퍼스트 앞1,고정형,2023-12-01,,,
2023,수원시,권선구청,2023-07-24 8:04,세류3동 신곡초교 후문 좌측 사거리,고정형,2023-12-01,,,
2023,수원시,권선구청,2023-07-24 8:04,곡반정동 하나로마트한국빌딩앞,고정형,2023-12-01,,,
2023,수원시,팔달구청,2023-07-24 8:11,북수동 쌈지공원 앞,고정형,2023-12-01,,,
2023,수원시,팔달구청,2023-07-24 8:11,북수동 쌈지공원 앞,고정형,2023-12-01,,,
2023,수원시,권선구청,2023-07-24 8:16,권선2동 곡정초교 정문 좌측 사거리,고정형,2023-12-01,,,
2023,수원시,팔달구청,2023-07-24 8:53,인계동 경인통계청,고정형,2023-12-01,,,
2023,수원시,팔달구청,2023-07-24 9:10,인계동 드림캐슬주상복합,고정형,2023-12-01,,,
2023,수원시,영통구청,2023-07-24 9:16,이의동 드림스퀘어Ⅱ 앞,고정형,2023-12-01,,,
2023,수원시,권선구청,2023-07-24 9:39,고색동 도이치 고객주차장 출입구,고정형,2023-12-01,,,
2023,수원시,영통구청,2023-07-24 9:51,이의동 드림스퀘어Ⅱ 앞,고정형,2023-12-01,,,
2023,수원시,권선구청,2023-07-24 10:20,경기도수원시권선구평동 수원시 권선구 평동 2-114,보행,2023-12-01,,,
2023,수원시,권선구청,2023-07-24 10:20,경기도수원시권선구평동 수원시 권선구 평동 2-114,보행,2023-12-01,,,
2023,수원시,팔달구청,2023-07-24 10:29,매산동 역전농협,고정형,2023-12-01,,,
2023,수원시,팔달구청,2023-07-24 10:40,경기도수원시팔달구우만동 수원시 팔달구 경수대로 643,보행,2023-12-01,,,
2023,수원시,팔달구청,2023-07-24 10:41,경기도수원시팔달구우만동 수원시 팔달구 경수대로 643,보행,2023-12-01,,,
2023,수원시,팔달구청,2023-07-24 10:42,경기도수원시팔달구우만동 수원시 팔달구 경수대로 643,보행,2023-12-01,,,
2023,수원시,팔달구청,2023-07-24 10:43,경기도수원시팔달구우만동 수원시 팔달구 경수대로 643,보행,2023-12-01,,,
2023,수원시,팔달구청,2023-07-24 10:59,화서1동 수원역푸르지오자이 북문 우측,고정형,2023-12-01,,,
2023,수원시,권선구청,2023-07-24 11:04,권선동 NC터미널점 버스정류장 앞,고정형,2023-12-01,,,
2023,수원시,권선구청,2023-07-24 11:18,입북동 당수초교 정문 우측 사거리,고정형,2023-12-01,,,
2023,수원시,영통구청,2023-07-24 11:23,이의동 광교가재울마을사거리,고정형,2023-12-01,,,
2023,수원시,영통구청,2023-07-24 11:23,이의동 광교가재울마을사거리,고정형,2023-12-01,,,
2023,수원시,영통구청,2023-07-24 11:26,망포동 E-마트 에브리데이 앞,고정형,2023-12-01,37.2361017468141,127.060345496536,
2023,수원시,영통구청,2023-07-24 12:08,망포동 E-마트 에브리데이 앞,고정형,2023-12-01,37.2361017468141,127.060345496536,
2023,수원시,팔달구청,2023-07-24 13:14,화서1동 수원역푸르지오자이 북문 우측,고정형,2023-12-01,,,
2023,수원시,팔달구청,2023-07-24 14:15,화서1동 수원역푸르지오자이 북문 우측,고정형,2023-12-01,,,
2023,수원시,팔달구청,2023-07-24 14:19,화서동 푸르지오자이 북문 CU 앞 횡단보도,고정형,2023-12-01,,,
2023,수원시,팔달구청,2023-07-24 14:23,영동 영동 팔달문로 9,주행형,2023-12-01,,,
2023,수원시,팔달구청,2023-07-24 14:27,남수동 남수동 정조로800번길,주행형,2023-12-01,,,
2023,수원시,팔달구청,2023-07-24 14:34,매산동 팅스몰 주차장 출구 옆,고정형,2023-12-01,,,
2023,수원시,권선구청,2023-07-24 14:35,금곡동 금곡로222번길,주행형,2023-12-01,,,
2023,수원시,팔달구청,2023-07-24 14:35,인계동 드림캐슬주상복합,고정형,2023-12-01,,,
2023,수원시,팔달구청,2023-07-24 14:45,인계동 한국씨티은행,고정형,2023-12-01,,,
2023,수원시,팔달구청,2023-07-24 14:51,매산동 팅스몰 주차장 출구 옆,고정형,2023-12-01,,,
2023,수원시,장안구청,2023-07-24 14:53,경기도수원시장안구정자동 수원시 장안구 정자동 864,보행,2023-12-01,,,
2023,수원시,권선구청,2023-07-24 14:59,세류3동 신곡초교 후문 좌측 사거리,고정형,2023-12-01,,,
2023,수원시,팔달구청,2023-07-24 15:00,장안동 장안동 화서문로17번길,주행형,2023-12-01,,,
2023,수원시,팔달구청,2023-07-24 15:00,장안동 장안동 화서문로17번길,주행형,2023-12-01,,,
2023,수원시,팔달구청,2023-07-24 15:00,장안동 장안동 화서문로17번길,주행형,2023-12-01,,,
2023,수원시,팔달구청,2023-07-24 15:00,장안동 장안동 화서문로17번길,주행형,2023-12-01,,,
2023,수원시,팔달구청,2023-07-24 15:00,장안동 장안동 화서문로17번길,주행형,2023-12-01,,,
2023,수원시,팔달구청,2023-07-24 15:01,장안동 장안동 화서문로17번길,주행형,2023-12-01,,,
2023,수원시,팔달구청,2023-07-24 15:01,장안동 장안동 화서문로17번길,주행형,2023-12-01,,,
2023,수원시,팔달구청,2023-07-24 15:01,장안동 장안동 화서문로17번길,주행형,2023-12-01,,,
2023,수원시,팔달구청,2023-07-24 15:05,신풍동 미술관로터리,고정형,2023-12-01,,,
2023,수원시,팔달구청,2023-07-24 15:05,장안동 장안동 화서문로 53-1,주행형,2023-12-01,,,
2023,수원시,팔달구청,2023-07-24 15:05,장안동 화서문로51번길16-2,주행형,2023-12-01,,,
2023,수원시,팔달구청,2023-07-24 15:07,신풍동 신풍동 화서문로32번길,주행형,2023-12-01,,,
2023,수원시,팔달구청,2023-07-24 15:46,매산동 팅스몰 주차장 출구 옆,고정형,2023-12-01,,,
2023,수원시,팔달구청,2023-07-24 15:46,매산동 팅스몰 주차장 출구 옆,고정형,2023-12-01,,,
2023,수원시,팔달구청,2023-07-24 15:56,인계동 드림캐슬주상복합,고정형,2023-12-01,,,
2023,수원시,팔달구청,2023-07-24 16:06,화서1동 수원역푸르지오자이 북문 우측,고정형,2023-12-01,,,
2023,수원시,팔달구청,2023-07-24 16:27,매산동 팅스몰 주차장 출구 옆,고정형,2023-12-01,,,
2023,수원시,팔달구청,2023-07-24 16:37,인계동 경인통계청,고정형,2023-12-01,,,
2023,수원시,권선구청,2023-07-24 16:46,권선동 NC터미널점 버스정류장 앞,고정형,2023-12-01,,,
2023,수원시,팔달구청,2023-07-24 17:02,매산동 팅스몰 주차장 출구 옆,고정형,2023-12-01,,,
2023,수원시,팔달구청,2023-07-24 17:07,인계동 한국씨티은행,고정형,2023-12-01,,,
2023,수원시,팔달구청,2023-07-24 17:12,인계동 드림캐슬주상복합,고정형,2023-12-01,,,
2023,수원시,권선구청,2023-07-24 17:22,곡반정동 하나로마트한국빌딩앞,고정형,2023-12-01,,,
2023,수원시,권선구청,2023-07-24 17:26,고색동 도이치 고객주차장 출입구,고정형,2023-12-01,,,
2023,수원시,팔달구청,2023-07-24 17:28,매산동 팔달로 10번길 8,고정형,2023-12-01,,,
2023,수원시,팔달구청,2023-07-24 17:53,고등동 수원초등학교 정문 좌측 사거리,고정형,2023-12-01,,,
2023,수원시,팔달구청,2023-07-24 18:10,고등동 수원초등학교 정문 좌측 사거리,고정형,2023-12-01,,,
2023,수원시,팔달구청,2023-07-24 19:12,매교동 매교동 114-46 소화전,국민신문고,2023-12-01,,,
2023,수원시,팔달구청,2023-07-24 19:27,남수동 남수동 정조로800번길,주행형,2023-12-01,,,
2023,수원시,팔달구청,2023-07-24 19:27,남수동 남수동 정조로800번길,주행형,2023-12-01,,,
2023,수원시,팔달구청,2023-07-24 19:28,남수동 남수동 정조로800번길,주행형,2023-12-01,,,
2023,수원시,팔달구청,2023-07-24 19:28,남수동 남수동 정조로800번길,주행형,2023-12-01,,,
2023,수원시,팔달구청,2023-07-24 20:26,매산동 팅스몰 주차장 출구 옆,고정형,2023-12-01,,,
2023,수원시,팔달구청,2023-07-24 21:00,매산동 역전농협,고정형,2023-12-01,,,
2023,수원시,팔달구청,2023-07-24 21:14,인계동 드림캐슬주상복합,고정형,2023-12-01,,,
2023,수원시,팔달구청,2023-07-24 21:42,인계동 드림캐슬주상복합,고정형,2023-12-01,,,
2023,수원시,팔달구청,2023-07-24 21:42,인계동 드림캐슬주상복합,고정형,2023-12-01,,,
2023,수원시,권선구청,2023-07-25 0:19,곡반정동 191-4,국민신문고,2023-12-01,,,
2023,수원시,권선구청,2023-07-25 5:36,곡반정동 562-2,국민신문고,2023-12-01,,,
2023,수원시,권선구청,2023-07-25 5:36,곡반정동 562-2,국민신문고,2023-12-01,,,
2023,수원시,권선구청,2023-07-25 5:39,곡반정동 562-8,국민신문고,2023-12-01,,,
2023,수원시,권선구청,2023-07-25 5:39,곡반정동 562-8,국민신문고,2023-12-01,,,
2023,수원시,권선구청,2023-07-25 6:50,곡반정동 562-2,국민신문고,2023-12-01,,,
2023,수원시,팔달구청,2023-07-25 7:09,화서1동 푸르지오자이 북문 CU 앞 횡단보도,고정형,2023-12-01,,,
2023,수원시,영통구청,2023-07-25 7:20,이의동 드림스퀘어Ⅱ 앞,고정형,2023-12-01,,,
2023,수원시,팔달구청,2023-07-25 7:32,매산동 팅스몰 주차장 출구 옆,고정형,2023-12-01,,,
2023,수원시,팔달구청,2023-07-25 7:34,인계동 경인통계청,고정형,2023-12-01,,,
2023,수원시,팔달구청,2023-07-25 7:34,인계동 경인통계청,고정형,2023-12-01,,,
2023,수원시,팔달구청,2023-07-25 7:34,매산동 팅스몰 주차장 출구 옆,고정형,2023-12-01,,,
2023,수원시,권선구청,2023-07-25 8:04,서둔동 수원역한라비발디퍼스트 앞1,고정형,2023-12-01,,,
2023,수원시,권선구청,2023-07-25 8:04,곡반정동 하나로마트한국빌딩앞,고정형,2023-12-01,,,
2023,수원시,권선구청,2023-07-25 8:05,서둔동 가온팰리스옆2,고정형,2023-12-01,,,
2023,수원시,권선구청,2023-07-25 8:05,세류3동 신곡초교 후문 좌측 사거리,고정형,2023-12-01,,,
2023,수원시,권선구청,2023-07-25 8:06,서둔동 가온팰리스옆2,고정형,2023-12-01,,,
2023,수원시,권선구청,2023-07-25 8:06,서둔동 가온팰리스옆2,고정형,2023-12-01,,,
2023,수원시,권선구청,2023-07-25 8:10,곡반정동 하나로마트한국빌딩앞,고정형,2023-12-01,,,
2023,수원시,팔달구청,2023-07-25 9:25,화서1동 수원역푸르지오자이 북문 우측,고정형,2023-12-01,,,
2023,수원시,권선구청,2023-07-25 9:47,고색동 도이치 고객주차장 출입구,고정형,2023-12-01,,,
2023,수원시,영통구청,2023-07-25 9:58,이의동 드림스퀘어Ⅱ 앞,고정형,2023-12-01,,,
2023,수원시,팔달구청,2023-07-25 10:16,인계동 드림캐슬주상복합,고정형,2023-12-01,,,
2023,수원시,권선구청,2023-07-25 10:19,권선동 NC터미널점 버스정류장 앞,고정형,2023-12-01,,,
2023,수원시,팔달구청,2023-07-25 10:27,인계동 드림캐슬주상복합,고정형,2023-12-01,,,
2023,수원시,팔달구청,2023-07-25 10:36,화서1동 수원역푸르지오자이 북문 우측,고정형,2023-12-01,,,
2023,수원시,팔달구청,2023-07-25 10:40,화서1동 푸르지오자이 북문 CU 앞 횡단보도,고정형,2023-12-01,,,
2023,수원시,팔달구청,2023-07-25 10:43,인계동 드림캐슬주상복합,고정형,2023-12-01,,,
2023,수원시,팔달구청,2023-07-25 10:44,인계동 한국씨티은행,고정형,2023-12-01,,,
2023,수원시,영통구청,2023-07-25 12:50,광교동 광교웰빙타운한양수자인,고정형,2023-12-01,,,
2023,수원시,영통구청,2023-07-25 13:23,영통동 마사회뒷길,고정형,2023-12-01,,,
2023,수원시,팔달구청,2023-07-25 14:16,남수동 남수동 정조로796번길,주행형,2023-12-01,,,
2023,수원시,팔달구청,2023-07-25 14:29,화서1동 수원역푸르지오자이 북문 우측,고정형,2023-12-01,,,
2023,수원시,팔달구청,2023-07-25 14:32,매산동 팔달로 10번길 8,고정형,2023-12-01,,,
2023,수원시,팔달구청,2023-07-25 14:32,매산동 팔달로 10번길 8,고정형,2023-12-01,,,
2023,수원시,권선구청,2023-07-25 14:33,서둔동 가온팰리스옆2,고정형,2023-12-01,,,
2023,수원시,권선구청,2023-07-25 14:35,서둔동 가온팰리스옆1,고정형,2023-12-01,,,
2023,수원시,팔달구청,2023-07-25 14:35,인계동 드림캐슬주상복합,고정형,2023-12-01,,,
2023,수원시,팔달구청,2023-07-25 14:35,매산동 팅스몰 주차장 출구 옆,고정형,2023-12-01,,,
2023,수원시,권선구청,2023-07-25 14:36,평동 오현초교 정문 우측 사거리,고정형,2023-12-01,,,
2023,수원시,팔달구청,2023-07-25 14:43,인계동 경인통계청,고정형,2023-12-01,,,
2023,수원시,권선구청,2023-07-25 14:48,서둔동 가온팰리스옆2,고정형,2023-12-01,,,
2023,수원시,영통구청,2023-07-25 14:52,이의동 드림스퀘어Ⅱ 앞,고정형,2023-12-01,,,
2023,수원시,팔달구청,2023-07-25 14:57,화서1동 수원역푸르지오자이 북문 우측,고정형,2023-12-01,,,
2023,수원시,팔달구청,2023-07-25 15:34,인계동 한국씨티은행,고정형,2023-12-01,,,
2023,수원시,팔달구청,2023-07-25 15:52,인계동 드림캐슬주상복합,고정형,2023-12-01,,,
2023,수원시,팔달구청,2023-07-25 16:01,매산동 팅스몰 주차장 출구 옆,고정형,2023-12-01,,,
2023,수원시,권선구청,2023-07-25 16:34,구운동 구운초교 정문 우측 삼거리,고정형,2023-12-01,,,
2023,수원시,영통구청,2023-07-25 16:42,이의동 드림스퀘어Ⅱ 앞,고정형,2023-12-01,,,
2023,수원시,영통구청,2023-07-25 16:52,이의동 드림스퀘어Ⅱ 앞,고정형,2023-12-01,,,
2023,수원시,팔달구청,2023-07-25 17:00,인계동 경인통계청,고정형,2023-12-01,,,
2023,수원시,팔달구청,2023-07-25 17:06,인계동 경인통계청,고정형,2023-12-01,,,
2023,수원시,팔달구청,2023-07-25 17:29,교동 수원향교 앞 팔달보건소 뒤,고정형,2023-12-01,,,
2023,수원시,영통구청,2023-07-25 17:32,이의동 드림스퀘어Ⅱ 앞,고정형,2023-12-01,,,
2023,수원시,영통구청,2023-07-25 17:32,이의동 드림스퀘어Ⅱ 앞,고정형,2023-12-01,,,
2023,수원시,영통구청,2023-07-25 17:33,이의동 드림스퀘어Ⅱ 앞,고정형,2023-12-01,,,
2023,수원시,팔달구청,2023-07-25 17:54,인계동 드림캐슬주상복합,고정형,2023-12-01,,,
2023,수원시,팔달구청,2023-07-25 18:20,인계동 드림캐슬주상복합,고정형,2023-12-01,,,
2023,수원시,팔달구청,2023-07-25 18:20,인계동 드림캐슬주상복합,고정형,2023-12-01,,,
2023,수원시,팔달구청,2023-07-25 19:12,매산동 팅스몰 주차장 출구 옆,고정형,2023-12-01,,,
2023,수원시,팔달구청,2023-07-25 19:34,화서1동 푸르지오자이 북문 CU 앞 횡단보도,고정형,2023-12-01,,,
2023,수원시,팔달구청,2023-07-25 20:11,매산동 팅스몰 주차장 출구 옆,고정형,2023-12-01,,,
2023,수원시,팔달구청,2023-07-25 20:15,인계동 드림캐슬주상복합,고정형,2023-12-01,,,
2023,수원시,팔달구청,2023-07-25 20:35,인계동 드림캐슬주상복합,고정형,2023-12-01,,,
2023,수원시,팔달구청,2023-07-25 20:50,인계동 드림캐슬주상복합,고정형,2023-12-01,,,
2023,수원시,팔달구청,2023-07-25 20:51,인계동 드림캐슬주상복합,고정형,2023-12-01,,,
2023,수원시,팔달구청,2023-07-25 21:15,화서1동 수원역푸르지오자이 북문 우측,고정형,2023-12-01,,,
2023,수원시,권선구청,2023-07-26 1:02,곡반정동 562-2,국민신문고,2023-12-01,,,
2023,수원시,권선구청,2023-07-26 5:35,곡반정동 562-2,국민신문고,2023-12-01,,,
2023,수원시,권선구청,2023-07-26 5:35,곡반정동 562-2,국민신문고,2023-12-01,,,
2023,수원시,팔달구청,2023-07-26 7:32,인계동 경인통계청,고정형,2023-12-01,,,
2023,수원시,팔달구청,2023-07-26 7:36,매산동 팅스몰 주차장 출구 옆,고정형,2023-12-01,,,
2023,수원시,팔달구청,2023-07-26 8:03,북수동 쌈지공원 앞,고정형,2023-12-01,,,
2023,수원시,권선구청,2023-07-26 8:03,서둔동 수원역한라비발디퍼스트 앞1,고정형,2023-12-01,,,
2023,수원시,권선구청,2023-07-26 8:03,곡반정동 하나로마트한국빌딩앞,고정형,2023-12-01,,,
2023,수원시,권선구청,2023-07-26 8:05,서둔동 가온팰리스옆2,고정형,2023-12-01,,,
2023,수원시,팔달구청,2023-07-26 8:31,화서1동 수원역푸르지오자이 북문 우측,고정형,2023-12-01,,,
2023,수원시,권선구청,2023-07-26 8:31,권선2동 곡정초교 정문 좌측 사거리,고정형,2023-12-01,,,
2023,수원시,팔달구청,2023-07-26 8:44,인계동 한국씨티은행,고정형,2023-12-01,,,
2023,수원시,영통구청,2023-07-26 8:46,원천동 광교아이파크올웨이즈앞,고정형,2023-12-01,,,
2023,수원시,권선구청,2023-07-26 8:48,평동 수원역고가밑 (애경뒷길),고정형,2023-12-01,,,
2023,수원시,팔달구청,2023-07-26 8:52,화서1동 수원역푸르지오자이 북문 우측,고정형,2023-12-01,,,
2023,수원시,권선구청,2023-07-26 8:54,서둔동 가온팰리스옆2,고정형,2023-12-01,,,
2023,수원시,팔달구청,2023-07-26 10:04,화서1동 수원역푸르지오자이 북문 우측,고정형,2023-12-01,,,
2023,수원시,권선구청,2023-07-26 10:15,서둔동 가온팰리스옆2,고정형,2023-12-01,,,
2023,수원시,권선구청,2023-07-26 10:29,호매실동 금호프라자 대각 맞은편,고정형,2023-12-01,,,
2023,수원시,권선구청,2023-07-26 10:30,금곡동 금곡로222번길,주행형,2023-12-01,,,
2023,수원시,팔달구청,2023-07-26 10:47,인계동 드림캐슬주상복합,고정형,2023-12-01,,,
2023,수원시,팔달구청,2023-07-26 11:44,화서1동 푸르지오자이 북문 CU 앞 횡단보도,고정형,2023-12-01,,,
2023,수원시,권선구청,2023-07-26 11:54,입북동 당수초교 정문 우측 사거리,고정형,2023-12-01,,,
2023,수원시,영통구청,2023-07-26 12:39,망포동 E-마트 에브리데이 앞,고정형,2023-12-01,37.2361017468141,127.060345496536,
2023,수원시,팔달구청,2023-07-26 13:08,교동 수원향교 앞 팔달보건소 뒤,고정형,2023-12-01,,,
2023,수원시,영통구청,2023-07-26 13:21,원천동 광교아이파크올웨이즈앞,고정형,2023-12-01,,,
2023,수원시,영통구청,2023-07-26 14:02,망포동 E-마트 에브리데이 앞,고정형,2023-12-01,37.2361017468141,127.060345496536,
2023,수원시,영통구청,2023-07-26 14:27,영통동 매영로365번길,주행형,2023-12-01,,,
2023,수원시,영통구청,2023-07-26 14:27,영통동 매영로365번길,주행형,2023-12-01,,,
2023,수원시,영통구청,2023-07-26 14:27,영통동 매영로365번길,주행형,2023-12-01,,,
2023,수원시,영통구청,2023-07-26 14:27,영통동 매영로365번길,주행형,2023-12-01,,,
2023,수원시,영통구청,2023-07-26 14:31,영통동 매영로365번길,주행형,2023-12-01,,,
2023,수원시,영통구청,2023-07-26 14:31,영통동 매영로365번길,주행형,2023-12-01,,,
2023,수원시,팔달구청,2023-07-26 14:33,영동 영동 수원천로275,주행형,2023-12-01,,,
2023,수원시,팔달구청,2023-07-26 14:33,영동 영동 수원천로275,주행형,2023-12-01,,,
2023,수원시,팔달구청,2023-07-26 14:33,영동 영동 수원천로275,주행형,2023-12-01,,,
2023,수원시,팔달구청,2023-07-26 14:34,인계동 경인통계청,고정형,2023-12-01,,,
2023,수원시,팔달구청,2023-07-26 14:34,인계동 경인통계청,고정형,2023-12-01,,,
2023,수원시,팔달구청,2023-07-26 14:34,-1 수원시 팔달구 중부대로 206번길,보행,2023-12-01,,,
2023,수원시,팔달구청,2023-07-26 14:34,경기도수원시팔달구우만동 수원시 팔달구 중부대로 206번길,보행,2023-12-01,,,
2023,수원시,팔달구청,2023-07-26 14:34,경기도수원시팔달구우만동 수원시 팔달구 중부대로 206번길,보행,2023-12-01,,,
2023,수원시,팔달구청,2023-07-26 14:35,경기도수원시팔달구우만동 수원시 팔달구 중부대로 206번길,보행,2023-12-01,,,
2023,수원시,팔달구청,2023-07-26 14:35,경기도수원시팔달구우만동 수원시 팔달구 중부대로 206번길,보행,2023-12-01,,,
2023,수원시,팔달구청,2023-07-26 14:36,경기도수원시팔달구우만동 수원시 팔달구 중부대로 206번길,보행,2023-12-01,,,
2023,수원시,팔달구청,2023-07-26 14:39,인계동 경인통계청,고정형,2023-12-01,,,
2023,수원시,팔달구청,2023-07-26 14:40,행궁동 화홍사랑채,고정형,2023-12-01,,,
2023,수원시,팔달구청,2023-07-26 14:40,매산동 팅스몰 주차장 출구 옆,고정형,2023-12-01,,,
2023,수원시,팔달구청,2023-07-26 14:53,인계동 경인통계청,고정형,2023-12-01,,,
2023,수원시,팔달구청,2023-07-26 15:04,인계동 서수원프라자,고정형,2023-12-01,,,
2023,수원시,팔달구청,2023-07-26 15:11,인계동 드림캐슬주상복합,고정형,2023-12-01,,,
2023,수원시,권선구청,2023-07-26 15:25,권선동 NC터미널점 버스정류장 앞,고정형,2023-12-01,,,
2023,수원시,장안구청,2023-07-26 15:39,정자3동 정자동 오일뱅크,고정형,2023-12-01,,,
2023,수원시,팔달구청,2023-07-26 15:41,화서1동 수원역푸르지오자이 북문 우측,고정형,2023-12-01,,,
2023,수원시,권선구청,2023-07-26 16:01,서둔동 가온팰리스옆2,고정형,2023-12-01,,,
2023,수원시,팔달구청,2023-07-26 16:17,행궁동 팔달문 버스정류장,고정형,2023-12-01,,,
2023,수원시,팔달구청,2023-07-26 16:54,고등동 수원초등학교 정문 좌측 사거리,고정형,2023-12-01,,,
2023,수원시,팔달구청,2023-07-26 17:01,인계동 경인통계청,고정형,2023-12-01,,,
2023,수원시,권선구청,2023-07-26 17:07,평동 오목초교 정문 우측 삼거리,고정형,2023-12-01,,,
2023,수원시,권선구청,2023-07-26 17:21,오목천동 474-2,국민신문고,2023-12-01,,,
2023,수원시,팔달구청,2023-07-26 17:22,인계동 드림캐슬주상복합,고정형,2023-12-01,,,
2023,수원시,팔달구청,2023-07-26 17:24,인계동 경인통계청,고정형,2023-12-01,,,
2023,수원시,팔달구청,2023-07-26 17:24,인계동 경인통계청,고정형,2023-12-01,,,
2023,수원시,팔달구청,2023-07-26 17:31,화서1동 수원역푸르지오자이 북문 우측,고정형,2023-12-01,,,
2023,수원시,팔달구청,2023-07-26 17:31,화서1동 수원역푸르지오자이 북문 우측,고정형,2023-12-01,,,
2023,수원시,팔달구청,2023-07-26 17:48,화서1동 화서초등학교 둘레길 중간지점,고정형,2023-12-01,,,
2023,수원시,팔달구청,2023-07-26 17:56,인계동 드림캐슬주상복합,고정형,2023-12-01,,,
2023,수원시,팔달구청,2023-07-26 17:57,화서1동 수원역푸르지오자이 북문 우측,고정형,2023-12-01,,,
2023,수원시,팔달구청,2023-07-26 18:05,매산동 팔달로 10번길 8,고정형,2023-12-01,,,
2023,수원시,팔달구청,2023-07-26 18:05,매산동 팔달로 10번길 8,고정형,2023-12-01,,,
2023,수원시,팔달구청,2023-07-26 18:31,인계동 드림캐슬주상복합,고정형,2023-12-01,,,
2023,수원시,팔달구청,2023-07-26 19:02,경기도수원시장안구영화동 수원시 팔달구 화서동 71-37,보행,2023-12-01,,,
2023,수원시,팔달구청,2023-07-26 19:04,매산동 팅스몰 주차장 출구 옆,고정형,2023-12-01,,,
2023,수원시,팔달구청,2023-07-26 19:18,인계동 드림캐슬주상복합,고정형,2023-12-01,,,
2023,수원시,팔달구청,2023-07-26 19:18,인계동 드림캐슬주상복합,고정형,2023-12-01,,,
2023,수원시,팔달구청,2023-07-26 19:39,인계동 드림캐슬주상복합,고정형,2023-12-01,,,
2023,수원시,영통구청,2023-07-26 19:42,이의동 광교가재울마을사거리,고정형,2023-12-01,,,
2023,수원시,팔달구청,2023-07-26 19:50,매산동 팅스몰 주차장 출구 옆,고정형,2023-12-01,,,
2023,수원시,팔달구청,2023-07-26 20:00,매산동 팅스몰 주차장 출구 옆,고정형,2023-12-01,,,
2023,수원시,팔달구청,2023-07-26 20:24,매산동 팅스몰 주차장 출구 옆,고정형,2023-12-01,,,
2023,수원시,장안구청,2023-07-26 20:28,천천동 화산로163번길,주행형,2023-12-01,,,
2023,수원시,장안구청,2023-07-26 20:28,천천동 화산로163번길,주행형,2023-12-01,,,
2023,수원시,장안구청,2023-07-26 20:28,천천동 화산로163번길,주행형,2023-12-01,,,
2023,수원시,권선구청,2023-07-26 20:40,곡반정동 154-1,국민신문고,2023-12-01,,,
2023,수원시,팔달구청,2023-07-26 20:41,인계동 드림캐슬주상복합,고정형,2023-12-01,,,
2023,수원시,팔달구청,2023-07-26 21:19,인계동 드림캐슬주상복합,고정형,2023-12-01,,,
2023,수원시,팔달구청,2023-07-26 21:19,인계동 드림캐슬주상복합,고정형,2023-12-01,,,
2023,수원시,권선구청,2023-07-26 21:43,곡반정동 117-2,국민신문고,2023-12-01,,,
2023,수원시,권선구청,2023-07-26 21:48,곡반정동 105-4 교차로 모퉁이,국민신문고,2023-12-01,,,
2023,수원시,팔달구청,2023-07-26 21:49,인계동 드림캐슬주상복합,고정형,2023-12-01,,,
2023,수원시,팔달구청,2023-07-27 6:58,매교동 매교동 287-480 횡단보도,국민신문고,2023-12-01,,,
2023,수원시,영통구청,2023-07-27 7:02,이의동 드림스퀘어Ⅱ 앞,고정형,2023-12-01,,,
2023,수원시,팔달구청,2023-07-27 7:33,인계동 경인통계청,고정형,2023-12-01,,,
2023,수원시,팔달구청,2023-07-27 7:33,인계동 경인통계청,고정형,2023-12-01,,,
2023,수원시,팔달구청,2023-07-27 7:38,인계동 드림캐슬주상복합,고정형,2023-12-01,,,
2023,수원시,팔달구청,2023-07-27 7:38,인계동 드림캐슬주상복합,고정형,2023-12-01,,,
2023,수원시,권선구청,2023-07-27 8:03,곡반정동 하나로마트한국빌딩앞,고정형,2023-12-01,,,
2023,수원시,팔달구청,2023-07-27 8:04,고등동 수원초등학교 정문 좌측 사거리,고정형,2023-12-01,,,
2023,수원시,권선구청,2023-07-27 8:05,구운동 구운초교 정문 우측 삼거리,고정형,2023-12-01,,,
2023,수원시,권선구청,2023-07-27 8:06,곡반정동 하나로마트한국빌딩앞,고정형,2023-12-01,,,
2023,수원시,권선구청,2023-07-27 8:22,서둔동 수원역한라비발디퍼스트 앞1,고정형,2023-12-01,,,
2023,수원시,팔달구청,2023-07-27 8:41,화서1동 수원역푸르지오자이 북문 우측,고정형,2023-12-01,,,
2023,수원시,권선구청,2023-07-27 9:07,서둔동 가온팰리스옆2,고정형,2023-12-01,,,
2023,수원시,팔달구청,2023-07-27 9:21,인계동 경인통계청,고정형,2023-12-01,,,
2023,수원시,팔달구청,2023-07-27 9:21,인계동 경인통계청,고정형,2023-12-01,,,
2023,수원시,권선구청,2023-07-27 9:43,서둔동 가온팰리스옆2,고정형,2023-12-01,,,
2023,수원시,팔달구청,2023-07-27 9:53,신풍동 미술관로터리,고정형,2023-12-01,,,
2023,수원시,팔달구청,2023-07-27 9:59,화서1동 수원역푸르지오자이 북문 우측,고정형,2023-12-01,,,
2023,수원시,권선구청,2023-07-27 10:09,세류3동 신곡초교 후문 좌측 사거리,고정형,2023-12-01,,,
2023,수원시,영통구청,2023-07-27 10:27,이의동 드림스퀘어Ⅱ 앞,고정형,2023-12-01,,,
2023,수원시,팔달구청,2023-07-27 10:35,팔달로2가 팔달로2가 정조로796번길,주행형,2023-12-01,,,
2023,수원시,팔달구청,2023-07-27 10:48,인계동 한국씨티은행,고정형,2023-12-01,,,
2023,수원시,영통구청,2023-07-27 10:50,영통동 롯데마트 뒤,고정형,2023-12-01,37.27220279535416,127.10856729001851,
2023,수원시,권선구청,2023-07-27 11:02,호매실동 서수원로 345,주행형,2023-12-01,,,
2023,수원시,권선구청,2023-07-27 11:02,호매실동 서수원로 345,주행형,2023-12-01,,,
2023,수원시,권선구청,2023-07-27 11:02,호매실동 서수원로 345,주행형,2023-12-01,,,
2023,수원시,권선구청,2023-07-27 11:02,호매실동 서수원로 345,주행형,2023-12-01,,,
2023,수원시,권선구청,2023-07-27 11:02,호매실동 서수원로 345,주행형,2023-12-01,,,
2023,수원시,권선구청,2023-07-27 11:03,호매실동 서수원로 345,주행형,2023-12-01,,,
2023,수원시,권선구청,2023-07-27 11:03,호매실동 서수원로 345,주행형,2023-12-01,,,
2023,수원시,권선구청,2023-07-27 11:03,호매실동 서수원로 345,주행형,2023-12-01,,,
2023,수원시,팔달구청,2023-07-27 11:32,화서1동 수원역푸르지오자이 북문 우측,고정형,2023-12-01,,,
2023,수원시,팔달구청,2023-07-27 13:19,화서1동 푸르지오자이 북문 CU 앞 횡단보도,고정형,2023-12-01,,,
2023,수원시,권선구청,2023-07-27 13:34,입북동 당수초교 정문 우측 사거리,고정형,2023-12-01,,,
2023,수원시,팔달구청,2023-07-27 14:16,남수동 남수동 팔달문로3번길,주행형,2023-12-01,,,
2023,수원시,팔달구청,2023-07-27 14:16,남수동 남수동 정조로800번길,주행형,2023-12-01,,,
2023,수원시,팔달구청,2023-07-27 14:16,남수동 남수동 정조로800번길,주행형,2023-12-01,,,
2023,수원시,팔달구청,2023-07-27 14:16,남수동 남수동 정조로800번길,주행형,2023-12-01,,,
2023,수원시,팔달구청,2023-07-27 14:16,남수동 남수동 정조로810번길,주행형,2023-12-01,,,
2023,수원시,팔달구청,2023-07-27 14:20,영동 영동 팔달문로 9,주행형,2023-12-01,,,
2023,수원시,팔달구청,2023-07-27 14:20,영동 영동 팔달문로 9,주행형,2023-12-01,,,
2023,수원시,팔달구청,2023-07-27 14:28,경기도수원시팔달구우만동 수원시 팔달구 중부대로 206번길,보행,2023-12-01,,,
2023,수원시,팔달구청,2023-07-27 14:29,경기도수원시팔달구우만동 수원시 팔달구 중부대로 206번길,보행,2023-12-01,,,
2023,수원시,팔달구청,2023-07-27 14:30,경기도수원시팔달구우만동 수원시 팔달구 중부대로 206번길,보행,2023-12-01,,,
2023,수원시,팔달구청,2023-07-27 14:31,경기도수원시팔달구우만동 수원시 팔달구 중부대로 206번길,보행,2023-12-01,,,
