집계년도,시군명,관리기관명,단속일시정보,단속장소,단속방법,데이터기준일자,위도,경도,행정동
2023,수원시,팔달구청,2023-09-27 14:33,화서1동 푸르지오자이 북문 CU 앞 횡단보도,고정형,2023-12-01,,,
2023,수원시,팔달구청,2023-09-27 14:33,인계동 드림캐슬주상복합,고정형,2023-12-01,,,
2023,수원시,팔달구청,2023-09-27 14:33,북수동 쌈지공원 앞,고정형,2023-12-01,,,
2023,수원시,팔달구청,2023-09-27 14:34,인계동 경인통계청,고정형,2023-12-01,,,
2023,수원시,팔달구청,2023-09-27 14:35,매산동 팅스몰 주차장 출구 옆,고정형,2023-12-01,,,
2023,수원시,팔달구청,2023-09-27 14:36,인계동 한국씨티은행,고정형,2023-12-01,,,
2023,수원시,팔달구청,2023-09-27 14:36,인계동 한국씨티은행,고정형,2023-12-01,,,
2023,수원시,권선구청,2023-09-27 14:39,서둔동 가온팰리스옆2,고정형,2023-12-01,,,
2023,수원시,팔달구청,2023-09-27 14:50,인계동 드림캐슬주상복합,고정형,2023-12-01,,,
2023,수원시,팔달구청,2023-09-27 14:54,장안동 장안동 화서문로17번길,주행형,2023-12-01,,,
2023,수원시,팔달구청,2023-09-27 14:54,장안동 장안동 화서문로17번길,주행형,2023-12-01,,,
2023,수원시,팔달구청,2023-09-27 15:16,인계동 경인통계청,고정형,2023-12-01,,,
2023,수원시,권선구청,2023-09-27 15:28,입북동 당수초교 정문 우측 사거리,고정형,2023-12-01,,,
2023,수원시,권선구청,2023-09-27 15:28,오목천동 474-1,국민신문고,2023-12-01,,,
2023,수원시,팔달구청,2023-09-27 15:35,매산동 팅스몰 주차장 출구 옆,고정형,2023-12-01,,,
2023,수원시,팔달구청,2023-09-27 15:36,화서1동 푸르지오자이 북문 CU 앞 횡단보도,고정형,2023-12-01,,,
2023,수원시,팔달구청,2023-09-27 15:48,매산동 팅스몰 주차장 출구 옆,고정형,2023-12-01,,,
2023,수원시,팔달구청,2023-09-27 15:58,행궁동 팔달문 버스정류장,고정형,2023-12-01,,,
2023,수원시,팔달구청,2023-09-27 16:17,화서1동 푸르지오자이 북문 CU 앞 횡단보도,고정형,2023-12-01,,,
2023,수원시,팔달구청,2023-09-27 16:17,화서1동 수원역푸르지오자이 북문 우측,고정형,2023-12-01,,,
2023,수원시,팔달구청,2023-09-27 16:19,행궁동 화홍사랑채,고정형,2023-12-01,,,
2023,수원시,팔달구청,2023-09-27 16:25,매산동 팅스몰 주차장 출구 옆,고정형,2023-12-01,,,
2023,수원시,팔달구청,2023-09-27 16:27,인계동 드림캐슬주상복합,고정형,2023-12-01,,,
2023,수원시,권선구청,2023-09-27 16:36,서둔동 가온팰리스옆2,고정형,2023-12-01,,,
2023,수원시,권선구청,2023-09-27 16:37,평동 오목초교 정문 우측 삼거리,고정형,2023-12-01,,,
2023,수원시,팔달구청,2023-09-27 16:39,인계동 경인통계청,고정형,2023-12-01,,,
2023,수원시,권선구청,2023-09-27 16:53,서둔동 가온팰리스옆2,고정형,2023-12-01,,,
2023,수원시,팔달구청,2023-09-27 16:54,인계동 드림캐슬주상복합,고정형,2023-12-01,,,
2023,수원시,팔달구청,2023-09-27 16:55,화서1동 수원역푸르지오자이 북문 우측,고정형,2023-12-01,,,
2023,수원시,팔달구청,2023-09-27 16:56,신풍동 제일교회부설주차장 부근,고정형,2023-12-01,,,
2023,수원시,팔달구청,2023-09-27 17:00,매산동 역전농협,고정형,2023-12-01,,,
2023,수원시,팔달구청,2023-09-27 17:03,행궁동 팔달문 버스정류장,고정형,2023-12-01,,,
2023,수원시,권선구청,2023-09-27 17:06,서둔동 가온팰리스옆2,고정형,2023-12-01,,,
2023,수원시,팔달구청,2023-09-27 17:29,매산동 팅스몰 주차장 출구 옆,고정형,2023-12-01,,,
2023,수원시,권선구청,2023-09-27 17:31,세류3동 신곡초교 후문 좌측 사거리,고정형,2023-12-01,,,
2023,수원시,권선구청,2023-09-27 17:36,서둔동 가온팰리스옆2,고정형,2023-12-01,,,
2023,수원시,팔달구청,2023-09-27 17:59,매산동 팅스몰 주차장 출구 옆,고정형,2023-12-01,,,
2023,수원시,팔달구청,2023-09-27 18:36,화서1동 푸르지오자이 북문 CU 앞 횡단보도,고정형,2023-12-01,,,
2023,수원시,팔달구청,2023-09-27 18:37,인계동 드림캐슬주상복합,고정형,2023-12-01,,,
2023,수원시,팔달구청,2023-09-27 18:56,화서1동 수원역푸르지오자이 북문 우측,고정형,2023-12-01,,,
2023,수원시,팔달구청,2023-09-27 20:02,매산동 팔달로 10번길 8,고정형,2023-12-01,,,
2023,수원시,팔달구청,2023-09-27 20:04,매산동 팅스몰 주차장 출구 옆,고정형,2023-12-01,,,
2023,수원시,팔달구청,2023-09-27 20:13,인계동 드림캐슬주상복합,고정형,2023-12-01,,,
2023,수원시,장안구청,2023-09-27 20:15,연무동 연무동 242-8,국민신문고,2023-12-01,,,
2023,수원시,팔달구청,2023-09-27 21:01,인계동 드림캐슬주상복합,고정형,2023-12-01,,,
2023,수원시,권선구청,2023-09-27 21:15,곡반정동 581-13,국민신문고,2023-12-01,,,
2023,수원시,권선구청,2023-09-27 21:20,곡반정동 581-14,국민신문고,2023-12-01,,,
2023,수원시,권선구청,2023-09-27 21:36,세류동 835-5,국민신문고,2023-12-01,,,
2023,수원시,권선구청,2023-09-27 21:54,곡반정동 562-2,국민신문고,2023-12-01,,,
2023,수원시,팔달구청,2023-09-28 9:03,인계동 드림캐슬주상복합,고정형,2023-12-01,,,
2023,수원시,팔달구청,2023-09-28 9:04,인계동 경인통계청,고정형,2023-12-01,,,
2023,수원시,팔달구청,2023-09-28 9:04,인계동 경인통계청,고정형,2023-12-01,,,
2023,수원시,팔달구청,2023-09-28 9:08,신풍동 미술관로터리,고정형,2023-12-01,,,
2023,수원시,팔달구청,2023-09-28 9:10,매산동 팅스몰 주차장 출구 옆,고정형,2023-12-01,,,
2023,수원시,팔달구청,2023-09-28 9:20,화서1동 수원역푸르지오자이 북문 우측,고정형,2023-12-01,,,
2023,수원시,팔달구청,2023-09-28 9:32,인계동 드림캐슬주상복합,고정형,2023-12-01,,,
2023,수원시,팔달구청,2023-09-28 10:18,행궁동 팔달문 버스정류장,고정형,2023-12-01,,,
2023,수원시,팔달구청,2023-09-28 10:25,화서1동 수원역푸르지오자이 북문 우측,고정형,2023-12-01,,,
2023,수원시,팔달구청,2023-09-28 10:26,매산동 팅스몰 주차장 출구 옆,고정형,2023-12-01,,,
2023,수원시,팔달구청,2023-09-28 10:26,매산동 팅스몰 주차장 출구 옆,고정형,2023-12-01,,,
2023,수원시,팔달구청,2023-09-28 10:26,북수동 쌈지공원 앞,고정형,2023-12-01,,,
2023,수원시,팔달구청,2023-09-28 10:34,매산동 팅스몰 주차장 출구 옆,고정형,2023-12-01,,,
2023,수원시,팔달구청,2023-09-28 11:01,화서1동 수원역푸르지오자이 북문 우측,고정형,2023-12-01,,,
2023,수원시,팔달구청,2023-09-28 11:15,화서1동 수원역푸르지오자이 북문 우측,고정형,2023-12-01,,,
2023,수원시,팔달구청,2023-09-28 11:20,화서1동 수원역푸르지오자이 북문 우측,고정형,2023-12-01,,,
2023,수원시,팔달구청,2023-09-28 11:22,화서1동 수원역푸르지오자이 북문 우측,고정형,2023-12-01,,,
2023,수원시,팔달구청,2023-09-28 11:28,화서1동 수원역푸르지오자이 북문 우측,고정형,2023-12-01,,,
2023,수원시,팔달구청,2023-09-28 11:40,화서1동 수원역푸르지오자이 북문 우측,고정형,2023-12-01,,,
2023,수원시,팔달구청,2023-09-28 11:53,화서1동 수원역푸르지오자이 북문 우측,고정형,2023-12-01,,,
2023,수원시,팔달구청,2023-09-28 12:09,화서1동 수원역푸르지오자이 북문 우측,고정형,2023-12-01,,,
2023,수원시,팔달구청,2023-09-28 12:22,화서1동 수원역푸르지오자이 북문 우측,고정형,2023-12-01,,,
2023,수원시,팔달구청,2023-09-28 12:35,화서1동 수원역푸르지오자이 북문 우측,고정형,2023-12-01,,,
2023,수원시,팔달구청,2023-09-28 12:42,화서1동 수원역푸르지오자이 북문 우측,고정형,2023-12-01,,,
2023,수원시,팔달구청,2023-09-28 12:55,화서1동 수원역푸르지오자이 북문 우측,고정형,2023-12-01,,,
2023,수원시,팔달구청,2023-09-28 13:50,화서1동 수원역푸르지오자이 북문 우측,고정형,2023-12-01,,,
2023,수원시,팔달구청,2023-09-28 14:03,화서1동 수원역푸르지오자이 북문 우측,고정형,2023-12-01,,,
2023,수원시,권선구청,2023-09-28 14:18,곡반정동 156-1 횡단보도,국민신문고,2023-12-01,,,
2023,수원시,팔달구청,2023-09-28 14:21,화서1동 수원역푸르지오자이 북문 우측,고정형,2023-12-01,,,
2023,수원시,팔달구청,2023-09-28 14:36,매산동 팅스몰 주차장 출구 옆,고정형,2023-12-01,,,
2023,수원시,팔달구청,2023-09-28 14:36,매산동 팅스몰 주차장 출구 옆,고정형,2023-12-01,,,
2023,수원시,팔달구청,2023-09-28 14:47,매산동 팅스몰 주차장 출구 옆,고정형,2023-12-01,,,
2023,수원시,팔달구청,2023-09-28 14:50,화서1동 수원역푸르지오자이 북문 우측,고정형,2023-12-01,,,
2023,수원시,팔달구청,2023-09-28 15:21,화서1동 수원역푸르지오자이 북문 우측,고정형,2023-12-01,,,
2023,수원시,팔달구청,2023-09-28 15:28,매산동 팅스몰 주차장 출구 옆,고정형,2023-12-01,,,
2023,수원시,팔달구청,2023-09-28 15:58,매산동 팅스몰 주차장 출구 옆,고정형,2023-12-01,,,
2023,수원시,팔달구청,2023-09-28 16:18,행궁동 화홍사랑채,고정형,2023-12-01,,,
2023,수원시,팔달구청,2023-09-28 16:33,화서1동 수원역푸르지오자이 북문 우측,고정형,2023-12-01,,,
2023,수원시,팔달구청,2023-09-28 16:33,매산동 팔달로 10번길 8,고정형,2023-12-01,,,
2023,수원시,팔달구청,2023-09-28 16:34,화서1동 수원역푸르지오자이 북문 우측,고정형,2023-12-01,,,
2023,수원시,팔달구청,2023-09-28 16:35,매산동 팅스몰 주차장 출구 옆,고정형,2023-12-01,,,
2023,수원시,영통구청,2023-09-28 16:46,경기도수원시영통구영통동 수원시 영통구 영통동 1057,보행,2023-12-01,,,
2023,수원시,팔달구청,2023-09-28 17:04,화서1동 수원역푸르지오자이 북문 우측,고정형,2023-12-01,,,
2023,수원시,팔달구청,2023-09-28 17:04,팔달로3가 팔달문 버스정류장,고정형,2023-12-01,,,
2023,수원시,팔달구청,2023-09-28 17:28,인계동 경인통계청,고정형,2023-12-01,,,
2023,수원시,팔달구청,2023-09-28 17:30,화서1동 수원역푸르지오자이 북문 우측,고정형,2023-12-01,,,
2023,수원시,팔달구청,2023-09-28 17:39,행궁동 화홍사랑채,고정형,2023-12-01,,,
2023,수원시,팔달구청,2023-09-28 18:00,화서1동 수원역푸르지오자이 북문 우측,고정형,2023-12-01,,,
2023,수원시,팔달구청,2023-09-28 18:05,화서1동 수원역푸르지오자이 북문 우측,고정형,2023-12-01,,,
2023,수원시,팔달구청,2023-09-28 18:11,화서1동 수원역푸르지오자이 북문 우측,고정형,2023-12-01,,,
2023,수원시,팔달구청,2023-09-28 18:21,화서1동 수원역푸르지오자이 북문 우측,고정형,2023-12-01,,,
2023,수원시,팔달구청,2023-09-28 18:25,행궁동 팔달문 버스정류장,고정형,2023-12-01,,,
2023,수원시,팔달구청,2023-09-28 18:48,매산동 팅스몰 주차장 출구 옆,고정형,2023-12-01,,,
2023,수원시,팔달구청,2023-09-28 18:50,화서1동 수원역푸르지오자이 북문 우측,고정형,2023-12-01,,,
2023,수원시,팔달구청,2023-09-28 18:50,화서1동 수원역푸르지오자이 북문 우측,고정형,2023-12-01,,,
2023,수원시,팔달구청,2023-09-28 18:56,매산동 팔달로 10번길 8,고정형,2023-12-01,,,
2023,수원시,팔달구청,2023-09-28 19:03,매산동 팅스몰 주차장 출구 옆,고정형,2023-12-01,,,
2023,수원시,팔달구청,2023-09-28 19:19,매산동 팅스몰 주차장 출구 옆,고정형,2023-12-01,,,
2023,수원시,팔달구청,2023-09-28 19:45,인계동 드림캐슬주상복합,고정형,2023-12-01,,,
2023,수원시,팔달구청,2023-09-28 19:56,매산동 팅스몰 주차장 출구 옆,고정형,2023-12-01,,,
2023,수원시,팔달구청,2023-09-28 20:05,화서1동 수원역푸르지오자이 북문 우측,고정형,2023-12-01,,,
2023,수원시,권선구청,2023-09-28 20:07,곡반정동 156-9 횡단보도,국민신문고,2023-12-01,,,
2023,수원시,팔달구청,2023-09-28 21:19,인계동 777-1 (횡단보도),국민신문고,2023-12-01,,,
2023,수원시,팔달구청,2023-09-29 9:02,북수동 쌈지공원 앞,고정형,2023-12-01,,,
2023,수원시,팔달구청,2023-09-29 9:03,인계동 경인통계청,고정형,2023-12-01,,,
2023,수원시,팔달구청,2023-09-29 9:04,매산동 팅스몰 주차장 출구 옆,고정형,2023-12-01,,,
2023,수원시,팔달구청,2023-09-29 9:04,매산동 팅스몰 주차장 출구 옆,고정형,2023-12-01,,,
2023,수원시,팔달구청,2023-09-29 9:05,매산동 팅스몰 주차장 출구 옆,고정형,2023-12-01,,,
2023,수원시,팔달구청,2023-09-29 9:11,화서1동 수원역푸르지오자이 북문 우측,고정형,2023-12-01,,,
2023,수원시,팔달구청,2023-09-29 9:51,인계동 경인통계청,고정형,2023-12-01,,,
2023,수원시,팔달구청,2023-09-29 10:27,매산동 팅스몰 주차장 출구 옆,고정형,2023-12-01,,,
2023,수원시,장안구청,2023-09-29 10:44,연무동 연무동 242-6,국민신문고,2023-12-01,,,
2023,수원시,팔달구청,2023-09-29 10:53,경기도수원시팔달구북수동 수원시 팔달구 행궁로 11,보행,2023-12-01,,,
2023,수원시,팔달구청,2023-09-29 12:48,화서1동 수원역푸르지오자이 북문 우측,고정형,2023-12-01,,,
2023,수원시,팔달구청,2023-09-29 12:51,화서1동 수원역푸르지오자이 북문 우측,고정형,2023-12-01,,,
2023,수원시,팔달구청,2023-09-29 13:23,매산동 역전농협,고정형,2023-12-01,,,
2023,수원시,팔달구청,2023-09-29 14:26,매산동 역전농협,고정형,2023-12-01,,,
2023,수원시,팔달구청,2023-09-29 14:32,매산동 팅스몰 주차장 출구 옆,고정형,2023-12-01,,,
2023,수원시,팔달구청,2023-09-29 14:33,인계동 경인통계청,고정형,2023-12-01,,,
2023,수원시,팔달구청,2023-09-29 14:34,행궁동 화홍사랑채,고정형,2023-12-01,,,
2023,수원시,팔달구청,2023-09-29 14:34,매산동 팔달로 10번길 8,고정형,2023-12-01,,,
2023,수원시,팔달구청,2023-09-29 14:36,매산동 팅스몰 주차장 출구 옆,고정형,2023-12-01,,,
2023,수원시,팔달구청,2023-09-29 14:40,매산동 팅스몰 주차장 출구 옆,고정형,2023-12-01,,,
2023,수원시,팔달구청,2023-09-29 14:42,매산동 팅스몰 주차장 출구 옆,고정형,2023-12-01,,,
2023,수원시,팔달구청,2023-09-29 14:53,매산동 팅스몰 주차장 출구 옆,고정형,2023-12-01,,,
2023,수원시,팔달구청,2023-09-29 14:57,신풍동 미술관로터리,고정형,2023-12-01,,,
2023,수원시,팔달구청,2023-09-29 15:02,매산동 팅스몰 주차장 출구 옆,고정형,2023-12-01,,,
2023,수원시,팔달구청,2023-09-29 15:17,행궁동 화홍사랑채,고정형,2023-12-01,,,
2023,수원시,팔달구청,2023-09-29 15:25,행궁동 화홍사랑채,고정형,2023-12-01,,,
2023,수원시,팔달구청,2023-09-29 15:30,북수동 북수동 창룡대로41번길,주행형,2023-12-01,,,
2023,수원시,팔달구청,2023-09-29 15:38,매산동 팅스몰 주차장 출구 옆,고정형,2023-12-01,,,
2023,수원시,팔달구청,2023-09-29 15:46,행궁동 화홍사랑채,고정형,2023-12-01,,,
2023,수원시,팔달구청,2023-09-29 16:02,행궁동 화홍사랑채,고정형,2023-12-01,,,
2023,수원시,팔달구청,2023-09-29 16:18,매산동 팅스몰 주차장 출구 옆,고정형,2023-12-01,,,
2023,수원시,팔달구청,2023-09-29 16:18,매산동 팅스몰 주차장 출구 옆,고정형,2023-12-01,,,
2023,수원시,팔달구청,2023-09-29 16:24,인계동 경인통계청,고정형,2023-12-01,,,
2023,수원시,팔달구청,2023-09-29 16:26,화서1동 수원역푸르지오자이 북문 우측,고정형,2023-12-01,,,
2023,수원시,팔달구청,2023-09-29 16:39,북수동 쌈지공원 앞,고정형,2023-12-01,,,
2023,수원시,팔달구청,2023-09-29 16:40,행궁동 화홍사랑채,고정형,2023-12-01,,,
2023,수원시,권선구청,2023-09-29 16:45,곡반정동 156-8,국민신문고,2023-12-01,,,
2023,수원시,팔달구청,2023-09-29 16:47,매산동 팔달로 10번길 8,고정형,2023-12-01,,,
2023,수원시,팔달구청,2023-09-29 16:57,화서동 819-10 (횡단보도),국민신문고,2023-12-01,,,
2023,수원시,팔달구청,2023-09-29 17:18,매산동 팅스몰 주차장 출구 옆,고정형,2023-12-01,,,
2023,수원시,팔달구청,2023-09-29 17:22,행궁동 화홍사랑채,고정형,2023-12-01,,,
2023,수원시,팔달구청,2023-09-29 17:34,행궁동 화홍사랑채,고정형,2023-12-01,,,
2023,수원시,팔달구청,2023-09-29 17:46,화서1동 수원역푸르지오자이 북문 우측,고정형,2023-12-01,,,
2023,수원시,팔달구청,2023-09-29 17:59,매산동 팅스몰 주차장 출구 옆,고정형,2023-12-01,,,
2023,수원시,팔달구청,2023-09-29 17:59,매산동 팅스몰 주차장 출구 옆,고정형,2023-12-01,,,
2023,수원시,팔달구청,2023-09-29 18:24,화서1동 수원역푸르지오자이 북문 우측,고정형,2023-12-01,,,
2023,수원시,팔달구청,2023-09-29 18:56,화서1동 수원역푸르지오자이 북문 우측,고정형,2023-12-01,,,
2023,수원시,팔달구청,2023-09-29 19:04,매산동 팅스몰 주차장 출구 옆,고정형,2023-12-01,,,
2023,수원시,팔달구청,2023-09-29 20:02,매산동 팅스몰 주차장 출구 옆,고정형,2023-12-01,,,
2023,수원시,권선구청,2023-09-29 20:21,서둔동 1191,국민신문고,2023-12-01,,,
2023,수원시,팔달구청,2023-09-30 9:02,북수동 쌈지공원 앞,고정형,2023-12-01,,,
2023,수원시,팔달구청,2023-09-30 9:03,행궁동 화홍사랑채,고정형,2023-12-01,,,
2023,수원시,팔달구청,2023-09-30 9:03,매산동 팅스몰 주차장 출구 옆,고정형,2023-12-01,,,
2023,수원시,팔달구청,2023-09-30 9:03,매산동 팅스몰 주차장 출구 옆,고정형,2023-12-01,,,
2023,수원시,팔달구청,2023-09-30 9:06,매산동 팅스몰 주차장 출구 옆,고정형,2023-12-01,,,
2023,수원시,팔달구청,2023-09-30 9:25,신풍동 제일교회부설주차장 부근,고정형,2023-12-01,,,
2023,수원시,팔달구청,2023-09-30 10:25,매산동 팅스몰 주차장 출구 옆,고정형,2023-12-01,,,
2023,수원시,팔달구청,2023-09-30 10:25,매산동 팅스몰 주차장 출구 옆,고정형,2023-12-01,,,
2023,수원시,팔달구청,2023-09-30 10:32,인계동 경인통계청,고정형,2023-12-01,,,
2023,수원시,팔달구청,2023-09-30 12:45,화서1동 수원역푸르지오자이 북문 우측,고정형,2023-12-01,,,
2023,수원시,팔달구청,2023-09-30 13:23,우만동 1049 (횡단보도),국민신문고,2023-12-01,,,
2023,수원시,팔달구청,2023-09-30 14:34,인계동 경인통계청,고정형,2023-12-01,,,
2023,수원시,팔달구청,2023-09-30 14:34,매산동 팔달로 10번길 8,고정형,2023-12-01,,,
2023,수원시,팔달구청,2023-09-30 14:35,행궁동 화홍사랑채,고정형,2023-12-01,,,
2023,수원시,팔달구청,2023-09-30 14:35,인계동 드림캐슬주상복합,고정형,2023-12-01,,,
2023,수원시,팔달구청,2023-09-30 14:36,매산동 팅스몰 주차장 출구 옆,고정형,2023-12-01,,,
2023,수원시,팔달구청,2023-09-30 14:36,매산동 팅스몰 주차장 출구 옆,고정형,2023-12-01,,,
2023,수원시,팔달구청,2023-09-30 14:41,행궁동 화홍사랑채,고정형,2023-12-01,,,
2023,수원시,팔달구청,2023-09-30 14:41,행궁동 화홍사랑채,고정형,2023-12-01,,,
2023,수원시,팔달구청,2023-09-30 14:41,매산동 팔달로 10번길 8,고정형,2023-12-01,,,
2023,수원시,팔달구청,2023-09-30 14:58,인계동 드림캐슬주상복합,고정형,2023-12-01,,,
2023,수원시,팔달구청,2023-09-30 15:11,매산동 팅스몰 주차장 출구 옆,고정형,2023-12-01,,,
2023,수원시,팔달구청,2023-09-30 15:42,인계동 경인통계청,고정형,2023-12-01,,,
2023,수원시,팔달구청,2023-09-30 15:51,신풍동 미술관로터리,고정형,2023-12-01,,,
2023,수원시,팔달구청,2023-09-30 15:59,행궁동 화홍사랑채,고정형,2023-12-01,,,
2023,수원시,팔달구청,2023-09-30 16:00,매산동 팅스몰 주차장 출구 옆,고정형,2023-12-01,,,
2023,수원시,팔달구청,2023-09-30 16:00,인계동 경인통계청,고정형,2023-12-01,,,
2023,수원시,팔달구청,2023-09-30 16:03,매산동 팔달로 10번길 8,고정형,2023-12-01,,,
2023,수원시,팔달구청,2023-09-30 16:11,행궁동 화홍사랑채,고정형,2023-12-01,,,
2023,수원시,팔달구청,2023-09-30 16:28,행궁동 화홍사랑채,고정형,2023-12-01,,,
2023,수원시,팔달구청,2023-09-30 16:36,매산동 역전농협,고정형,2023-12-01,,,
2023,수원시,팔달구청,2023-09-30 16:51,인계동 경인통계청,고정형,2023-12-01,,,
2023,수원시,팔달구청,2023-09-30 16:55,인계동 경인통계청,고정형,2023-12-01,,,
2023,수원시,팔달구청,2023-09-30 17:19,중동 442 (소화전),국민신문고,2023-12-01,,,
2023,수원시,팔달구청,2023-09-30 17:19,중동 442 (소화전),국민신문고,2023-12-01,,,
2023,수원시,팔달구청,2023-09-30 17:30,인계동 경인통계청,고정형,2023-12-01,,,
2023,수원시,팔달구청,2023-09-30 17:45,남수동 145 (인도),국민신문고,2023-12-01,,,
2023,수원시,권선구청,2023-09-30 17:56,곡반정동 562-2 횡단보도,국민신문고,2023-12-01,,,
2023,수원시,팔달구청,2023-09-30 18:01,행궁동 팔달문 버스정류장,고정형,2023-12-01,,,
2023,수원시,팔달구청,2023-09-30 18:04,매산동 팅스몰 주차장 출구 옆,고정형,2023-12-01,,,
2023,수원시,팔달구청,2023-09-30 18:04,매산동 팅스몰 주차장 출구 옆,고정형,2023-12-01,,,
2023,수원시,장안구청,2023-09-30 18:11,영화동 북수동421-1,국민신문고,2023-12-01,,,
2023,수원시,팔달구청,2023-09-30 18:18,매산동 팅스몰 주차장 출구 옆,고정형,2023-12-01,,,
2023,수원시,팔달구청,2023-09-30 18:40,매산동 팅스몰 주차장 출구 옆,고정형,2023-12-01,,,
2023,수원시,팔달구청,2023-09-30 18:58,화서1동 수원역푸르지오자이 북문 우측,고정형,2023-12-01,,,
2023,수원시,팔달구청,2023-09-30 18:58,화서1동 수원역푸르지오자이 북문 우측,고정형,2023-12-01,,,
2023,수원시,팔달구청,2023-09-30 20:08,매산동 팅스몰 주차장 출구 옆,고정형,2023-12-01,,,
2023,수원시,팔달구청,2023-09-30 20:22,매산동 팅스몰 주차장 출구 옆,고정형,2023-12-01,,,
2023,수원시,팔달구청,2023-10-01 9:02,인계동 경인통계청,고정형,2023-12-01,,,
2023,수원시,팔달구청,2023-10-01 9:03,북수동 쌈지공원 앞,고정형,2023-12-01,,,
2023,수원시,팔달구청,2023-10-01 9:04,인계동 경인통계청,고정형,2023-12-01,,,
2023,수원시,팔달구청,2023-10-01 9:04,인계동 드림캐슬주상복합,고정형,2023-12-01,,,
2023,수원시,팔달구청,2023-10-01 9:04,매산동 팅스몰 주차장 출구 옆,고정형,2023-12-01,,,
2023,수원시,팔달구청,2023-10-01 9:11,인계동 경인통계청,고정형,2023-12-01,,,
2023,수원시,팔달구청,2023-10-01 10:21,매산동 역전농협,고정형,2023-12-01,,,
2023,수원시,권선구청,2023-10-01 10:23,곡반정동 103-2,국민신문고,2023-12-01,,,
2023,수원시,팔달구청,2023-10-01 10:26,매산동 역전농협,고정형,2023-12-01,,,
2023,수원시,팔달구청,2023-10-01 10:37,인계동 경인통계청,고정형,2023-12-01,,,
2023,수원시,팔달구청,2023-10-01 10:38,매산동 팅스몰 주차장 출구 옆,고정형,2023-12-01,,,
2023,수원시,팔달구청,2023-10-01 10:57,경기도수원시팔달구우만동 수원시 팔달구 우만동 144-13,보행,2023-12-01,,,
2023,수원시,팔달구청,2023-10-01 11:30,화서1동 수원역푸르지오자이 북문 우측,고정형,2023-12-01,,,
2023,수원시,팔달구청,2023-10-01 14:27,고등동 고등동 215-57 소화전,국민신문고,2023-12-01,,,
2023,수원시,팔달구청,2023-10-01 14:32,매산동 팔달로 10번길 8,고정형,2023-12-01,,,
2023,수원시,팔달구청,2023-10-01 14:33,인계동 드림캐슬주상복합,고정형,2023-12-01,,,
2023,수원시,팔달구청,2023-10-01 14:34,행궁동 화홍사랑채,고정형,2023-12-01,,,
2023,수원시,팔달구청,2023-10-01 14:35,화서1동 수원역푸르지오자이 북문 우측,고정형,2023-12-01,,,
2023,수원시,팔달구청,2023-10-01 14:36,매산동 팅스몰 주차장 출구 옆,고정형,2023-12-01,,,
2023,수원시,팔달구청,2023-10-01 14:37,인계동 한국씨티은행,고정형,2023-12-01,,,
2023,수원시,팔달구청,2023-10-01 14:37,인계동 한국씨티은행,고정형,2023-12-01,,,
2023,수원시,팔달구청,2023-10-01 14:38,인계동 드림캐슬주상복합,고정형,2023-12-01,,,
2023,수원시,팔달구청,2023-10-01 14:40,매산동 팅스몰 주차장 출구 옆,고정형,2023-12-01,,,
2023,수원시,팔달구청,2023-10-01 14:55,북수동 쌈지공원 앞,고정형,2023-12-01,,,
2023,수원시,팔달구청,2023-10-01 14:55,북수동 쌈지공원 앞,고정형,2023-12-01,,,
2023,수원시,팔달구청,2023-10-01 15:07,북수동 쌈지공원 앞,고정형,2023-12-01,,,
2023,수원시,팔달구청,2023-10-01 15:47,매산동 역전농협,고정형,2023-12-01,,,
2023,수원시,팔달구청,2023-10-01 15:50,행궁동 화홍사랑채,고정형,2023-12-01,,,
2023,수원시,팔달구청,2023-10-01 15:52,매산동 팅스몰 주차장 출구 옆,고정형,2023-12-01,,,
2023,수원시,팔달구청,2023-10-01 16:08,매산동 팅스몰 주차장 출구 옆,고정형,2023-12-01,,,
2023,수원시,팔달구청,2023-10-01 16:11,행궁동 팔달문 버스정류장,고정형,2023-12-01,,,
2023,수원시,팔달구청,2023-10-01 16:14,매산동 팅스몰 주차장 출구 옆,고정형,2023-12-01,,,
2023,수원시,팔달구청,2023-10-01 16:25,매산동 역전농협,고정형,2023-12-01,,,
2023,수원시,팔달구청,2023-10-01 16:25,인계동 경인통계청,고정형,2023-12-01,,,
2023,수원시,팔달구청,2023-10-01 16:53,인계동 한국씨티은행,고정형,2023-12-01,,,
2023,수원시,팔달구청,2023-10-01 17:00,행궁동 화홍사랑채,고정형,2023-12-01,,,
2023,수원시,팔달구청,2023-10-01 17:07,인계동 드림캐슬주상복합,고정형,2023-12-01,,,
2023,수원시,팔달구청,2023-10-01 17:07,화서1동 수원역푸르지오자이 북문 우측,고정형,2023-12-01,,,
2023,수원시,팔달구청,2023-10-01 17:07,화서1동 수원역푸르지오자이 북문 우측,고정형,2023-12-01,,,
2023,수원시,팔달구청,2023-10-01 17:10,매향동 북수동 419 인도,국민신문고,2023-12-01,,,
2023,수원시,팔달구청,2023-10-01 17:17,팔달로2가 팔달로3가 73-2 인도,국민신문고,2023-12-01,,,
2023,수원시,팔달구청,2023-10-01 17:22,인계동 경인통계청,고정형,2023-12-01,,,
2023,수원시,팔달구청,2023-10-01 17:36,행궁동 화홍사랑채,고정형,2023-12-01,,,
2023,수원시,팔달구청,2023-10-01 17:39,매산동 팅스몰 주차장 출구 옆,고정형,2023-12-01,,,
2023,수원시,팔달구청,2023-10-01 17:39,행궁동 화홍사랑채,고정형,2023-12-01,,,
2023,수원시,팔달구청,2023-10-01 17:39,행궁동 팔달문 버스정류장,고정형,2023-12-01,,,
2023,수원시,팔달구청,2023-10-01 18:39,매산동 팅스몰 주차장 출구 옆,고정형,2023-12-01,,,
2023,수원시,팔달구청,2023-10-01 18:42,화서1동 수원역푸르지오자이 북문 우측,고정형,2023-12-01,,,
2023,수원시,팔달구청,2023-10-01 18:42,화서1동 수원역푸르지오자이 북문 우측,고정형,2023-12-01,,,
2023,수원시,팔달구청,2023-10-01 18:48,인계동 드림캐슬주상복합,고정형,2023-12-01,,,
2023,수원시,팔달구청,2023-10-01 19:12,매산동 팅스몰 주차장 출구 옆,고정형,2023-12-01,,,
2023,수원시,팔달구청,2023-10-01 19:41,매산동 팅스몰 주차장 출구 옆,고정형,2023-12-01,,,
2023,수원시,팔달구청,2023-10-01 20:02,매산동 팔달로 10번길 8,고정형,2023-12-01,,,
2023,수원시,팔달구청,2023-10-01 20:03,인계동 드림캐슬주상복합,고정형,2023-12-01,,,
2023,수원시,팔달구청,2023-10-01 20:03,인계동 드림캐슬주상복합,고정형,2023-12-01,,,
2023,수원시,팔달구청,2023-10-01 20:27,매산동 팅스몰 주차장 출구 옆,고정형,2023-12-01,,,
2023,수원시,팔달구청,2023-10-01 20:32,화서1동 수원역푸르지오자이 북문 우측,고정형,2023-12-01,,,
2023,수원시,권선구청,2023-10-01 23:11,곡반정동 562-2,국민신문고,2023-12-01,,,
2023,수원시,권선구청,2023-10-02 0:19,곡반정동 140-2 횡단보도,국민신문고,2023-12-01,,,
2023,수원시,팔달구청,2023-10-02 9:02,북수동 쌈지공원 앞,고정형,2023-12-01,,,
2023,수원시,팔달구청,2023-10-02 9:03,인계동 드림캐슬주상복합,고정형,2023-12-01,,,
2023,수원시,팔달구청,2023-10-02 9:03,매산동 팔달로 10번길 8,고정형,2023-12-01,,,
2023,수원시,팔달구청,2023-10-02 9:03,행궁동 화홍사랑채,고정형,2023-12-01,,,
2023,수원시,팔달구청,2023-10-02 9:04,매산동 팅스몰 주차장 출구 옆,고정형,2023-12-01,,,
2023,수원시,팔달구청,2023-10-02 9:06,화서1동 수원역푸르지오자이 북문 우측,고정형,2023-12-01,,,
2023,수원시,팔달구청,2023-10-02 9:06,화서1동 수원역푸르지오자이 북문 우측,고정형,2023-12-01,,,
2023,수원시,팔달구청,2023-10-02 9:25,매산동 팅스몰 주차장 출구 옆,고정형,2023-12-01,,,
2023,수원시,팔달구청,2023-10-02 9:46,매산동 역전농협,고정형,2023-12-01,,,
2023,수원시,팔달구청,2023-10-02 10:10,인계동 경인통계청,고정형,2023-12-01,,,
2023,수원시,팔달구청,2023-10-02 10:34,매산동 팅스몰 주차장 출구 옆,고정형,2023-12-01,,,
2023,수원시,팔달구청,2023-10-02 10:34,매산동 팅스몰 주차장 출구 옆,고정형,2023-12-01,,,
2023,수원시,장안구청,2023-10-02 10:56,경기도수원시장안구영화동 수원시 장안구 영화동 43,보행,2023-12-01,,,
2023,수원시,팔달구청,2023-10-02 11:03,매산동 역전농협,고정형,2023-12-01,,,
2023,수원시,영통구청,2023-10-02 11:32,경기도수원시영통구망포동 수원시 영통구 망포동 574,보행,2023-12-01,,,
2023,수원시,장안구청,2023-10-02 13:26,조원동 조원동9603,국민신문고,2023-12-01,,,
2023,수원시,팔달구청,2023-10-02 13:42,화서1동 수원역푸르지오자이 북문 우측,고정형,2023-12-01,,,
2023,수원시,팔달구청,2023-10-02 14:36,매산동 팔달로 10번길 8,고정형,2023-12-01,,,
2023,수원시,팔달구청,2023-10-02 14:36,인계동 경인통계청,고정형,2023-12-01,,,
2023,수원시,팔달구청,2023-10-02 14:36,매산동 팅스몰 주차장 출구 옆,고정형,2023-12-01,,,
2023,수원시,팔달구청,2023-10-02 14:37,인계동 경인통계청,고정형,2023-12-01,,,
2023,수원시,팔달구청,2023-10-02 14:38,행궁동 화홍사랑채,고정형,2023-12-01,,,
2023,수원시,팔달구청,2023-10-02 14:40,인계동 경인통계청,고정형,2023-12-01,,,
2023,수원시,팔달구청,2023-10-02 14:40,매산동 팅스몰 주차장 출구 옆,고정형,2023-12-01,,,
2023,수원시,팔달구청,2023-10-02 14:41,매산동 팅스몰 주차장 출구 옆,고정형,2023-12-01,,,
2023,수원시,팔달구청,2023-10-02 14:44,행궁동 화홍사랑채,고정형,2023-12-01,,,
2023,수원시,팔달구청,2023-10-02 14:47,매산동 역전농협,고정형,2023-12-01,,,
2023,수원시,장안구청,2023-10-02 14:51,조원동 조원동88,국민신문고,2023-12-01,,,
2023,수원시,팔달구청,2023-10-02 14:54,인계동 드림캐슬주상복합,고정형,2023-12-01,,,
2023,수원시,팔달구청,2023-10-02 14:56,행궁동 화홍사랑채,고정형,2023-12-01,,,
2023,수원시,팔달구청,2023-10-02 15:07,매산동 팅스몰 주차장 출구 옆,고정형,2023-12-01,,,
2023,수원시,팔달구청,2023-10-02 15:17,행궁동 화홍사랑채,고정형,2023-12-01,,,
2023,수원시,팔달구청,2023-10-02 15:29,매산동 팅스몰 주차장 출구 옆,고정형,2023-12-01,,,
2023,수원시,권선구청,2023-10-02 15:34,서둔동 225-36 횡단보도,국민신문고,2023-12-01,,,
2023,수원시,팔달구청,2023-10-02 15:41,행궁동 화홍사랑채,고정형,2023-12-01,,,
2023,수원시,팔달구청,2023-10-02 15:51,인계동 드림캐슬주상복합,고정형,2023-12-01,,,
2023,수원시,팔달구청,2023-10-02 15:51,인계동 드림캐슬주상복합,고정형,2023-12-01,,,
2023,수원시,팔달구청,2023-10-02 16:33,인계동 경인통계청,고정형,2023-12-01,,,
2023,수원시,팔달구청,2023-10-02 16:34,인계동 드림캐슬주상복합,고정형,2023-12-01,,,
2023,수원시,팔달구청,2023-10-02 16:44,인계동 경인통계청,고정형,2023-12-01,,,
2023,수원시,팔달구청,2023-10-02 16:56,신풍동 미술관로터리,고정형,2023-12-01,,,
2023,수원시,팔달구청,2023-10-02 16:57,인계동 경인통계청,고정형,2023-12-01,,,
2023,수원시,권선구청,2023-10-02 17:15,경기도수원시권선구금곡동 수원시 권선구 금곡동 537-8,보행,2023-12-01,,,
2023,수원시,팔달구청,2023-10-02 17:44,인계동 경인통계청,고정형,2023-12-01,,,
2023,수원시,팔달구청,2023-10-02 17:59,화서1동 수원역푸르지오자이 북문 우측,고정형,2023-12-01,,,
2023,수원시,팔달구청,2023-10-02 18:12,매산동 팅스몰 주차장 출구 옆,고정형,2023-12-01,,,
2023,수원시,팔달구청,2023-10-02 18:44,매산동 팅스몰 주차장 출구 옆,고정형,2023-12-01,,,
2023,수원시,팔달구청,2023-10-02 19:26,매산동 팔달로 10번길 8,고정형,2023-12-01,,,
2023,수원시,팔달구청,2023-10-02 19:28,화서1동 수원역푸르지오자이 북문 우측,고정형,2023-12-01,,,
2023,수원시,팔달구청,2023-10-02 19:28,화서1동 수원역푸르지오자이 북문 우측,고정형,2023-12-01,,,
2023,수원시,권선구청,2023-10-02 20:50,곡반정동 562-2 횡단보도,국민신문고,2023-12-01,,,
2023,수원시,권선구청,2023-10-02 20:58,곡반정동 562-2 횡단보도,국민신문고,2023-12-01,,,
2023,수원시,권선구청,2023-10-02 20:58,곡반정동 562-2 소화전,국민신문고,2023-12-01,,,
2023,수원시,권선구청,2023-10-02 21:51,곡반정동 562-2 횡단보도,국민신문고,2023-12-01,,,
2023,수원시,팔달구청,2023-10-03 9:02,북수동 쌈지공원 앞,고정형,2023-12-01,,,
2023,수원시,팔달구청,2023-10-03 9:02,화서1동 수원역푸르지오자이 북문 우측,고정형,2023-12-01,,,
2023,수원시,팔달구청,2023-10-03 9:03,매산동 팅스몰 주차장 출구 옆,고정형,2023-12-01,,,
2023,수원시,팔달구청,2023-10-03 9:06,매산동 팅스몰 주차장 출구 옆,고정형,2023-12-01,,,
2023,수원시,팔달구청,2023-10-03 9:07,매산동 팅스몰 주차장 출구 옆,고정형,2023-12-01,,,
2023,수원시,팔달구청,2023-10-03 9:17,인계동 한국씨티은행,고정형,2023-12-01,,,
2023,수원시,팔달구청,2023-10-03 9:24,매산동 팅스몰 주차장 출구 옆,고정형,2023-12-01,,,
2023,수원시,팔달구청,2023-10-03 9:33,화서1동 수원역푸르지오자이 북문 우측,고정형,2023-12-01,,,
2023,수원시,팔달구청,2023-10-03 9:39,매산동 팅스몰 주차장 출구 옆,고정형,2023-12-01,,,
2023,수원시,팔달구청,2023-10-03 9:57,화서1동 수원역푸르지오자이 북문 우측,고정형,2023-12-01,,,
2023,수원시,팔달구청,2023-10-03 10:12,인계동 경인통계청,고정형,2023-12-01,,,
2023,수원시,팔달구청,2023-10-03 10:22,인계동 경인통계청,고정형,2023-12-01,,,
2023,수원시,팔달구청,2023-10-03 10:31,인계동 한국씨티은행,고정형,2023-12-01,,,
2023,수원시,팔달구청,2023-10-03 10:49,인계동 경인통계청,고정형,2023-12-01,,,
2023,수원시,팔달구청,2023-10-03 11:28,경기도수원시팔달구화서동 수원시 팔달구 화서동 111-24,보행,2023-12-01,,,
2023,수원시,팔달구청,2023-10-03 11:28,경기도수원시팔달구화서동 수원시 팔달구 화서동 111-24,보행,2023-12-01,,,
2023,수원시,팔달구청,2023-10-03 12:17,행궁동 팔달문 버스정류장,고정형,2023-12-01,,,
2023,수원시,팔달구청,2023-10-03 12:27,화서1동 수원역푸르지오자이 북문 우측,고정형,2023-12-01,,,
2023,수원시,팔달구청,2023-10-03 12:29,화서1동 수원역푸르지오자이 북문 우측,고정형,2023-12-01,,,
2023,수원시,팔달구청,2023-10-03 12:55,화서1동 수원역푸르지오자이 북문 우측,고정형,2023-12-01,,,
2023,수원시,팔달구청,2023-10-03 13:26,매산동 역전농협,고정형,2023-12-01,,,
2023,수원시,팔달구청,2023-10-03 13:41,화서1동 수원역푸르지오자이 북문 우측,고정형,2023-12-01,,,
2023,수원시,팔달구청,2023-10-03 14:34,인계동 경인통계청,고정형,2023-12-01,,,
2023,수원시,팔달구청,2023-10-03 14:34,인계동 경인통계청,고정형,2023-12-01,,,
2023,수원시,팔달구청,2023-10-03 14:40,신풍동 미술관로터리,고정형,2023-12-01,,,
2023,수원시,팔달구청,2023-10-03 14:41,북수동 쌈지공원 앞,고정형,2023-12-01,,,
2023,수원시,팔달구청,2023-10-03 14:42,인계동 드림캐슬주상복합,고정형,2023-12-01,,,
2023,수원시,팔달구청,2023-10-03 14:52,행궁동 화홍사랑채,고정형,2023-12-01,,,
2023,수원시,팔달구청,2023-10-03 14:52,인계동 한국씨티은행,고정형,2023-12-01,,,
2023,수원시,팔달구청,2023-10-03 14:53,인계동 경인통계청,고정형,2023-12-01,,,
2023,수원시,팔달구청,2023-10-03 14:53,인계동 경인통계청,고정형,2023-12-01,,,
2023,수원시,팔달구청,2023-10-03 14:53,매산동 팅스몰 주차장 출구 옆,고정형,2023-12-01,,,
2023,수원시,팔달구청,2023-10-03 15:14,인계동 드림캐슬주상복합,고정형,2023-12-01,,,
2023,수원시,팔달구청,2023-10-03 15:19,북수동 쌈지공원 앞,고정형,2023-12-01,,,
2023,수원시,팔달구청,2023-10-03 15:29,북수동 쌈지공원 앞,고정형,2023-12-01,,,
2023,수원시,팔달구청,2023-10-03 15:31,매산동 팔달로 10번길 8,고정형,2023-12-01,,,
2023,수원시,팔달구청,2023-10-03 15:44,행궁동 화홍사랑채,고정형,2023-12-01,,,
2023,수원시,팔달구청,2023-10-03 16:02,행궁동 화홍사랑채,고정형,2023-12-01,,,
2023,수원시,팔달구청,2023-10-03 16:17,화서1동 수원역푸르지오자이 북문 우측,고정형,2023-12-01,,,
2023,수원시,장안구청,2023-10-03 16:32,영화동 371-10,국민신문고,2023-12-01,,,
2023,수원시,팔달구청,2023-10-03 16:37,매교동 매교동 288-934 소화전,국민신문고,2023-12-01,,,
2023,수원시,팔달구청,2023-10-03 16:45,매산동 팅스몰 주차장 출구 옆,고정형,2023-12-01,,,
2023,수원시,팔달구청,2023-10-03 16:47,행궁동 화홍사랑채,고정형,2023-12-01,,,
2023,수원시,팔달구청,2023-10-03 16:51,매산동 팅스몰 주차장 출구 옆,고정형,2023-12-01,,,
2023,수원시,팔달구청,2023-10-03 17:00,행궁동 화홍사랑채,고정형,2023-12-01,,,
2023,수원시,팔달구청,2023-10-03 17:02,매산동 팔달로 10번길 8,고정형,2023-12-01,,,
2023,수원시,팔달구청,2023-10-03 17:17,인계동 경인통계청,고정형,2023-12-01,,,
2023,수원시,팔달구청,2023-10-03 17:24,경기도수원시팔달구매향동 수원시 팔달구 매향동 10-102,보행,2023-12-01,,,
2023,수원시,팔달구청,2023-10-03 17:28,화서1동 수원역푸르지오자이 북문 우측,고정형,2023-12-01,,,
2023,수원시,팔달구청,2023-10-03 17:32,북수동 쌈지공원 앞,고정형,2023-12-01,,,
2023,수원시,팔달구청,2023-10-03 17:41,인계동 경인통계청,고정형,2023-12-01,,,
2023,수원시,권선구청,2023-10-03 18:10,곡반정동 562-2,국민신문고,2023-12-01,,,
2023,수원시,팔달구청,2023-10-03 18:16,행궁동 팔달문 버스정류장,고정형,2023-12-01,,,
2023,수원시,팔달구청,2023-10-03 18:28,매산동 팅스몰 주차장 출구 옆,고정형,2023-12-01,,,
2023,수원시,팔달구청,2023-10-03 19:05,매산동 팅스몰 주차장 출구 옆,고정형,2023-12-01,,,
2023,수원시,팔달구청,2023-10-03 19:06,화서1동 수원역푸르지오자이 북문 우측,고정형,2023-12-01,,,
2023,수원시,권선구청,2023-10-03 19:32,곡반정동 562-2,국민신문고,2023-12-01,,,
2023,수원시,권선구청,2023-10-03 19:32,곡반정동 562-2,국민신문고,2023-12-01,,,
2023,수원시,팔달구청,2023-10-03 19:38,매산동 팔달로 10번길 8,고정형,2023-12-01,,,
2023,수원시,팔달구청,2023-10-03 19:48,매산동 팅스몰 주차장 출구 옆,고정형,2023-12-01,,,
2023,수원시,팔달구청,2023-10-03 20:17,매산동 팅스몰 주차장 출구 옆,고정형,2023-12-01,,,
2023,수원시,권선구청,2023-10-04 0:33,세류동 859-3,국민신문고,2023-12-01,,,
2023,수원시,권선구청,2023-10-04 0:33,세류동 859-3,국민신문고,2023-12-01,,,
2023,수원시,권선구청,2023-10-04 5:45,곡반정동 562-9,국민신문고,2023-12-01,,,
2023,수원시,영통구청,2023-10-04 7:04,이의동 드림스퀘어Ⅱ 앞,고정형,2023-12-01,,,
2023,수원시,영통구청,2023-10-04 7:04,광교동 광교이의119안전센터,고정형,2023-12-01,,,
2023,수원시,팔달구청,2023-10-04 7:33,인계동 경인통계청,고정형,2023-12-01,,,
2023,수원시,팔달구청,2023-10-04 7:33,매산동 팅스몰 주차장 출구 옆,고정형,2023-12-01,,,
2023,수원시,팔달구청,2023-10-04 7:37,매산동 팅스몰 주차장 출구 옆,고정형,2023-12-01,,,
2023,수원시,팔달구청,2023-10-04 8:41,매산동 팅스몰 주차장 출구 옆,고정형,2023-12-01,,,
2023,수원시,팔달구청,2023-10-04 9:05,매산동 역전농협,고정형,2023-12-01,,,
2023,수원시,팔달구청,2023-10-04 9:21,매산동 팅스몰 주차장 출구 옆,고정형,2023-12-01,,,
2023,수원시,권선구청,2023-10-04 9:34,경기도수원시권선구고색동 수원시 권선구 고색동 130-4,보행,2023-12-01,,,
2023,수원시,권선구청,2023-10-04 9:47,경기도수원시권선구고색동 수원시 권선구 고색동 14-17,보행,2023-12-01,,,
2023,수원시,권선구청,2023-10-04 9:47,경기도수원시권선구고색동 수원시 권선구 고색동 14-17,보행,2023-12-01,,,
2023,수원시,권선구청,2023-10-04 9:49,경기도수원시권선구평동 수원시 권선구 평동 2-14,보행,2023-12-01,,,
2023,수원시,권선구청,2023-10-04 9:49,경기도수원시권선구평동 수원시 권선구 평동 2-14,보행,2023-12-01,,,
2023,수원시,권선구청,2023-10-04 9:50,경기도수원시권선구평동 수원시 권선구 평동 2-140,보행,2023-12-01,,,
2023,수원시,권선구청,2023-10-04 9:51,경기도수원시권선구평동 수원시 권선구 평동 2-140,보행,2023-12-01,,,
2023,수원시,팔달구청,2023-10-04 10:04,인계동 드림캐슬주상복합,고정형,2023-12-01,,,
2023,수원시,팔달구청,2023-10-04 10:08,화서동 화서동 동말로16번길,주행형,2023-12-01,,,
2023,수원시,팔달구청,2023-10-04 10:08,화서동 화서동 동말로26번길,주행형,2023-12-01,,,
2023,수원시,팔달구청,2023-10-04 10:08,인계동 경인통계청,고정형,2023-12-01,,,
2023,수원시,팔달구청,2023-10-04 10:10,화서동 화서동 동말로26번길,주행형,2023-12-01,,,
2023,수원시,팔달구청,2023-10-04 10:13,화서1동 수원역푸르지오자이 북문 우측,고정형,2023-12-01,,,
2023,수원시,팔달구청,2023-10-04 10:20,인계동 드림캐슬주상복합,고정형,2023-12-01,,,
2023,수원시,팔달구청,2023-10-04 10:22,인계동 드림캐슬주상복합,고정형,2023-12-01,,,
2023,수원시,권선구청,2023-10-04 11:00,경기도수원시권선구고색동 수원시 권선구 고색동 690-3,보행,2023-12-01,,,
2023,수원시,권선구청,2023-10-04 11:03,경기도수원시권선구고색동 수원시 권선구 고색동 630-2,보행,2023-12-01,,,
2023,수원시,권선구청,2023-10-04 11:05,경기도수원시권선구고색동 수원시 권선구 고색동 629-4,보행,2023-12-01,,,
2023,수원시,팔달구청,2023-10-04 11:33,화서1동 푸르지오자이 북문 CU 앞 횡단보도,고정형,2023-12-01,,,
2023,수원시,팔달구청,2023-10-04 11:57,화서1동 수원역푸르지오자이 북문 우측,고정형,2023-12-01,,,
2023,수원시,영통구청,2023-10-04 12:09,망포동 힐스테이트 119동 ~방죽공원 삼거리,고정형,2023-12-01,,,
2023,수원시,영통구청,2023-10-04 12:12,광교동 광교이의119안전센터,고정형,2023-12-01,,,
2023,수원시,영통구청,2023-10-04 13:24,이의동 광교가재울마을사거리,고정형,2023-12-01,,,
2023,수원시,영통구청,2023-10-04 14:03,영통동 롯데마트 뒤,고정형,2023-12-01,37.27220279535416,127.10856729001851,
2023,수원시,팔달구청,2023-10-04 14:25,경기도수원시팔달구우만동 수원시 팔달구 중부대로 206번길,보행,2023-12-01,,,
2023,수원시,팔달구청,2023-10-04 14:26,경기도수원시팔달구우만동 수원시 팔달구 중부대로 206번길,보행,2023-12-01,,,
2023,수원시,팔달구청,2023-10-04 14:27,행궁동 팔달문 버스정류장,고정형,2023-12-01,,,
2023,수원시,팔달구청,2023-10-04 14:27,경기도수원시팔달구우만동 수원시 팔달구 중부대로 206번길,보행,2023-12-01,,,
2023,수원시,팔달구청,2023-10-04 14:27,경기도수원시팔달구우만동 수원시 팔달구 중부대로 206번길,보행,2023-12-01,,,
2023,수원시,팔달구청,2023-10-04 14:28,경기도수원시팔달구우만동 수원시 팔달구 중부대로 206번길,보행,2023-12-01,,,
2023,수원시,영통구청,2023-10-04 14:29,하동 353.02,주행형,2023-12-01,,,
2023,수원시,영통구청,2023-10-04 14:30,하동 39.06,주행형,2023-12-01,,,
2023,수원시,영통구청,2023-10-04 14:30,하동 25.03,주행형,2023-12-01,,,
2023,수원시,영통구청,2023-10-04 14:30,하동 23.65,주행형,2023-12-01,,,
2023,수원시,영통구청,2023-10-04 14:30,하동 20.69,주행형,2023-12-01,,,
2023,수원시,영통구청,2023-10-04 14:30,하동 17.49,주행형,2023-12-01,,,
2023,수원시,영통구청,2023-10-04 14:30,하동 11.45,주행형,2023-12-01,,,
2023,수원시,영통구청,2023-10-04 14:33,이의동 드림스퀘어Ⅱ 앞,고정형,2023-12-01,,,
2023,수원시,팔달구청,2023-10-04 14:45,매산동 팔달로 10번길 8,고정형,2023-12-01,,,
2023,수원시,영통구청,2023-10-04 14:46,이의동 광교가재울마을사거리,고정형,2023-12-01,,,
2023,수원시,팔달구청,2023-10-04 14:49,매산동 역전농협,고정형,2023-12-01,,,
2023,수원시,영통구청,2023-10-04 14:57,이의동 드림스퀘어Ⅱ 앞,고정형,2023-12-01,,,
2023,수원시,팔달구청,2023-10-04 15:10,매산동 역전농협,고정형,2023-12-01,,,
2023,수원시,팔달구청,2023-10-04 15:30,고등동 고등동 팔달로105,주행형,2023-12-01,,,
2023,수원시,팔달구청,2023-10-04 15:31,매산동 역전농협,고정형,2023-12-01,,,
2023,수원시,팔달구청,2023-10-04 15:55,인계동 드림캐슬주상복합,고정형,2023-12-01,,,
2023,수원시,영통구청,2023-10-04 16:05,망포동 E-마트 에브리데이 앞,고정형,2023-12-01,37.2361017468141,127.060345496536,
2023,수원시,팔달구청,2023-10-04 16:08,매산동 팅스몰 주차장 출구 옆,고정형,2023-12-01,,,
2023,수원시,권선구청,2023-10-04 16:34,서둔동 서둔로256번길,주행형,2023-12-01,,,
2023,수원시,팔달구청,2023-10-04 16:55,인계동 드림캐슬주상복합,고정형,2023-12-01,,,
2023,수원시,팔달구청,2023-10-04 17:09,매산동 팅스몰 주차장 출구 옆,고정형,2023-12-01,,,
2023,수원시,권선구청,2023-10-04 17:52,곡반정동 562-2,국민신문고,2023-12-01,,,
2023,수원시,팔달구청,2023-10-04 18:04,매산동 팅스몰 주차장 출구 옆,고정형,2023-12-01,,,
2023,수원시,팔달구청,2023-10-04 18:38,화서동 푸르지오자이 북문 CU 앞 횡단보도,고정형,2023-12-01,,,
2023,수원시,팔달구청,2023-10-04 18:39,화서1동 수원역푸르지오자이 북문 우측,고정형,2023-12-01,,,
2023,수원시,영통구청,2023-10-04 19:24,원천동 광교매원초등학교,고정형,2023-12-01,,,
2023,수원시,장안구청,2023-10-04 20:05,연무동 연무동 242-5,국민신문고,2023-12-01,,,
2023,수원시,팔달구청,2023-10-04 20:08,매산동 팔달로 10번길 8,고정형,2023-12-01,,,
2023,수원시,팔달구청,2023-10-04 20:51,인계동 드림캐슬주상복합,고정형,2023-12-01,,,
2023,수원시,팔달구청,2023-10-04 21:05,인계동 드림캐슬주상복합,고정형,2023-12-01,,,
2023,수원시,팔달구청,2023-10-04 21:35,인계동 드림캐슬주상복합,고정형,2023-12-01,,,
2023,수원시,팔달구청,2023-10-04 21:38,매산동 역전농협,고정형,2023-12-01,,,
2023,수원시,권선구청,2023-10-04 23:34,오목천동 527-59,국민신문고,2023-12-01,,,
2023,수원시,영통구청,2023-10-05 6:42,영통구 15러9262,주민신고제,2023-12-01,,,
2023,수원시,영통구청,2023-10-05 7:03,망포동 힐스테이트 119동 ~방죽공원 삼거리,고정형,2023-12-01,,,
2023,수원시,팔달구청,2023-10-05 7:33,인계동 경인통계청,고정형,2023-12-01,,,
2023,수원시,팔달구청,2023-10-05 7:34,매산동 팅스몰 주차장 출구 옆,고정형,2023-12-01,,,
2023,수원시,권선구청,2023-10-05 8:03,서둔동 수원역한라비발디퍼스트 앞1,고정형,2023-12-01,,,
2023,수원시,권선구청,2023-10-05 8:03,권선2동 곡정초교 정문 좌측 사거리,고정형,2023-12-01,,,
2023,수원시,권선구청,2023-10-05 8:03,곡반정동 하나로마트한국빌딩앞,고정형,2023-12-01,,,
2023,수원시,권선구청,2023-10-05 8:04,서둔동 수원역한라비발디퍼스트 앞2,고정형,2023-12-01,,,
2023,수원시,권선구청,2023-10-05 8:04,곡반정동 하나로마트한국빌딩앞,고정형,2023-12-01,,,
2023,수원시,권선구청,2023-10-05 8:06,서둔동 가온팰리스옆2,고정형,2023-12-01,,,
2023,수원시,권선구청,2023-10-05 8:44,권선2동 곡정초교 정문 좌측 사거리,고정형,2023-12-01,,,
2023,수원시,팔달구청,2023-10-05 9:14,인계동 드림캐슬주상복합,고정형,2023-12-01,,,
2023,수원시,팔달구청,2023-10-05 9:20,인계동 드림캐슬주상복합,고정형,2023-12-01,,,
2023,수원시,권선구청,2023-10-05 9:28,금곡동 가온초교 정문 우측 사거리,고정형,2023-12-01,,,
2023,수원시,권선구청,2023-10-05 9:39,곡반정동 궁촌육교앞,고정형,2023-12-01,,,
2023,수원시,권선구청,2023-10-05 9:39,곡반정동 궁촌육교앞,고정형,2023-12-01,,,
2023,수원시,권선구청,2023-10-05 9:39,곡반정동 궁촌육교앞,고정형,2023-12-01,,,
2023,수원시,권선구청,2023-10-05 10:19,서둔동 수원역한라비발디퍼스트 앞2,고정형,2023-12-01,,,
2023,수원시,팔달구청,2023-10-05 10:32,행궁동 팔달문 버스정류장,고정형,2023-12-01,,,
2023,수원시,팔달구청,2023-10-05 10:32,행궁동 팔달문 버스정류장,고정형,2023-12-01,,,
2023,수원시,권선구청,2023-10-05 11:35,평동 오목초교 정문 우측 삼거리,고정형,2023-12-01,,,
2023,수원시,권선구청,2023-10-05 12:48,금곡동 가온초교 정문 우측 사거리,고정형,2023-12-01,,,
2023,수원시,영통구청,2023-10-05 12:48,이의동 도청예정부지,고정형,2023-12-01,,,
2023,수원시,권선구청,2023-10-05 14:23,고색동 도이치 고객주차장 출입구,고정형,2023-12-01,,,
2023,수원시,권선구청,2023-10-05 14:33,서둔동 가온팰리스옆2,고정형,2023-12-01,,,
2023,수원시,팔달구청,2023-10-05 14:33,매산동 팅스몰 주차장 출구 옆,고정형,2023-12-01,,,
2023,수원시,팔달구청,2023-10-05 14:33,매산동 팅스몰 주차장 출구 옆,고정형,2023-12-01,,,
2023,수원시,팔달구청,2023-10-05 14:33,인계동 경인통계청,고정형,2023-12-01,,,
2023,수원시,팔달구청,2023-10-05 14:45,인계동 드림캐슬주상복합,고정형,2023-12-01,,,
2023,수원시,팔달구청,2023-10-05 14:55,화서1동 수원역푸르지오자이 북문 우측,고정형,2023-12-01,,,
2023,수원시,팔달구청,2023-10-05 14:55,인계동 인계동 권중로751,주행형,2023-12-01,,,
2023,수원시,영통구청,2023-10-05 14:57,망포동 힐스테이트 119동 ~방죽공원 삼거리,고정형,2023-12-01,,,
2023,수원시,영통구청,2023-10-05 15:00,영통동 롯데마트 뒤,고정형,2023-12-01,37.27220279535416,127.10856729001851,
2023,수원시,팔달구청,2023-10-05 15:01,매산동 팔달로 10번길 8,고정형,2023-12-01,,,
2023,수원시,팔달구청,2023-10-05 15:10,매산동 팔달로 10번길 8,고정형,2023-12-01,,,
2023,수원시,팔달구청,2023-10-05 15:15,남수동 남수동 정조로796번길,주행형,2023-12-01,,,
2023,수원시,팔달구청,2023-10-05 15:15,남수동 남수동 정조로796번길,주행형,2023-12-01,,,
2023,수원시,팔달구청,2023-10-05 15:15,인계동 드림캐슬주상복합,고정형,2023-12-01,,,
2023,수원시,팔달구청,2023-10-05 15:19,팔달로2가 팔달로2가 팔달문로275,주행형,2023-12-01,,,
2023,수원시,영통구청,2023-10-05 15:45,영통동 롯데마트 뒤,고정형,2023-12-01,37.27220279535416,127.10856729001851,
2023,수원시,팔달구청,2023-10-05 15:59,인계동 경인통계청,고정형,2023-12-01,,,
2023,수원시,권선구청,2023-10-05 16:09,평동 오목초교 정문 우측 삼거리,고정형,2023-12-01,,,
2023,수원시,권선구청,2023-10-05 16:22,서둔동 수원역한라비발디퍼스트 앞2,고정형,2023-12-01,,,
2023,수원시,영통구청,2023-10-05 16:24,이의동 드림스퀘어Ⅱ 앞,고정형,2023-12-01,,,
2023,수원시,권선구청,2023-10-05 16:26,금곡동 금곡로222번길,주행형,2023-12-01,,,
2023,수원시,권선구청,2023-10-05 16:59,세류3동 신곡초교 후문 좌측 사거리,고정형,2023-12-01,,,
2023,수원시,팔달구청,2023-10-05 17:09,매산동 팔달로 10번길 8,고정형,2023-12-01,,,
2023,수원시,팔달구청,2023-10-05 17:12,매산동 팅스몰 주차장 출구 옆,고정형,2023-12-01,,,
2023,수원시,권선구청,2023-10-05 17:13,입북동 당수초교 정문 우측 사거리,고정형,2023-12-01,,,
2023,수원시,권선구청,2023-10-05 17:14,입북동 당수초교 정문 우측 사거리,고정형,2023-12-01,,,
2023,수원시,팔달구청,2023-10-05 17:17,고등동 고등동 156-117 횡단보도,국민신문고,2023-12-01,,,
2023,수원시,권선구청,2023-10-05 17:22,곡반정동 하나로마트한국빌딩앞,고정형,2023-12-01,,,
2023,수원시,권선구청,2023-10-05 17:22,곡반정동 하나로마트한국빌딩앞,고정형,2023-12-01,,,
2023,수원시,영통구청,2023-10-05 17:23,망포동 힐스테이트 119동 ~방죽공원 삼거리,고정형,2023-12-01,,,
2023,수원시,권선구청,2023-10-05 17:29,호매실동 금호프라자 대각 맞은편,고정형,2023-12-01,,,
2023,수원시,팔달구청,2023-10-05 17:31,인계동 경인통계청,고정형,2023-12-01,,,
2023,수원시,권선구청,2023-10-05 17:33,권선2동 곡정초교 정문 좌측 사거리,고정형,2023-12-01,,,
2023,수원시,영통구청,2023-10-05 17:41,광교동 광교웰빙타운한양수자인,고정형,2023-12-01,,,
2023,수원시,장안구청,2023-10-05 18:47,경기도수원시장안구정자동 수원시 장안구 정자동 840,보행,2023-12-01,,,
2023,수원시,권선구청,2023-10-05 19:07,오목천동 474-1,국민신문고,2023-12-01,,,
2023,수원시,팔달구청,2023-10-05 19:12,매산동 팅스몰 주차장 출구 옆,고정형,2023-12-01,,,
2023,수원시,영통구청,2023-10-05 19:26,이의동 광교가재울마을사거리,고정형,2023-12-01,,,
2023,수원시,팔달구청,2023-10-05 20:09,인계동 드림캐슬주상복합,고정형,2023-12-01,,,
2023,수원시,영통구청,2023-10-05 20:39,원천동 광교매원초등학교,고정형,2023-12-01,,,
2023,수원시,권선구청,2023-10-05 20:50,곡반정동 562-2,국민신문고,2023-12-01,,,
2023,수원시,권선구청,2023-10-05 20:52,곡반정동 562-2,국민신문고,2023-12-01,,,
2023,수원시,팔달구청,2023-10-05 21:09,매산동 역전농협,고정형,2023-12-01,,,
2023,수원시,권선구청,2023-10-05 22:08,곡반정동 562-2,국민신문고,2023-12-01,,,
2023,수원시,권선구청,2023-10-05 22:08,곡반정동 562-2,국민신문고,2023-12-01,,,
2023,수원시,권선구청,2023-10-06 5:41,곡반정동 562-2 횡단보도,국민신문고,2023-12-01,,,
2023,수원시,팔달구청,2023-10-06 7:33,인계동 드림캐슬주상복합,고정형,2023-12-01,,,
2023,수원시,팔달구청,2023-10-06 7:33,인계동 드림캐슬주상복합,고정형,2023-12-01,,,
2023,수원시,팔달구청,2023-10-06 7:34,매산동 팅스몰 주차장 출구 옆,고정형,2023-12-01,,,
2023,수원시,팔달구청,2023-10-06 7:35,인계동 경인통계청,고정형,2023-12-01,,,
2023,수원시,팔달구청,2023-10-06 7:35,인계동 경인통계청,고정형,2023-12-01,,,
2023,수원시,팔달구청,2023-10-06 7:36,인계동 드림캐슬주상복합,고정형,2023-12-01,,,
2023,수원시,팔달구청,2023-10-06 7:36,매산동 팅스몰 주차장 출구 옆,고정형,2023-12-01,,,
2023,수원시,영통구청,2023-10-06 7:39,이의동 드림스퀘어Ⅱ 앞,고정형,2023-12-01,,,
2023,수원시,팔달구청,2023-10-06 8:03,신풍동 미술관로터리,고정형,2023-12-01,,,
2023,수원시,권선구청,2023-10-06 8:06,서둔동 가온팰리스옆2,고정형,2023-12-01,,,
2023,수원시,권선구청,2023-10-06 8:10,서둔동 가온팰리스옆1,고정형,2023-12-01,,,
2023,수원시,팔달구청,2023-10-06 8:26,매산동 팅스몰 주차장 출구 옆,고정형,2023-12-01,,,
2023,수원시,권선구청,2023-10-06 8:46,세류3동 신곡초교 후문 좌측 사거리,고정형,2023-12-01,,,
2023,수원시,권선구청,2023-10-06 9:05,경기도수원시권선구고색동 수원시 권선구 고색동 131-3,보행,2023-12-01,,,
2023,수원시,권선구청,2023-10-06 9:05,경기도수원시권선구고색동 수원시 권선구 고색동 130-5,보행,2023-12-01,,,
2023,수원시,영통구청,2023-10-06 9:06,이의동 드림스퀘어Ⅱ 앞,고정형,2023-12-01,,,
2023,수원시,권선구청,2023-10-06 9:39,서둔동 가온팰리스옆1,고정형,2023-12-01,,,
2023,수원시,권선구청,2023-10-06 9:57,서둔동 가온팰리스옆2,고정형,2023-12-01,,,
2023,수원시,권선구청,2023-10-06 10:03,서둔동 가온팰리스옆2,고정형,2023-12-01,,,
2023,수원시,권선구청,2023-10-06 10:32,서둔동 수원역한라비발디퍼스트 앞2,고정형,2023-12-01,,,
2023,수원시,영통구청,2023-10-06 10:34,이의동 드림스퀘어Ⅱ 앞,고정형,2023-12-01,,,
2023,수원시,팔달구청,2023-10-06 10:34,인계동 드림캐슬주상복합,고정형,2023-12-01,,,
2023,수원시,팔달구청,2023-10-06 10:44,인계동 드림캐슬주상복합,고정형,2023-12-01,,,
2023,수원시,팔달구청,2023-10-06 11:38,화서1동 수원역푸르지오자이 북문 우측,고정형,2023-12-01,,,
2023,수원시,팔달구청,2023-10-06 11:39,지동 지동 초등학교 후문 CCTV 어린이보호구역,보행,2023-12-01,,,
2023,수원시,팔달구청,2023-10-06 11:58,화서1동 수원역푸르지오자이 북문 우측,고정형,2023-12-01,,,
2023,수원시,팔달구청,2023-10-06 12:13,매산동 역전농협,고정형,2023-12-01,,,
2023,수원시,권선구청,2023-10-06 12:56,구운동 구운초교 정문 우측 삼거리,고정형,2023-12-01,,,
2023,수원시,영통구청,2023-10-06 12:59,영통동 마사회뒷길,고정형,2023-12-01,,,
2023,수원시,영통구청,2023-10-06 12:59,영통동 마사회뒷길,고정형,2023-12-01,,,
2023,수원시,팔달구청,2023-10-06 13:00,화서1동 수원역푸르지오자이 북문 우측,고정형,2023-12-01,,,
2023,수원시,권선구청,2023-10-06 13:47,입북동 당수초교 정문 우측 사거리,고정형,2023-12-01,,,
2023,수원시,팔달구청,2023-10-06 14:11,화서1동 수원역푸르지오자이 북문 우측,고정형,2023-12-01,,,
2023,수원시,권선구청,2023-10-06 14:33,서둔동 가온팰리스옆2,고정형,2023-12-01,,,
2023,수원시,팔달구청,2023-10-06 14:34,매산동 팔달로 10번길 8,고정형,2023-12-01,,,
2023,수원시,팔달구청,2023-10-06 14:37,매산동 팅스몰 주차장 출구 옆,고정형,2023-12-01,,,
2023,수원시,팔달구청,2023-10-06 14:37,매산동 팅스몰 주차장 출구 옆,고정형,2023-12-01,,,
2023,수원시,팔달구청,2023-10-06 14:38,인계동 경인통계청,고정형,2023-12-01,,,
2023,수원시,팔달구청,2023-10-06 14:39,매산동 팅스몰 주차장 출구 옆,고정형,2023-12-01,,,
2023,수원시,팔달구청,2023-10-06 14:45,인계동 수원시 팔달구 인계동 154-1,보행,2023-12-01,,,
2023,수원시,팔달구청,2023-10-06 14:50,인계동 드림캐슬주상복합,고정형,2023-12-01,,,
2023,수원시,팔달구청,2023-10-06 14:50,인계동 드림캐슬주상복합,고정형,2023-12-01,,,
2023,수원시,팔달구청,2023-10-06 15:03,고등동 고등동 215-47 소화전,국민신문고,2023-12-01,,,
2023,수원시,팔달구청,2023-10-06 15:06,고등동 고등동 215-40 소화전,국민신문고,2023-12-01,,,
2023,수원시,팔달구청,2023-10-06 15:10,매산동 팅스몰 주차장 출구 옆,고정형,2023-12-01,,,
2023,수원시,팔달구청,2023-10-06 15:12,신풍동 미술관로터리,고정형,2023-12-01,,,
2023,수원시,팔달구청,2023-10-06 15:17,인계동 경인통계청,고정형,2023-12-01,,,
2023,수원시,팔달구청,2023-10-06 15:17,인계동 경인통계청,고정형,2023-12-01,,,
2023,수원시,영통구청,2023-10-06 15:18,영통동 롯데마트 뒤,고정형,2023-12-01,37.27220279535416,127.10856729001851,
2023,수원시,팔달구청,2023-10-06 15:23,매산동 팔달로 10번길 8,고정형,2023-12-01,,,
2023,수원시,영통구청,2023-10-06 15:36,경기도수원시영통구원천동 수원시 영통구 원천동 27,보행,2023-12-01,,,
2023,수원시,팔달구청,2023-10-06 15:39,화서1동 푸르지오자이 북문 CU 앞 횡단보도,고정형,2023-12-01,,,
2023,수원시,권선구청,2023-10-06 15:47,서둔동 가온팰리스옆2,고정형,2023-12-01,,,
2023,수원시,권선구청,2023-10-06 15:47,서둔동 가온팰리스옆2,고정형,2023-12-01,,,
2023,수원시,권선구청,2023-10-06 15:49,권선2동 곡정초교 정문 좌측 사거리,고정형,2023-12-01,,,
2023,수원시,권선구청,2023-10-06 15:52,호매실동 금호프라자 대각 맞은편,고정형,2023-12-01,,,
2023,수원시,팔달구청,2023-10-06 16:05,화서1동 수원역푸르지오자이 북문 우측,고정형,2023-12-01,,,
2023,수원시,팔달구청,2023-10-06 16:07,인계동 경인통계청,고정형,2023-12-01,,,
2023,수원시,팔달구청,2023-10-06 16:08,인계동 드림캐슬주상복합,고정형,2023-12-01,,,
2023,수원시,권선구청,2023-10-06 16:25,입북동 당수초교 정문 우측 사거리,고정형,2023-12-01,,,
2023,수원시,팔달구청,2023-10-06 16:33,매산동 팅스몰 주차장 출구 옆,고정형,2023-12-01,,,
2023,수원시,팔달구청,2023-10-06 16:37,화서1동 수원역푸르지오자이 북문 우측,고정형,2023-12-01,,,
2023,수원시,권선구청,2023-10-06 16:51,오목천동 한화꿈에그린아파트 209동앞,고정형,2023-12-01,,,
2023,수원시,팔달구청,2023-10-06 16:56,매산동 팔달로 10번길 8,고정형,2023-12-01,,,
2023,수원시,팔달구청,2023-10-06 17:07,인계동 드림캐슬주상복합,고정형,2023-12-01,,,
2023,수원시,팔달구청,2023-10-06 17:13,인계동 드림캐슬주상복합,고정형,2023-12-01,,,
2023,수원시,권선구청,2023-10-06 17:19,호매실동 금호프라자 대각 맞은편,고정형,2023-12-01,,,
2023,수원시,권선구청,2023-10-06 17:27,곡반정동 하나로마트한국빌딩앞,고정형,2023-12-01,,,
2023,수원시,권선구청,2023-10-06 17:33,평동 오목초교 정문 우측 삼거리,고정형,2023-12-01,,,
2023,수원시,팔달구청,2023-10-06 17:37,인계동 한국씨티은행,고정형,2023-12-01,,,
2023,수원시,팔달구청,2023-10-06 17:37,인계동 한국씨티은행,고정형,2023-12-01,,,
2023,수원시,팔달구청,2023-10-06 17:51,매산동 팅스몰 주차장 출구 옆,고정형,2023-12-01,,,
2023,수원시,영통구청,2023-10-06 17:55,망포동 E-마트 에브리데이 앞,고정형,2023-12-01,37.2361017468141,127.060345496536,
2023,수원시,팔달구청,2023-10-06 18:37,인계동 드림캐슬주상복합,고정형,2023-12-01,,,
2023,수원시,팔달구청,2023-10-06 19:27,인계동 드림캐슬주상복합,고정형,2023-12-01,,,
2023,수원시,팔달구청,2023-10-06 19:46,매산동 팅스몰 주차장 출구 옆,고정형,2023-12-01,,,
2023,수원시,팔달구청,2023-10-06 19:46,경기도수원시팔달구화서동 수원시 팔달구 중부대로206번길,보행,2023-12-01,,,
2023,수원시,팔달구청,2023-10-06 19:48,경기도수원시팔달구화서동 수원시 팔달구 중부대로 206번길,보행,2023-12-01,,,
2023,수원시,영통구청,2023-10-06 19:52,원천동 광교매원초등학교,고정형,2023-12-01,,,
2023,수원시,영통구청,2023-10-06 20:14,원천동 광교매원초등학교,고정형,2023-12-01,,,
2023,수원시,팔달구청,2023-10-06 20:18,경기도수원시팔달구화서동 수원시 팔달구 우만동 504-12,보행,2023-12-01,,,
2023,수원시,팔달구청,2023-10-06 20:24,매산동 팅스몰 주차장 출구 옆,고정형,2023-12-01,,,
2023,수원시,영통구청,2023-10-06 20:33,이의동 도청예정부지,고정형,2023-12-01,,,
2023,수원시,영통구청,2023-10-06 20:38,원천동 광교매원초등학교,고정형,2023-12-01,,,
2023,수원시,장안구청,2023-10-06 20:45,연무동 연무동 243-10,국민신문고,2023-12-01,,,
2023,수원시,장안구청,2023-10-06 20:48,연무동 연무동 242-5,국민신문고,2023-12-01,,,
2023,수원시,팔달구청,2023-10-06 21:01,인계동 드림캐슬주상복합,고정형,2023-12-01,,,
2023,수원시,팔달구청,2023-10-06 21:47,인계동 드림캐슬주상복합,고정형,2023-12-01,,,
2023,수원시,권선구청,2023-10-07 8:34,오목천동 474-1,국민신문고,2023-12-01,,,
2023,수원시,권선구청,2023-10-07 9:02,서둔동 가온팰리스옆1,고정형,2023-12-01,,,
2023,수원시,팔달구청,2023-10-07 9:02,매산동 팔달로 10번길 8,고정형,2023-12-01,,,
2023,수원시,권선구청,2023-10-07 9:03,곡반정동 하나로마트한국빌딩앞,고정형,2023-12-01,,,
2023,수원시,권선구청,2023-10-07 9:03,곡반정동 하나로마트한국빌딩앞,고정형,2023-12-01,,,
2023,수원시,팔달구청,2023-10-07 9:03,매산동 팅스몰 주차장 출구 옆,고정형,2023-12-01,,,
2023,수원시,권선구청,2023-10-07 9:04,곡반정동 하나로마트한국빌딩앞,고정형,2023-12-01,,,
2023,수원시,팔달구청,2023-10-07 9:04,매산동 팅스몰 주차장 출구 옆,고정형,2023-12-01,,,
2023,수원시,팔달구청,2023-10-07 9:04,인계동 드림캐슬주상복합,고정형,2023-12-01,,,
2023,수원시,영통구청,2023-10-07 9:05,이의동 드림스퀘어Ⅱ 앞,고정형,2023-12-01,,,
2023,수원시,팔달구청,2023-10-07 9:05,인계동 경인통계청,고정형,2023-12-01,,,
2023,수원시,팔달구청,2023-10-07 9:05,매산동 팅스몰 주차장 출구 옆,고정형,2023-12-01,,,
2023,수원시,권선구청,2023-10-07 9:06,서둔동 가온팰리스옆2,고정형,2023-12-01,,,
2023,수원시,영통구청,2023-10-07 9:12,이의동 드림스퀘어Ⅱ 앞,고정형,2023-12-01,,,
2023,수원시,팔달구청,2023-10-07 9:17,매산동 팅스몰 주차장 출구 옆,고정형,2023-12-01,,,
2023,수원시,팔달구청,2023-10-07 9:17,매산동 팅스몰 주차장 출구 옆,고정형,2023-12-01,,,
2023,수원시,팔달구청,2023-10-07 9:49,매산동 역전농협,고정형,2023-12-01,,,
2023,수원시,팔달구청,2023-10-07 9:49,매산동 역전농협,고정형,2023-12-01,,,
2023,수원시,팔달구청,2023-10-07 9:53,매산동 역전농협,고정형,2023-12-01,,,
2023,수원시,영통구청,2023-10-07 9:54,이의동 드림스퀘어Ⅱ 앞,고정형,2023-12-01,,,
2023,수원시,영통구청,2023-10-07 10:11,이의동 드림스퀘어Ⅱ 앞,고정형,2023-12-01,,,
2023,수원시,영통구청,2023-10-07 10:11,이의동 드림스퀘어Ⅱ 앞,고정형,2023-12-01,,,
2023,수원시,팔달구청,2023-10-07 10:38,화서1동 수원역푸르지오자이 북문 우측,고정형,2023-12-01,,,
2023,수원시,영통구청,2023-10-07 11:07,망포동 힐스테이트 119동 ~방죽공원 삼거리,고정형,2023-12-01,,,
2023,수원시,영통구청,2023-10-07 11:42,망포동 힐스테이트 119동 ~방죽공원 삼거리,고정형,2023-12-01,,,
2023,수원시,영통구청,2023-10-07 12:02,영통동 롯데마트 뒤,고정형,2023-12-01,37.27220279535416,127.10856729001851,
2023,수원시,영통구청,2023-10-07 12:49,영통동 롯데마트 뒤,고정형,2023-12-01,37.27220279535416,127.10856729001851,
2023,수원시,영통구청,2023-10-07 13:07,영통동 롯데마트 뒤,고정형,2023-12-01,37.27220279535416,127.10856729001851,
2023,수원시,팔달구청,2023-10-07 13:15,행궁동 팔달문 버스정류장,고정형,2023-12-01,,,
2023,수원시,영통구청,2023-10-07 13:47,영통동 롯데마트 뒤,고정형,2023-12-01,37.27220279535416,127.10856729001851,
2023,수원시,영통구청,2023-10-07 13:59,원천동 광교매원초등학교,고정형,2023-12-01,,,
2023,수원시,팔달구청,2023-10-07 14:33,인계동 한국씨티은행,고정형,2023-12-01,,,
2023,수원시,팔달구청,2023-10-07 14:33,매산동 팅스몰 주차장 출구 옆,고정형,2023-12-01,,,
2023,수원시,팔달구청,2023-10-07 14:33,인계동 경인통계청,고정형,2023-12-01,,,
2023,수원시,권선구청,2023-10-07 14:34,서둔동 가온팰리스옆2,고정형,2023-12-01,,,
2023,수원시,권선구청,2023-10-07 14:34,서둔동 가온팰리스옆2,고정형,2023-12-01,,,
2023,수원시,팔달구청,2023-10-07 14:34,행궁동 화홍사랑채,고정형,2023-12-01,,,
2023,수원시,팔달구청,2023-10-07 14:34,인계동 드림캐슬주상복합,고정형,2023-12-01,,,
2023,수원시,팔달구청,2023-10-07 14:35,행궁동 화홍사랑채,고정형,2023-12-01,,,
2023,수원시,팔달구청,2023-10-07 14:35,인계동 드림캐슬주상복합,고정형,2023-12-01,,,
2023,수원시,팔달구청,2023-10-07 14:45,인계동 드림캐슬주상복합,고정형,2023-12-01,,,
2023,수원시,권선구청,2023-10-07 14:51,곡반정동 156-8,국민신문고,2023-12-01,,,
2023,수원시,팔달구청,2023-10-07 14:54,매산동 팔달로 10번길 8,고정형,2023-12-01,,,
2023,수원시,팔달구청,2023-10-07 15:07,인계동 한국씨티은행,고정형,2023-12-01,,,
2023,수원시,팔달구청,2023-10-07 15:08,인계동 경인통계청,고정형,2023-12-01,,,
2023,수원시,팔달구청,2023-10-07 15:08,인계동 경인통계청,고정형,2023-12-01,,,
2023,수원시,팔달구청,2023-10-07 15:13,인계동 드림캐슬주상복합,고정형,2023-12-01,,,
2023,수원시,권선구청,2023-10-07 15:13,서둔동 가온팰리스옆2,고정형,2023-12-01,,,
2023,수원시,권선구청,2023-10-07 15:15,평동 자동차매매센터2,고정형,2023-12-01,,,
2023,수원시,영통구청,2023-10-07 15:18,망포동 E-마트 에브리데이 앞,고정형,2023-12-01,37.2361017468141,127.060345496536,
2023,수원시,팔달구청,2023-10-07 15:25,인계동 경인통계청,고정형,2023-12-01,,,
2023,수원시,권선구청,2023-10-07 15:35,권선동 권선동 한라비발디앞 놀이터,고정형,2023-12-01,,,
2023,수원시,팔달구청,2023-10-07 15:47,화서1동 푸르지오자이 북문 CU 앞 횡단보도,고정형,2023-12-01,,,
2023,수원시,영통구청,2023-10-07 15:58,이의동 드림스퀘어Ⅱ 앞,고정형,2023-12-01,,,
2023,수원시,팔달구청,2023-10-07 15:58,경기도수원시팔달구인계동 수원시 팔달구 인계동 548-48,보행,2023-12-01,,,
2023,수원시,팔달구청,2023-10-07 16:03,인계동 드림캐슬주상복합,고정형,2023-12-01,,,
2023,수원시,팔달구청,2023-10-07 16:07,인계동 드림캐슬주상복합,고정형,2023-12-01,,,
2023,수원시,팔달구청,2023-10-07 16:09,인계동 드림캐슬주상복합,고정형,2023-12-01,,,
2023,수원시,권선구청,2023-10-07 16:15,평동 자동차매매센터2,고정형,2023-12-01,,,
2023,수원시,팔달구청,2023-10-07 16:20,인계동 경인통계청,고정형,2023-12-01,,,
2023,수원시,팔달구청,2023-10-07 16:26,인계동 드림캐슬주상복합,고정형,2023-12-01,,,
2023,수원시,권선구청,2023-10-07 16:39,-1 권선파출소,고정형,2023-12-01,,,
2023,수원시,권선구청,2023-10-07 16:43,서둔동 가온팰리스옆2,고정형,2023-12-01,,,
2023,수원시,권선구청,2023-10-07 16:43,서둔동 가온팰리스옆2,고정형,2023-12-01,,,
2023,수원시,팔달구청,2023-10-07 16:47,매산동 팅스몰 주차장 출구 옆,고정형,2023-12-01,,,
2023,수원시,팔달구청,2023-10-07 16:53,인계동 드림캐슬주상복합,고정형,2023-12-01,,,
2023,수원시,팔달구청,2023-10-07 17:14,행궁동 화홍사랑채,고정형,2023-12-01,,,
2023,수원시,팔달구청,2023-10-07 17:28,인계동 한국씨티은행,고정형,2023-12-01,,,
2023,수원시,팔달구청,2023-10-07 17:31,매산동 팔달로 10번길 8,고정형,2023-12-01,,,
2023,수원시,팔달구청,2023-10-07 17:32,매산동 팅스몰 주차장 출구 옆,고정형,2023-12-01,,,
2023,수원시,팔달구청,2023-10-07 17:33,행궁동 화홍사랑채,고정형,2023-12-01,,,
2023,수원시,팔달구청,2023-10-07 17:33,매산동 팅스몰 주차장 출구 옆,고정형,2023-12-01,,,
2023,수원시,팔달구청,2023-10-07 17:48,인계동 경인통계청,고정형,2023-12-01,,,
2023,수원시,팔달구청,2023-10-07 17:49,인계동 한국씨티은행,고정형,2023-12-01,,,
2023,수원시,팔달구청,2023-10-07 17:49,인계동 한국씨티은행,고정형,2023-12-01,,,
2023,수원시,팔달구청,2023-10-07 17:52,매산동 팅스몰 주차장 출구 옆,고정형,2023-12-01,,,
2023,수원시,팔달구청,2023-10-07 17:58,북수동 421-40 (인도),국민신문고,2023-12-01,,,
2023,수원시,팔달구청,2023-10-07 17:58,북수동 421-40 (인도),국민신문고,2023-12-01,,,
2023,수원시,팔달구청,2023-10-07 18:11,화서1동 수원역푸르지오자이 북문 우측,고정형,2023-12-01,,,
2023,수원시,팔달구청,2023-10-07 18:11,화서1동 수원역푸르지오자이 북문 우측,고정형,2023-12-01,,,
2023,수원시,팔달구청,2023-10-07 18:23,매산동 팅스몰 주차장 출구 옆,고정형,2023-12-01,,,
2023,수원시,팔달구청,2023-10-07 18:45,화서1동 수원역푸르지오자이 북문 우측,고정형,2023-12-01,,,
2023,수원시,팔달구청,2023-10-07 19:06,매산동 팅스몰 주차장 출구 옆,고정형,2023-12-01,,,
2023,수원시,팔달구청,2023-10-07 19:11,매산동 팅스몰 주차장 출구 옆,고정형,2023-12-01,,,
2023,수원시,영통구청,2023-10-07 19:15,영통구 20231007 1915,주민신고제,2023-12-01,,,
2023,수원시,팔달구청,2023-10-07 19:38,인계동 드림캐슬주상복합,고정형,2023-12-01,,,
2023,수원시,팔달구청,2023-10-07 20:23,인계동 드림캐슬주상복합,고정형,2023-12-01,,,
2023,수원시,팔달구청,2023-10-07 20:23,인계동 드림캐슬주상복합,고정형,2023-12-01,,,
2023,수원시,팔달구청,2023-10-07 20:35,매산동 팅스몰 주차장 출구 옆,고정형,2023-12-01,,,
2023,수원시,권선구청,2023-10-08 1:11,곡반정동 562-9 소화전,국민신문고,2023-12-01,,,
2023,수원시,권선구청,2023-10-08 1:15,곡반정동 562-2 소화전,국민신문고,2023-12-01,,,
2023,수원시,권선구청,2023-10-08 1:17,곡반정동 562-2 횡단보도,국민신문고,2023-12-01,,,
2023,수원시,권선구청,2023-10-08 9:02,곡반정동 하나로마트한국빌딩앞,고정형,2023-12-01,,,
2023,수원시,권선구청,2023-10-08 9:02,곡반정동 궁촌육교앞,고정형,2023-12-01,,,
2023,수원시,권선구청,2023-10-08 9:02,곡반정동 하나로마트한국빌딩앞,고정형,2023-12-01,,,
2023,수원시,팔달구청,2023-10-08 9:03,매산동 팅스몰 주차장 출구 옆,고정형,2023-12-01,,,
2023,수원시,권선구청,2023-10-08 9:03,오목천동 한화꿈에그린아파트 209동앞,고정형,2023-12-01,,,
2023,수원시,영통구청,2023-10-08 9:03,원천동 광교매원초등학교,고정형,2023-12-01,,,
2023,수원시,팔달구청,2023-10-08 9:03,매산동 팅스몰 주차장 출구 옆,고정형,2023-12-01,,,
2023,수원시,팔달구청,2023-10-08 9:04,매산동 팅스몰 주차장 출구 옆,고정형,2023-12-01,,,
2023,수원시,팔달구청,2023-10-08 9:04,인계동 경인통계청,고정형,2023-12-01,,,
2023,수원시,팔달구청,2023-10-08 9:04,인계동 경인통계청,고정형,2023-12-01,,,
2023,수원시,권선구청,2023-10-08 9:07,서둔동 가온팰리스옆2,고정형,2023-12-01,,,
2023,수원시,팔달구청,2023-10-08 9:07,매산동 팅스몰 주차장 출구 옆,고정형,2023-12-01,,,
2023,수원시,팔달구청,2023-10-08 9:22,인계동 경인통계청,고정형,2023-12-01,,,
2023,수원시,영통구청,2023-10-08 9:25,영통동 롯데마트 뒤,고정형,2023-12-01,37.27220279535416,127.10856729001851,
2023,수원시,팔달구청,2023-10-08 9:34,매산동 팅스몰 주차장 출구 옆,고정형,2023-12-01,,,
2023,수원시,팔달구청,2023-10-08 9:36,인계동 경인통계청,고정형,2023-12-01,,,
2023,수원시,팔달구청,2023-10-08 9:50,매산동 팅스몰 주차장 출구 옆,고정형,2023-12-01,,,
2023,수원시,팔달구청,2023-10-08 10:05,신풍동 미술관로터리,고정형,2023-12-01,,,
2023,수원시,권선구청,2023-10-08 10:15,호매실동 금호프라자 대각 맞은편,고정형,2023-12-01,,,
2023,수원시,권선구청,2023-10-08 10:17,평동 수원역고가밑 (애경뒷길),고정형,2023-12-01,,,
2023,수원시,팔달구청,2023-10-08 10:21,매산동 팅스몰 주차장 출구 옆,고정형,2023-12-01,,,
2023,수원시,팔달구청,2023-10-08 10:37,경기도수원시팔달구화서동 수원시 팔달구 고등동110-18,보행,2023-12-01,,,
2023,수원시,팔달구청,2023-10-08 11:01,행궁동 팔달문 버스정류장,고정형,2023-12-01,,,
2023,수원시,팔달구청,2023-10-08 12:08,행궁동 팔달문 버스정류장,고정형,2023-12-01,,,
2023,수원시,팔달구청,2023-10-08 12:14,고등동 215-50 (소화전),국민신문고,2023-12-01,,,
2023,수원시,팔달구청,2023-10-08 12:50,행궁동 팔달문 버스정류장,고정형,2023-12-01,,,
2023,수원시,권선구청,2023-10-08 13:00,오목천동 0 소화전,국민신문고,2023-12-01,,,
2023,수원시,팔달구청,2023-10-08 13:45,장안동 232 (인도),국민신문고,2023-12-01,,,
2023,수원시,영통구청,2023-10-08 14:01,이의동 도청예정부지,고정형,2023-12-01,,,
2023,수원시,권선구청,2023-10-08 14:32,곡반정동 궁촌육교앞,고정형,2023-12-01,,,
2023,수원시,권선구청,2023-10-08 14:33,서둔동 가온팰리스옆2,고정형,2023-12-01,,,
2023,수원시,팔달구청,2023-10-08 14:33,인계동 드림캐슬주상복합,고정형,2023-12-01,,,
2023,수원시,팔달구청,2023-10-08 14:34,행궁동 화홍사랑채,고정형,2023-12-01,,,
2023,수원시,팔달구청,2023-10-08 14:34,매산동 팔달로 10번길 8,고정형,2023-12-01,,,
2023,수원시,팔달구청,2023-10-08 14:34,행궁동 화홍사랑채,고정형,2023-12-01,,,
2023,수원시,팔달구청,2023-10-08 14:35,인계동 경인통계청,고정형,2023-12-01,,,
2023,수원시,팔달구청,2023-10-08 14:35,행궁동 화홍사랑채,고정형,2023-12-01,,,
2023,수원시,팔달구청,2023-10-08 14:37,매산동 팅스몰 주차장 출구 옆,고정형,2023-12-01,,,
2023,수원시,영통구청,2023-10-08 14:39,원천동 광교매원초등학교,고정형,2023-12-01,,,
2023,수원시,팔달구청,2023-10-08 14:39,인계동 경인통계청,고정형,2023-12-01,,,
2023,수원시,팔달구청,2023-10-08 14:41,경기도수원시팔달구고등동 수원시 팔달구 매산로1가 111-10,보행,2023-12-01,,,
2023,수원시,팔달구청,2023-10-08 14:47,행궁동 화홍사랑채,고정형,2023-12-01,,,
2023,수원시,권선구청,2023-10-08 14:50,서둔동 가온팰리스옆2,고정형,2023-12-01,,,
2023,수원시,팔달구청,2023-10-08 15:03,인계동 한국씨티은행,고정형,2023-12-01,,,
2023,수원시,권선구청,2023-10-08 15:10,서둔동 가온팰리스옆2,고정형,2023-12-01,,,
2023,수원시,권선구청,2023-10-08 15:10,서둔동 가온팰리스옆2,고정형,2023-12-01,,,
2023,수원시,권선구청,2023-10-08 15:16,평동 자동차매매센터2,고정형,2023-12-01,,,
2023,수원시,권선구청,2023-10-08 15:16,평동 자동차매매센터2,고정형,2023-12-01,,,
2023,수원시,팔달구청,2023-10-08 15:26,경기도수원시팔달구인계동 수원시 팔달구 중부대로177,보행,2023-12-01,,,
2023,수원시,팔달구청,2023-10-08 15:27,경기도수원시팔달구인계동 수원시 팔달구 중부대로177,보행,2023-12-01,,,
2023,수원시,팔달구청,2023-10-08 15:27,경기도수원시팔달구인계동 수원시 팔달구 중부대로177,보행,2023-12-01,,,
2023,수원시,팔달구청,2023-10-08 15:32,매산동 팅스몰 주차장 출구 옆,고정형,2023-12-01,,,
2023,수원시,팔달구청,2023-10-08 15:45,화서1동 수원역푸르지오자이 북문 우측,고정형,2023-12-01,,,
2023,수원시,영통구청,2023-10-08 15:47,영통동 롯데마트 뒤,고정형,2023-12-01,37.27220279535416,127.10856729001851,
2023,수원시,영통구청,2023-10-08 15:48,망포동 힐스테이트 119동 ~방죽공원 삼거리,고정형,2023-12-01,,,
2023,수원시,팔달구청,2023-10-08 15:50,매산동 팔달로 10번길 8,고정형,2023-12-01,,,
2023,수원시,팔달구청,2023-10-08 15:55,매산동 팅스몰 주차장 출구 옆,고정형,2023-12-01,,,
2023,수원시,팔달구청,2023-10-08 16:02,인계동 드림캐슬주상복합,고정형,2023-12-01,,,
2023,수원시,팔달구청,2023-10-08 16:05,교동 수원향교 앞 팔달보건소 뒤,고정형,2023-12-01,,,
2023,수원시,권선구청,2023-10-08 16:14,곡반정동 하나로마트한국빌딩앞,고정형,2023-12-01,,,
2023,수원시,권선구청,2023-10-08 16:15,평동 수원역고가밑 (애경뒷길),고정형,2023-12-01,,,
2023,수원시,팔달구청,2023-10-08 16:19,인계동 경인통계청,고정형,2023-12-01,,,
2023,수원시,팔달구청,2023-10-08 16:19,인계동 경인통계청,고정형,2023-12-01,,,
2023,수원시,팔달구청,2023-10-08 16:20,인계동 경인통계청,고정형,2023-12-01,,,
2023,수원시,팔달구청,2023-10-08 16:21,인계동 경인통계청,고정형,2023-12-01,,,
2023,수원시,권선구청,2023-10-08 16:24,곡반정동 궁촌육교앞,고정형,2023-12-01,,,
2023,수원시,팔달구청,2023-10-08 16:37,행궁동 화홍사랑채,고정형,2023-12-01,,,
2023,수원시,영통구청,2023-10-08 16:45,하동 광교호반마을한양수자인,고정형,2023-12-01,,,
2023,수원시,영통구청,2023-10-08 17:00,영통동 마사회뒷길,고정형,2023-12-01,,,
2023,수원시,팔달구청,2023-10-08 17:07,교동 수원향교 앞 팔달보건소 뒤,고정형,2023-12-01,,,
2023,수원시,권선구청,2023-10-08 17:07,곡선동 권선중앙약국 건너편,고정형,2023-12-01,,,
2023,수원시,권선구청,2023-10-08 17:07,곡선동 권선중앙약국 건너편,고정형,2023-12-01,,,
2023,수원시,팔달구청,2023-10-08 17:08,인계동 경인통계청,고정형,2023-12-01,,,
2023,수원시,팔달구청,2023-10-08 17:08,행궁동 화홍사랑채,고정형,2023-12-01,,,
2023,수원시,영통구청,2023-10-08 17:13,영통동 마사회뒷길,고정형,2023-12-01,,,
2023,수원시,권선구청,2023-10-08 17:18,서둔동 가온팰리스옆2,고정형,2023-12-01,,,
2023,수원시,팔달구청,2023-10-08 17:56,매산동 팅스몰 주차장 출구 옆,고정형,2023-12-01,,,
2023,수원시,팔달구청,2023-10-08 18:02,행궁동 팔달문 버스정류장,고정형,2023-12-01,,,
2023,수원시,팔달구청,2023-10-08 18:14,매산동 팅스몰 주차장 출구 옆,고정형,2023-12-01,,,
2023,수원시,팔달구청,2023-10-08 18:51,매산동 팅스몰 주차장 출구 옆,고정형,2023-12-01,,,
2023,수원시,권선구청,2023-10-08 19:05,곡반정동 562-2 교차로모퉁이,국민신문고,2023-12-01,,,
2023,수원시,팔달구청,2023-10-08 19:25,매산동 팅스몰 주차장 출구 옆,고정형,2023-12-01,,,
2023,수원시,팔달구청,2023-10-08 19:43,인계동 드림캐슬주상복합,고정형,2023-12-01,,,
2023,수원시,팔달구청,2023-10-08 20:00,인계동 드림캐슬주상복합,고정형,2023-12-01,,,
2023,수원시,팔달구청,2023-10-08 20:00,인계동 드림캐슬주상복합,고정형,2023-12-01,,,
2023,수원시,팔달구청,2023-10-08 20:53,우만동 1139 (횡단보도),국민신문고,2023-12-01,,,
2023,수원시,팔달구청,2023-10-08 20:53,우만동 1139 (횡단보도),국민신문고,2023-12-01,,,
2023,수원시,권선구청,2023-10-09 9:02,서둔동 가온팰리스옆2,고정형,2023-12-01,,,
2023,수원시,권선구청,2023-10-09 9:03,곡반정동 하나로마트한국빌딩앞,고정형,2023-12-01,,,
2023,수원시,팔달구청,2023-10-09 9:03,인계동 드림캐슬주상복합,고정형,2023-12-01,,,
2023,수원시,팔달구청,2023-10-09 9:04,매산동 팅스몰 주차장 출구 옆,고정형,2023-12-01,,,
2023,수원시,팔달구청,2023-10-09 9:04,인계동 경인통계청,고정형,2023-12-01,,,
2023,수원시,팔달구청,2023-10-09 9:04,인계동 경인통계청,고정형,2023-12-01,,,
2023,수원시,팔달구청,2023-10-09 9:05,매산동 팅스몰 주차장 출구 옆,고정형,2023-12-01,,,
2023,수원시,팔달구청,2023-10-09 9:06,매산동 팅스몰 주차장 출구 옆,고정형,2023-12-01,,,
2023,수원시,팔달구청,2023-10-09 9:07,인계동 경인통계청,고정형,2023-12-01,,,
2023,수원시,팔달구청,2023-10-09 9:13,우만동 1146 (횡단보도),국민신문고,2023-12-01,,,
2023,수원시,팔달구청,2023-10-09 9:17,매산동 역전농협,고정형,2023-12-01,,,
2023,수원시,팔달구청,2023-10-09 9:30,인계동 한국씨티은행,고정형,2023-12-01,,,
2023,수원시,권선구청,2023-10-09 9:36,서둔동 수원역한라비발디퍼스트 앞1,고정형,2023-12-01,,,
2023,수원시,권선구청,2023-10-09 9:36,서둔동 수원역한라비발디퍼스트 앞1,고정형,2023-12-01,,,
2023,수원시,권선구청,2023-10-09 9:45,곡반정동 하나로마트한국빌딩앞,고정형,2023-12-01,,,
2023,수원시,팔달구청,2023-10-09 9:49,매산동 팅스몰 주차장 출구 옆,고정형,2023-12-01,,,
2023,수원시,팔달구청,2023-10-09 10:07,화서1동 수원역푸르지오자이 북문 우측,고정형,2023-12-01,,,
2023,수원시,팔달구청,2023-10-09 10:11,매산동 팅스몰 주차장 출구 옆,고정형,2023-12-01,,,
2023,수원시,팔달구청,2023-10-09 10:27,화서1동 수원역푸르지오자이 북문 우측,고정형,2023-12-01,,,
2023,수원시,팔달구청,2023-10-09 10:34,매산동 팅스몰 주차장 출구 옆,고정형,2023-12-01,,,
2023,수원시,팔달구청,2023-10-09 10:40,영동 954-27 (인도),국민신문고,2023-12-01,,,
2023,수원시,팔달구청,2023-10-09 13:50,화서1동 수원역푸르지오자이 북문 우측,고정형,2023-12-01,,,
2023,수원시,팔달구청,2023-10-09 13:50,화서1동 수원역푸르지오자이 북문 우측,고정형,2023-12-01,,,
2023,수원시,영통구청,2023-10-09 13:58,망포동 E-마트 에브리데이 앞,고정형,2023-12-01,37.2361017468141,127.060345496536,
2023,수원시,팔달구청,2023-10-09 14:22,화서1동 푸르지오자이 북문 CU 앞 횡단보도,고정형,2023-12-01,,,
2023,수원시,영통구청,2023-10-09 14:33,이의동 드림스퀘어Ⅱ 앞,고정형,2023-12-01,,,
2023,수원시,팔달구청,2023-10-09 14:33,매산동 팅스몰 주차장 출구 옆,고정형,2023-12-01,,,
2023,수원시,팔달구청,2023-10-09 14:33,북수동 쌈지공원 앞,고정형,2023-12-01,,,
2023,수원시,팔달구청,2023-10-09 14:34,매산동 팅스몰 주차장 출구 옆,고정형,2023-12-01,,,
2023,수원시,팔달구청,2023-10-09 14:34,인계동 경인통계청,고정형,2023-12-01,,,
2023,수원시,권선구청,2023-10-09 14:35,곡반정동 하나로마트한국빌딩앞,고정형,2023-12-01,,,
2023,수원시,팔달구청,2023-10-09 14:35,인계동 한국씨티은행,고정형,2023-12-01,,,
2023,수원시,팔달구청,2023-10-09 14:35,인계동 경인통계청,고정형,2023-12-01,,,
2023,수원시,팔달구청,2023-10-09 14:36,매산동 팅스몰 주차장 출구 옆,고정형,2023-12-01,,,
2023,수원시,팔달구청,2023-10-09 14:37,화서1동 수원역푸르지오자이 북문 우측,고정형,2023-12-01,,,
2023,수원시,팔달구청,2023-10-09 14:38,인계동 드림캐슬주상복합,고정형,2023-12-01,,,
2023,수원시,팔달구청,2023-10-09 14:39,행궁동 화홍사랑채,고정형,2023-12-01,,,
2023,수원시,권선구청,2023-10-09 14:43,평동 수원역고가밑 (애경뒷길),고정형,2023-12-01,,,
2023,수원시,권선구청,2023-10-09 14:43,서둔동 가온팰리스옆2,고정형,2023-12-01,,,
2023,수원시,팔달구청,2023-10-09 14:44,행궁동 화홍사랑채,고정형,2023-12-01,,,
2023,수원시,팔달구청,2023-10-09 14:46,인계동 드림캐슬주상복합,고정형,2023-12-01,,,
2023,수원시,팔달구청,2023-10-09 14:49,북수동 쌈지공원 앞,고정형,2023-12-01,,,
2023,수원시,팔달구청,2023-10-09 14:56,인계동 경인통계청,고정형,2023-12-01,,,
2023,수원시,팔달구청,2023-10-09 15:05,교동 수원향교 앞 팔달보건소 뒤,고정형,2023-12-01,,,
2023,수원시,권선구청,2023-10-09 15:06,곡반정동 하나로마트한국빌딩앞,고정형,2023-12-01,,,
2023,수원시,권선구청,2023-10-09 15:10,서둔동 수원역한라비발디퍼스트 앞1,고정형,2023-12-01,,,
2023,수원시,팔달구청,2023-10-09 15:10,북수동 쌈지공원 앞,고정형,2023-12-01,,,
2023,수원시,팔달구청,2023-10-09 15:10,북수동 쌈지공원 앞,고정형,2023-12-01,,,
2023,수원시,영통구청,2023-10-09 15:10,영통구 영덕동857,주민신고제,2023-12-01,,,
2023,수원시,팔달구청,2023-10-09 15:24,행궁동 화홍사랑채,고정형,2023-12-01,,,
2023,수원시,팔달구청,2023-10-09 15:29,인계동 한국씨티은행,고정형,2023-12-01,,,
2023,수원시,팔달구청,2023-10-09 15:31,매산동 팅스몰 주차장 출구 옆,고정형,2023-12-01,,,
2023,수원시,팔달구청,2023-10-09 15:33,행궁동 화홍사랑채,고정형,2023-12-01,,,
2023,수원시,영통구청,2023-10-09 15:51,영통동 마사회뒷길,고정형,2023-12-01,,,
2023,수원시,팔달구청,2023-10-09 15:51,인계동 드림캐슬주상복합,고정형,2023-12-01,,,
2023,수원시,팔달구청,2023-10-09 15:51,인계동 드림캐슬주상복합,고정형,2023-12-01,,,
2023,수원시,팔달구청,2023-10-09 15:52,인계동 경인통계청,고정형,2023-12-01,,,
2023,수원시,권선구청,2023-10-09 15:55,곡반정동 궁촌육교앞,고정형,2023-12-01,,,
2023,수원시,권선구청,2023-10-09 15:57,평동 수원역고가밑 (애경뒷길),고정형,2023-12-01,,,
2023,수원시,팔달구청,2023-10-09 16:07,인계동 경인통계청,고정형,2023-12-01,,,
2023,수원시,팔달구청,2023-10-09 16:11,행궁동 화홍사랑채,고정형,2023-12-01,,,
2023,수원시,팔달구청,2023-10-09 16:11,행궁동 화홍사랑채,고정형,2023-12-01,,,
2023,수원시,팔달구청,2023-10-09 16:28,북수동 쌈지공원 앞,고정형,2023-12-01,,,
2023,수원시,영통구청,2023-10-09 16:28,망포동 힐스테이트 119동 ~방죽공원 삼거리,고정형,2023-12-01,,,
2023,수원시,팔달구청,2023-10-09 16:29,인계동 경인통계청,고정형,2023-12-01,,,
2023,수원시,팔달구청,2023-10-09 16:50,매산동 팅스몰 주차장 출구 옆,고정형,2023-12-01,,,
2023,수원시,팔달구청,2023-10-09 16:50,교동 수원향교 앞 팔달보건소 뒤,고정형,2023-12-01,,,
2023,수원시,권선구청,2023-10-09 16:58,평동 수원역고가밑 (애경뒷길),고정형,2023-12-01,,,
2023,수원시,팔달구청,2023-10-09 17:00,행궁동 화홍사랑채,고정형,2023-12-01,,,
2023,수원시,팔달구청,2023-10-09 17:03,화서1동 수원역푸르지오자이 북문 우측,고정형,2023-12-01,,,
2023,수원시,권선구청,2023-10-09 17:04,곡반정동 하나로마트한국빌딩앞,고정형,2023-12-01,,,
2023,수원시,팔달구청,2023-10-09 17:32,인계동 경인통계청,고정형,2023-12-01,,,
2023,수원시,영통구청,2023-10-09 17:34,원천동 삼성전자중문,고정형,2023-12-01,,,
2023,수원시,팔달구청,2023-10-09 17:45,매산동 팅스몰 주차장 출구 옆,고정형,2023-12-01,,,
2023,수원시,팔달구청,2023-10-09 18:53,매산동 팅스몰 주차장 출구 옆,고정형,2023-12-01,,,
2023,수원시,팔달구청,2023-10-09 19:10,고등동 217-34 (횡단보도),국민신문고,2023-12-01,,,
2023,수원시,팔달구청,2023-10-09 19:12,고등동 217-22 (횡단보도),국민신문고,2023-12-01,,,
2023,수원시,팔달구청,2023-10-09 19:17,화서1동 푸르지오자이 북문 CU 앞 횡단보도,고정형,2023-12-01,,,
2023,수원시,팔달구청,2023-10-09 19:25,매산동 팅스몰 주차장 출구 옆,고정형,2023-12-01,,,
2023,수원시,팔달구청,2023-10-09 20:04,화서1동 수원역푸르지오자이 북문 우측,고정형,2023-12-01,,,
2023,수원시,팔달구청,2023-10-09 20:19,인계동 드림캐슬주상복합,고정형,2023-12-01,,,
2023,수원시,권선구청,2023-10-10 5:33,곡반정동 562-2 소화전,국민신문고,2023-12-01,,,
2023,수원시,권선구청,2023-10-10 5:33,곡반정동 562-2 소화전,국민신문고,2023-12-01,,,
2023,수원시,권선구청,2023-10-10 5:36,곡반정동 156-8 소화전,국민신문고,2023-12-01,,,
2023,수원시,영통구청,2023-10-10 7:18,광교동 광교더사랑교회뒷길,고정형,2023-12-01,,,
2023,수원시,팔달구청,2023-10-10 7:34,인계동 경인통계청,고정형,2023-12-01,,,
2023,수원시,팔달구청,2023-10-10 7:35,매산동 팅스몰 주차장 출구 옆,고정형,2023-12-01,,,
2023,수원시,팔달구청,2023-10-10 7:48,매산동 역전농협,고정형,2023-12-01,,,
2023,수원시,권선구청,2023-10-10 8:02,서둔동 가온팰리스옆2,고정형,2023-12-01,,,
2023,수원시,권선구청,2023-10-10 8:05,곡반정동 하나로마트한국빌딩앞,고정형,2023-12-01,,,
2023,수원시,권선구청,2023-10-10 8:06,금곡동 가온초교 정문 우측 사거리,고정형,2023-12-01,,,
2023,수원시,권선구청,2023-10-10 8:08,서둔동 가온팰리스옆2,고정형,2023-12-01,,,
2023,수원시,권선구청,2023-10-10 8:08,곡반정동 562-2 횡단보도,국민신문고,2023-12-01,,,
2023,수원시,권선구청,2023-10-10 8:10,곡반정동 하나로마트한국빌딩앞,고정형,2023-12-01,,,
2023,수원시,권선구청,2023-10-10 8:10,곡반정동 하나로마트한국빌딩앞,고정형,2023-12-01,,,
2023,수원시,팔달구청,2023-10-10 8:13,인계동 드림캐슬주상복합,고정형,2023-12-01,,,
2023,수원시,권선구청,2023-10-10 9:10,권선동 NC터미널점 버스정류장 앞,고정형,2023-12-01,,,
2023,수원시,영통구청,2023-10-10 9:15,망포동 힐스테이트 119동 ~방죽공원 삼거리,고정형,2023-12-01,,,
2023,수원시,영통구청,2023-10-10 9:46,영통동 마사회뒷길,고정형,2023-12-01,,,
2023,수원시,팔달구청,2023-10-10 9:54,인계동 드림캐슬주상복합,고정형,2023-12-01,,,
2023,수원시,권선구청,2023-10-10 10:04,경기도수원시권선구고색동 수원시 권선구 고색동 893-18,보행,2023-12-01,,,
2023,수원시,팔달구청,2023-10-10 10:05,매산동 팅스몰 주차장 출구 옆,고정형,2023-12-01,,,
2023,수원시,팔달구청,2023-10-10 10:09,매산동 팅스몰 주차장 출구 옆,고정형,2023-12-01,,,
2023,수원시,팔달구청,2023-10-10 10:45,인계동 드림캐슬주상복합,고정형,2023-12-01,,,
2023,수원시,영통구청,2023-10-10 11:04,영통동 마사회뒷길,고정형,2023-12-01,,,
2023,수원시,팔달구청,2023-10-10 11:39,고등동 수원초등학교 정문 좌측 사거리,고정형,2023-12-01,,,
2023,수원시,팔달구청,2023-10-10 14:33,매산동 팅스몰 주차장 출구 옆,고정형,2023-12-01,,,
2023,수원시,팔달구청,2023-10-10 14:34,인계동 드림캐슬주상복합,고정형,2023-12-01,,,
2023,수원시,팔달구청,2023-10-10 14:34,매산동 팅스몰 주차장 출구 옆,고정형,2023-12-01,,,
2023,수원시,팔달구청,2023-10-10 14:36,인계동 경인통계청,고정형,2023-12-01,,,
2023,수원시,권선구청,2023-10-10 14:41,서둔동 가온팰리스옆2,고정형,2023-12-01,,,
2023,수원시,팔달구청,2023-10-10 14:44,화서1동 수원역푸르지오자이 북문 우측,고정형,2023-12-01,,,
2023,수원시,팔달구청,2023-10-10 14:49,인계동 드림캐슬주상복합,고정형,2023-12-01,,,
2023,수원시,팔달구청,2023-10-10 14:49,인계동 드림캐슬주상복합,고정형,2023-12-01,,,
2023,수원시,팔달구청,2023-10-10 14:54,인계동 드림캐슬주상복합,고정형,2023-12-01,,,
2023,수원시,권선구청,2023-10-10 15:02,입북동 당수초교 정문 우측 사거리,고정형,2023-12-01,,,
2023,수원시,영통구청,2023-10-10 15:06,이의동 드림스퀘어Ⅱ 앞,고정형,2023-12-01,,,
2023,수원시,팔달구청,2023-10-10 15:07,장안동 장안동 화서문로17번길,주행형,2023-12-01,,,
2023,수원시,팔달구청,2023-10-10 15:08,장안동 장안동 화서문로17번길,주행형,2023-12-01,,,
2023,수원시,팔달구청,2023-10-10 15:32,인계동 드림캐슬주상복합,고정형,2023-12-01,,,
2023,수원시,팔달구청,2023-10-10 15:49,인계동 경인통계청,고정형,2023-12-01,,,
2023,수원시,팔달구청,2023-10-10 15:49,인계동 경인통계청,고정형,2023-12-01,,,
2023,수원시,권선구청,2023-10-10 15:52,권선동 NC터미널점 버스정류장 앞,고정형,2023-12-01,,,
2023,수원시,팔달구청,2023-10-10 16:11,매산동 팔달로 10번길 8,고정형,2023-12-01,,,
2023,수원시,팔달구청,2023-10-10 16:18,인계동 드림캐슬주상복합,고정형,2023-12-01,,,
2023,수원시,영통구청,2023-10-10 16:39,이의동 드림스퀘어Ⅱ 앞,고정형,2023-12-01,,,
2023,수원시,팔달구청,2023-10-10 16:51,인계동 한국씨티은행,고정형,2023-12-01,,,
2023,수원시,팔달구청,2023-10-10 16:58,매산동 팅스몰 주차장 출구 옆,고정형,2023-12-01,,,
2023,수원시,권선구청,2023-10-10 17:13,곡반정동 하나로마트한국빌딩앞,고정형,2023-12-01,,,
2023,수원시,권선구청,2023-10-10 17:13,곡반정동 하나로마트한국빌딩앞,고정형,2023-12-01,,,
2023,수원시,권선구청,2023-10-10 17:18,서둔동 가온팰리스옆2,고정형,2023-12-01,,,
2023,수원시,팔달구청,2023-10-10 17:54,매산동 팅스몰 주차장 출구 옆,고정형,2023-12-01,,,
2023,수원시,장안구청,2023-10-10 18:05,천천동 천천동527,국민신문고,2023-12-01,,,
2023,수원시,팔달구청,2023-10-10 18:49,인계동 드림캐슬주상복합,고정형,2023-12-01,,,
2023,수원시,팔달구청,2023-10-10 19:18,매산동 팅스몰 주차장 출구 옆,고정형,2023-12-01,,,
2023,수원시,팔달구청,2023-10-10 19:18,매산동 팅스몰 주차장 출구 옆,고정형,2023-12-01,,,
2023,수원시,팔달구청,2023-10-10 19:34,매산동 팅스몰 주차장 출구 옆,고정형,2023-12-01,,,
2023,수원시,팔달구청,2023-10-10 19:41,인계동 드림캐슬주상복합,고정형,2023-12-01,,,
2023,수원시,영통구청,2023-10-10 20:06,이의동 도청예정부지,고정형,2023-12-01,,,
2023,수원시,권선구청,2023-10-10 21:15,곡반정동 156-1 횡단보도,주민신고제,2023-12-01,,,
2023,수원시,권선구청,2023-10-10 21:16,곡반정동 156-1 횡단보도,주민신고제,2023-12-01,,,
2023,수원시,팔달구청,2023-10-10 21:22,화서1동 수원역푸르지오자이 북문 우측,고정형,2023-12-01,,,
2023,수원시,권선구청,2023-10-11 5:41,곡반정동 562-2,국민신문고,2023-12-01,,,
2023,수원시,권선구청,2023-10-11 5:47,곡반정동 156-1,국민신문고,2023-12-01,,,
2023,수원시,권선구청,2023-10-11 5:47,곡반정동 156-1,국민신문고,2023-12-01,,,
2023,수원시,팔달구청,2023-10-11 7:31,매산동 역전농협,고정형,2023-12-01,,,
2023,수원시,팔달구청,2023-10-11 7:37,인계동 경인통계청,고정형,2023-12-01,,,
2023,수원시,팔달구청,2023-10-11 7:37,인계동 경인통계청,고정형,2023-12-01,,,
2023,수원시,팔달구청,2023-10-11 7:37,매산동 팅스몰 주차장 출구 옆,고정형,2023-12-01,,,
2023,수원시,팔달구청,2023-10-11 7:46,매산동 팅스몰 주차장 출구 옆,고정형,2023-12-01,,,
2023,수원시,팔달구청,2023-10-11 7:54,매산동 팅스몰 주차장 출구 옆,고정형,2023-12-01,,,
2023,수원시,권선구청,2023-10-11 8:03,곡반정동 하나로마트한국빌딩앞,고정형,2023-12-01,,,
2023,수원시,권선구청,2023-10-11 8:04,서둔동 가온팰리스옆2,고정형,2023-12-01,,,
2023,수원시,권선구청,2023-10-11 8:04,권선2동 곡정초교 정문 좌측 사거리,고정형,2023-12-01,,,
2023,수원시,권선구청,2023-10-11 8:04,서둔동 가온팰리스옆2,고정형,2023-12-01,,,
2023,수원시,권선구청,2023-10-11 8:05,서둔동 가온팰리스옆2,고정형,2023-12-01,,,
2023,수원시,권선구청,2023-10-11 8:05,서둔동 가온팰리스옆2,고정형,2023-12-01,,,
2023,수원시,팔달구청,2023-10-11 8:06,매산동 역전농협,고정형,2023-12-01,,,
2023,수원시,권선구청,2023-10-11 8:14,서둔동 가온팰리스옆2,고정형,2023-12-01,,,
2023,수원시,팔달구청,2023-10-11 8:14,북수동 쌈지공원 앞,고정형,2023-12-01,,,
2023,수원시,권선구청,2023-10-11 8:38,서둔동 가온팰리스옆2,고정형,2023-12-01,,,
2023,수원시,권선구청,2023-10-11 8:55,탑동 726-1,국민신문고,2023-12-01,,,
2023,수원시,권선구청,2023-10-11 8:59,서둔동 가온팰리스옆2,고정형,2023-12-01,,,
2023,수원시,팔달구청,2023-10-11 9:04,매산동 팅스몰 주차장 출구 옆,고정형,2023-12-01,,,
2023,수원시,팔달구청,2023-10-11 9:46,인계동 드림캐슬주상복합,고정형,2023-12-01,,,
2023,수원시,권선구청,2023-10-11 10:08,권선동 NC터미널점 버스정류장 앞,고정형,2023-12-01,,,
2023,수원시,팔달구청,2023-10-11 10:13,인계동 드림캐슬주상복합,고정형,2023-12-01,,,
2023,수원시,영통구청,2023-10-11 10:19,이의동 광교가재울마을사거리,고정형,2023-12-01,,,
2023,수원시,영통구청,2023-10-11 11:03,이의동 광교가재울마을사거리,고정형,2023-12-01,,,
2023,수원시,영통구청,2023-10-11 12:00,광교동 광교이의119안전센터,고정형,2023-12-01,,,
2023,수원시,팔달구청,2023-10-11 12:20,화서1동 수원역푸르지오자이 북문 우측,고정형,2023-12-01,,,
2023,수원시,권선구청,2023-10-11 12:49,권선동 NC터미널점 버스정류장 앞,고정형,2023-12-01,,,
2023,수원시,권선구청,2023-10-11 13:37,곡선동 휴먼푸드 인근,고정형,2023-12-01,,,
2023,수원시,권선구청,2023-10-11 13:40,평동 오목초교 정문 우측 삼거리,고정형,2023-12-01,,,
2023,수원시,팔달구청,2023-10-11 13:41,화서1동 수원역푸르지오자이 북문 우측,고정형,2023-12-01,,,
2023,수원시,팔달구청,2023-10-11 13:57,화서1동 수원역푸르지오자이 북문 우측,고정형,2023-12-01,,,
2023,수원시,권선구청,2023-10-11 13:59,고색동 도이치 고객주차장 출입구,고정형,2023-12-01,,,
2023,수원시,팔달구청,2023-10-11 14:03,남수동 남수동 정조로796번길,주행형,2023-12-01,,,
2023,수원시,팔달구청,2023-10-11 14:05,지동 지동 수원천로245,주행형,2023-12-01,,,
2023,수원시,팔달구청,2023-10-11 14:36,인계동 드림캐슬주상복합,고정형,2023-12-01,,,
2023,수원시,영통구청,2023-10-11 14:36,이의동 드림스퀘어Ⅱ 앞,고정형,2023-12-01,,,
2023,수원시,팔달구청,2023-10-11 14:36,매산동 팅스몰 주차장 출구 옆,고정형,2023-12-01,,,
2023,수원시,팔달구청,2023-10-11 14:36,매향동 매향동 창룡대로86,주행형,2023-12-01,,,
2023,수원시,권선구청,2023-10-11 14:37,서둔동 가온팰리스옆2,고정형,2023-12-01,,,
2023,수원시,팔달구청,2023-10-11 14:38,북수동 북수동 수원천로372,주행형,2023-12-01,,,
2023,수원시,팔달구청,2023-10-11 14:38,북수동 북수동 수원천로372,주행형,2023-12-01,,,
2023,수원시,권선구청,2023-10-11 14:40,금곡동 1183-3,국민신문고,2023-12-01,,,
2023,수원시,권선구청,2023-10-11 14:43,서둔동 서둔로256번길,주행형,2023-12-01,,,
2023,수원시,팔달구청,2023-10-11 14:44,남수동 남수동 정조로788번길,주행형,2023-12-01,,,
2023,수원시,팔달구청,2023-10-11 14:44,남수동 남수동 수원천로281,주행형,2023-12-01,,,
2023,수원시,팔달구청,2023-10-11 14:45,영동 영동 수원천로275,주행형,2023-12-01,,,
2023,수원시,팔달구청,2023-10-11 14:45,영동 영동 수원천로275,주행형,2023-12-01,,,
2023,수원시,권선구청,2023-10-11 14:48,경기도수원시권선구세류동 수원시 권선구 세류동 355-1,보행,2023-12-01,,,
2023,수원시,팔달구청,2023-10-11 15:06,장안동 장안동 화서문로17번길,주행형,2023-12-01,,,
2023,수원시,팔달구청,2023-10-11 15:06,장안동 장안동 화서문로17번길,주행형,2023-12-01,,,
2023,수원시,팔달구청,2023-10-11 15:06,장안동 장안동 화서문로17번길,주행형,2023-12-01,,,
2023,수원시,팔달구청,2023-10-11 15:07,매향동 매향동 창룡대로52,주행형,2023-12-01,,,
2023,수원시,팔달구청,2023-10-11 15:18,인계동 드림캐슬주상복합,고정형,2023-12-01,,,
2023,수원시,팔달구청,2023-10-11 15:18,인계동 드림캐슬주상복합,고정형,2023-12-01,,,
2023,수원시,권선구청,2023-10-11 15:19,고색동 도이치 고객주차장 출입구,고정형,2023-12-01,,,
2023,수원시,권선구청,2023-10-11 15:34,평동 고현초교 정문 좌측 삼거리,고정형,2023-12-01,,,
2023,수원시,권선구청,2023-10-11 15:34,평동 고현초교 정문 좌측 삼거리,고정형,2023-12-01,,,
2023,수원시,팔달구청,2023-10-11 15:51,매산동 팔달로 10번길 8,고정형,2023-12-01,,,
2023,수원시,팔달구청,2023-10-11 15:55,인계동 드림캐슬주상복합,고정형,2023-12-01,,,
2023,수원시,영통구청,2023-10-11 16:23,이의동 드림스퀘어Ⅱ 앞,고정형,2023-12-01,,,
2023,수원시,팔달구청,2023-10-11 16:23,인계동 드림캐슬주상복합,고정형,2023-12-01,,,
2023,수원시,팔달구청,2023-10-11 16:41,인계동 드림캐슬주상복합,고정형,2023-12-01,,,
2023,수원시,팔달구청,2023-10-11 16:41,인계동 드림캐슬주상복합,고정형,2023-12-01,,,
2023,수원시,권선구청,2023-10-11 16:45,서둔동 가온팰리스옆2,고정형,2023-12-01,,,
2023,수원시,권선구청,2023-10-11 16:52,서둔동 가온팰리스옆2,고정형,2023-12-01,,,
2023,수원시,팔달구청,2023-10-11 16:59,매산동 팅스몰 주차장 출구 옆,고정형,2023-12-01,,,
2023,수원시,팔달구청,2023-10-11 16:59,매산동 팅스몰 주차장 출구 옆,고정형,2023-12-01,,,
2023,수원시,팔달구청,2023-10-11 17:05,인계동 드림캐슬주상복합,고정형,2023-12-01,,,
2023,수원시,권선구청,2023-10-11 17:08,곡반정동 하나로마트한국빌딩앞,고정형,2023-12-01,,,
2023,수원시,권선구청,2023-10-11 17:18,곡반정동 하나로마트한국빌딩앞,고정형,2023-12-01,,,
2023,수원시,팔달구청,2023-10-11 17:30,행궁동 화홍사랑채,고정형,2023-12-01,,,
2023,수원시,권선구청,2023-10-11 17:36,서둔동 가온팰리스옆2,고정형,2023-12-01,,,
2023,수원시,장안구청,2023-10-11 18:55,연무동 연무동 244-10,국민신문고,2023-12-01,,,
2023,수원시,영통구청,2023-10-11 18:56,원천동 광교매원초등학교,고정형,2023-12-01,,,
2023,수원시,영통구청,2023-10-11 19:03,영통구 매탄동135-1,주민신고제,2023-12-01,,,
2023,수원시,팔달구청,2023-10-11 19:06,매산동 팅스몰 주차장 출구 옆,고정형,2023-12-01,,,
2023,수원시,팔달구청,2023-10-11 19:55,매산동 팔달로 10번길 8,고정형,2023-12-01,,,
2023,수원시,팔달구청,2023-10-11 20:10,매산동 팅스몰 주차장 출구 옆,고정형,2023-12-01,,,
2023,수원시,장안구청,2023-10-11 20:36,연무동 연무동 244-9,국민신문고,2023-12-01,,,
2023,수원시,영통구청,2023-10-11 20:37,원천동 광교매원초등학교,고정형,2023-12-01,,,
2023,수원시,영통구청,2023-10-11 20:38,원천동 광교매원초등학교,고정형,2023-12-01,,,
2023,수원시,팔달구청,2023-10-11 21:27,인계동 드림캐슬주상복합,고정형,2023-12-01,,,
2023,수원시,권선구청,2023-10-12 5:51,곡반정동 156-9 소화전,국민신문고,2023-12-01,,,
2023,수원시,팔달구청,2023-10-12 7:32,매산동 팅스몰 주차장 출구 옆,고정형,2023-12-01,,,
2023,수원시,팔달구청,2023-10-12 7:33,인계동 경인통계청,고정형,2023-12-01,,,
2023,수원시,팔달구청,2023-10-12 7:34,행궁동 화홍사랑채,고정형,2023-12-01,,,
2023,수원시,팔달구청,2023-10-12 7:42,인계동 한국씨티은행,고정형,2023-12-01,,,
2023,수원시,팔달구청,2023-10-12 7:42,인계동 한국씨티은행,고정형,2023-12-01,,,
2023,수원시,장안구청,2023-10-12 8:03,"조원1동 조원동 351-10, 아이림 유치원 앞",고정형,2023-12-01,,,
2023,수원시,장안구청,2023-10-12 8:03,연무동 경기도 수원시 장안구 연무동 244-6 105동 옆 삼거리 ,고정형,2023-12-01,,,
2023,수원시,장안구청,2023-10-12 8:03,연무동 경기도 수원시 장안구 연무동 244-6 105동 옆 삼거리 ,고정형,2023-12-01,,,
2023,수원시,장안구청,2023-10-12 8:05,"조원1동 조원동 351-10, 아이림 유치원 앞",고정형,2023-12-01,,,
2023,수원시,장안구청,2023-10-12 8:08,"정자1동 정자동 343-18, 대림진흥아파트 삼거리",고정형,2023-12-01,,,
2023,수원시,장안구청,2023-10-12 8:10,"정자1동 정자동 343-18, 대림진흥아파트 삼거리",고정형,2023-12-01,,,
2023,수원시,권선구청,2023-10-12 8:19,권선2동 곡정초교 정문 좌측 사거리,고정형,2023-12-01,,,
2023,수원시,팔달구청,2023-10-12 8:49,인계동 경인통계청,고정형,2023-12-01,,,
2023,수원시,팔달구청,2023-10-12 8:54,화서1동 수원역푸르지오자이 북문 우측,고정형,2023-12-01,,,
2023,수원시,팔달구청,2023-10-12 8:54,화서동 푸르지오자이 북문 CU 앞 횡단보도,고정형,2023-12-01,,,
2023,수원시,권선구청,2023-10-12 9:04,서둔동 수원역한라비발디퍼스트 앞2,고정형,2023-12-01,,,
2023,수원시,권선구청,2023-10-12 9:05,서둔동 가온팰리스옆2,고정형,2023-12-01,,,
2023,수원시,팔달구청,2023-10-12 9:36,인계동 드림캐슬주상복합,고정형,2023-12-01,,,
2023,수원시,팔달구청,2023-10-12 9:38,북수동 쌈지공원 앞,고정형,2023-12-01,,,
2023,수원시,팔달구청,2023-10-12 9:38,북수동 쌈지공원 앞,고정형,2023-12-01,,,
2023,수원시,권선구청,2023-10-12 9:53,서둔동 수원역한라비발디퍼스트 앞2,고정형,2023-12-01,,,
2023,수원시,팔달구청,2023-10-12 9:58,매산동 팅스몰 주차장 출구 옆,고정형,2023-12-01,,,
2023,수원시,팔달구청,2023-10-12 10:15,매산동 역전농협,고정형,2023-12-01,,,
2023,수원시,권선구청,2023-10-12 11:33,금곡동 가온초교 정문 우측 사거리,고정형,2023-12-01,,,
2023,수원시,팔달구청,2023-10-12 11:54,화서1동 수원역푸르지오자이 북문 우측,고정형,2023-12-01,,,
2023,수원시,영통구청,2023-10-12 12:01,이의동 광교가재울마을사거리,고정형,2023-12-01,,,
2023,수원시,장안구청,2023-10-12 12:18,"조원1동 조원동 351-10, 아이림 유치원 앞",고정형,2023-12-01,,,
2023,수원시,장안구청,2023-10-12 13:33,"조원1동 조원동 351-10, 아이림 유치원 앞",고정형,2023-12-01,,,
2023,수원시,영통구청,2023-10-12 13:45,광교동 광교더사랑교회뒷길,고정형,2023-12-01,,,
2023,수원시,권선구청,2023-10-12 13:48,곡선동 휴먼푸드 인근,고정형,2023-12-01,,,
2023,수원시,권선구청,2023-10-12 13:48,곡선동 휴먼푸드 인근,고정형,2023-12-01,,,
2023,수원시,장안구청,2023-10-12 14:00,"조원1동 조원동 351-10, 아이림 유치원 앞",고정형,2023-12-01,,,
2023,수원시,권선구청,2023-10-12 14:23,권선동 NC터미널점 버스정류장 앞,고정형,2023-12-01,,,
2023,수원시,권선구청,2023-10-12 14:26,경기도수원시권선구평동 수원시 권선구 평동 2-14,보행,2023-12-01,,,
2023,수원시,영통구청,2023-10-12 14:38,이의동 드림스퀘어Ⅱ 앞,고정형,2023-12-01,,,
2023,수원시,권선구청,2023-10-12 14:41,서둔동 수원역한라비발디퍼스트 앞1,고정형,2023-12-01,,,
2023,수원시,권선구청,2023-10-12 14:41,서둔동 수원역한라비발디퍼스트 앞1,고정형,2023-12-01,,,
2023,수원시,권선구청,2023-10-12 14:42,권선동 권선동 한라비발디앞 놀이터,고정형,2023-12-01,,,
2023,수원시,권선구청,2023-10-12 14:42,권선동 권선동 한라비발디앞 놀이터,고정형,2023-12-01,,,
2023,수원시,팔달구청,2023-10-12 14:46,인계동 경인통계청,고정형,2023-12-01,,,
2023,수원시,팔달구청,2023-10-12 14:51,매산동 팅스몰 주차장 출구 옆,고정형,2023-12-01,,,
2023,수원시,팔달구청,2023-10-12 15:07,팔달로2가 팔달로2가 정조로796번길,주행형,2023-12-01,,,
2023,수원시,팔달구청,2023-10-12 15:07,남수동 남수동 정조로796번길,주행형,2023-12-01,,,
2023,수원시,장안구청,2023-10-12 15:11,"정자1동 정자동 343-18, 대림진흥아파트 삼거리",고정형,2023-12-01,,,
2023,수원시,영통구청,2023-10-12 15:14,이의동 광교가재울마을사거리,고정형,2023-12-01,,,
2023,수원시,장안구청,2023-10-12 15:23,경기도수원시장안구파장동 수원시 장안구 파장동 507,보행,2023-12-01,,,
2023,수원시,권선구청,2023-10-12 15:35,호매실동 금호프라자 대각 맞은편,고정형,2023-12-01,,,
2023,수원시,장안구청,2023-10-12 15:42,"조원1동 조원동 351-10, 아이림 유치원 앞",고정형,2023-12-01,,,
2023,수원시,팔달구청,2023-10-12 15:47,매산동 팅스몰 주차장 출구 옆,고정형,2023-12-01,,,
2023,수원시,장안구청,2023-10-12 15:52,"조원1동 조원동 351-10, 아이림 유치원 앞",고정형,2023-12-01,,,
2023,수원시,영통구청,2023-10-12 15:59,이의동 드림스퀘어Ⅱ 앞,고정형,2023-12-01,,,
2023,수원시,권선구청,2023-10-12 16:04,호매실동 금호프라자 대각 맞은편,고정형,2023-12-01,,,
2023,수원시,팔달구청,2023-10-12 16:20,매산동 팅스몰 주차장 출구 옆,고정형,2023-12-01,,,
2023,수원시,권선구청,2023-10-12 16:21,고색동 도이치 고객주차장 출입구,고정형,2023-12-01,,,
2023,수원시,권선구청,2023-10-12 16:29,서둔동 가온팰리스옆2,고정형,2023-12-01,,,
2023,수원시,권선구청,2023-10-12 16:31,세류3동 신곡초교 후문 좌측 사거리,고정형,2023-12-01,,,
2023,수원시,권선구청,2023-10-12 16:42,서둔동 가온팰리스옆2,고정형,2023-12-01,,,
2023,수원시,권선구청,2023-10-12 16:49,평동 오목초교 정문 우측 삼거리,고정형,2023-12-01,,,
2023,수원시,영통구청,2023-10-12 16:57,하동 광교호반마을한양수자인,고정형,2023-12-01,,,
2023,수원시,권선구청,2023-10-12 17:11,세류3동 신곡초교 후문 좌측 사거리,고정형,2023-12-01,,,
2023,수원시,팔달구청,2023-10-12 17:13,화서1동 화서초등학교 둘레길 중간지점,고정형,2023-12-01,,,
2023,수원시,권선구청,2023-10-12 17:22,권선2동 곡정초교 정문 좌측 사거리,고정형,2023-12-01,,,
2023,수원시,권선구청,2023-10-12 17:24,평동 오목초교 정문 우측 삼거리,고정형,2023-12-01,,,
2023,수원시,팔달구청,2023-10-12 17:36,매산동 팅스몰 주차장 출구 옆,고정형,2023-12-01,,,
2023,수원시,팔달구청,2023-10-12 17:49,인계동 드림캐슬주상복합,고정형,2023-12-01,,,
2023,수원시,장안구청,2023-10-12 18:01,연무동 경기도 수원시 장안구 연무동 244-6 105동 옆 삼거리 ,고정형,2023-12-01,,,
2023,수원시,영통구청,2023-10-12 18:13,망포동 힐스테이트 119동 ~방죽공원 삼거리,고정형,2023-12-01,,,
2023,수원시,팔달구청,2023-10-12 18:42,화서1동 수원역푸르지오자이 북문 우측,고정형,2023-12-01,,,
2023,수원시,장안구청,2023-10-12 18:52,연무동 경기도 수원시 장안구 연무동 244-6 105동 옆 삼거리 ,고정형,2023-12-01,,,
2023,수원시,팔달구청,2023-10-12 18:57,화서1동 수원역푸르지오자이 북문 우측,고정형,2023-12-01,,,
2023,수원시,팔달구청,2023-10-12 19:04,매산동 팅스몰 주차장 출구 옆,고정형,2023-12-01,,,
2023,수원시,팔달구청,2023-10-12 19:19,경기도수원시팔달구인계동 수원시 팔달구 인계동 154-1,보행,2023-12-01,,,
2023,수원시,장안구청,2023-10-12 19:26,"조원1동 조원동 351-10, 아이림 유치원 앞",고정형,2023-12-01,,,
2023,수원시,장안구청,2023-10-12 19:57,연무동 경기도 수원시 장안구 연무동 244-6 105동 옆 삼거리 ,고정형,2023-12-01,,,
2023,수원시,장안구청,2023-10-12 19:57,연무동 경기도 수원시 장안구 연무동 244-6 105동 옆 삼거리 ,고정형,2023-12-01,,,
2023,수원시,장안구청,2023-10-12 20:20,"조원1동 조원동 351-10, 아이림 유치원 앞",고정형,2023-12-01,,,
2023,수원시,팔달구청,2023-10-12 20:21,매산동 팔달로 10번길 8,고정형,2023-12-01,,,
2023,수원시,팔달구청,2023-10-12 20:21,매산동 팔달로 10번길 8,고정형,2023-12-01,,,
2023,수원시,장안구청,2023-10-12 20:29,연무동 경기도 수원시 장안구 연무동 244-6 105동 옆 삼거리 ,고정형,2023-12-01,,,
2023,수원시,팔달구청,2023-10-12 20:31,매교동 매교동 288-721 소화전,국민신문고,2023-12-01,,,
2023,수원시,권선구청,2023-10-12 21:30,오목천동 527-21 횡단보도,주민신고제,2023-12-01,,,
2023,수원시,권선구청,2023-10-13 5:44,곡반정동 562-2,국민신문고,2023-12-01,,,
2023,수원시,팔달구청,2023-10-13 7:33,인계동 드림캐슬주상복합,고정형,2023-12-01,,,
2023,수원시,팔달구청,2023-10-13 7:33,인계동 드림캐슬주상복합,고정형,2023-12-01,,,
2023,수원시,팔달구청,2023-10-13 7:33,매산동 팅스몰 주차장 출구 옆,고정형,2023-12-01,,,
2023,수원시,팔달구청,2023-10-13 7:36,매산동 역전농협,고정형,2023-12-01,,,
2023,수원시,팔달구청,2023-10-13 7:49,인계동 드림캐슬주상복합,고정형,2023-12-01,,,
2023,수원시,권선구청,2023-10-13 8:03,곡반정동 하나로마트한국빌딩앞,고정형,2023-12-01,,,
2023,수원시,장안구청,2023-10-13 8:04,"정자1동 정자동 343-18, 대림진흥아파트 삼거리",고정형,2023-12-01,,,
2023,수원시,권선구청,2023-10-13 8:04,서둔동 가온팰리스옆1,고정형,2023-12-01,,,
2023,수원시,권선구청,2023-10-13 8:04,평동 오목초교 정문 우측 삼거리,고정형,2023-12-01,,,
2023,수원시,장안구청,2023-10-13 8:05,"조원1동 조원동 351-10, 아이림 유치원 앞",고정형,2023-12-01,,,
2023,수원시,권선구청,2023-10-13 8:06,서둔동 가온팰리스옆2,고정형,2023-12-01,,,
2023,수원시,권선구청,2023-10-13 8:06,서둔동 가온팰리스옆2,고정형,2023-12-01,,,
2023,수원시,권선구청,2023-10-13 8:06,서둔동 가온팰리스옆2,고정형,2023-12-01,,,
2023,수원시,권선구청,2023-10-13 8:07,곡반정동 하나로마트한국빌딩앞,고정형,2023-12-01,,,
2023,수원시,장안구청,2023-10-13 8:11,"정자1동 정자동 343-18, 대림진흥아파트 삼거리",고정형,2023-12-01,,,
2023,수원시,권선구청,2023-10-13 8:23,권선동 NC터미널점 버스정류장 앞,고정형,2023-12-01,,,
2023,수원시,장안구청,2023-10-13 9:04,"정자1동 정자동 343-18, 대림진흥아파트 삼거리",고정형,2023-12-01,,,
2023,수원시,장안구청,2023-10-13 9:04,"정자1동 정자동 343-18, 대림진흥아파트 삼거리",고정형,2023-12-01,,,
2023,수원시,권선구청,2023-10-13 9:20,서둔동 가온팰리스옆2,고정형,2023-12-01,,,
2023,수원시,팔달구청,2023-10-13 9:23,인계동 한국씨티은행,고정형,2023-12-01,,,
2023,수원시,팔달구청,2023-10-13 9:33,인계동 드림캐슬주상복합,고정형,2023-12-01,,,
2023,수원시,팔달구청,2023-10-13 9:45,행궁동 팔달문 버스정류장,고정형,2023-12-01,,,
2023,수원시,팔달구청,2023-10-13 9:51,인계동 경인통계청,고정형,2023-12-01,,,
2023,수원시,권선구청,2023-10-13 9:57,서둔동 가온팰리스옆2,고정형,2023-12-01,,,
2023,수원시,권선구청,2023-10-13 9:58,권선동 권선동 한라비발디앞 놀이터,고정형,2023-12-01,,,
2023,수원시,권선구청,2023-10-13 10:18,세류3동 신곡초교 후문 좌측 사거리,고정형,2023-12-01,,,
2023,수원시,권선구청,2023-10-13 10:18,서둔동 가온팰리스옆1,고정형,2023-12-01,,,
2023,수원시,팔달구청,2023-10-13 10:28,화서동 고등동 팔달로105,주행형,2023-12-01,,,
2023,수원시,팔달구청,2023-10-13 10:30,경기도수원시팔달구우만동 수원시 팔달구 우만동 144-6,보행,2023-12-01,,,
2023,수원시,장안구청,2023-10-13 11:53,"조원1동 조원동 351-10, 아이림 유치원 앞",고정형,2023-12-01,,,
2023,수원시,장안구청,2023-10-13 12:03,"조원1동 조원동 351-10, 아이림 유치원 앞",고정형,2023-12-01,,,
2023,수원시,팔달구청,2023-10-13 12:18,화서1동 수원역푸르지오자이 북문 우측,고정형,2023-12-01,,,
2023,수원시,팔달구청,2023-10-13 12:31,고등동 수원초등학교 정문 좌측 사거리,고정형,2023-12-01,,,
2023,수원시,팔달구청,2023-10-13 13:17,화서1동 수원역푸르지오자이 북문 우측,고정형,2023-12-01,,,
2023,수원시,장안구청,2023-10-13 14:14,"조원1동 조원동 351-10, 아이림 유치원 앞",고정형,2023-12-01,,,
2023,수원시,팔달구청,2023-10-13 14:14,화서1동 수원역푸르지오자이 북문 우측,고정형,2023-12-01,,,
2023,수원시,권선구청,2023-10-13 14:18,입북동 당수초교 정문 우측 사거리,고정형,2023-12-01,,,
2023,수원시,팔달구청,2023-10-13 14:26,교동 교동 효원로55번길,주행형,2023-12-01,,,
2023,수원시,팔달구청,2023-10-13 14:33,북수동 쌈지공원 앞,고정형,2023-12-01,,,
2023,수원시,권선구청,2023-10-13 14:34,세류3동 신곡초교 후문 좌측 사거리,고정형,2023-12-01,,,
2023,수원시,팔달구청,2023-10-13 14:35,매산동 팅스몰 주차장 출구 옆,고정형,2023-12-01,,,
2023,수원시,팔달구청,2023-10-13 14:35,행궁동 화홍사랑채,고정형,2023-12-01,,,
2023,수원시,장안구청,2023-10-13 14:38,"조원1동 조원동 351-10, 아이림 유치원 앞",고정형,2023-12-01,,,
2023,수원시,권선구청,2023-10-13 14:58,구운동 구운동 명품닭갈비,고정형,2023-12-01,,,
2023,수원시,팔달구청,2023-10-13 15:03,북수동 쌈지공원 앞,고정형,2023-12-01,,,
2023,수원시,팔달구청,2023-10-13 15:03,북수동 쌈지공원 앞,고정형,2023-12-01,,,
2023,수원시,권선구청,2023-10-13 15:18,서둔동 가온팰리스옆1,고정형,2023-12-01,,,
2023,수원시,권선구청,2023-10-13 15:18,서둔동 가온팰리스옆1,고정형,2023-12-01,,,
2023,수원시,팔달구청,2023-10-13 15:43,인계동 경인통계청,고정형,2023-12-01,,,
2023,수원시,팔달구청,2023-10-13 15:43,인계동 경인통계청,고정형,2023-12-01,,,
2023,수원시,팔달구청,2023-10-13 15:47,매산동 팔달로 10번길 8,고정형,2023-12-01,,,
2023,수원시,장안구청,2023-10-13 16:05,상광교동 광교버스정류장종점,고정형,2023-12-01,,,
2023,수원시,장안구청,2023-10-13 16:09,"정자1동 정자동 343-18, 대림진흥아파트 삼거리",고정형,2023-12-01,,,
2023,수원시,장안구청,2023-10-13 16:21,천천동 화산로163번길,주행형,2023-12-01,,,
2023,수원시,장안구청,2023-10-13 16:21,천천동 화산로163번길,주행형,2023-12-01,,,
2023,수원시,장안구청,2023-10-13 16:21,천천동 화산로163번길,주행형,2023-12-01,,,
2023,수원시,팔달구청,2023-10-13 16:24,화서1동 수원역푸르지오자이 북문 우측,고정형,2023-12-01,,,
2023,수원시,팔달구청,2023-10-13 16:49,행궁동 화홍사랑채,고정형,2023-12-01,,,
2023,수원시,권선구청,2023-10-13 16:49,고색동 도이치 고객주차장 출입구,고정형,2023-12-01,,,
2023,수원시,권선구청,2023-10-13 17:04,서둔동 가온팰리스옆2,고정형,2023-12-01,,,
2023,수원시,팔달구청,2023-10-13 17:19,매산동 팅스몰 주차장 출구 옆,고정형,2023-12-01,,,
2023,수원시,장안구청,2023-10-13 17:22,"조원1동 조원동 351-10, 아이림 유치원 앞",고정형,2023-12-01,,,
2023,수원시,권선구청,2023-10-13 17:23,서둔동 가온팰리스옆2,고정형,2023-12-01,,,
2023,수원시,장안구청,2023-10-13 17:32,"조원1동 조원동 351-10, 아이림 유치원 앞",고정형,2023-12-01,,,
2023,수원시,팔달구청,2023-10-13 18:39,매산동 팅스몰 주차장 출구 옆,고정형,2023-12-01,,,
2023,수원시,팔달구청,2023-10-13 18:47,매산동 팅스몰 주차장 출구 옆,고정형,2023-12-01,,,
2023,수원시,장안구청,2023-10-13 19:00,"정자1동 정자동 343-18, 대림진흥아파트 삼거리",고정형,2023-12-01,,,
2023,수원시,팔달구청,2023-10-13 19:05,매산동 팔달로 10번길 8,고정형,2023-12-01,,,
2023,수원시,장안구청,2023-10-13 19:17,"조원1동 조원동 351-10, 아이림 유치원 앞",고정형,2023-12-01,,,
2023,수원시,장안구청,2023-10-13 19:29,"조원1동 조원동 351-10, 아이림 유치원 앞",고정형,2023-12-01,,,
2023,수원시,팔달구청,2023-10-13 19:39,매산동 팅스몰 주차장 출구 옆,고정형,2023-12-01,,,
2023,수원시,장안구청,2023-10-13 19:47,"조원1동 조원동 351-10, 아이림 유치원 앞",고정형,2023-12-01,,,
2023,수원시,장안구청,2023-10-13 19:48,"조원1동 조원동 351-10, 아이림 유치원 앞",고정형,2023-12-01,,,
2023,수원시,장안구청,2023-10-13 19:50,연무동 경기도 수원시 장안구 연무동 244-6 105동 옆 삼거리 ,고정형,2023-12-01,,,
2023,수원시,팔달구청,2023-10-13 19:51,경기도수원시팔달구인계동 수원시 팔달구 인계동 155,보행,2023-12-01,,,
2023,수원시,팔달구청,2023-10-13 20:10,매산동 팅스몰 주차장 출구 옆,고정형,2023-12-01,,,
2023,수원시,팔달구청,2023-10-13 20:15,매산동 팅스몰 주차장 출구 옆,고정형,2023-12-01,,,
2023,수원시,팔달구청,2023-10-13 20:22,인계동 드림캐슬주상복합,고정형,2023-12-01,,,
2023,수원시,장안구청,2023-10-13 20:24,"조원1동 조원동 351-10, 아이림 유치원 앞",고정형,2023-12-01,,,
2023,수원시,팔달구청,2023-10-13 20:36,매산동 팔달로 10번길 8,고정형,2023-12-01,,,
2023,수원시,장안구청,2023-10-13 20:37,"정자1동 정자동 343-18, 대림진흥아파트 삼거리",고정형,2023-12-01,,,
2023,수원시,팔달구청,2023-10-13 20:40,인계동 드림캐슬주상복합,고정형,2023-12-01,,,
2023,수원시,팔달구청,2023-10-13 21:08,인계동 드림캐슬주상복합,고정형,2023-12-01,,,
2023,수원시,팔달구청,2023-10-13 21:12,인계동 드림캐슬주상복합,고정형,2023-12-01,,,
2023,수원시,팔달구청,2023-10-13 21:17,인계동 드림캐슬주상복합,고정형,2023-12-01,,,
2023,수원시,팔달구청,2023-10-13 21:17,인계동 드림캐슬주상복합,고정형,2023-12-01,,,
2023,수원시,영통구청,2023-10-14 0:10,하동 매탄동157-5,주민신고제,2023-12-01,,,
2023,수원시,권선구청,2023-10-14 9:02,서둔동 가온팰리스옆2,고정형,2023-12-01,,,
2023,수원시,권선구청,2023-10-14 9:03,서둔동 가온팰리스옆1,고정형,2023-12-01,,,
2023,수원시,권선구청,2023-10-14 9:03,곡반정동 하나로마트한국빌딩앞,고정형,2023-12-01,,,
2023,수원시,권선구청,2023-10-14 9:04,곡반정동 하나로마트한국빌딩앞,고정형,2023-12-01,,,
2023,수원시,팔달구청,2023-10-14 9:04,매산동 팅스몰 주차장 출구 옆,고정형,2023-12-01,,,
2023,수원시,팔달구청,2023-10-14 9:04,매산동 팅스몰 주차장 출구 옆,고정형,2023-12-01,,,
2023,수원시,팔달구청,2023-10-14 9:05,인계동 드림캐슬주상복합,고정형,2023-12-01,,,
2023,수원시,권선구청,2023-10-14 9:06,서둔동 가온팰리스옆2,고정형,2023-12-01,,,
2023,수원시,팔달구청,2023-10-14 9:19,화서1동 푸르지오자이 북문 CU 앞 횡단보도,고정형,2023-12-01,,,
2023,수원시,권선구청,2023-10-14 9:20,호매실동 금호프라자 대각 맞은편,고정형,2023-12-01,,,
2023,수원시,팔달구청,2023-10-14 9:24,화서1동 수원역푸르지오자이 북문 우측,고정형,2023-12-01,,,
2023,수원시,팔달구청,2023-10-14 9:40,인계동 경인통계청,고정형,2023-12-01,,,
2023,수원시,팔달구청,2023-10-14 9:50,인계동 드림캐슬주상복합,고정형,2023-12-01,,,
2023,수원시,팔달구청,2023-10-14 9:56,매산동 팅스몰 주차장 출구 옆,고정형,2023-12-01,,,
2023,수원시,팔달구청,2023-10-14 9:57,인계동 드림캐슬주상복합,고정형,2023-12-01,,,
2023,수원시,팔달구청,2023-10-14 10:00,인계동 경인통계청,고정형,2023-12-01,,,
2023,수원시,팔달구청,2023-10-14 10:00,인계동 경인통계청,고정형,2023-12-01,,,
2023,수원시,팔달구청,2023-10-14 10:07,인계동 드림캐슬주상복합,고정형,2023-12-01,,,
2023,수원시,권선구청,2023-10-14 10:08,고색동 도이치 고객주차장 출입구,고정형,2023-12-01,,,
2023,수원시,팔달구청,2023-10-14 10:18,인계동 경인통계청,고정형,2023-12-01,,,
2023,수원시,권선구청,2023-10-14 10:23,서둔동 가온팰리스옆2,고정형,2023-12-01,,,
2023,수원시,권선구청,2023-10-14 10:34,고색동 도이치 고객주차장 출입구,고정형,2023-12-01,,,
2023,수원시,팔달구청,2023-10-14 10:34,인계동 경인통계청,고정형,2023-12-01,,,
2023,수원시,영통구청,2023-10-14 10:35,하동 영통동1087,주민신고제,2023-12-01,,,
2023,수원시,팔달구청,2023-10-14 11:25,화서1동 수원역푸르지오자이 북문 우측,고정형,2023-12-01,,,
2023,수원시,팔달구청,2023-10-14 11:25,화서1동 푸르지오자이 북문 CU 앞 횡단보도,고정형,2023-12-01,,,
2023,수원시,권선구청,2023-10-14 11:48,고색동 도이치 고객주차장 출입구,고정형,2023-12-01,,,
2023,수원시,팔달구청,2023-10-14 11:54,화서1동 수원역푸르지오자이 북문 우측,고정형,2023-12-01,,,
2023,수원시,팔달구청,2023-10-14 11:59,화서1동 수원역푸르지오자이 북문 우측,고정형,2023-12-01,,,
2023,수원시,팔달구청,2023-10-14 12:25,화서1동 수원역푸르지오자이 북문 우측,고정형,2023-12-01,,,
2023,수원시,장안구청,2023-10-14 13:03,연무동 연무동 242-5,국민신문고,2023-12-01,,,
2023,수원시,팔달구청,2023-10-14 13:13,행궁동 팔달문 버스정류장,고정형,2023-12-01,,,
2023,수원시,팔달구청,2023-10-14 13:17,화서1동 수원역푸르지오자이 북문 우측,고정형,2023-12-01,,,
2023,수원시,권선구청,2023-10-14 13:19,고색동 도이치 고객주차장 출입구,고정형,2023-12-01,,,
2023,수원시,팔달구청,2023-10-14 13:56,화서1동 수원역푸르지오자이 북문 우측,고정형,2023-12-01,,,
2023,수원시,팔달구청,2023-10-14 14:10,행궁동 팔달문 버스정류장,고정형,2023-12-01,,,
2023,수원시,팔달구청,2023-10-14 14:11,화서1동 수원역푸르지오자이 북문 우측,고정형,2023-12-01,,,
2023,수원시,팔달구청,2023-10-14 14:33,매산동 팔달로 10번길 8,고정형,2023-12-01,,,
2023,수원시,팔달구청,2023-10-14 14:33,행궁동 화홍사랑채,고정형,2023-12-01,,,
2023,수원시,권선구청,2023-10-14 14:33,서둔동 수원역한라비발디퍼스트 앞1,고정형,2023-12-01,,,
2023,수원시,팔달구청,2023-10-14 14:34,매산동 팅스몰 주차장 출구 옆,고정형,2023-12-01,,,
2023,수원시,권선구청,2023-10-14 14:34,구운동 구운동 명품닭갈비,고정형,2023-12-01,,,
2023,수원시,팔달구청,2023-10-14 14:35,인계동 드림캐슬주상복합,고정형,2023-12-01,,,
2023,수원시,팔달구청,2023-10-14 14:38,인계동 경인통계청,고정형,2023-12-01,,,
2023,수원시,팔달구청,2023-10-14 14:38,행궁동 화홍사랑채,고정형,2023-12-01,,,
2023,수원시,권선구청,2023-10-14 14:39,오목천동 한화꿈에그린아파트 214동앞,고정형,2023-12-01,,,
2023,수원시,권선구청,2023-10-14 14:43,서둔동 가온팰리스옆2,고정형,2023-12-01,,,
2023,수원시,팔달구청,2023-10-14 14:59,매산동 팔달로 10번길 8,고정형,2023-12-01,,,
2023,수원시,권선구청,2023-10-14 15:10,서둔동 수원역한라비발디퍼스트 앞1,고정형,2023-12-01,,,
2023,수원시,권선구청,2023-10-14 15:13,서둔동 수원역한라비발디퍼스트 앞1,고정형,2023-12-01,,,
2023,수원시,팔달구청,2023-10-14 15:14,인계동 경인통계청,고정형,2023-12-01,,,
2023,수원시,권선구청,2023-10-14 15:20,서둔동 가온팰리스옆1,고정형,2023-12-01,,,
2023,수원시,팔달구청,2023-10-14 15:28,인계동 드림캐슬주상복합,고정형,2023-12-01,,,
2023,수원시,팔달구청,2023-10-14 15:31,신풍동 신풍동 화서문로32번길,주행형,2023-12-01,,,
2023,수원시,팔달구청,2023-10-14 15:31,신풍동 신풍동 화서문로32번길,주행형,2023-12-01,,,
2023,수원시,팔달구청,2023-10-14 15:31,신풍동 신풍동 화서문로32번길,주행형,2023-12-01,,,
2023,수원시,권선구청,2023-10-14 15:31,서둔동 수원역한라비발디퍼스트 앞1,고정형,2023-12-01,,,
2023,수원시,권선구청,2023-10-14 15:34,서둔동 가온팰리스옆2,고정형,2023-12-01,,,
2023,수원시,팔달구청,2023-10-14 15:35,행궁동 화홍사랑채,고정형,2023-12-01,,,
2023,수원시,권선구청,2023-10-14 15:37,서둔동 가온팰리스옆1,고정형,2023-12-01,,,
2023,수원시,팔달구청,2023-10-14 15:46,화서1동 수원역푸르지오자이 북문 우측,고정형,2023-12-01,,,
2023,수원시,권선구청,2023-10-14 16:09,서둔동 가온팰리스옆2,고정형,2023-12-01,,,
2023,수원시,팔달구청,2023-10-14 16:12,인계동 한국씨티은행,고정형,2023-12-01,,,
2023,수원시,팔달구청,2023-10-14 16:14,화서1동 수원역푸르지오자이 북문 우측,고정형,2023-12-01,,,
2023,수원시,팔달구청,2023-10-14 16:20,매산동 팅스몰 주차장 출구 옆,고정형,2023-12-01,,,
2023,수원시,권선구청,2023-10-14 16:21,고색동 도이치 고객주차장 출입구,고정형,2023-12-01,,,
2023,수원시,팔달구청,2023-10-14 16:29,인계동 한국씨티은행,고정형,2023-12-01,,,
2023,수원시,팔달구청,2023-10-14 16:40,매산동 팅스몰 주차장 출구 옆,고정형,2023-12-01,,,
2023,수원시,팔달구청,2023-10-14 16:43,인계동 경인통계청,고정형,2023-12-01,,,
2023,수원시,팔달구청,2023-10-14 16:46,인계동 경인통계청,고정형,2023-12-01,,,
2023,수원시,팔달구청,2023-10-14 16:46,인계동 경인통계청,고정형,2023-12-01,,,
2023,수원시,팔달구청,2023-10-14 16:57,인계동 한국씨티은행,고정형,2023-12-01,,,
2023,수원시,팔달구청,2023-10-14 16:59,행궁동 화홍사랑채,고정형,2023-12-01,,,
2023,수원시,팔달구청,2023-10-14 17:11,인계동 경인통계청,고정형,2023-12-01,,,
2023,수원시,권선구청,2023-10-14 17:20,서둔동 가온팰리스옆2,고정형,2023-12-01,,,
2023,수원시,팔달구청,2023-10-14 17:30,인계동 경인통계청,고정형,2023-12-01,,,
2023,수원시,팔달구청,2023-10-14 17:44,매산동 팅스몰 주차장 출구 옆,고정형,2023-12-01,,,
2023,수원시,팔달구청,2023-10-14 19:02,인계동 드림캐슬주상복합,고정형,2023-12-01,,,
2023,수원시,팔달구청,2023-10-14 19:17,매산동 팅스몰 주차장 출구 옆,고정형,2023-12-01,,,
2023,수원시,팔달구청,2023-10-14 19:32,인계동 드림캐슬주상복합,고정형,2023-12-01,,,
2023,수원시,팔달구청,2023-10-14 19:51,인계동 드림캐슬주상복합,고정형,2023-12-01,,,
2023,수원시,팔달구청,2023-10-14 20:21,매산동 역전농협,고정형,2023-12-01,,,
2023,수원시,팔달구청,2023-10-14 20:35,인계동 드림캐슬주상복합,고정형,2023-12-01,,,
2023,수원시,팔달구청,2023-10-14 20:40,인계동 드림캐슬주상복합,고정형,2023-12-01,,,
2023,수원시,권선구청,2023-10-15 9:02,곡반정동 궁촌육교앞,고정형,2023-12-01,,,
2023,수원시,팔달구청,2023-10-15 9:02,매산동 팔달로 10번길 8,고정형,2023-12-01,,,
2023,수원시,권선구청,2023-10-15 9:02,서둔동 가온팰리스옆2,고정형,2023-12-01,,,
2023,수원시,권선구청,2023-10-15 9:03,곡반정동 하나로마트한국빌딩앞,고정형,2023-12-01,,,
2023,수원시,팔달구청,2023-10-15 9:03,인계동 드림캐슬주상복합,고정형,2023-12-01,,,
2023,수원시,팔달구청,2023-10-15 9:03,인계동 드림캐슬주상복합,고정형,2023-12-01,,,
2023,수원시,권선구청,2023-10-15 9:04,곡반정동 하나로마트한국빌딩앞,고정형,2023-12-01,,,
2023,수원시,팔달구청,2023-10-15 9:04,매산동 팅스몰 주차장 출구 옆,고정형,2023-12-01,,,
2023,수원시,권선구청,2023-10-15 9:04,곡반정동 하나로마트한국빌딩앞,고정형,2023-12-01,,,
2023,수원시,팔달구청,2023-10-15 9:05,인계동 경인통계청,고정형,2023-12-01,,,
2023,수원시,권선구청,2023-10-15 9:05,곡반정동 궁촌육교앞,고정형,2023-12-01,,,
2023,수원시,팔달구청,2023-10-15 9:05,매산동 팅스몰 주차장 출구 옆,고정형,2023-12-01,,,
2023,수원시,권선구청,2023-10-15 9:05,서둔동 가온팰리스옆1,고정형,2023-12-01,,,
2023,수원시,권선구청,2023-10-15 9:05,서둔동 가온팰리스옆1,고정형,2023-12-01,,,
2023,수원시,팔달구청,2023-10-15 9:15,인계동 경인통계청,고정형,2023-12-01,,,
2023,수원시,권선구청,2023-10-15 9:15,곡반정동 하나로마트한국빌딩앞,고정형,2023-12-01,,,
2023,수원시,권선구청,2023-10-15 9:40,곡반정동 하나로마트한국빌딩앞,고정형,2023-12-01,,,
2023,수원시,팔달구청,2023-10-15 9:50,매산동 팅스몰 주차장 출구 옆,고정형,2023-12-01,,,
2023,수원시,팔달구청,2023-10-15 9:51,매산동 팅스몰 주차장 출구 옆,고정형,2023-12-01,,,
2023,수원시,팔달구청,2023-10-15 9:55,매산동 팅스몰 주차장 출구 옆,고정형,2023-12-01,,,
2023,수원시,팔달구청,2023-10-15 9:55,매산동 팅스몰 주차장 출구 옆,고정형,2023-12-01,,,
2023,수원시,권선구청,2023-10-15 10:09,서둔동 수원역한라비발디퍼스트 앞2,고정형,2023-12-01,,,
2023,수원시,팔달구청,2023-10-15 10:24,매산동 역전농협,고정형,2023-12-01,,,
2023,수원시,팔달구청,2023-10-15 10:29,행궁동 화홍사랑채,고정형,2023-12-01,,,
2023,수원시,팔달구청,2023-10-15 11:14,경기도수원시영통구매탄동 수원시 팔달구 권광로 276번길51-1,보행,2023-12-01,,,
2023,수원시,팔달구청,2023-10-15 11:14,경기도수원시영통구매탄동 수원시 팔달구 권광로 276번길51-1,보행,2023-12-01,,,
2023,수원시,팔달구청,2023-10-15 11:15,경기도수원시영통구매탄동 수원시 팔달구 권광로 276번길51-1,보행,2023-12-01,,,
2023,수원시,팔달구청,2023-10-15 11:15,경기도수원시영통구매탄동 수원시 팔달구 권광로 276번길51-1,보행,2023-12-01,,,
2023,수원시,팔달구청,2023-10-15 11:16,경기도수원시영통구매탄동 수원시 팔달구 권광로 276번길51-1,보행,2023-12-01,,,
2023,수원시,팔달구청,2023-10-15 11:16,경기도수원시영통구매탄동 수원시 팔달구 권광로 276번길51-1,보행,2023-12-01,,,
2023,수원시,팔달구청,2023-10-15 11:16,경기도수원시영통구매탄동 수원시 팔달구 권광로 276번길51-1,보행,2023-12-01,,,
2023,수원시,팔달구청,2023-10-15 12:06,행궁동 팔달문 버스정류장,고정형,2023-12-01,,,
2023,수원시,장안구청,2023-10-15 12:16,파장동 파장동216-14,국민신문고,2023-12-01,,,
2023,수원시,팔달구청,2023-10-15 12:35,매산동 역전농협,고정형,2023-12-01,,,
2023,수원시,팔달구청,2023-10-15 13:29,화서1동 수원역푸르지오자이 북문 우측,고정형,2023-12-01,,,
2023,수원시,팔달구청,2023-10-15 14:02,화서1동 수원역푸르지오자이 북문 우측,고정형,2023-12-01,,,
2023,수원시,권선구청,2023-10-15 14:32,구운동 구운동 명품닭갈비,고정형,2023-12-01,,,
2023,수원시,팔달구청,2023-10-15 14:33,행궁동 화홍사랑채,고정형,2023-12-01,,,
2023,수원시,팔달구청,2023-10-15 14:34,인계동 경인통계청,고정형,2023-12-01,,,
2023,수원시,팔달구청,2023-10-15 14:34,매산동 팅스몰 주차장 출구 옆,고정형,2023-12-01,,,
2023,수원시,팔달구청,2023-10-15 14:34,화서1동 수원역푸르지오자이 북문 우측,고정형,2023-12-01,,,
2023,수원시,팔달구청,2023-10-15 14:35,매산동 팅스몰 주차장 출구 옆,고정형,2023-12-01,,,
2023,수원시,팔달구청,2023-10-15 14:35,인계동 경인통계청,고정형,2023-12-01,,,
2023,수원시,권선구청,2023-10-15 14:36,서둔동 가온팰리스옆2,고정형,2023-12-01,,,
2023,수원시,팔달구청,2023-10-15 14:38,인계동 경인통계청,고정형,2023-12-01,,,
2023,수원시,팔달구청,2023-10-15 14:40,인계동 한국씨티은행,고정형,2023-12-01,,,
2023,수원시,팔달구청,2023-10-15 14:40,매산동 팅스몰 주차장 출구 옆,고정형,2023-12-01,,,
2023,수원시,팔달구청,2023-10-15 14:44,신풍동 미술관로터리,고정형,2023-12-01,,,
2023,수원시,팔달구청,2023-10-15 14:44,신풍동 미술관로터리,고정형,2023-12-01,,,
2023,수원시,권선구청,2023-10-15 14:45,곡반정동 궁촌육교앞,고정형,2023-12-01,,,
2023,수원시,팔달구청,2023-10-15 14:48,행궁동 화홍사랑채,고정형,2023-12-01,,,
2023,수원시,팔달구청,2023-10-15 14:51,매산동 팔달로 10번길 8,고정형,2023-12-01,,,
2023,수원시,팔달구청,2023-10-15 14:56,매산동 역전농협,고정형,2023-12-01,,,
2023,수원시,팔달구청,2023-10-15 15:03,매산동 팅스몰 주차장 출구 옆,고정형,2023-12-01,,,
2023,수원시,팔달구청,2023-10-15 15:05,장안동 장안동 화서문로17번길4,주행형,2023-12-01,,,
2023,수원시,팔달구청,2023-10-15 15:21,매산동 역전농협,고정형,2023-12-01,,,
2023,수원시,팔달구청,2023-10-15 15:23,인계동 경인통계청,고정형,2023-12-01,,,
2023,수원시,팔달구청,2023-10-15 15:23,인계동 경인통계청,고정형,2023-12-01,,,
2023,수원시,팔달구청,2023-10-15 15:25,매산동 팔달로 10번길 8,고정형,2023-12-01,,,
2023,수원시,팔달구청,2023-10-15 15:27,인계동 한국씨티은행,고정형,2023-12-01,,,
2023,수원시,권선구청,2023-10-15 15:28,서둔동 가온팰리스옆2,고정형,2023-12-01,,,
2023,수원시,팔달구청,2023-10-15 15:34,매산동 팅스몰 주차장 출구 옆,고정형,2023-12-01,,,
2023,수원시,팔달구청,2023-10-15 15:35,매산동 팅스몰 주차장 출구 옆,고정형,2023-12-01,,,
2023,수원시,권선구청,2023-10-15 15:36,곡반정동 하나로마트한국빌딩앞,고정형,2023-12-01,,,
2023,수원시,팔달구청,2023-10-15 15:37,매산동 역전농협,고정형,2023-12-01,,,
2023,수원시,팔달구청,2023-10-15 15:37,행궁동 화홍사랑채,고정형,2023-12-01,,,
2023,수원시,팔달구청,2023-10-15 15:40,행궁동 화홍사랑채,고정형,2023-12-01,,,
2023,수원시,팔달구청,2023-10-15 15:45,행궁동 화홍사랑채,고정형,2023-12-01,,,
2023,수원시,팔달구청,2023-10-15 15:46,인계동 드림캐슬주상복합,고정형,2023-12-01,,,
2023,수원시,팔달구청,2023-10-15 15:54,매산동 팅스몰 주차장 출구 옆,고정형,2023-12-01,,,
2023,수원시,팔달구청,2023-10-15 15:59,매산동 팅스몰 주차장 출구 옆,고정형,2023-12-01,,,
2023,수원시,영통구청,2023-10-15 16:04,경기도수원시영통구망포동 수원시 영통구 망포동 58,보행,2023-12-01,,,
2023,수원시,영통구청,2023-10-15 16:05,경기도수원시영통구망포동 수원시 영통구 망포동 58,보행,2023-12-01,,,
2023,수원시,팔달구청,2023-10-15 16:21,행궁동 화홍사랑채,고정형,2023-12-01,,,
2023,수원시,팔달구청,2023-10-15 16:22,행궁동 화홍사랑채,고정형,2023-12-01,,,
2023,수원시,팔달구청,2023-10-15 16:30,신풍동 미술관로터리,고정형,2023-12-01,,,
2023,수원시,팔달구청,2023-10-15 16:35,화서동 화서동 팔달로197,주행형,2023-12-01,,,
2023,수원시,권선구청,2023-10-15 16:40,서둔동 가온팰리스옆2,고정형,2023-12-01,,,
2023,수원시,팔달구청,2023-10-15 16:45,인계동 드림캐슬주상복합,고정형,2023-12-01,,,
2023,수원시,팔달구청,2023-10-15 16:49,인계동 드림캐슬주상복합,고정형,2023-12-01,,,
2023,수원시,팔달구청,2023-10-15 16:55,행궁동 화홍사랑채,고정형,2023-12-01,,,
2023,수원시,팔달구청,2023-10-15 16:56,행궁동 화홍사랑채,고정형,2023-12-01,,,
2023,수원시,팔달구청,2023-10-15 17:02,인계동 한국씨티은행,고정형,2023-12-01,,,
2023,수원시,팔달구청,2023-10-15 17:04,인계동 경인통계청,고정형,2023-12-01,,,
2023,수원시,권선구청,2023-10-15 17:07,서둔동 가온팰리스옆2,고정형,2023-12-01,,,
2023,수원시,팔달구청,2023-10-15 17:10,경기도수원시팔달구장안동 수원시 팔달구 장안동 22-14,보행,2023-12-01,,,
2023,수원시,팔달구청,2023-10-15 17:10,경기도수원시팔달구장안동 수원시 팔달구 장안동 22-14,보행,2023-12-01,,,
2023,수원시,권선구청,2023-10-15 17:11,서둔동 가온팰리스옆2,고정형,2023-12-01,,,
2023,수원시,팔달구청,2023-10-15 17:11,장안동 수원시 팔달구 장안동 22-14,보행,2023-12-01,,,
2023,수원시,팔달구청,2023-10-15 17:12,장안동 수원시 팔달구 장안동 22-14,보행,2023-12-01,,,
2023,수원시,팔달구청,2023-10-15 17:13,화서1동 수원역푸르지오자이 북문 우측,고정형,2023-12-01,,,
2023,수원시,팔달구청,2023-10-15 17:13,화서1동 수원역푸르지오자이 북문 우측,고정형,2023-12-01,,,
2023,수원시,팔달구청,2023-10-15 17:17,매산동 팅스몰 주차장 출구 옆,고정형,2023-12-01,,,
2023,수원시,권선구청,2023-10-15 17:19,곡반정동 궁촌육교앞,고정형,2023-12-01,,,
2023,수원시,영통구청,2023-10-15 17:29,하동 원천동 455,국민신문고,2023-12-01,,,
2023,수원시,팔달구청,2023-10-15 17:35,매산동 역전농협,고정형,2023-12-01,,,
2023,수원시,팔달구청,2023-10-15 17:46,인계동 경인통계청,고정형,2023-12-01,,,
2023,수원시,팔달구청,2023-10-15 17:59,매산동 팅스몰 주차장 출구 옆,고정형,2023-12-01,,,
2023,수원시,팔달구청,2023-10-15 18:03,매산동 팅스몰 주차장 출구 옆,고정형,2023-12-01,,,
2023,수원시,팔달구청,2023-10-15 18:07,매산동 팔달로 10번길 8,고정형,2023-12-01,,,
2023,수원시,팔달구청,2023-10-15 18:24,인계동 드림캐슬주상복합,고정형,2023-12-01,,,
2023,수원시,팔달구청,2023-10-15 19:23,매산동 팅스몰 주차장 출구 옆,고정형,2023-12-01,,,
2023,수원시,팔달구청,2023-10-15 19:25,인계동 드림캐슬주상복합,고정형,2023-12-01,,,
2023,수원시,팔달구청,2023-10-15 19:51,화서1동 수원역푸르지오자이 북문 우측,고정형,2023-12-01,,,
2023,수원시,팔달구청,2023-10-15 20:06,인계동 드림캐슬주상복합,고정형,2023-12-01,,,
2023,수원시,팔달구청,2023-10-15 20:30,매산동 팔달로 10번길 8,고정형,2023-12-01,,,
2023,수원시,팔달구청,2023-10-15 20:39,매산동 팅스몰 주차장 출구 옆,고정형,2023-12-01,,,
2023,수원시,팔달구청,2023-10-15 20:39,매산동 팅스몰 주차장 출구 옆,고정형,2023-12-01,,,
2023,수원시,권선구청,2023-10-15 20:41,곡반정동 478-11,국민신문고,2023-12-01,,,
2023,수원시,권선구청,2023-10-16 5:45,곡반정동 562-2 소화전,국민신문고,2023-12-01,,,
2023,수원시,권선구청,2023-10-16 5:46,곡반정동 562-2 소화전,국민신문고,2023-12-01,,,
2023,수원시,팔달구청,2023-10-16 7:32,인계동 드림캐슬주상복합,고정형,2023-12-01,,,
2023,수원시,팔달구청,2023-10-16 7:32,매산동 팅스몰 주차장 출구 옆,고정형,2023-12-01,,,
2023,수원시,팔달구청,2023-10-16 7:32,매산동 역전농협,고정형,2023-12-01,,,
2023,수원시,팔달구청,2023-10-16 7:33,행궁동 화홍사랑채,고정형,2023-12-01,,,
2023,수원시,팔달구청,2023-10-16 7:34,인계동 경인통계청,고정형,2023-12-01,,,
2023,수원시,팔달구청,2023-10-16 7:34,인계동 경인통계청,고정형,2023-12-01,,,
2023,수원시,팔달구청,2023-10-16 7:35,인계동 경인통계청,고정형,2023-12-01,,,
2023,수원시,팔달구청,2023-10-16 7:43,매산동 팅스몰 주차장 출구 옆,고정형,2023-12-01,,,
2023,수원시,팔달구청,2023-10-16 8:01,인계동 경인통계청,고정형,2023-12-01,,,
2023,수원시,권선구청,2023-10-16 8:02,서둔동 가온팰리스옆2,고정형,2023-12-01,,,
2023,수원시,권선구청,2023-10-16 8:04,곡반정동 하나로마트한국빌딩앞,고정형,2023-12-01,,,
2023,수원시,권선구청,2023-10-16 8:04,곡반정동 하나로마트한국빌딩앞,고정형,2023-12-01,,,
2023,수원시,권선구청,2023-10-16 8:04,곡반정동 하나로마트한국빌딩앞,고정형,2023-12-01,,,
2023,수원시,장안구청,2023-10-16 8:05,연무동 경기도 수원시 장안구 연무동 244-6 105동 옆 삼거리 ,고정형,2023-12-01,,,
2023,수원시,권선구청,2023-10-16 8:06,평동 오목초교 정문 우측 삼거리,고정형,2023-12-01,,,
2023,수원시,권선구청,2023-10-16 8:07,서둔동 가온팰리스옆2,고정형,2023-12-01,,,
2023,수원시,권선구청,2023-10-16 8:10,서둔동 가온팰리스옆1,고정형,2023-12-01,,,
2023,수원시,권선구청,2023-10-16 8:12,서둔동 가온팰리스옆2,고정형,2023-12-01,,,
2023,수원시,장안구청,2023-10-16 8:14,"정자1동 정자동 343-18, 대림진흥아파트 삼거리",고정형,2023-12-01,,,
2023,수원시,권선구청,2023-10-16 8:19,서둔동 가온팰리스옆1,고정형,2023-12-01,,,
2023,수원시,장안구청,2023-10-16 8:40,"정자1동 정자동 343-18, 대림진흥아파트 삼거리",고정형,2023-12-01,,,
2023,수원시,권선구청,2023-10-16 9:23,세류3동 신곡초교 후문 좌측 사거리,고정형,2023-12-01,,,
2023,수원시,영통구청,2023-10-16 9:33,영통동 롯데마트 뒤,고정형,2023-12-01,37.27220279535416,127.10856729001851,
2023,수원시,팔달구청,2023-10-16 9:54,인계동 드림캐슬주상복합,고정형,2023-12-01,,,
2023,수원시,팔달구청,2023-10-16 10:06,화서1동 수원역푸르지오자이 북문 우측,고정형,2023-12-01,,,
2023,수원시,영통구청,2023-10-16 10:22,망포동 힐스테이트 119동 ~방죽공원 삼거리,고정형,2023-12-01,,,
2023,수원시,영통구청,2023-10-16 10:30,영덕동 봉영로1759번길,주행형,2023-12-01,,,
2023,수원시,팔달구청,2023-10-16 10:32,매산동 팅스몰 주차장 출구 옆,고정형,2023-12-01,,,
2023,수원시,팔달구청,2023-10-16 10:32,매산동 팅스몰 주차장 출구 옆,고정형,2023-12-01,,,
2023,수원시,팔달구청,2023-10-16 10:42,고등동 고등동 팔달로105,주행형,2023-12-01,,,
2023,수원시,영통구청,2023-10-16 11:40,광교동 광교 덴티움지식산업센터 앞 사거리,고정형,2023-12-01,,,
2023,수원시,영통구청,2023-10-16 12:22,하동 이의동177-9,주민신고제,2023-12-01,,,
2023,수원시,영통구청,2023-10-16 13:48,망포동 힐스테이트 119동 ~방죽공원 삼거리,고정형,2023-12-01,,,
2023,수원시,장안구청,2023-10-16 14:01,"조원1동 조원동 351-10, 아이림 유치원 앞",고정형,2023-12-01,,,
2023,수원시,권선구청,2023-10-16 14:03,권선동 NC터미널점 버스정류장 앞,고정형,2023-12-01,,,
2023,수원시,장안구청,2023-10-16 14:09,"조원1동 조원동 351-10, 아이림 유치원 앞",고정형,2023-12-01,,,
2023,수원시,팔달구청,2023-10-16 14:31,남수동 남수동 팔달문로3번길,주행형,2023-12-01,,,
2023,수원시,팔달구청,2023-10-16 14:32,팔달로2가 팔달로2가 정조로796번길,주행형,2023-12-01,,,
2023,수원시,팔달구청,2023-10-16 14:32,남수동 남수동 정조로796번길,주행형,2023-12-01,,,
2023,수원시,팔달구청,2023-10-16 14:32,남수동 남수동 정조로796번길,주행형,2023-12-01,,,
2023,수원시,팔달구청,2023-10-16 14:32,남수동 남수동 정조로796번길,주행형,2023-12-01,,,
2023,수원시,팔달구청,2023-10-16 14:34,화서1동 수원역푸르지오자이 북문 우측,고정형,2023-12-01,,,
2023,수원시,팔달구청,2023-10-16 14:35,인계동 드림캐슬주상복합,고정형,2023-12-01,,,
2023,수원시,팔달구청,2023-10-16 14:35,인계동 경인통계청,고정형,2023-12-01,,,
2023,수원시,장안구청,2023-10-16 14:35,연무동 경기도 수원시 장안구 연무동 244-6 105동 옆 삼거리 ,고정형,2023-12-01,,,
2023,수원시,팔달구청,2023-10-16 14:35,인계동 경인통계청,고정형,2023-12-01,,,
2023,수원시,팔달구청,2023-10-16 14:36,영동 영동 수원천로248,주행형,2023-12-01,,,
2023,수원시,팔달구청,2023-10-16 14:37,행궁동 화홍사랑채,고정형,2023-12-01,,,
2023,수원시,권선구청,2023-10-16 14:48,권선동 NC터미널점 버스정류장 앞,고정형,2023-12-01,,,
2023,수원시,팔달구청,2023-10-16 14:54,화서1동 수원역푸르지오자이 북문 우측,고정형,2023-12-01,,,
2023,수원시,팔달구청,2023-10-16 15:25,인계동 경인통계청,고정형,2023-12-01,,,
2023,수원시,팔달구청,2023-10-16 15:25,팔달로3가 수원시 장안구 행궁로71,보행,2023-12-01,,,
2023,수원시,팔달구청,2023-10-16 15:25,팔달로3가 수원시 장안구 행궁로71,보행,2023-12-01,,,
2023,수원시,팔달구청,2023-10-16 15:25,팔달로3가 수원시 장안구 행궁로71,보행,2023-12-01,,,
2023,수원시,장안구청,2023-10-16 15:28,"조원1동 조원동 351-10, 아이림 유치원 앞",고정형,2023-12-01,,,
2023,수원시,팔달구청,2023-10-16 15:33,인계동 경인통계청,고정형,2023-12-01,,,
2023,수원시,장안구청,2023-10-16 15:45,"조원1동 조원동 351-10, 아이림 유치원 앞",고정형,2023-12-01,,,
2023,수원시,장안구청,2023-10-16 15:47,"송죽동 송죽동 389-9, 로얄팰리스 103동 뒤편",고정형,2023-12-01,,,
2023,수원시,팔달구청,2023-10-16 15:51,매산동 팔달로 10번길 8,고정형,2023-12-01,,,
2023,수원시,팔달구청,2023-10-16 15:54,화서1동 수원역푸르지오자이 북문 우측,고정형,2023-12-01,,,
2023,수원시,팔달구청,2023-10-16 15:59,매산동 팅스몰 주차장 출구 옆,고정형,2023-12-01,,,
2023,수원시,장안구청,2023-10-16 16:00,"송죽동 송죽동 389-9, 로얄팰리스 103동 뒤편",고정형,2023-12-01,,,
2023,수원시,영통구청,2023-10-16 16:02,영통동 롯데마트 뒤,고정형,2023-12-01,37.27220279535416,127.10856729001851,
2023,수원시,권선구청,2023-10-16 16:08,서둔동 가온팰리스옆2,고정형,2023-12-01,,,
2023,수원시,영통구청,2023-10-16 16:09,망포동 E-마트 에브리데이 앞,고정형,2023-12-01,37.2361017468141,127.060345496536,
2023,수원시,팔달구청,2023-10-16 16:11,매산동 역전농협,고정형,2023-12-01,,,
2023,수원시,팔달구청,2023-10-16 16:27,고등동 고등동 167-14 인도,국민신문고,2023-12-01,,,
2023,수원시,영통구청,2023-10-16 16:43,망포동 힐스테이트 119동 ~방죽공원 삼거리,고정형,2023-12-01,,,
2023,수원시,팔달구청,2023-10-16 16:55,매산동 팅스몰 주차장 출구 옆,고정형,2023-12-01,,,
2023,수원시,팔달구청,2023-10-16 17:02,화서1동 수원역푸르지오자이 북문 우측,고정형,2023-12-01,,,
2023,수원시,장안구청,2023-10-16 17:03,"조원1동 조원동 351-10, 아이림 유치원 앞",고정형,2023-12-01,,,
2023,수원시,장안구청,2023-10-16 17:08,연무동 경기도 수원시 장안구 연무동 244-6 105동 옆 삼거리 ,고정형,2023-12-01,,,
2023,수원시,장안구청,2023-10-16 17:08,연무동 경기도 수원시 장안구 연무동 244-6 105동 옆 삼거리 ,고정형,2023-12-01,,,
2023,수원시,장안구청,2023-10-16 17:14,연무동 경기도 수원시 장안구 연무동 244-6 105동 옆 삼거리 ,고정형,2023-12-01,,,
2023,수원시,장안구청,2023-10-16 17:22,"조원1동 조원동 351-10, 아이림 유치원 앞",고정형,2023-12-01,,,
2023,수원시,장안구청,2023-10-16 17:24,"조원1동 조원동 351-10, 아이림 유치원 앞",고정형,2023-12-01,,,
2023,수원시,권선구청,2023-10-16 17:29,곡반정동 하나로마트한국빌딩앞,고정형,2023-12-01,,,
2023,수원시,장안구청,2023-10-16 17:39,연무동 경기도 수원시 장안구 연무동 244-6 105동 옆 삼거리 ,고정형,2023-12-01,,,
2023,수원시,장안구청,2023-10-16 17:50,"송죽동 송죽동 389-9, 로얄팰리스 103동 뒤편",고정형,2023-12-01,,,
2023,수원시,장안구청,2023-10-16 17:51,연무동 경기도 수원시 장안구 연무동 244-6 105동 옆 삼거리 ,고정형,2023-12-01,,,
2023,수원시,장안구청,2023-10-16 18:02,"조원1동 조원동 351-10, 아이림 유치원 앞",고정형,2023-12-01,,,
2023,수원시,장안구청,2023-10-16 18:08,연무동 경기도 수원시 장안구 연무동 244-6 105동 옆 삼거리 ,고정형,2023-12-01,,,
2023,수원시,장안구청,2023-10-16 18:08,연무동 경기도 수원시 장안구 연무동 244-6 105동 옆 삼거리 ,고정형,2023-12-01,,,
2023,수원시,팔달구청,2023-10-16 18:10,고등동 고등동 150-9 횡단보도,국민신문고,2023-12-01,,,
2023,수원시,장안구청,2023-10-16 18:19,"송죽동 송죽동 389-9, 로얄팰리스 103동 뒤편",고정형,2023-12-01,,,
2023,수원시,장안구청,2023-10-16 18:19,"송죽동 송죽동 389-9, 로얄팰리스 103동 뒤편",고정형,2023-12-01,,,
2023,수원시,장안구청,2023-10-16 18:40,"조원1동 조원동 351-10, 아이림 유치원 앞",고정형,2023-12-01,,,
2023,수원시,팔달구청,2023-10-16 18:47,매산동 팅스몰 주차장 출구 옆,고정형,2023-12-01,,,
2023,수원시,팔달구청,2023-10-16 19:01,인계동 드림캐슬주상복합,고정형,2023-12-01,,,
2023,수원시,장안구청,2023-10-16 19:06,"송죽동 송죽동 389-9, 로얄팰리스 103동 뒤편",고정형,2023-12-01,,,
2023,수원시,장안구청,2023-10-16 19:11,"조원1동 조원동 351-10, 아이림 유치원 앞",고정형,2023-12-01,,,
2023,수원시,장안구청,2023-10-16 19:39,"정자1동 정자동 343-18, 대림진흥아파트 삼거리",고정형,2023-12-01,,,
2023,수원시,장안구청,2023-10-16 19:40,"정자3동 정자동 869-1, 북수원도서관 앞",고정형,2023-12-01,,,
2023,수원시,장안구청,2023-10-16 19:49,연무동 경기도 수원시 장안구 연무동 244-6 105동 옆 삼거리 ,고정형,2023-12-01,,,
2023,수원시,팔달구청,2023-10-16 19:50,매산동 팅스몰 주차장 출구 옆,고정형,2023-12-01,,,
2023,수원시,장안구청,2023-10-16 20:09,"송죽동 송죽동 389-9, 로얄팰리스 103동 뒤편",고정형,2023-12-01,,,
2023,수원시,장안구청,2023-10-16 20:09,"송죽동 송죽동 389-9, 로얄팰리스 103동 뒤편",고정형,2023-12-01,,,
2023,수원시,영통구청,2023-10-16 20:17,원천동 광교매원초등학교,고정형,2023-12-01,,,
2023,수원시,영통구청,2023-10-16 20:17,이의동 광교호반베르디움 103동 앞,고정형,2023-12-01,,,
2023,수원시,장안구청,2023-10-16 20:26,연무동 경기도 수원시 장안구 연무동 244-6 105동 옆 삼거리 ,고정형,2023-12-01,,,
2023,수원시,권선구청,2023-10-16 20:40,곡반정동 154-1 소화전,국민신문고,2023-12-01,,,
2023,수원시,팔달구청,2023-10-17 7:33,인계동 경인통계청,고정형,2023-12-01,,,
2023,수원시,팔달구청,2023-10-17 7:33,인계동 경인통계청,고정형,2023-12-01,,,
2023,수원시,팔달구청,2023-10-17 7:54,인계동 드림캐슬주상복합,고정형,2023-12-01,,,
2023,수원시,권선구청,2023-10-17 8:03,서둔동 가온팰리스옆2,고정형,2023-12-01,,,
2023,수원시,장안구청,2023-10-17 8:03,연무동 경기도 수원시 장안구 연무동 244-6 105동 옆 삼거리 ,고정형,2023-12-01,,,
2023,수원시,장안구청,2023-10-17 8:04,"조원1동 조원동 351-10, 아이림 유치원 앞",고정형,2023-12-01,,,
2023,수원시,장안구청,2023-10-17 8:06,연무동 경기도 수원시 장안구 연무동 244-6 105동 옆 삼거리 ,고정형,2023-12-01,,,
2023,수원시,권선구청,2023-10-17 8:07,권선2동 곡정초교 정문 좌측 사거리,고정형,2023-12-01,,,
2023,수원시,장안구청,2023-10-17 8:09,"정자1동 정자동 343-18, 대림진흥아파트 삼거리",고정형,2023-12-01,,,
2023,수원시,장안구청,2023-10-17 8:36,"송죽동 송죽동 389-9, 로얄팰리스 103동 뒤편",고정형,2023-12-01,,,
2023,수원시,장안구청,2023-10-17 9:01,"조원1동 조원동 351-10, 아이림 유치원 앞",고정형,2023-12-01,,,
2023,수원시,영통구청,2023-10-17 9:10,영통동 롯데마트 뒤,고정형,2023-12-01,37.27220279535416,127.10856729001851,
2023,수원시,팔달구청,2023-10-17 9:40,인계동 드림캐슬주상복합,고정형,2023-12-01,,,
2023,수원시,팔달구청,2023-10-17 9:42,인계동 드림캐슬주상복합,고정형,2023-12-01,,,
2023,수원시,팔달구청,2023-10-17 9:45,인계동 드림캐슬주상복합,고정형,2023-12-01,,,
2023,수원시,영통구청,2023-10-17 10:13,망포동 힐스테이트 119동 ~방죽공원 삼거리,고정형,2023-12-01,,,
2023,수원시,영통구청,2023-10-17 10:16,영통동 매영로365번길,주행형,2023-12-01,,,
2023,수원시,영통구청,2023-10-17 10:16,영통동 매영로365번길,주행형,2023-12-01,,,
2023,수원시,영통구청,2023-10-17 10:16,영통동 매영로365번길,주행형,2023-12-01,,,
2023,수원시,영통구청,2023-10-17 10:16,영통동 매영로365번길,주행형,2023-12-01,,,
2023,수원시,영통구청,2023-10-17 10:16,영통동 매영로365번길,주행형,2023-12-01,,,
2023,수원시,영통구청,2023-10-17 10:16,영통동 매영로365번길,주행형,2023-12-01,,,
2023,수원시,영통구청,2023-10-17 10:16,영통동 매영로365번길,주행형,2023-12-01,,,
2023,수원시,영통구청,2023-10-17 10:16,영통동 매영로365번길,주행형,2023-12-01,,,
2023,수원시,영통구청,2023-10-17 10:16,영통동 매영로365번길,주행형,2023-12-01,,,
2023,수원시,영통구청,2023-10-17 10:16,영통동 매영로365번길,주행형,2023-12-01,,,
2023,수원시,영통구청,2023-10-17 10:16,영통동 매영로365번길,주행형,2023-12-01,,,
2023,수원시,영통구청,2023-10-17 10:16,영통동 매영로365번길,주행형,2023-12-01,,,
2023,수원시,영통구청,2023-10-17 10:16,영통동 매영로365번길,주행형,2023-12-01,,,
2023,수원시,장안구청,2023-10-17 10:17,"정자1동 정자동 343-18, 대림진흥아파트 삼거리",고정형,2023-12-01,,,
2023,수원시,권선구청,2023-10-17 10:23,호매실동 금호프라자 대각 맞은편,고정형,2023-12-01,,,
2023,수원시,장안구청,2023-10-17 10:59,연무동 경기도 수원시 장안구 연무동 244-6 105동 옆 삼거리 ,고정형,2023-12-01,,,
2023,수원시,장안구청,2023-10-17 10:59,연무동 경기도 수원시 장안구 연무동 244-6 105동 옆 삼거리 ,고정형,2023-12-01,,,
2023,수원시,팔달구청,2023-10-17 12:04,매산동 역전농협,고정형,2023-12-01,,,
2023,수원시,팔달구청,2023-10-17 12:04,매산동 역전농협,고정형,2023-12-01,,,
2023,수원시,영통구청,2023-10-17 13:31,이의동 광교호반베르디움 103동 앞,고정형,2023-12-01,,,
2023,수원시,장안구청,2023-10-17 13:50,"조원1동 조원동 351-10, 아이림 유치원 앞",고정형,2023-12-01,,,
2023,수원시,장안구청,2023-10-17 14:04,연무동 경기도 수원시 장안구 연무동 244-6 105동 옆 삼거리 ,고정형,2023-12-01,,,
2023,수원시,팔달구청,2023-10-17 14:33,매산동 팅스몰 주차장 출구 옆,고정형,2023-12-01,,,
2023,수원시,팔달구청,2023-10-17 14:34,인계동 드림캐슬주상복합,고정형,2023-12-01,,,
2023,수원시,팔달구청,2023-10-17 14:34,인계동 드림캐슬주상복합,고정형,2023-12-01,,,
2023,수원시,팔달구청,2023-10-17 14:34,인계동 드림캐슬주상복합,고정형,2023-12-01,,,
2023,수원시,팔달구청,2023-10-17 14:34,지동 인계동 장다리로331,주행형,2023-12-01,,,
2023,수원시,팔달구청,2023-10-17 14:35,인계동 드림캐슬주상복합,고정형,2023-12-01,,,
2023,수원시,권선구청,2023-10-17 14:35,호매실동 금호프라자 대각 맞은편,고정형,2023-12-01,,,
2023,수원시,권선구청,2023-10-17 14:36,평동 고현초교 정문 좌측 삼거리,고정형,2023-12-01,,,
2023,수원시,영통구청,2023-10-17 14:37,광교동 광교이의119안전센터,고정형,2023-12-01,,,
2023,수원시,팔달구청,2023-10-17 14:42,경기도수원시팔달구인계동 수원시 팔달구 인계동 155,보행,2023-12-01,,,
2023,수원시,영통구청,2023-10-17 14:45,이의동 드림스퀘어Ⅱ 앞,고정형,2023-12-01,,,
2023,수원시,팔달구청,2023-10-17 14:45,남수동 남수동 정조로796번길,주행형,2023-12-01,,,
2023,수원시,팔달구청,2023-10-17 14:45,남수동 남수동 정조로796번길,주행형,2023-12-01,,,
2023,수원시,팔달구청,2023-10-17 14:45,남수동 남수동 정조로796번길,주행형,2023-12-01,,,
2023,수원시,팔달구청,2023-10-17 14:45,남수동 남수동 정조로796번길,주행형,2023-12-01,,,
2023,수원시,팔달구청,2023-10-17 14:45,남수동 남수동 정조로800번길,주행형,2023-12-01,,,
2023,수원시,팔달구청,2023-10-17 14:45,남수동 남수동 정조로800번길,주행형,2023-12-01,,,
2023,수원시,팔달구청,2023-10-17 14:45,남수동 남수동 정조로800번길,주행형,2023-12-01,,,
2023,수원시,팔달구청,2023-10-17 14:45,남수동 남수동 정조로800번길,주행형,2023-12-01,,,
2023,수원시,영통구청,2023-10-17 14:53,망포동 E-마트 에브리데이 앞,고정형,2023-12-01,37.2361017468141,127.060345496536,
2023,수원시,장안구청,2023-10-17 14:53,연무동 경기도 수원시 장안구 연무동 244-6 105동 옆 삼거리 ,고정형,2023-12-01,,,
2023,수원시,장안구청,2023-10-17 14:54,연무동 경기도 수원시 장안구 연무동 244-6 105동 옆 삼거리 ,고정형,2023-12-01,,,
2023,수원시,권선구청,2023-10-17 14:56,서둔동 가온팰리스옆2,고정형,2023-12-01,,,
2023,수원시,권선구청,2023-10-17 15:07,서둔동 가온팰리스옆2,고정형,2023-12-01,,,
2023,수원시,팔달구청,2023-10-17 15:11,매산동 팅스몰 주차장 출구 옆,고정형,2023-12-01,,,
2023,수원시,팔달구청,2023-10-17 15:15,행궁동 팔달문 버스정류장,고정형,2023-12-01,,,
2023,수원시,장안구청,2023-10-17 15:24,"조원1동 조원동 351-10, 아이림 유치원 앞",고정형,2023-12-01,,,
2023,수원시,영통구청,2023-10-17 15:28,광교동 광교더사랑교회뒷길,고정형,2023-12-01,,,
2023,수원시,팔달구청,2023-10-17 15:28,북수동 북수동 수원천로375-1,주행형,2023-12-01,,,
2023,수원시,팔달구청,2023-10-17 15:28,북수동 북수동 수원천로375-1,주행형,2023-12-01,,,
2023,수원시,영통구청,2023-10-17 15:34,원천동 광교 한화겔러리아 앞,고정형,2023-12-01,,,
2023,수원시,장안구청,2023-10-17 15:35,"송죽동 송죽동 389-9, 로얄팰리스 103동 뒤편",고정형,2023-12-01,,,
2023,수원시,장안구청,2023-10-17 15:36,"조원1동 조원동 351-10, 아이림 유치원 앞",고정형,2023-12-01,,,
2023,수원시,팔달구청,2023-10-17 15:36,인계동 경인통계청,고정형,2023-12-01,,,
2023,수원시,권선구청,2023-10-17 15:48,서둔동 서둔로256번길,주행형,2023-12-01,,,
2023,수원시,장안구청,2023-10-17 15:49,연무동 경기도 수원시 장안구 연무동 244-6 105동 옆 삼거리 ,고정형,2023-12-01,,,
2023,수원시,권선구청,2023-10-17 15:49,서둔동 서둔로256번길,주행형,2023-12-01,,,
2023,수원시,장안구청,2023-10-17 15:53,"정자3동 정자동 869-1, 북수원도서관 앞",고정형,2023-12-01,,,
2023,수원시,권선구청,2023-10-17 16:02,입북동 당수초교 정문 우측 사거리,고정형,2023-12-01,,,
2023,수원시,장안구청,2023-10-17 16:06,"조원1동 조원동 351-10, 아이림 유치원 앞",고정형,2023-12-01,,,
2023,수원시,권선구청,2023-10-17 16:12,호매실동 금호프라자 대각 맞은편,고정형,2023-12-01,,,
2023,수원시,팔달구청,2023-10-17 16:19,매산동 팅스몰 주차장 출구 옆,고정형,2023-12-01,,,
2023,수원시,권선구청,2023-10-17 16:21,서둔동 가온팰리스옆2,고정형,2023-12-01,,,
2023,수원시,장안구청,2023-10-17 16:42,"송죽동 송죽동 389-9, 로얄팰리스 103동 뒤편",고정형,2023-12-01,,,
2023,수원시,장안구청,2023-10-17 16:52,"송죽동 송죽동 389-9, 로얄팰리스 103동 뒤편",고정형,2023-12-01,,,
2023,수원시,권선구청,2023-10-17 16:59,서둔동 가온팰리스옆1,고정형,2023-12-01,,,
2023,수원시,팔달구청,2023-10-17 17:00,매산동 팔달로 10번길 8,고정형,2023-12-01,,,
2023,수원시,장안구청,2023-10-17 17:02,"조원1동 조원동 351-10, 아이림 유치원 앞",고정형,2023-12-01,,,
2023,수원시,권선구청,2023-10-17 17:14,서둔동 가온팰리스옆2,고정형,2023-12-01,,,
2023,수원시,팔달구청,2023-10-17 17:16,인계동 경인통계청,고정형,2023-12-01,,,
2023,수원시,장안구청,2023-10-17 17:29,"조원1동 조원동 351-10, 아이림 유치원 앞",고정형,2023-12-01,,,
2023,수원시,권선구청,2023-10-17 17:33,세류3동 신곡초교 후문 좌측 사거리,고정형,2023-12-01,,,
2023,수원시,팔달구청,2023-10-17 17:35,인계동 경인통계청,고정형,2023-12-01,,,
2023,수원시,팔달구청,2023-10-17 17:35,인계동 경인통계청,고정형,2023-12-01,,,
2023,수원시,팔달구청,2023-10-17 17:37,매산동 팅스몰 주차장 출구 옆,고정형,2023-12-01,,,
2023,수원시,팔달구청,2023-10-17 17:43,매산동 팅스몰 주차장 출구 옆,고정형,2023-12-01,,,
2023,수원시,장안구청,2023-10-17 17:48,"송죽동 송죽동 389-9, 로얄팰리스 103동 뒤편",고정형,2023-12-01,,,
2023,수원시,장안구청,2023-10-17 17:50,"조원1동 조원동 351-10, 아이림 유치원 앞",고정형,2023-12-01,,,
2023,수원시,팔달구청,2023-10-17 18:08,매산동 팅스몰 주차장 출구 옆,고정형,2023-12-01,,,
2023,수원시,장안구청,2023-10-17 18:19,연무동 경기도 수원시 장안구 연무동 244-6 105동 옆 삼거리 ,고정형,2023-12-01,,,
2023,수원시,장안구청,2023-10-17 18:30,"송죽동 송죽동 389-9, 로얄팰리스 103동 뒤편",고정형,2023-12-01,,,
2023,수원시,장안구청,2023-10-17 18:47,"조원1동 조원동 351-10, 아이림 유치원 앞",고정형,2023-12-01,,,
2023,수원시,장안구청,2023-10-17 19:01,연무동 경기도 수원시 장안구 연무동 244-6 105동 옆 삼거리 ,고정형,2023-12-01,,,
2023,수원시,팔달구청,2023-10-17 19:16,화서1동 수원역푸르지오자이 북문 우측,고정형,2023-12-01,,,
2023,수원시,팔달구청,2023-10-17 19:18,매산동 팅스몰 주차장 출구 옆,고정형,2023-12-01,,,
2023,수원시,영통구청,2023-10-17 19:26,영통구 우만동 산55-5,주민신고제,2023-12-01,,,
2023,수원시,팔달구청,2023-10-17 19:27,매산동 팅스몰 주차장 출구 옆,고정형,2023-12-01,,,
2023,수원시,장안구청,2023-10-17 19:41,"조원1동 조원동 351-10, 아이림 유치원 앞",고정형,2023-12-01,,,
2023,수원시,영통구청,2023-10-17 19:56,원천동 광교매원초등학교,고정형,2023-12-01,,,
2023,수원시,장안구청,2023-10-17 19:57,"정자1동 정자동 343-18, 대림진흥아파트 삼거리",고정형,2023-12-01,,,
2023,수원시,팔달구청,2023-10-17 20:09,화서1동 푸르지오자이 북문 CU 앞 횡단보도,고정형,2023-12-01,,,
2023,수원시,팔달구청,2023-10-17 20:10,매산동 팅스몰 주차장 출구 옆,고정형,2023-12-01,,,
2023,수원시,팔달구청,2023-10-17 20:13,매산동 팅스몰 주차장 출구 옆,고정형,2023-12-01,,,
2023,수원시,장안구청,2023-10-17 20:16,"송죽동 송죽동 389-9, 로얄팰리스 103동 뒤편",고정형,2023-12-01,,,
2023,수원시,장안구청,2023-10-17 20:26,"정자1동 정자동 343-18, 대림진흥아파트 삼거리",고정형,2023-12-01,,,
2023,수원시,팔달구청,2023-10-17 21:25,화서1동 수원역푸르지오자이 북문 우측,고정형,2023-12-01,,,
2023,수원시,권선구청,2023-10-17 23:57,곡반정동 103-2 횡,국민신문고,2023-12-01,,,
2023,수원시,권선구청,2023-10-18 0:14,곡반정동 562-2,국민신문고,2023-12-01,,,
2023,수원시,권선구청,2023-10-18 0:29,곡반정동 118-5,국민신문고,2023-12-01,,,
2023,수원시,권선구청,2023-10-18 5:46,곡반정동 562-2,국민신문고,2023-12-01,,,
2023,수원시,팔달구청,2023-10-18 7:34,인계동 경인통계청,고정형,2023-12-01,,,
2023,수원시,팔달구청,2023-10-18 7:35,인계동 경인통계청,고정형,2023-12-01,,,
2023,수원시,팔달구청,2023-10-18 7:39,인계동 드림캐슬주상복합,고정형,2023-12-01,,,
2023,수원시,팔달구청,2023-10-18 7:44,매산동 역전농협,고정형,2023-12-01,,,
2023,수원시,영통구청,2023-10-18 7:46,경기도수원시영통구원천동 수원시 영통구 원천동 77,보행,2023-12-01,,,
2023,수원시,권선구청,2023-10-18 8:02,서둔동 가온팰리스옆2,고정형,2023-12-01,,,
2023,수원시,장안구청,2023-10-18 8:03,"정자3동 정자동 869-1, 북수원도서관 앞",고정형,2023-12-01,,,
2023,수원시,장안구청,2023-10-18 8:03,"조원1동 조원동 351-10, 아이림 유치원 앞",고정형,2023-12-01,,,
2023,수원시,장안구청,2023-10-18 8:04,"조원1동 조원동 351-10, 아이림 유치원 앞",고정형,2023-12-01,,,
2023,수원시,장안구청,2023-10-18 8:04,"정자3동 정자동 869-1, 북수원도서관 앞",고정형,2023-12-01,,,
2023,수원시,장안구청,2023-10-18 8:06,"조원1동 조원동 351-10, 아이림 유치원 앞",고정형,2023-12-01,,,
2023,수원시,장안구청,2023-10-18 8:07,"정자1동 정자동 343-18, 대림진흥아파트 삼거리",고정형,2023-12-01,,,
2023,수원시,장안구청,2023-10-18 8:14,연무동 경기도 수원시 장안구 연무동 244-6 105동 옆 삼거리 ,고정형,2023-12-01,,,
2023,수원시,팔달구청,2023-10-18 8:43,인계동 경인통계청,고정형,2023-12-01,,,
2023,수원시,장안구청,2023-10-18 9:04,"송죽동 송죽동 389-9, 로얄팰리스 103동 뒤편",고정형,2023-12-01,,,
2023,수원시,권선구청,2023-10-18 9:07,서둔동 가온팰리스옆2,고정형,2023-12-01,,,
2023,수원시,장안구청,2023-10-18 9:33,연무동 경기도 수원시 장안구 연무동 244-6 105동 옆 삼거리,고정형,2023-12-01,,,
2023,수원시,팔달구청,2023-10-18 9:49,인계동 드림캐슬주상복합,고정형,2023-12-01,,,
2023,수원시,팔달구청,2023-10-18 9:58,인계동 드림캐슬주상복합,고정형,2023-12-01,,,
2023,수원시,팔달구청,2023-10-18 10:23,남수동 남수동 정조로796번길,주행형,2023-12-01,,,
2023,수원시,팔달구청,2023-10-18 10:23,남수동 남수동 정조로796번길,주행형,2023-12-01,,,
2023,수원시,팔달구청,2023-10-18 10:23,남수동 남수동 정조로796번길,주행형,2023-12-01,,,
2023,수원시,팔달구청,2023-10-18 10:23,남수동 남수동 정조로796번길,주행형,2023-12-01,,,
2023,수원시,팔달구청,2023-10-18 10:24,팔달로2가 팔달로2가 팔달문로257,주행형,2023-12-01,,,
2023,수원시,팔달구청,2023-10-18 10:24,영동 영동 수원천로275,주행형,2023-12-01,,,
2023,수원시,팔달구청,2023-10-18 10:24,영동 영동 수원천로275,주행형,2023-12-01,,,
2023,수원시,영통구청,2023-10-18 10:28,이의동 드림스퀘어Ⅱ 앞,고정형,2023-12-01,,,
2023,수원시,영통구청,2023-10-18 10:43,경기도수원시영통구망포동 수원시 영통구 망포동 574,보행,2023-12-01,,,
2023,수원시,영통구청,2023-10-18 12:31,이의동 광교가재울마을사거리,고정형,2023-12-01,,,
2023,수원시,권선구청,2023-10-18 12:35,입북동 당수초교 정문 우측 사거리,고정형,2023-12-01,,,
2023,수원시,권선구청,2023-10-18 12:55,입북동 당수초교 정문 우측 사거리,고정형,2023-12-01,,,
2023,수원시,장안구청,2023-10-18 13:11,정자동 정자동 111-41,국민신문고,2023-12-01,,,
2023,수원시,영통구청,2023-10-18 13:16,광교동 광교 덴티움지식산업센터 앞 사거리,고정형,2023-12-01,,,
2023,수원시,팔달구청,2023-10-18 13:40,화서1동 수원역푸르지오자이 북문 우측,고정형,2023-12-01,,,
2023,수원시,장안구청,2023-10-18 13:50,"조원1동 조원동 351-10, 아이림 유치원 앞",고정형,2023-12-01,,,
2023,수원시,권선구청,2023-10-18 14:33,서둔동 가온팰리스옆2,고정형,2023-12-01,,,
2023,수원시,팔달구청,2023-10-18 14:33,인계동 한국씨티은행,고정형,2023-12-01,,,
2023,수원시,팔달구청,2023-10-18 14:34,인계동 드림캐슬주상복합,고정형,2023-12-01,,,
2023,수원시,팔달구청,2023-10-18 14:36,매산동 팅스몰 주차장 출구 옆,고정형,2023-12-01,,,
2023,수원시,팔달구청,2023-10-18 14:38,인계동 경인통계청,고정형,2023-12-01,,,
2023,수원시,팔달구청,2023-10-18 14:39,매산동 팅스몰 주차장 출구 옆,고정형,2023-12-01,,,
2023,수원시,팔달구청,2023-10-18 14:40,행궁동 화홍사랑채,고정형,2023-12-01,,,
2023,수원시,장안구청,2023-10-18 14:44,"송죽동 송죽동 389-9, 로얄팰리스 103동 뒤편",고정형,2023-12-01,,,
2023,수원시,팔달구청,2023-10-18 14:47,팔달로2가 팔달로2가 정조로796번길,주행형,2023-12-01,,,
2023,수원시,팔달구청,2023-10-18 14:47,남수동 남수동 정조로796번길,주행형,2023-12-01,,,
2023,수원시,팔달구청,2023-10-18 14:58,남수동 남수동 정조로810번길,주행형,2023-12-01,,,
2023,수원시,팔달구청,2023-10-18 15:01,화서1동 수원역푸르지오자이 북문 우측,고정형,2023-12-01,,,
2023,수원시,장안구청,2023-10-18 15:04,연무동 경기도 수원시 장안구 연무동 244-6 105동 옆 삼거리 ,고정형,2023-12-01,,,
2023,수원시,팔달구청,2023-10-18 15:04,매향동 매향동 창룡대로52,주행형,2023-12-01,,,
2023,수원시,팔달구청,2023-10-18 15:05,매향동 매향동 창룡대로86,주행형,2023-12-01,,,
2023,수원시,팔달구청,2023-10-18 15:07,북수동 북수동 수원천로372,주행형,2023-12-01,,,
2023,수원시,장안구청,2023-10-18 15:07,"송죽동 송죽동 389-9, 로얄팰리스 103동 뒤편",고정형,2023-12-01,,,
2023,수원시,팔달구청,2023-10-18 15:16,북수동 쌈지공원 앞,고정형,2023-12-01,,,
2023,수원시,권선구청,2023-10-18 15:30,서둔동 가온팰리스옆2,고정형,2023-12-01,,,
2023,수원시,장안구청,2023-10-18 15:33,"정자3동 정자동 869-1, 북수원도서관 앞",고정형,2023-12-01,,,
2023,수원시,팔달구청,2023-10-18 15:36,행궁동 화홍사랑채,고정형,2023-12-01,,,
2023,수원시,장안구청,2023-10-18 15:51,"조원1동 조원동 351-10, 아이림 유치원 앞",고정형,2023-12-01,,,
2023,수원시,장안구청,2023-10-18 16:04,"조원1동 조원동 351-10, 아이림 유치원 앞",고정형,2023-12-01,,,
2023,수원시,영통구청,2023-10-18 16:10,영통구 우만동85-9,주민신고제,2023-12-01,,,
2023,수원시,팔달구청,2023-10-18 16:12,인계동 드림캐슬주상복합,고정형,2023-12-01,,,
2023,수원시,장안구청,2023-10-18 16:20,연무동 경기도 수원시 장안구 연무동 244-6 105동 옆 삼거리 ,고정형,2023-12-01,,,
2023,수원시,권선구청,2023-10-18 16:48,입북동 당수초교 정문 우측 사거리,고정형,2023-12-01,,,
2023,수원시,팔달구청,2023-10-18 17:01,매산동 팅스몰 주차장 출구 옆,고정형,2023-12-01,,,
2023,수원시,팔달구청,2023-10-18 17:02,인계동 경인통계청,고정형,2023-12-01,,,
2023,수원시,팔달구청,2023-10-18 17:02,인계동 경인통계청,고정형,2023-12-01,,,
2023,수원시,영통구청,2023-10-18 17:07,망포동 힐스테이트 119동 ~방죽공원 삼거리,고정형,2023-12-01,,,
2023,수원시,장안구청,2023-10-18 17:07,"송죽동 송죽동 389-9, 로얄팰리스 103동 뒤편",고정형,2023-12-01,,,
2023,수원시,팔달구청,2023-10-18 17:10,매산동 팅스몰 주차장 출구 옆,고정형,2023-12-01,,,
2023,수원시,장안구청,2023-10-18 17:16,"조원1동 조원동 351-10, 아이림 유치원 앞",고정형,2023-12-01,,,
2023,수원시,권선구청,2023-10-18 17:25,서둔동 가온팰리스옆2,고정형,2023-12-01,,,
2023,수원시,영통구청,2023-10-18 17:28,이의동 드림스퀘어Ⅱ 앞,고정형,2023-12-01,,,
2023,수원시,장안구청,2023-10-18 17:34,"조원1동 조원동 351-10, 아이림 유치원 앞",고정형,2023-12-01,,,
2023,수원시,영통구청,2023-10-18 17:38,망포동 힐스테이트 119동 ~방죽공원 삼거리,고정형,2023-12-01,,,
2023,수원시,권선구청,2023-10-18 17:39,세류3동 신곡초교 후문 좌측 사거리,고정형,2023-12-01,,,
2023,수원시,장안구청,2023-10-18 17:52,"조원1동 조원동 351-10, 아이림 유치원 앞",고정형,2023-12-01,,,
2023,수원시,영통구청,2023-10-18 18:11,망포동 힐스테이트 119동 ~방죽공원 삼거리,고정형,2023-12-01,,,
2023,수원시,장안구청,2023-10-18 18:21,연무동 경기도 수원시 장안구 연무동 244-6 105동 옆 삼거리 ,고정형,2023-12-01,,,
2023,수원시,장안구청,2023-10-18 18:21,연무동 경기도 수원시 장안구 연무동 244-6 105동 옆 삼거리 ,고정형,2023-12-01,,,
2023,수원시,장안구청,2023-10-18 18:24,연무동 경기도 수원시 장안구 연무동 244-6 105동 옆 삼거리 ,고정형,2023-12-01,,,
2023,수원시,장안구청,2023-10-18 18:28,연무동 경기도 수원시 장안구 연무동 244-6 105동 옆 삼거리 ,고정형,2023-12-01,,,
2023,수원시,장안구청,2023-10-18 18:31,"송죽동 송죽동 389-9, 로얄팰리스 103동 뒤편",고정형,2023-12-01,,,
2023,수원시,팔달구청,2023-10-18 18:33,매산동 팅스몰 주차장 출구 옆,고정형,2023-12-01,,,
2023,수원시,장안구청,2023-10-18 18:36,"송죽동 송죽동 389-9, 로얄팰리스 103동 뒤편",고정형,2023-12-01,,,
2023,수원시,팔달구청,2023-10-18 18:44,매산동 팅스몰 주차장 출구 옆,고정형,2023-12-01,,,
2023,수원시,팔달구청,2023-10-18 18:44,매산동 팅스몰 주차장 출구 옆,고정형,2023-12-01,,,
2023,수원시,장안구청,2023-10-18 18:45,"정자1동 정자동 343-18, 대림진흥아파트 삼거리",고정형,2023-12-01,,,
2023,수원시,팔달구청,2023-10-18 18:57,화서1동 푸르지오자이 북문 CU 앞 횡단보도,고정형,2023-12-01,,,
2023,수원시,장안구청,2023-10-18 19:06,연무동 경기도 수원시 장안구 연무동 244-6 105동 옆 삼거리,고정형,2023-12-01,,,
2023,수원시,팔달구청,2023-10-18 19:08,인계동 드림캐슬주상복합,고정형,2023-12-01,,,
2023,수원시,장안구청,2023-10-18 19:23,"송죽동 송죽동 389-9, 로얄팰리스 103동 뒤편",고정형,2023-12-01,,,
2023,수원시,장안구청,2023-10-18 19:24,"조원1동 조원동 351-10, 아이림 유치원 앞",고정형,2023-12-01,,,
2023,수원시,팔달구청,2023-10-18 19:49,인계동 드림캐슬주상복합,고정형,2023-12-01,,,
2023,수원시,권선구청,2023-10-18 19:50,입북동 율전로37번길,주행형,2023-12-01,,,
2023,수원시,권선구청,2023-10-18 19:50,입북동 율전로37번길,주행형,2023-12-01,,,
2023,수원시,권선구청,2023-10-18 19:50,입북동 율전로37번길,주행형,2023-12-01,,,
2023,수원시,권선구청,2023-10-18 19:50,입북동 율전로37번길,주행형,2023-12-01,,,
2023,수원시,권선구청,2023-10-18 19:51,입북동 율전로37번길,주행형,2023-12-01,,,
2023,수원시,권선구청,2023-10-18 19:51,입북동 율전로37번길,주행형,2023-12-01,,,
2023,수원시,권선구청,2023-10-18 19:51,입북동 율전로37번길,주행형,2023-12-01,,,
2023,수원시,팔달구청,2023-10-18 19:51,인계동 드림캐슬주상복합,고정형,2023-12-01,,,
2023,수원시,권선구청,2023-10-18 19:51,입북동 율전로37번길,주행형,2023-12-01,,,
2023,수원시,권선구청,2023-10-18 19:52,입북동 율전로37번길,주행형,2023-12-01,,,
2023,수원시,권선구청,2023-10-18 19:52,입북동 율전로37번길,주행형,2023-12-01,,,
2023,수원시,권선구청,2023-10-18 19:52,입북동 율전로37번길,주행형,2023-12-01,,,
2023,수원시,권선구청,2023-10-18 19:52,입북동 율전로37번길,주행형,2023-12-01,,,
2023,수원시,권선구청,2023-10-18 19:52,입북동 율전로37번길,주행형,2023-12-01,,,
2023,수원시,팔달구청,2023-10-18 19:54,매산동 팔달로 10번길 8,고정형,2023-12-01,,,
2023,수원시,팔달구청,2023-10-18 19:58,매산동 팅스몰 주차장 출구 옆,고정형,2023-12-01,,,
2023,수원시,장안구청,2023-10-18 20:21,"조원1동 조원동 351-10, 아이림 유치원 앞",고정형,2023-12-01,,,
2023,수원시,영통구청,2023-10-18 20:37,원천동 광교매원초등학교,고정형,2023-12-01,,,
2023,수원시,팔달구청,2023-10-18 20:50,인계동 드림캐슬주상복합,고정형,2023-12-01,,,
2023,수원시,팔달구청,2023-10-18 20:50,인계동 드림캐슬주상복합,고정형,2023-12-01,,,
2023,수원시,팔달구청,2023-10-18 21:06,인계동 드림캐슬주상복합,고정형,2023-12-01,,,
2023,수원시,팔달구청,2023-10-18 21:34,인계동 드림캐슬주상복합,고정형,2023-12-01,,,
2023,수원시,권선구청,2023-10-18 22:47,오목천동 527-20,국민신문고,2023-12-01,,,
2023,수원시,팔달구청,2023-10-19 7:33,매산동 팅스몰 주차장 출구 옆,고정형,2023-12-01,,,
2023,수원시,팔달구청,2023-10-19 7:33,매산동 팅스몰 주차장 출구 옆,고정형,2023-12-01,,,
2023,수원시,팔달구청,2023-10-19 7:33,인계동 경인통계청,고정형,2023-12-01,,,
2023,수원시,팔달구청,2023-10-19 7:33,인계동 드림캐슬주상복합,고정형,2023-12-01,,,
2023,수원시,팔달구청,2023-10-19 7:33,인계동 드림캐슬주상복합,고정형,2023-12-01,,,
2023,수원시,팔달구청,2023-10-19 7:35,행궁동 화홍사랑채,고정형,2023-12-01,,,
2023,수원시,장안구청,2023-10-19 8:02,연무동 경기도 수원시 장안구 연무동 244-6 105동 옆 삼거리 ,고정형,2023-12-01,,,
2023,수원시,권선구청,2023-10-19 8:02,곡반정동 하나로마트한국빌딩앞,고정형,2023-12-01,,,
2023,수원시,팔달구청,2023-10-19 8:02,북수동 쌈지공원 앞,고정형,2023-12-01,,,
2023,수원시,장안구청,2023-10-19 8:03,"조원1동 조원동 351-10, 아이림 유치원 앞",고정형,2023-12-01,,,
2023,수원시,장안구청,2023-10-19 8:04,"조원1동 조원동 351-10, 아이림 유치원 앞",고정형,2023-12-01,,,
2023,수원시,장안구청,2023-10-19 8:04,"조원1동 조원동 351-10, 아이림 유치원 앞",고정형,2023-12-01,,,
2023,수원시,권선구청,2023-10-19 8:04,서둔동 가온팰리스옆2,고정형,2023-12-01,,,
2023,수원시,권선구청,2023-10-19 8:05,곡반정동 하나로마트한국빌딩앞,고정형,2023-12-01,,,
2023,수원시,장안구청,2023-10-19 8:09,"조원1동 조원동 351-10, 아이림 유치원 앞",고정형,2023-12-01,,,
2023,수원시,장안구청,2023-10-19 8:10,"정자1동 정자동 343-18, 대림진흥아파트 삼거리",고정형,2023-12-01,,,
2023,수원시,장안구청,2023-10-19 8:10,연무동 경기도 수원시 장안구 연무동 244-6 105동 옆 삼거리,고정형,2023-12-01,,,
2023,수원시,장안구청,2023-10-19 8:11,"정자1동 정자동 343-18, 대림진흥아파트 삼거리",고정형,2023-12-01,,,
2023,수원시,팔달구청,2023-10-19 8:34,화서1동 화서초등학교 둘레길 중간지점,고정형,2023-12-01,,,
2023,수원시,권선구청,2023-10-19 8:53,경기도수원시권선구고색동 수원시 권선구 고색동 129-4,보행,2023-12-01,,,
2023,수원시,장안구청,2023-10-19 9:03,"송죽동 송죽동 389-9, 로얄팰리스 103동 뒤편",고정형,2023-12-01,,,
2023,수원시,팔달구청,2023-10-19 9:47,인계동 경인통계청,고정형,2023-12-01,,,
2023,수원시,장안구청,2023-10-19 10:01,"정자1동 정자동 343-18, 대림진흥아파트 삼거리",고정형,2023-12-01,,,
2023,수원시,팔달구청,2023-10-19 10:30,매산동 팅스몰 주차장 출구 옆,고정형,2023-12-01,,,
2023,수원시,권선구청,2023-10-19 10:30,곡반정동 하나로마트한국빌딩앞,고정형,2023-12-01,,,
2023,수원시,권선구청,2023-10-19 10:30,세류3동 신곡초교 후문 좌측 사거리,고정형,2023-12-01,,,
2023,수원시,팔달구청,2023-10-19 11:05,매산동 역전농협,고정형,2023-12-01,,,
2023,수원시,장안구청,2023-10-19 13:42,"조원1동 조원동 351-10, 아이림 유치원 앞",고정형,2023-12-01,,,
2023,수원시,장안구청,2023-10-19 14:06,"조원1동 조원동 351-10, 아이림 유치원 앞",고정형,2023-12-01,,,
2023,수원시,장안구청,2023-10-19 14:27,연무동 경기도 수원시 장안구 연무동 244-6 105동 옆 삼거리 ,고정형,2023-12-01,,,
2023,수원시,권선구청,2023-10-19 14:32,호매실동 금호프라자 대각 맞은편,고정형,2023-12-01,,,
2023,수원시,팔달구청,2023-10-19 14:33,매산동 팔달로 10번길 8,고정형,2023-12-01,,,
2023,수원시,장안구청,2023-10-19 14:34,"정자3동 정자동 869-1, 북수원도서관 앞",고정형,2023-12-01,,,
2023,수원시,팔달구청,2023-10-19 14:35,남수동 남수동 정조로800번길,주행형,2023-12-01,,,
2023,수원시,팔달구청,2023-10-19 14:35,남수동 남수동 정조로800번길,주행형,2023-12-01,,,
2023,수원시,팔달구청,2023-10-19 14:35,남수동 남수동 정조로800번길,주행형,2023-12-01,,,
2023,수원시,팔달구청,2023-10-19 14:35,남수동 남수동 정조로800번길,주행형,2023-12-01,,,
2023,수원시,권선구청,2023-10-19 14:35,서둔동 가온팰리스옆2,고정형,2023-12-01,,,
2023,수원시,팔달구청,2023-10-19 14:37,팔달로2가 팔달로2가 정조로796번길,주행형,2023-12-01,,,
2023,수원시,팔달구청,2023-10-19 14:37,팔달로2가 팔달로2가 정조로796번길,주행형,2023-12-01,,,
2023,수원시,팔달구청,2023-10-19 14:37,남수동 남수동 정조로796번길,주행형,2023-12-01,,,
2023,수원시,팔달구청,2023-10-19 14:37,남수동 남수동 정조로796번길,주행형,2023-12-01,,,
2023,수원시,팔달구청,2023-10-19 14:38,영동 영동 수원천로275,주행형,2023-12-01,,,
2023,수원시,팔달구청,2023-10-19 14:38,영동 영동 수원천로255,주행형,2023-12-01,,,
2023,수원시,팔달구청,2023-10-19 14:44,인계동 경인통계청,고정형,2023-12-01,,,
2023,수원시,팔달구청,2023-10-19 14:46,인계동 드림캐슬주상복합,고정형,2023-12-01,,,
2023,수원시,팔달구청,2023-10-19 14:49,인계동 드림캐슬주상복합,고정형,2023-12-01,,,
2023,수원시,장안구청,2023-10-19 14:59,"정자3동 정자동 869-1, 북수원도서관 앞",고정형,2023-12-01,,,
2023,수원시,팔달구청,2023-10-19 15:06,인계동 드림캐슬주상복합,고정형,2023-12-01,,,
2023,수원시,팔달구청,2023-10-19 15:07,인계동 드림캐슬주상복합,고정형,2023-12-01,,,
2023,수원시,권선구청,2023-10-19 15:08,서둔동 가온팰리스옆2,고정형,2023-12-01,,,
2023,수원시,장안구청,2023-10-19 15:26,"조원1동 조원동 351-10, 아이림 유치원 앞",고정형,2023-12-01,,,
2023,수원시,팔달구청,2023-10-19 15:26,행궁동 팔달문 버스정류장,고정형,2023-12-01,,,
2023,수원시,영통구청,2023-10-19 15:30,경기도수원시영통구원천동 수원시 영통구 원천동 250,보행,2023-12-01,,,
2023,수원시,팔달구청,2023-10-19 15:49,인계동 한국씨티은행,고정형,2023-12-01,,,
2023,수원시,장안구청,2023-10-19 16:00,연무동 경기도 수원시 장안구 연무동 244-6 105동 옆 삼거리 ,고정형,2023-12-01,,,
2023,수원시,팔달구청,2023-10-19 16:01,인계동 드림캐슬주상복합,고정형,2023-12-01,,,
2023,수원시,팔달구청,2023-10-19 16:14,인계동 드림캐슬주상복합,고정형,2023-12-01,,,
2023,수원시,장안구청,2023-10-19 16:47,"조원1동 조원동 351-10, 아이림 유치원 앞",고정형,2023-12-01,,,
2023,수원시,권선구청,2023-10-19 16:48,권선2동 곡정초교 정문 좌측 사거리,고정형,2023-12-01,,,
2023,수원시,권선구청,2023-10-19 16:58,곡반정동 하나로마트한국빌딩앞,고정형,2023-12-01,,,
2023,수원시,팔달구청,2023-10-19 17:05,인계동 드림캐슬주상복합,고정형,2023-12-01,,,
2023,수원시,장안구청,2023-10-19 17:15,"송죽동 송죽동 389-9, 로얄팰리스 103동 뒤편",고정형,2023-12-01,,,
2023,수원시,팔달구청,2023-10-19 17:29,인계동 드림캐슬주상복합,고정형,2023-12-01,,,
2023,수원시,장안구청,2023-10-19 17:35,"조원1동 조원동 351-10, 아이림 유치원 앞",고정형,2023-12-01,,,
2023,수원시,장안구청,2023-10-19 17:36,"송죽동 송죽동 389-9, 로얄팰리스 103동 뒤편",고정형,2023-12-01,,,
2023,수원시,권선구청,2023-10-19 17:37,곡반정동 하나로마트한국빌딩앞,고정형,2023-12-01,,,
2023,수원시,권선구청,2023-10-19 17:37,곡반정동 하나로마트한국빌딩앞,고정형,2023-12-01,,,
2023,수원시,팔달구청,2023-10-19 18:38,매산동 팅스몰 주차장 출구 옆,고정형,2023-12-01,,,
2023,수원시,팔달구청,2023-10-19 18:39,화서1동 수원역푸르지오자이 북문 우측,고정형,2023-12-01,,,
2023,수원시,팔달구청,2023-10-19 18:39,화서1동 수원역푸르지오자이 북문 우측,고정형,2023-12-01,,,
2023,수원시,장안구청,2023-10-19 18:52,"송죽동 송죽동 389-9, 로얄팰리스 103동 뒤편",고정형,2023-12-01,,,
2023,수원시,장안구청,2023-10-19 18:54,연무동 경기도 수원시 장안구 연무동 244-6 105동 옆 삼거리 ,고정형,2023-12-01,,,
2023,수원시,팔달구청,2023-10-19 18:54,인계동 드림캐슬주상복합,고정형,2023-12-01,,,
2023,수원시,장안구청,2023-10-19 18:57,"조원1동 조원동 351-10, 아이림 유치원 앞",고정형,2023-12-01,,,
2023,수원시,권선구청,2023-10-19 19:11,오목천동 473-2,국민신문고,2023-12-01,,,
2023,수원시,팔달구청,2023-10-19 19:31,화서1동 푸르지오자이 북문 CU 앞 횡단보도,고정형,2023-12-01,,,
2023,수원시,장안구청,2023-10-19 19:56,"송죽동 송죽동 389-9, 로얄팰리스 103동 뒤편",고정형,2023-12-01,,,
2023,수원시,팔달구청,2023-10-19 20:02,인계동 드림캐슬주상복합,고정형,2023-12-01,,,
2023,수원시,팔달구청,2023-10-19 20:06,매산동 팔달로 10번길 8,고정형,2023-12-01,,,
2023,수원시,팔달구청,2023-10-19 20:17,인계동 드림캐슬주상복합,고정형,2023-12-01,,,
2023,수원시,팔달구청,2023-10-19 20:57,인계동 드림캐슬주상복합,고정형,2023-12-01,,,
2023,수원시,팔달구청,2023-10-19 20:59,매산동 역전농협,고정형,2023-12-01,,,
2023,수원시,팔달구청,2023-10-19 21:43,인계동 드림캐슬주상복합,고정형,2023-12-01,,,
2023,수원시,권선구청,2023-10-19 23:04,곡반정동 562-2,국민신문고,2023-12-01,,,
2023,수원시,권선구청,2023-10-19 23:04,곡반정동 562-2,국민신문고,2023-12-01,,,
2023,수원시,권선구청,2023-10-19 23:04,곡반정동 562-2,국민신문고,2023-12-01,,,
2023,수원시,권선구청,2023-10-19 23:05,곡반정동 562-2,국민신문고,2023-12-01,,,
2023,수원시,권선구청,2023-10-19 23:33,곡반정동 562-2,국민신문고,2023-12-01,,,
2023,수원시,권선구청,2023-10-20 5:46,곡반정동 562-2 횡단보도,국민신문고,2023-12-01,,,
2023,수원시,권선구청,2023-10-20 5:46,곡반정동 562-2 횡단보도,국민신문고,2023-12-01,,,
2023,수원시,팔달구청,2023-10-20 7:33,인계동 경인통계청,고정형,2023-12-01,,,
2023,수원시,팔달구청,2023-10-20 7:33,매산동 팅스몰 주차장 출구 옆,고정형,2023-12-01,,,
2023,수원시,팔달구청,2023-10-20 7:33,매산동 팅스몰 주차장 출구 옆,고정형,2023-12-01,,,
2023,수원시,팔달구청,2023-10-20 7:34,인계동 경인통계청,고정형,2023-12-01,,,
2023,수원시,팔달구청,2023-10-20 7:47,인계동 드림캐슬주상복합,고정형,2023-12-01,,,
2023,수원시,장안구청,2023-10-20 8:03,"송죽동 송죽동 389-9, 로얄팰리스 103동 뒤편",고정형,2023-12-01,,,
2023,수원시,팔달구청,2023-10-20 8:03,북수동 쌈지공원 앞,고정형,2023-12-01,,,
2023,수원시,팔달구청,2023-10-20 8:03,북수동 쌈지공원 앞,고정형,2023-12-01,,,
2023,수원시,권선구청,2023-10-20 8:03,곡반정동 하나로마트한국빌딩앞,고정형,2023-12-01,,,
2023,수원시,장안구청,2023-10-20 8:03,"송죽동 송죽동 389-9, 로얄팰리스 103동 뒤편",고정형,2023-12-01,,,
2023,수원시,장안구청,2023-10-20 8:04,"조원1동 조원동 351-10, 아이림 유치원 앞",고정형,2023-12-01,,,
2023,수원시,장안구청,2023-10-20 8:05,연무동 경기도 수원시 장안구 연무동 244-6 105동 옆 삼거리 ,고정형,2023-12-01,,,
2023,수원시,장안구청,2023-10-20 8:05,"조원1동 조원동 351-10, 아이림 유치원 앞",고정형,2023-12-01,,,
2023,수원시,권선구청,2023-10-20 8:07,서둔동 가온팰리스옆2,고정형,2023-12-01,,,
2023,수원시,팔달구청,2023-10-20 8:10,인계동 경인통계청,고정형,2023-12-01,,,
2023,수원시,팔달구청,2023-10-20 8:17,매산동 팅스몰 주차장 출구 옆,고정형,2023-12-01,,,
2023,수원시,장안구청,2023-10-20 8:31,"정자1동 정자동 343-18, 대림진흥아파트 삼거리",고정형,2023-12-01,,,
2023,수원시,장안구청,2023-10-20 8:48,"송죽동 송죽동 389-9, 로얄팰리스 103동 뒤편",고정형,2023-12-01,,,
2023,수원시,권선구청,2023-10-20 9:03,서둔동 가온팰리스옆2,고정형,2023-12-01,,,
2023,수원시,장안구청,2023-10-20 9:16,정자동 정자동 111-31,국민신문고,2023-12-01,,,
2023,수원시,권선구청,2023-10-20 9:43,호매실동 금호프라자 대각 맞은편,고정형,2023-12-01,,,
2023,수원시,장안구청,2023-10-20 9:47,"송죽동 송죽동 389-9, 로얄팰리스 103동 뒤편",고정형,2023-12-01,,,
2023,수원시,장안구청,2023-10-20 9:53,"송죽동 송죽동 389-9, 로얄팰리스 103동 뒤편",고정형,2023-12-01,,,
2023,수원시,영통구청,2023-10-20 10:10,이의동 드림스퀘어Ⅱ 앞,고정형,2023-12-01,,,
2023,수원시,장안구청,2023-10-20 10:17,연무동 경기도 수원시 장안구 연무동 244-6 105동 옆 삼거리 ,고정형,2023-12-01,,,
2023,수원시,장안구청,2023-10-20 10:17,연무동 경기도 수원시 장안구 연무동 244-6 105동 옆 삼거리 ,고정형,2023-12-01,,,
2023,수원시,팔달구청,2023-10-20 10:50,매교동 185-25 (인도),국민신문고,2023-12-01,,,
2023,수원시,영통구청,2023-10-20 11:22,광교동 광교 덴티움지식산업센터 앞 사거리,고정형,2023-12-01,,,
2023,수원시,장안구청,2023-10-20 12:09,"조원1동 조원동 351-10, 아이림 유치원 앞",고정형,2023-12-01,,,
2023,수원시,장안구청,2023-10-20 12:09,"조원1동 조원동 351-10, 아이림 유치원 앞",고정형,2023-12-01,,,
2023,수원시,권선구청,2023-10-20 12:23,고색동 도이치 고객주차장 출입구,고정형,2023-12-01,,,
2023,수원시,팔달구청,2023-10-20 12:36,고등동 수원초등학교 정문 좌측 사거리,고정형,2023-12-01,,,
2023,수원시,영통구청,2023-10-20 13:34,영통동 롯데마트 뒤,고정형,2023-12-01,37.27220279535416,127.10856729001851,
2023,수원시,장안구청,2023-10-20 13:44,"조원1동 조원동 351-10, 아이림 유치원 앞",고정형,2023-12-01,,,
2023,수원시,장안구청,2023-10-20 13:54,"조원1동 조원동 351-10, 아이림 유치원 앞",고정형,2023-12-01,,,
2023,수원시,장안구청,2023-10-20 14:06,"정자1동 정자동 343-18, 대림진흥아파트 삼거리",고정형,2023-12-01,,,
2023,수원시,장안구청,2023-10-20 14:22,"송죽동 송죽동 389-9, 로얄팰리스 103동 뒤편",고정형,2023-12-01,,,
2023,수원시,팔달구청,2023-10-20 14:25,고등동 215-29 (소화전),국민신문고,2023-12-01,,,
2023,수원시,팔달구청,2023-10-20 14:28,남수동 남수동 정조로800번길,주행형,2023-12-01,,,
2023,수원시,팔달구청,2023-10-20 14:30,팔달로2가 팔달로2가 정조로796번길,주행형,2023-12-01,,,
2023,수원시,팔달구청,2023-10-20 14:30,남수동 남수동 정조로796번길,주행형,2023-12-01,,,
2023,수원시,팔달구청,2023-10-20 14:30,남수동 남수동 정조로796번길,주행형,2023-12-01,,,
2023,수원시,팔달구청,2023-10-20 14:30,남수동 남수동 정조로800번길,주행형,2023-12-01,,,
2023,수원시,팔달구청,2023-10-20 14:35,인계동 경인통계청,고정형,2023-12-01,,,
2023,수원시,팔달구청,2023-10-20 14:36,인계동 인계동 수원천로231번길,주행형,2023-12-01,,,
2023,수원시,팔달구청,2023-10-20 14:37,인계동 인계동 매산로169,주행형,2023-12-01,,,
2023,수원시,팔달구청,2023-10-20 14:38,인계동 인계동 매산로169,주행형,2023-12-01,,,
2023,수원시,영통구청,2023-10-20 14:39,이의동 드림스퀘어Ⅱ 앞,고정형,2023-12-01,,,
2023,수원시,팔달구청,2023-10-20 14:43,매산동 팅스몰 주차장 출구 옆,고정형,2023-12-01,,,
2023,수원시,팔달구청,2023-10-20 14:47,매산동 팅스몰 주차장 출구 옆,고정형,2023-12-01,,,
2023,수원시,권선구청,2023-10-20 14:48,서둔동 서둔로256번길,주행형,2023-12-01,,,
2023,수원시,권선구청,2023-10-20 14:48,서둔동 서둔로256번길,주행형,2023-12-01,,,
2023,수원시,권선구청,2023-10-20 14:49,서둔동 가온팰리스옆2,고정형,2023-12-01,,,
2023,수원시,팔달구청,2023-10-20 14:49,신풍동 172-7 (인도),국민신문고,2023-12-01,,,
2023,수원시,팔달구청,2023-10-20 15:00,북수동 쌈지공원 앞,고정형,2023-12-01,,,
2023,수원시,장안구청,2023-10-20 15:03,"조원1동 조원동 351-10, 아이림 유치원 앞",고정형,2023-12-01,,,
2023,수원시,장안구청,2023-10-20 15:12,"정자1동 정자동 343-18, 대림진흥아파트 삼거리",고정형,2023-12-01,,,
2023,수원시,장안구청,2023-10-20 15:23,"조원1동 조원동 351-10, 아이림 유치원 앞",고정형,2023-12-01,,,
2023,수원시,권선구청,2023-10-20 15:26,곡반정동 139-3 인도,국민신문고,2023-12-01,,,
2023,수원시,장안구청,2023-10-20 15:27,"정자1동 정자동 343-18, 대림진흥아파트 삼거리",고정형,2023-12-01,,,
2023,수원시,팔달구청,2023-10-20 15:42,인계동 드림캐슬주상복합,고정형,2023-12-01,,,
2023,수원시,장안구청,2023-10-20 15:42,"조원1동 조원동 351-10, 아이림 유치원 앞",고정형,2023-12-01,,,
2023,수원시,장안구청,2023-10-20 15:47,"송죽동 송죽동 389-9, 로얄팰리스 103동 뒤편",고정형,2023-12-01,,,
2023,수원시,권선구청,2023-10-20 15:58,입북동 율전로37번길,주행형,2023-12-01,,,
2023,수원시,권선구청,2023-10-20 15:58,입북동 율전로37번길,주행형,2023-12-01,,,
2023,수원시,권선구청,2023-10-20 15:58,입북동 율전로37번길,주행형,2023-12-01,,,
2023,수원시,권선구청,2023-10-20 15:58,입북동 율전로37번길,주행형,2023-12-01,,,
2023,수원시,권선구청,2023-10-20 15:59,입북동 율전로37번길,주행형,2023-12-01,,,
2023,수원시,장안구청,2023-10-20 15:59,"조원1동 조원동 351-10, 아이림 유치원 앞",고정형,2023-12-01,,,
2023,수원시,권선구청,2023-10-20 15:59,입북동 율전로37번길,주행형,2023-12-01,,,
2023,수원시,권선구청,2023-10-20 15:59,입북동 율전로37번길,주행형,2023-12-01,,,
2023,수원시,권선구청,2023-10-20 16:00,입북동 율전로37번길,주행형,2023-12-01,,,
2023,수원시,권선구청,2023-10-20 16:00,입북동 율전로37번길,주행형,2023-12-01,,,
2023,수원시,권선구청,2023-10-20 16:00,입북동 율전로37번길,주행형,2023-12-01,,,
2023,수원시,팔달구청,2023-10-20 16:13,화서1동 푸르지오자이 북문 CU 앞 횡단보도,고정형,2023-12-01,,,
2023,수원시,권선구청,2023-10-20 16:35,세류3동 신곡초교 후문 좌측 사거리,고정형,2023-12-01,,,
2023,수원시,팔달구청,2023-10-20 16:43,북수동 쌈지공원 앞,고정형,2023-12-01,,,
2023,수원시,권선구청,2023-10-20 16:56,곡반정동 하나로마트한국빌딩앞,고정형,2023-12-01,,,
2023,수원시,팔달구청,2023-10-20 16:56,매산동 팅스몰 주차장 출구 옆,고정형,2023-12-01,,,
2023,수원시,장안구청,2023-10-20 17:01,"송죽동 송죽동 389-9, 로얄팰리스 103동 뒤편",고정형,2023-12-01,,,
2023,수원시,장안구청,2023-10-20 17:06,"송죽동 송죽동 389-9, 로얄팰리스 103동 뒤편",고정형,2023-12-01,,,
2023,수원시,권선구청,2023-10-20 17:08,오목천동 한화꿈에그린아파트 209동앞,고정형,2023-12-01,,,
2023,수원시,장안구청,2023-10-20 17:10,"송죽동 송죽동 389-9, 로얄팰리스 103동 뒤편",고정형,2023-12-01,,,
2023,수원시,팔달구청,2023-10-20 17:13,인계동 한국씨티은행,고정형,2023-12-01,,,
2023,수원시,팔달구청,2023-10-20 17:18,북수동 쌈지공원 앞,고정형,2023-12-01,,,
2023,수원시,팔달구청,2023-10-20 17:22,행궁동 화홍사랑채,고정형,2023-12-01,,,
2023,수원시,팔달구청,2023-10-20 17:27,북수동 쌈지공원 앞,고정형,2023-12-01,,,
2023,수원시,팔달구청,2023-10-20 17:27,북수동 쌈지공원 앞,고정형,2023-12-01,,,
2023,수원시,팔달구청,2023-10-20 17:30,매산동 팅스몰 주차장 출구 옆,고정형,2023-12-01,,,
2023,수원시,팔달구청,2023-10-20 17:32,북수동 북수동 421-40 인도,국민신문고,2023-12-01,,,
2023,수원시,권선구청,2023-10-20 17:34,세류3동 신곡초교 후문 좌측 사거리,고정형,2023-12-01,,,
2023,수원시,장안구청,2023-10-20 17:42,"조원1동 조원동 351-10, 아이림 유치원 앞",고정형,2023-12-01,,,
2023,수원시,장안구청,2023-10-20 18:00,연무동 경기도 수원시 장안구 연무동 244-6 105동 옆 삼거리 ,고정형,2023-12-01,,,
2023,수원시,장안구청,2023-10-20 18:04,연무동 경기도 수원시 장안구 연무동 244-6 105동 옆 삼거리 ,고정형,2023-12-01,,,
2023,수원시,팔달구청,2023-10-20 18:12,화서1동 푸르지오자이 북문 CU 앞 횡단보도,고정형,2023-12-01,,,
2023,수원시,팔달구청,2023-10-20 18:17,매산동 팅스몰 주차장 출구 옆,고정형,2023-12-01,,,
2023,수원시,팔달구청,2023-10-20 18:30,매산동 팅스몰 주차장 출구 옆,고정형,2023-12-01,,,
2023,수원시,팔달구청,2023-10-20 18:30,매산동 팅스몰 주차장 출구 옆,고정형,2023-12-01,,,
2023,수원시,장안구청,2023-10-20 18:37,"조원1동 조원동 351-10, 아이림 유치원 앞",고정형,2023-12-01,,,
2023,수원시,장안구청,2023-10-20 18:38,"송죽동 송죽동 389-9, 로얄팰리스 103동 뒤편",고정형,2023-12-01,,,
2023,수원시,장안구청,2023-10-20 18:51,"정자1동 정자동 343-18, 대림진흥아파트 삼거리",고정형,2023-12-01,,,
2023,수원시,팔달구청,2023-10-20 19:06,매산동 팔달로 10번길 8,고정형,2023-12-01,,,
2023,수원시,장안구청,2023-10-20 19:06,"송죽동 송죽동 389-9, 로얄팰리스 103동 뒤편",고정형,2023-12-01,,,
2023,수원시,장안구청,2023-10-20 19:13,"송죽동 송죽동 389-9, 로얄팰리스 103동 뒤편",고정형,2023-12-01,,,
2023,수원시,장안구청,2023-10-20 19:13,"송죽동 송죽동 389-9, 로얄팰리스 103동 뒤편",고정형,2023-12-01,,,
2023,수원시,권선구청,2023-10-20 19:19,대황교동 17-732 횡단보도,국민신문고,2023-12-01,,,
2023,수원시,장안구청,2023-10-20 19:35,"조원1동 조원동 351-10, 아이림 유치원 앞",고정형,2023-12-01,,,
2023,수원시,장안구청,2023-10-20 19:46,"정자1동 정자동 343-18, 대림진흥아파트 삼거리",고정형,2023-12-01,,,
2023,수원시,장안구청,2023-10-20 19:56,"조원1동 조원동 351-10, 아이림 유치원 앞",고정형,2023-12-01,,,
2023,수원시,팔달구청,2023-10-20 20:01,매산동 팔달로 10번길 8,고정형,2023-12-01,,,
2023,수원시,팔달구청,2023-10-20 20:08,인계동 드림캐슬주상복합,고정형,2023-12-01,,,
2023,수원시,장안구청,2023-10-20 20:17,"정자1동 정자동 343-18, 대림진흥아파트 삼거리",고정형,2023-12-01,,,
2023,수원시,팔달구청,2023-10-20 20:17,매산동 팅스몰 주차장 출구 옆,고정형,2023-12-01,,,
2023,수원시,장안구청,2023-10-20 20:24,상광교동 광교버스정류장종점,고정형,2023-12-01,,,
2023,수원시,장안구청,2023-10-20 20:28,"정자1동 정자동 343-18, 대림진흥아파트 삼거리",고정형,2023-12-01,,,
2023,수원시,팔달구청,2023-10-20 20:31,매산동 팅스몰 주차장 출구 옆,고정형,2023-12-01,,,
2023,수원시,영통구청,2023-10-20 20:36,광교동 광교더사랑교회뒷길,고정형,2023-12-01,,,
2023,수원시,팔달구청,2023-10-20 20:46,인계동 드림캐슬주상복합,고정형,2023-12-01,,,
2023,수원시,장안구청,2023-10-20 20:48,연무동 연무동 242-5,국민신문고,2023-12-01,,,
2023,수원시,팔달구청,2023-10-20 21:42,인계동 드림캐슬주상복합,고정형,2023-12-01,,,
2023,수원시,권선구청,2023-10-20 22:32,곡반정동 191-4 횡단보도,국민신문고,2023-12-01,,,
2023,수원시,팔달구청,2023-10-20 22:34,고등동 고등동 180-171 교차로모퉁이,국민신문고,2023-12-01,,,
2023,수원시,팔달구청,2023-10-20 22:37,고등동 고등동 180-171 교차로모퉁이,국민신문고,2023-12-01,,,
2023,수원시,팔달구청,2023-10-21 9:02,매산동 팅스몰 주차장 출구 옆,고정형,2023-12-01,,,
2023,수원시,권선구청,2023-10-21 9:03,곡반정동 하나로마트한국빌딩앞,고정형,2023-12-01,,,
2023,수원시,권선구청,2023-10-21 9:04,곡반정동 하나로마트한국빌딩앞,고정형,2023-12-01,,,
2023,수원시,팔달구청,2023-10-21 9:04,인계동 드림캐슬주상복합,고정형,2023-12-01,,,
2023,수원시,팔달구청,2023-10-21 9:04,화서1동 수원역푸르지오자이 북문 우측,고정형,2023-12-01,,,
2023,수원시,팔달구청,2023-10-21 9:05,인계동 경인통계청,고정형,2023-12-01,,,
2023,수원시,팔달구청,2023-10-21 9:07,매산동 팔달로 10번길 8,고정형,2023-12-01,,,
2023,수원시,팔달구청,2023-10-21 9:07,매산동 팔달로 10번길 8,고정형,2023-12-01,,,
2023,수원시,팔달구청,2023-10-21 9:08,인계동 한국씨티은행,고정형,2023-12-01,,,
2023,수원시,팔달구청,2023-10-21 9:09,인계동 드림캐슬주상복합,고정형,2023-12-01,,,
2023,수원시,팔달구청,2023-10-21 9:09,인계동 드림캐슬주상복합,고정형,2023-12-01,,,
2023,수원시,팔달구청,2023-10-21 9:09,매산동 팅스몰 주차장 출구 옆,고정형,2023-12-01,,,
2023,수원시,팔달구청,2023-10-21 9:12,북수동 쌈지공원 앞,고정형,2023-12-01,,,
2023,수원시,영통구청,2023-10-21 9:13,원천동 광교매원초등학교,고정형,2023-12-01,,,
2023,수원시,권선구청,2023-10-21 9:14,곡반정동 하나로마트한국빌딩앞,고정형,2023-12-01,,,
2023,수원시,권선구청,2023-10-21 9:15,서둔동 가온팰리스옆2,고정형,2023-12-01,,,
2023,수원시,영통구청,2023-10-21 9:17,원천동 광교매원초등학교,고정형,2023-12-01,,,
2023,수원시,권선구청,2023-10-21 9:20,서둔동 가온팰리스옆2,고정형,2023-12-01,,,
2023,수원시,영통구청,2023-10-21 9:24,하동 광교호반마을한양수자인,고정형,2023-12-01,,,
2023,수원시,권선구청,2023-10-21 9:47,호매실동 금호프라자 대각 맞은편,고정형,2023-12-01,,,
2023,수원시,팔달구청,2023-10-21 10:01,매산동 팅스몰 주차장 출구 옆,고정형,2023-12-01,,,
2023,수원시,팔달구청,2023-10-21 10:15,고등동 141-80 (횡단보도),국민신문고,2023-12-01,,,
2023,수원시,팔달구청,2023-10-21 10:19,매산동 팅스몰 주차장 출구 옆,고정형,2023-12-01,,,
2023,수원시,권선구청,2023-10-21 10:22,권선동 권선동 한라비발디앞 놀이터,고정형,2023-12-01,,,
2023,수원시,팔달구청,2023-10-21 10:39,화서1동 수원역푸르지오자이 북문 우측,고정형,2023-12-01,,,
2023,수원시,영통구청,2023-10-21 11:03,망포동 E-마트 에브리데이 앞,고정형,2023-12-01,37.2361017468141,127.060345496536,
2023,수원시,팔달구청,2023-10-21 12:01,고등동 고등동 효원로1,주행형,2023-12-01,,,
2023,수원시,영통구청,2023-10-21 12:07,하동 광교호반마을한양수자인,고정형,2023-12-01,,,
2023,수원시,팔달구청,2023-10-21 12:46,화서1동 푸르지오자이 북문 CU 앞 횡단보도,고정형,2023-12-01,,,
2023,수원시,권선구청,2023-10-21 12:46,고색동 도이치 고객주차장 출입구,고정형,2023-12-01,,,
2023,수원시,팔달구청,2023-10-21 12:56,화서1동 수원역푸르지오자이 북문 우측,고정형,2023-12-01,,,
2023,수원시,권선구청,2023-10-21 13:29,고색동 도이치 고객주차장 출입구,고정형,2023-12-01,,,
2023,수원시,영통구청,2023-10-21 13:30,영통동 마사회뒷길,고정형,2023-12-01,,,
2023,수원시,권선구청,2023-10-21 13:31,고색동 도이치 고객주차장 출입구,고정형,2023-12-01,,,
2023,수원시,영통구청,2023-10-21 13:44,영통동 롯데마트 뒤,고정형,2023-12-01,37.27220279535416,127.10856729001851,
2023,수원시,권선구청,2023-10-21 14:06,고색동 도이치 고객주차장 출입구,고정형,2023-12-01,,,
2023,수원시,권선구청,2023-10-21 14:07,고색동 도이치 고객주차장 출입구,고정형,2023-12-01,,,
2023,수원시,팔달구청,2023-10-21 14:32,인계동 경인통계청,고정형,2023-12-01,,,
2023,수원시,권선구청,2023-10-21 14:33,서둔동 가온팰리스옆2,고정형,2023-12-01,,,
2023,수원시,팔달구청,2023-10-21 14:34,인계동 드림캐슬주상복합,고정형,2023-12-01,,,
2023,수원시,권선구청,2023-10-21 14:34,곡반정동 하나로마트한국빌딩앞,고정형,2023-12-01,,,
2023,수원시,팔달구청,2023-10-21 14:35,행궁동 화홍사랑채,고정형,2023-12-01,,,
2023,수원시,팔달구청,2023-10-21 14:37,인계동 경인통계청,고정형,2023-12-01,,,
2023,수원시,팔달구청,2023-10-21 14:38,인계동 경인통계청,고정형,2023-12-01,,,
2023,수원시,팔달구청,2023-10-21 14:42,매산동 팅스몰 주차장 출구 옆,고정형,2023-12-01,,,
2023,수원시,팔달구청,2023-10-21 14:43,행궁동 화홍사랑채,고정형,2023-12-01,,,
2023,수원시,권선구청,2023-10-21 14:45,오목천동 한화꿈에그린아파트 209동앞,고정형,2023-12-01,,,
2023,수원시,팔달구청,2023-10-21 14:47,매산동 팅스몰 주차장 출구 옆,고정형,2023-12-01,,,
2023,수원시,팔달구청,2023-10-21 14:53,행궁동 화홍사랑채,고정형,2023-12-01,,,
2023,수원시,팔달구청,2023-10-21 15:00,행궁동 화홍사랑채,고정형,2023-12-01,,,
2023,수원시,팔달구청,2023-10-21 15:06,매산동 팅스몰 주차장 출구 옆,고정형,2023-12-01,,,
2023,수원시,팔달구청,2023-10-21 15:06,인계동 드림캐슬주상복합,고정형,2023-12-01,,,
2023,수원시,팔달구청,2023-10-21 15:09,매산동 팔달로 10번길 8,고정형,2023-12-01,,,
2023,수원시,권선구청,2023-10-21 15:12,서둔동 수원역한라비발디퍼스트 앞1,고정형,2023-12-01,,,
2023,수원시,팔달구청,2023-10-21 15:20,화서1동 푸르지오자이 북문 CU 앞 횡단보도,고정형,2023-12-01,,,
2023,수원시,영통구청,2023-10-21 15:27,망포동 힐스테이트 119동 ~방죽공원 삼거리,고정형,2023-12-01,,,
2023,수원시,영통구청,2023-10-21 15:27,광교동 광교웰빙타운한양수자인,고정형,2023-12-01,,,
2023,수원시,팔달구청,2023-10-21 15:32,북수동 쌈지공원 앞,고정형,2023-12-01,,,
2023,수원시,팔달구청,2023-10-21 15:38,인계동 경인통계청,고정형,2023-12-01,,,
2023,수원시,권선구청,2023-10-21 15:40,서둔동 수원역한라비발디퍼스트 앞1,고정형,2023-12-01,,,
2023,수원시,팔달구청,2023-10-21 15:43,매산동 팅스몰 주차장 출구 옆,고정형,2023-12-01,,,
2023,수원시,팔달구청,2023-10-21 15:47,화서1동 수원역푸르지오자이 북문 우측,고정형,2023-12-01,,,
2023,수원시,권선구청,2023-10-21 15:59,서둔동 가온팰리스옆2,고정형,2023-12-01,,,
2023,수원시,팔달구청,2023-10-21 16:10,매산동 팅스몰 주차장 출구 옆,고정형,2023-12-01,,,
2023,수원시,팔달구청,2023-10-21 16:10,인계동 경인통계청,고정형,2023-12-01,,,
2023,수원시,팔달구청,2023-10-21 16:14,인계동 경인통계청,고정형,2023-12-01,,,
2023,수원시,팔달구청,2023-10-21 16:21,매산동 팅스몰 주차장 출구 옆,고정형,2023-12-01,,,
2023,수원시,팔달구청,2023-10-21 16:28,인계동 경인통계청,고정형,2023-12-01,,,
2023,수원시,팔달구청,2023-10-21 16:31,인계동 드림캐슬주상복합,고정형,2023-12-01,,,
2023,수원시,팔달구청,2023-10-21 16:49,행궁동 화홍사랑채,고정형,2023-12-01,,,
2023,수원시,팔달구청,2023-10-21 16:49,매산동 팅스몰 주차장 출구 옆,고정형,2023-12-01,,,
2023,수원시,팔달구청,2023-10-21 16:52,인계동 11401 (횡단보도),국민신문고,2023-12-01,,,
2023,수원시,팔달구청,2023-10-21 17:03,화서1동 수원역푸르지오자이 북문 우측,고정형,2023-12-01,,,
2023,수원시,영통구청,2023-10-21 17:07,경기도수원시영통구영통동 수원시 영통구 영통동 1057,보행,2023-12-01,,,
2023,수원시,영통구청,2023-10-21 17:08,경기도수원시영통구영통동 수원시 영통구 영통동 1057,보행,2023-12-01,,,
2023,수원시,팔달구청,2023-10-21 17:10,인계동 한국씨티은행,고정형,2023-12-01,,,
2023,수원시,권선구청,2023-10-21 17:27,곡반정동 하나로마트한국빌딩앞,고정형,2023-12-01,,,
2023,수원시,팔달구청,2023-10-21 17:30,인계동 경인통계청,고정형,2023-12-01,,,
2023,수원시,팔달구청,2023-10-21 17:30,인계동 경인통계청,고정형,2023-12-01,,,
2023,수원시,팔달구청,2023-10-21 17:40,인계동 경인통계청,고정형,2023-12-01,,,
2023,수원시,팔달구청,2023-10-21 17:47,팔달구 421-1 (인도),국민신문고,2023-12-01,,,
2023,수원시,팔달구청,2023-10-21 18:07,매산동 팔달로 10번길 8,고정형,2023-12-01,,,
2023,수원시,팔달구청,2023-10-21 18:07,매산동 팔달로 10번길 8,고정형,2023-12-01,,,
2023,수원시,팔달구청,2023-10-21 18:11,인계동 드림캐슬주상복합,고정형,2023-12-01,,,
2023,수원시,팔달구청,2023-10-21 18:51,매산동 팔달로 10번길 8,고정형,2023-12-01,,,
2023,수원시,팔달구청,2023-10-21 18:51,매산동 팔달로 10번길 8,고정형,2023-12-01,,,
2023,수원시,팔달구청,2023-10-21 18:53,인계동 드림캐슬주상복합,고정형,2023-12-01,,,
2023,수원시,팔달구청,2023-10-21 19:15,인계동 드림캐슬주상복합,고정형,2023-12-01,,,
2023,수원시,팔달구청,2023-10-21 19:21,인계동 드림캐슬주상복합,고정형,2023-12-01,,,
2023,수원시,팔달구청,2023-10-21 19:33,매산동 팅스몰 주차장 출구 옆,고정형,2023-12-01,,,
2023,수원시,팔달구청,2023-10-21 19:37,매산동 역전농협,고정형,2023-12-01,,,
2023,수원시,팔달구청,2023-10-21 19:42,매산동 팔달로 10번길 8,고정형,2023-12-01,,,
2023,수원시,팔달구청,2023-10-21 19:47,매산동 팅스몰 주차장 출구 옆,고정형,2023-12-01,,,
2023,수원시,팔달구청,2023-10-21 19:51,인계동 드림캐슬주상복합,고정형,2023-12-01,,,
2023,수원시,팔달구청,2023-10-21 19:51,인계동 드림캐슬주상복합,고정형,2023-12-01,,,
2023,수원시,권선구청,2023-10-21 19:54,곡반정동 562-2,국민신문고,2023-12-01,,,
2023,수원시,권선구청,2023-10-21 20:00,곡반정동 562-2,국민신문고,2023-12-01,,,
2023,수원시,팔달구청,2023-10-21 20:35,화서1동 수원역푸르지오자이 북문 우측,고정형,2023-12-01,,,
2023,수원시,권선구청,2023-10-21 20:53,오목천동 527-57,국민신문고,2023-12-01,,,
2023,수원시,권선구청,2023-10-22 9:02,곡반정동 궁촌육교앞,고정형,2023-12-01,,,
2023,수원시,권선구청,2023-10-22 9:03,서둔동 수원역한라비발디퍼스트 앞1,고정형,2023-12-01,,,
2023,수원시,권선구청,2023-10-22 9:03,서둔동 가온팰리스옆1,고정형,2023-12-01,,,
2023,수원시,팔달구청,2023-10-22 9:03,북수동 쌈지공원 앞,고정형,2023-12-01,,,
2023,수원시,팔달구청,2023-10-22 9:03,인계동 경인통계청,고정형,2023-12-01,,,
2023,수원시,팔달구청,2023-10-22 9:03,매산동 팅스몰 주차장 출구 옆,고정형,2023-12-01,,,
2023,수원시,팔달구청,2023-10-22 9:04,인계동 경인통계청,고정형,2023-12-01,,,
2023,수원시,팔달구청,2023-10-22 9:04,인계동 드림캐슬주상복합,고정형,2023-12-01,,,
2023,수원시,팔달구청,2023-10-22 9:04,인계동 드림캐슬주상복합,고정형,2023-12-01,,,
2023,수원시,권선구청,2023-10-22 9:05,서둔동 가온팰리스옆2,고정형,2023-12-01,,,
2023,수원시,권선구청,2023-10-22 9:05,서둔동 가온팰리스옆2,고정형,2023-12-01,,,
2023,수원시,권선구청,2023-10-22 9:05,곡선동 권선중앙약국 건너편,고정형,2023-12-01,,,
2023,수원시,팔달구청,2023-10-22 9:06,매산동 팅스몰 주차장 출구 옆,고정형,2023-12-01,,,
2023,수원시,팔달구청,2023-10-22 9:13,매산동 팅스몰 주차장 출구 옆,고정형,2023-12-01,,,
2023,수원시,팔달구청,2023-10-22 9:22,매산동 팔달로 10번길 8,고정형,2023-12-01,,,
2023,수원시,권선구청,2023-10-22 9:27,권선동 권선동 한라비발디앞 놀이터,고정형,2023-12-01,,,
2023,수원시,권선구청,2023-10-22 9:30,서둔동 가온팰리스옆2,고정형,2023-12-01,,,
2023,수원시,영통구청,2023-10-22 9:53,영통동 마사회뒷길,고정형,2023-12-01,,,
2023,수원시,팔달구청,2023-10-22 9:54,매산동 팅스몰 주차장 출구 옆,고정형,2023-12-01,,,
2023,수원시,팔달구청,2023-10-22 10:06,인계동 드림캐슬주상복합,고정형,2023-12-01,,,
2023,수원시,팔달구청,2023-10-22 10:12,인계동 한국씨티은행,고정형,2023-12-01,,,
2023,수원시,팔달구청,2023-10-22 10:14,화서1동 푸르지오자이 북문 CU 앞 횡단보도,고정형,2023-12-01,,,
2023,수원시,영통구청,2023-10-22 10:17,이의동 드림스퀘어Ⅱ 앞,고정형,2023-12-01,,,
2023,수원시,팔달구청,2023-10-22 10:20,인계동 경인통계청,고정형,2023-12-01,,,
2023,수원시,팔달구청,2023-10-22 10:23,매산동 팅스몰 주차장 출구 옆,고정형,2023-12-01,,,
2023,수원시,팔달구청,2023-10-22 10:23,매산동 팅스몰 주차장 출구 옆,고정형,2023-12-01,,,
2023,수원시,팔달구청,2023-10-22 10:29,행궁동 화홍사랑채,고정형,2023-12-01,,,
2023,수원시,팔달구청,2023-10-22 10:45,영동 543 (소화전),국민신문고,2023-12-01,,,
2023,수원시,영통구청,2023-10-22 11:10,원천동 광교매원초등학교,고정형,2023-12-01,,,
2023,수원시,영통구청,2023-10-22 12:17,망포동 힐스테이트 119동 ~방죽공원 삼거리,고정형,2023-12-01,,,
2023,수원시,장안구청,2023-10-22 12:18,파장동 파장동 214-10,국민신문고,2023-12-01,,,
2023,수원시,장안구청,2023-10-22 12:20,파장동 파장동 214-10,국민신문고,2023-12-01,,,
2023,수원시,영통구청,2023-10-22 12:38,영통동 롯데마트 뒤,고정형,2023-12-01,37.27220279535416,127.10856729001851,
2023,수원시,장안구청,2023-10-22 12:52,파장동 파장동 218-31,국민신문고,2023-12-01,,,
2023,수원시,팔달구청,2023-10-22 12:55,교동 수원향교 앞 팔달보건소 뒤,고정형,2023-12-01,,,
2023,수원시,장안구청,2023-10-22 12:58,파장동 파장동 214-10,국민신문고,2023-12-01,,,
2023,수원시,영통구청,2023-10-22 13:03,이의동 광교가재울마을사거리,고정형,2023-12-01,,,
2023,수원시,영통구청,2023-10-22 13:15,망포동 힐스테이트 119동 ~방죽공원 삼거리,고정형,2023-12-01,,,
2023,수원시,팔달구청,2023-10-22 13:21,화서1동 수원역푸르지오자이 북문 우측,고정형,2023-12-01,,,
2023,수원시,영통구청,2023-10-22 14:25,광교동 광교이의119안전센터,고정형,2023-12-01,,,
2023,수원시,팔달구청,2023-10-22 14:33,인계동 드림캐슬주상복합,고정형,2023-12-01,,,
2023,수원시,팔달구청,2023-10-22 14:33,매산동 팔달로 10번길 8,고정형,2023-12-01,,,
2023,수원시,권선구청,2023-10-22 14:34,곡반정동 하나로마트한국빌딩앞,고정형,2023-12-01,,,
2023,수원시,영통구청,2023-10-22 14:34,이의동 드림스퀘어Ⅱ 앞,고정형,2023-12-01,,,
2023,수원시,팔달구청,2023-10-22 14:35,매산동 팅스몰 주차장 출구 옆,고정형,2023-12-01,,,
2023,수원시,팔달구청,2023-10-22 14:35,행궁동 화홍사랑채,고정형,2023-12-01,,,
2023,수원시,팔달구청,2023-10-22 14:35,인계동 경인통계청,고정형,2023-12-01,,,
2023,수원시,팔달구청,2023-10-22 14:36,매산동 팔달로 10번길 8,고정형,2023-12-01,,,
2023,수원시,팔달구청,2023-10-22 14:36,북수동 쌈지공원 앞,고정형,2023-12-01,,,
2023,수원시,팔달구청,2023-10-22 14:36,북수동 쌈지공원 앞,고정형,2023-12-01,,,
2023,수원시,팔달구청,2023-10-22 14:36,행궁동 화홍사랑채,고정형,2023-12-01,,,
2023,수원시,팔달구청,2023-10-22 14:36,행궁동 화홍사랑채,고정형,2023-12-01,,,
2023,수원시,팔달구청,2023-10-22 14:39,인계동 경인통계청,고정형,2023-12-01,,,
2023,수원시,팔달구청,2023-10-22 14:41,인계동 경인통계청,고정형,2023-12-01,,,
2023,수원시,팔달구청,2023-10-22 14:42,인계동 경인통계청,고정형,2023-12-01,,,
2023,수원시,팔달구청,2023-10-22 14:53,인계동 드림캐슬주상복합,고정형,2023-12-01,,,
2023,수원시,권선구청,2023-10-22 14:57,서둔동 가온팰리스옆2,고정형,2023-12-01,,,
2023,수원시,팔달구청,2023-10-22 14:58,매산동 팔달로 10번길 8,고정형,2023-12-01,,,
2023,수원시,팔달구청,2023-10-22 15:03,매산동 팅스몰 주차장 출구 옆,고정형,2023-12-01,,,
2023,수원시,팔달구청,2023-10-22 15:11,행궁동 화홍사랑채,고정형,2023-12-01,,,
2023,수원시,권선구청,2023-10-22 15:14,서둔동 가온팰리스옆2,고정형,2023-12-01,,,
2023,수원시,영통구청,2023-10-22 15:14,하동 영통동 1057-1,국민신문고,2023-12-01,,,
2023,수원시,팔달구청,2023-10-22 15:27,행궁동 화홍사랑채,고정형,2023-12-01,,,
2023,수원시,장안구청,2023-10-22 15:31,송죽동 연무동 244,국민신문고,2023-12-01,,,
2023,수원시,팔달구청,2023-10-22 15:32,행궁동 화홍사랑채,고정형,2023-12-01,,,
2023,수원시,권선구청,2023-10-22 15:46,곡반정동 하나로마트한국빌딩앞,고정형,2023-12-01,,,
2023,수원시,팔달구청,2023-10-22 15:53,매산동 팔달로 10번길 8,고정형,2023-12-01,,,
2023,수원시,팔달구청,2023-10-22 16:03,매산동 팅스몰 주차장 출구 옆,고정형,2023-12-01,,,
2023,수원시,영통구청,2023-10-22 16:07,경기도수원시영통구망포동 수원시 영통구 망포동 78,보행,2023-12-01,,,
2023,수원시,영통구청,2023-10-22 16:09,경기도수원시영통구망포동 수원시 영통구 망포동 78,보행,2023-12-01,,,
2023,수원시,권선구청,2023-10-22 16:20,곡반정동 562-2 횡단보도,국민신문고,2023-12-01,,,
2023,수원시,권선구청,2023-10-22 16:20,곡반정동 562-2 횡단보도,국민신문고,2023-12-01,,,
2023,수원시,팔달구청,2023-10-22 16:31,인계동 경인통계청,고정형,2023-12-01,,,
2023,수원시,팔달구청,2023-10-22 16:54,매산동 팅스몰 주차장 출구 옆,고정형,2023-12-01,,,
2023,수원시,팔달구청,2023-10-22 16:56,인계동 드림캐슬주상복합,고정형,2023-12-01,,,
2023,수원시,영통구청,2023-10-22 17:01,이의동 광교가재울마을사거리,고정형,2023-12-01,,,
2023,수원시,팔달구청,2023-10-22 17:05,인계동 한국씨티은행,고정형,2023-12-01,,,
2023,수원시,팔달구청,2023-10-22 17:11,매산동 팅스몰 주차장 출구 옆,고정형,2023-12-01,,,
2023,수원시,팔달구청,2023-10-22 17:16,매산동 팅스몰 주차장 출구 옆,고정형,2023-12-01,,,
2023,수원시,팔달구청,2023-10-22 17:17,인계동 경인통계청,고정형,2023-12-01,,,
2023,수원시,팔달구청,2023-10-22 17:21,매산동 팅스몰 주차장 출구 옆,고정형,2023-12-01,,,
2023,수원시,팔달구청,2023-10-22 17:29,교동 수원향교 앞 팔달보건소 뒤,고정형,2023-12-01,,,
2023,수원시,팔달구청,2023-10-22 17:34,인계동 한국씨티은행,고정형,2023-12-01,,,
2023,수원시,팔달구청,2023-10-22 17:42,인계동 드림캐슬주상복합,고정형,2023-12-01,,,
2023,수원시,팔달구청,2023-10-22 17:43,매산동 팅스몰 주차장 출구 옆,고정형,2023-12-01,,,
2023,수원시,팔달구청,2023-10-22 17:52,매산동 팔달로 10번길 8,고정형,2023-12-01,,,
2023,수원시,팔달구청,2023-10-22 17:53,행궁동 팔달문 버스정류장,고정형,2023-12-01,,,
2023,수원시,팔달구청,2023-10-22 18:04,매산동 팅스몰 주차장 출구 옆,고정형,2023-12-01,,,
2023,수원시,팔달구청,2023-10-22 18:12,매산동 팅스몰 주차장 출구 옆,고정형,2023-12-01,,,
2023,수원시,팔달구청,2023-10-22 18:13,인계동 드림캐슬주상복합,고정형,2023-12-01,,,
2023,수원시,팔달구청,2023-10-22 18:28,매산동 팅스몰 주차장 출구 옆,고정형,2023-12-01,,,
2023,수원시,권선구청,2023-10-22 18:55,곡반정동 562-2 횡단보도,국민신문고,2023-12-01,,,
2023,수원시,팔달구청,2023-10-22 18:58,매산동 팅스몰 주차장 출구 옆,고정형,2023-12-01,,,
2023,수원시,팔달구청,2023-10-22 20:02,매산동 역전농협,고정형,2023-12-01,,,
2023,수원시,팔달구청,2023-10-22 20:25,매산동 팅스몰 주차장 출구 옆,고정형,2023-12-01,,,
2023,수원시,권선구청,2023-10-22 20:28,곡반정동 562-2 횡단보도,국민신문고,2023-12-01,,,
2023,수원시,권선구청,2023-10-22 20:28,곡반정동 562-2 횡단보도,국민신문고,2023-12-01,,,
2023,수원시,팔달구청,2023-10-23 7:09,화서1동 수원역푸르지오자이 북문 우측,고정형,2023-12-01,,,
2023,수원시,영통구청,2023-10-23 7:21,이의동 드림스퀘어Ⅱ 앞,고정형,2023-12-01,,,
2023,수원시,팔달구청,2023-10-23 7:33,매산동 팔달로 10번길 8,고정형,2023-12-01,,,
2023,수원시,영통구청,2023-10-23 7:47,이의동 도청예정부지,고정형,2023-12-01,,,
2023,수원시,팔달구청,2023-10-23 7:47,화서1동 수원역푸르지오자이 북문 우측,고정형,2023-12-01,,,
2023,수원시,팔달구청,2023-10-23 7:54,인계동 드림캐슬주상복합,고정형,2023-12-01,,,
2023,수원시,팔달구청,2023-10-23 8:05,신풍동 미술관로터리,고정형,2023-12-01,,,
2023,수원시,권선구청,2023-10-23 8:06,서둔동 가온팰리스옆1,고정형,2023-12-01,,,
2023,수원시,영통구청,2023-10-23 8:07,영통구 도청예정부지,보행,2023-12-01,,,
2023,수원시,장안구청,2023-10-23 8:09,"정자1동 정자동 343-18, 대림진흥아파트 삼거리",고정형,2023-12-01,,,
2023,수원시,권선구청,2023-10-23 8:10,곡반정동 하나로마트한국빌딩앞,고정형,2023-12-01,,,
2023,수원시,장안구청,2023-10-23 8:11,"정자1동 정자동 343-18, 대림진흥아파트 삼거리",고정형,2023-12-01,,,
2023,수원시,권선구청,2023-10-23 8:15,권선2동 곡정초교 정문 좌측 사거리,고정형,2023-12-01,,,
2023,수원시,권선구청,2023-10-23 8:20,서둔동 가온팰리스옆2,고정형,2023-12-01,,,
2023,수원시,팔달구청,2023-10-23 8:41,매산동 역전농협,고정형,2023-12-01,,,
2023,수원시,팔달구청,2023-10-23 8:41,매산동 역전농협,고정형,2023-12-01,,,
2023,수원시,팔달구청,2023-10-23 9:03,화서1동 수원역푸르지오자이 북문 우측,고정형,2023-12-01,,,
2023,수원시,권선구청,2023-10-23 9:05,서둔동 가온팰리스옆1,고정형,2023-12-01,,,
2023,수원시,권선구청,2023-10-23 9:25,곡반정동 곡정초교 정문 좌측 사거리,고정형,2023-12-01,,,
2023,수원시,팔달구청,2023-10-23 9:41,매산동 역전농협,고정형,2023-12-01,,,
2023,수원시,팔달구청,2023-10-23 10:01,인계동 드림캐슬주상복합,고정형,2023-12-01,,,
2023,수원시,팔달구청,2023-10-23 10:04,북수동 쌈지공원 앞,고정형,2023-12-01,,,
2023,수원시,팔달구청,2023-10-23 10:13,매산동 역전농협,고정형,2023-12-01,,,
2023,수원시,팔달구청,2023-10-23 10:17,매교동 수원시 팔달구 인계동 943,보행,2023-12-01,,,
2023,수원시,영통구청,2023-10-23 11:38,이의동 광교가재울마을사거리,고정형,2023-12-01,,,
2023,수원시,권선구청,2023-10-23 11:57,곡반정동 562-2,국민신문고,2023-12-01,,,
2023,수원시,장안구청,2023-10-23 12:01,"조원1동 조원동 351-10, 아이림 유치원 앞",고정형,2023-12-01,,,
2023,수원시,팔달구청,2023-10-23 12:09,매산동 역전농협,고정형,2023-12-01,,,
2023,수원시,팔달구청,2023-10-23 14:04,행궁동 팔달문 버스정류장,고정형,2023-12-01,,,
2023,수원시,영통구청,2023-10-23 14:08,원천동 광교 한화겔러리아 앞,고정형,2023-12-01,,,
2023,수원시,장안구청,2023-10-23 14:09,"조원1동 조원동 351-10, 아이림 유치원 앞",고정형,2023-12-01,,,
2023,수원시,장안구청,2023-10-23 14:15,"송죽동 송죽동 389-9, 로얄팰리스 103동 뒤편",고정형,2023-12-01,,,
2023,수원시,팔달구청,2023-10-23 14:19,화서1동 수원역푸르지오자이 북문 우측,고정형,2023-12-01,,,
2023,수원시,팔달구청,2023-10-23 14:29,팔달로2가 팔달로2가 정조로796번길,주행형,2023-12-01,,,
2023,수원시,팔달구청,2023-10-23 14:29,남수동 남수동 정조로796번길,주행형,2023-12-01,,,
2023,수원시,팔달구청,2023-10-23 14:29,남수동 남수동 정조로796번길,주행형,2023-12-01,,,
2023,수원시,팔달구청,2023-10-23 14:29,남수동 남수동 정조로796번길,주행형,2023-12-01,,,
2023,수원시,팔달구청,2023-10-23 14:29,남수동 남수동 정조로796번길,주행형,2023-12-01,,,
2023,수원시,팔달구청,2023-10-23 14:29,남수동 남수동 정조로800번길,주행형,2023-12-01,,,
2023,수원시,팔달구청,2023-10-23 14:33,행궁동 화홍사랑채,고정형,2023-12-01,,,
2023,수원시,영통구청,2023-10-23 14:34,이의동 드림스퀘어Ⅱ 앞,고정형,2023-12-01,,,
2023,수원시,권선구청,2023-10-23 14:35,서둔동 가온팰리스옆2,고정형,2023-12-01,,,
2023,수원시,팔달구청,2023-10-23 14:40,인계동 경인통계청,고정형,2023-12-01,,,
2023,수원시,팔달구청,2023-10-23 14:44,매산동 역전농협,고정형,2023-12-01,,,
2023,수원시,영통구청,2023-10-23 14:46,이의동 드림스퀘어Ⅱ 앞,고정형,2023-12-01,,,
2023,수원시,팔달구청,2023-10-23 14:47,매산동 팅스몰 주차장 출구 옆,고정형,2023-12-01,,,
2023,수원시,장안구청,2023-10-23 14:48,"정자3동 정자동 869-1, 북수원도서관 앞",고정형,2023-12-01,,,
2023,수원시,권선구청,2023-10-23 15:02,고색동 도이치 고객주차장 출입구,고정형,2023-12-01,,,
2023,수원시,장안구청,2023-10-23 15:06,"조원1동 조원동 351-10, 아이림 유치원 앞",고정형,2023-12-01,,,
2023,수원시,팔달구청,2023-10-23 15:07,신풍동 신풍동 화서문로33,주행형,2023-12-01,,,
2023,수원시,영통구청,2023-10-23 15:09,망포동 E-마트 에브리데이 앞,고정형,2023-12-01,37.2361017468141,127.060345496536,
2023,수원시,영통구청,2023-10-23 15:13,이의동 드림스퀘어Ⅱ 앞,고정형,2023-12-01,,,
2023,수원시,권선구청,2023-10-23 15:26,서둔동 서둔로256번길,주행형,2023-12-01,,,
2023,수원시,권선구청,2023-10-23 15:26,서둔동 서둔로256번길,주행형,2023-12-01,,,
2023,수원시,팔달구청,2023-10-23 15:36,행궁동 팔달문 버스정류장,고정형,2023-12-01,,,
2023,수원시,권선구청,2023-10-23 15:42,권선동 NC터미널점 버스정류장 앞,고정형,2023-12-01,,,
2023,수원시,팔달구청,2023-10-23 15:44,행궁동 화홍사랑채,고정형,2023-12-01,,,
2023,수원시,영통구청,2023-10-23 15:44,영통동 롯데마트 뒤,고정형,2023-12-01,37.27220279535416,127.10856729001851,
2023,수원시,영통구청,2023-10-23 15:52,이의동 드림스퀘어Ⅱ 앞,고정형,2023-12-01,,,
2023,수원시,권선구청,2023-10-23 16:11,서둔동 가온팰리스옆2,고정형,2023-12-01,,,
2023,수원시,팔달구청,2023-10-23 16:11,매산동 팔달로 10번길 8,고정형,2023-12-01,,,
2023,수원시,장안구청,2023-10-23 16:13,"송죽동 송죽동 389-9, 로얄팰리스 103동 뒤편",고정형,2023-12-01,,,
2023,수원시,장안구청,2023-10-23 16:25,"조원1동 조원동 351-10, 아이림 유치원 앞",고정형,2023-12-01,,,
2023,수원시,권선구청,2023-10-23 16:30,입북동 당수초교 정문 우측 사거리,고정형,2023-12-01,,,
2023,수원시,팔달구청,2023-10-23 16:43,매산동 팅스몰 주차장 출구 옆,고정형,2023-12-01,,,
2023,수원시,장안구청,2023-10-23 16:44,"송죽동 송죽동 389-9, 로얄팰리스 103동 뒤편",고정형,2023-12-01,,,
2023,수원시,권선구청,2023-10-23 16:50,서둔동 가온팰리스옆2,고정형,2023-12-01,,,
2023,수원시,장안구청,2023-10-23 16:54,"조원1동 조원동 351-10, 아이림 유치원 앞",고정형,2023-12-01,,,
2023,수원시,장안구청,2023-10-23 16:58,"송죽동 송죽동 389-9, 로얄팰리스 103동 뒤편",고정형,2023-12-01,,,
2023,수원시,권선구청,2023-10-23 16:59,고색동 도이치 고객주차장 출입구,고정형,2023-12-01,,,
2023,수원시,권선구청,2023-10-23 17:06,권선동 NC터미널점 버스정류장 앞,고정형,2023-12-01,,,
2023,수원시,권선구청,2023-10-23 17:19,권선동 권선동 한라비발디앞 놀이터,고정형,2023-12-01,,,
2023,수원시,권선구청,2023-10-23 17:19,권선동 권선동 한라비발디앞 놀이터,고정형,2023-12-01,,,
2023,수원시,팔달구청,2023-10-23 17:25,인계동 경인통계청,고정형,2023-12-01,,,
2023,수원시,팔달구청,2023-10-23 17:25,인계동 경인통계청,고정형,2023-12-01,,,
2023,수원시,장안구청,2023-10-23 17:25,"조원1동 조원동 351-10, 아이림 유치원 앞",고정형,2023-12-01,,,
2023,수원시,장안구청,2023-10-23 18:17,"조원1동 조원동 351-10, 아이림 유치원 앞",고정형,2023-12-01,,,
2023,수원시,장안구청,2023-10-23 18:47,"정자1동 정자동 343-18, 대림진흥아파트 삼거리",고정형,2023-12-01,,,
2023,수원시,장안구청,2023-10-23 19:06,연무동 경기도 수원시 장안구 연무동 244-6 105동 옆 삼거리 ,고정형,2023-12-01,,,
2023,수원시,장안구청,2023-10-23 19:17,연무동 경기도 수원시 장안구 연무동 244-6 105동 옆 삼거리 ,고정형,2023-12-01,,,
2023,수원시,팔달구청,2023-10-23 19:34,고등동 수원초등학교 정문 좌측 사거리,고정형,2023-12-01,,,
2023,수원시,영통구청,2023-10-23 19:41,원천동 광교매원초등학교,고정형,2023-12-01,,,
2023,수원시,팔달구청,2023-10-23 19:42,매산동 팅스몰 주차장 출구 옆,고정형,2023-12-01,,,
2023,수원시,팔달구청,2023-10-23 19:55,경기도수원시팔달구인계동 수원시 팔달구 인계동 158-13,보행,2023-12-01,,,
2023,수원시,팔달구청,2023-10-23 19:56,경기도수원시팔달구인계동 수원시 팔달구 인계동 158-13,보행,2023-12-01,,,
2023,수원시,팔달구청,2023-10-23 19:57,경기도수원시팔달구인계동 수원시 팔달구 인계동 158-47,보행,2023-12-01,,,
2023,수원시,영통구청,2023-10-23 20:07,광교동 광교이의119안전센터,고정형,2023-12-01,,,
2023,수원시,장안구청,2023-10-23 20:27,연무동 경기도 수원시 장안구 연무동 244-6 105동 옆 삼거리 ,고정형,2023-12-01,,,
2023,수원시,팔달구청,2023-10-23 20:33,매산동 팅스몰 주차장 출구 옆,고정형,2023-12-01,,,
2023,수원시,장안구청,2023-10-23 20:33,"정자1동 정자동 343-18, 대림진흥아파트 삼거리",고정형,2023-12-01,,,
2023,수원시,팔달구청,2023-10-23 20:37,매산동 팅스몰 주차장 출구 옆,고정형,2023-12-01,,,
2023,수원시,영통구청,2023-10-23 20:44,광교동 광교웰빙타운한양수자인,고정형,2023-12-01,,,
2023,수원시,팔달구청,2023-10-23 21:33,매산동 역전농협,고정형,2023-12-01,,,
2023,수원시,팔달구청,2023-10-23 22:14,매교동 매교동 288-721 소화전,국민신문고,2023-12-01,,,
2023,수원시,팔달구청,2023-10-24 7:33,인계동 경인통계청,고정형,2023-12-01,,,
2023,수원시,팔달구청,2023-10-24 7:34,매산동 팅스몰 주차장 출구 옆,고정형,2023-12-01,,,
2023,수원시,권선구청,2023-10-24 8:02,평동 오목초교 정문 우측 삼거리,고정형,2023-12-01,,,
2023,수원시,장안구청,2023-10-24 8:03,연무동 경기도 수원시 장안구 연무동 244-6 105동 옆 삼거리 ,고정형,2023-12-01,,,
2023,수원시,권선구청,2023-10-24 8:04,서둔동 가온팰리스옆2,고정형,2023-12-01,,,
2023,수원시,권선구청,2023-10-24 8:04,서둔동 가온팰리스옆2,고정형,2023-12-01,,,
2023,수원시,장안구청,2023-10-24 8:04,"정자1동 정자동 343-18, 대림진흥아파트 삼거리",고정형,2023-12-01,,,
2023,수원시,권선구청,2023-10-24 8:04,서둔동 가온팰리스옆2,고정형,2023-12-01,,,
2023,수원시,권선구청,2023-10-24 8:05,오목천동 한화꿈에그린아파트 214동앞,고정형,2023-12-01,,,
2023,수원시,권선구청,2023-10-24 8:06,평동 오목초교 정문 우측 삼거리,고정형,2023-12-01,,,
2023,수원시,권선구청,2023-10-24 8:10,서둔동 가온팰리스옆2,고정형,2023-12-01,,,
2023,수원시,장안구청,2023-10-24 8:14,"조원1동 조원동 351-10, 아이림 유치원 앞",고정형,2023-12-01,,,
2023,수원시,팔달구청,2023-10-24 8:19,인계동 드림캐슬주상복합,고정형,2023-12-01,,,
2023,수원시,장안구청,2023-10-24 8:37,"정자1동 정자동 343-18, 대림진흥아파트 삼거리",고정형,2023-12-01,,,
2023,수원시,팔달구청,2023-10-24 8:45,경기도수원시팔달구인계동 수원시 팔달구 지동 481-9,보행,2023-12-01,,,
2023,수원시,팔달구청,2023-10-24 9:27,인계동 경인통계청,고정형,2023-12-01,,,
2023,수원시,팔달구청,2023-10-24 9:27,인계동 경인통계청,고정형,2023-12-01,,,
2023,수원시,권선구청,2023-10-24 9:31,고색동 도이치 고객주차장 출입구,고정형,2023-12-01,,,
2023,수원시,팔달구청,2023-10-24 10:10,매산동 팅스몰 주차장 출구 옆,고정형,2023-12-01,,,
2023,수원시,팔달구청,2023-10-24 10:14,북수동 쌈지공원 앞,고정형,2023-12-01,,,
2023,수원시,권선구청,2023-10-24 10:32,금곡동 가온초교 정문 우측 사거리,고정형,2023-12-01,,,
2023,수원시,팔달구청,2023-10-24 10:33,인계동 드림캐슬주상복합,고정형,2023-12-01,,,
2023,수원시,팔달구청,2023-10-24 10:51,화서1동 수원역푸르지오자이 북문 우측,고정형,2023-12-01,,,
2023,수원시,권선구청,2023-10-24 11:06,금곡동 가온초교 정문 우측 사거리,고정형,2023-12-01,,,
2023,수원시,팔달구청,2023-10-24 11:16,화서1동 수원역푸르지오자이 북문 우측,고정형,2023-12-01,,,
2023,수원시,권선구청,2023-10-24 11:33,금곡동 가온초교 정문 우측 사거리,고정형,2023-12-01,,,
2023,수원시,권선구청,2023-10-24 11:52,금곡동 가온초교 정문 우측 사거리,고정형,2023-12-01,,,
2023,수원시,권선구청,2023-10-24 12:26,입북동 당수초교 정문 우측 사거리,고정형,2023-12-01,,,
2023,수원시,팔달구청,2023-10-24 12:32,화서1동 수원역푸르지오자이 북문 우측,고정형,2023-12-01,,,
2023,수원시,팔달구청,2023-10-24 12:33,화서동 푸르지오자이 북문 CU 앞 횡단보도,고정형,2023-12-01,,,
2023,수원시,영통구청,2023-10-24 13:19,광교동 광교 덴티움지식산업센터 앞 사거리,고정형,2023-12-01,,,
2023,수원시,팔달구청,2023-10-24 14:05,화서1동 수원역푸르지오자이 북문 우측,고정형,2023-12-01,,,
2023,수원시,영통구청,2023-10-24 14:12,이의동 광교가재울마을사거리,고정형,2023-12-01,,,
2023,수원시,팔달구청,2023-10-24 14:13,남수동 남수동 정조로796번길,주행형,2023-12-01,,,
2023,수원시,장안구청,2023-10-24 14:16,"송죽동 송죽동 389-9, 로얄팰리스 103동 뒤편",고정형,2023-12-01,,,
2023,수원시,팔달구청,2023-10-24 14:17,영동 영동 수원천로246,주행형,2023-12-01,,,
2023,수원시,팔달구청,2023-10-24 14:32,고등동 고등동 갓매산로56번길,주행형,2023-12-01,,,
2023,수원시,팔달구청,2023-10-24 14:33,인계동 경인통계청,고정형,2023-12-01,,,
2023,수원시,권선구청,2023-10-24 14:34,평동 오목초교 정문 우측 삼거리,고정형,2023-12-01,,,
2023,수원시,팔달구청,2023-10-24 14:35,인계동 드림캐슬주상복합,고정형,2023-12-01,,,
2023,수원시,팔달구청,2023-10-24 14:36,행궁동 화홍사랑채,고정형,2023-12-01,,,
2023,수원시,팔달구청,2023-10-24 14:36,교동 교동 매산로92번길,주행형,2023-12-01,,,
2023,수원시,팔달구청,2023-10-24 14:37,지동 인계동 장다리로331,주행형,2023-12-01,,,
2023,수원시,팔달구청,2023-10-24 14:40,매교동 매교동 매산로116번길,주행형,2023-12-01,,,
2023,수원시,권선구청,2023-10-24 14:41,호매실동 금호프라자 대각 맞은편,고정형,2023-12-01,,,
2023,수원시,팔달구청,2023-10-24 14:43,인계동 한국씨티은행,고정형,2023-12-01,,,
2023,수원시,권선구청,2023-10-24 14:48,서둔동 서둔로256번길,주행형,2023-12-01,,,
2023,수원시,권선구청,2023-10-24 14:49,서둔동 서둔로256번길,주행형,2023-12-01,,,
2023,수원시,권선구청,2023-10-24 14:49,서둔동 서둔로256번길,주행형,2023-12-01,,,
2023,수원시,권선구청,2023-10-24 14:53,서둔동 가온팰리스옆2,고정형,2023-12-01,,,
2023,수원시,팔달구청,2023-10-24 15:24,매산동 팅스몰 주차장 출구 옆,고정형,2023-12-01,,,
2023,수원시,장안구청,2023-10-24 15:28,"조원1동 조원동 351-10, 아이림 유치원 앞",고정형,2023-12-01,,,
2023,수원시,권선구청,2023-10-24 15:30,권선동 NC터미널점 버스정류장 앞,고정형,2023-12-01,,,
2023,수원시,장안구청,2023-10-24 15:33,"정자1동 정자동 343-18, 대림진흥아파트 삼거리",고정형,2023-12-01,,,
2023,수원시,장안구청,2023-10-24 15:33,"조원1동 조원동 351-10, 아이림 유치원 앞",고정형,2023-12-01,,,
2023,수원시,장안구청,2023-10-24 15:44,연무동 경기도 수원시 장안구 연무동 244-6 105동 옆 삼거리 ,고정형,2023-12-01,,,
2023,수원시,권선구청,2023-10-24 15:46,서둔동 가온팰리스옆2,고정형,2023-12-01,,,
2023,수원시,팔달구청,2023-10-24 16:06,인계동 드림캐슬주상복합,고정형,2023-12-01,,,
2023,수원시,팔달구청,2023-10-24 16:07,화서1동 수원역푸르지오자이 북문 우측,고정형,2023-12-01,,,
2023,수원시,팔달구청,2023-10-24 16:08,인계동 드림캐슬주상복합,고정형,2023-12-01,,,
2023,수원시,팔달구청,2023-10-24 16:23,매산동 팅스몰 주차장 출구 옆,고정형,2023-12-01,,,
2023,수원시,영통구청,2023-10-24 16:24,이의동 드림스퀘어Ⅱ 앞,고정형,2023-12-01,,,
2023,수원시,장안구청,2023-10-24 16:28,"조원1동 조원동 351-10, 아이림 유치원 앞",고정형,2023-12-01,,,
2023,수원시,권선구청,2023-10-24 16:28,곡반정동 하나로마트한국빌딩앞,고정형,2023-12-01,,,
2023,수원시,팔달구청,2023-10-24 16:51,신풍동 미술관로터리,고정형,2023-12-01,,,
2023,수원시,팔달구청,2023-10-24 16:51,신풍동 미술관로터리,고정형,2023-12-01,,,
2023,수원시,장안구청,2023-10-24 17:16,"조원1동 조원동 351-10, 아이림 유치원 앞",고정형,2023-12-01,,,
2023,수원시,영통구청,2023-10-24 17:21,이의동 드림스퀘어Ⅱ 앞,고정형,2023-12-01,,,
2023,수원시,영통구청,2023-10-24 17:27,이의동 드림스퀘어Ⅱ 앞,고정형,2023-12-01,,,
2023,수원시,팔달구청,2023-10-24 17:32,매산동 팅스몰 주차장 출구 옆,고정형,2023-12-01,,,
2023,수원시,팔달구청,2023-10-24 17:32,매산동 팅스몰 주차장 출구 옆,고정형,2023-12-01,,,
2023,수원시,팔달구청,2023-10-24 17:33,인계동 드림캐슬주상복합,고정형,2023-12-01,,,
2023,수원시,장안구청,2023-10-24 17:45,연무동 경기도 수원시 장안구 연무동 244-6 105동 옆 삼거리 ,고정형,2023-12-01,,,
2023,수원시,팔달구청,2023-10-24 17:56,화서1동 수원역푸르지오자이 북문 우측,고정형,2023-12-01,,,
2023,수원시,팔달구청,2023-10-24 18:34,인계동 드림캐슬주상복합,고정형,2023-12-01,,,
2023,수원시,팔달구청,2023-10-24 18:34,인계동 드림캐슬주상복합,고정형,2023-12-01,,,
2023,수원시,장안구청,2023-10-24 18:50,"조원1동 조원동 351-10, 아이림 유치원 앞",고정형,2023-12-01,,,
2023,수원시,장안구청,2023-10-24 18:57,"조원1동 조원동 351-10, 아이림 유치원 앞",고정형,2023-12-01,,,
2023,수원시,팔달구청,2023-10-24 18:58,매산동 팅스몰 주차장 출구 옆,고정형,2023-12-01,,,
2023,수원시,장안구청,2023-10-24 19:06,연무동 경기도 수원시 장안구 연무동 244-6 105동 옆 삼거리 ,고정형,2023-12-01,,,
2023,수원시,팔달구청,2023-10-24 19:13,인계동 드림캐슬주상복합,고정형,2023-12-01,,,
2023,수원시,팔달구청,2023-10-24 19:39,화서1동 푸르지오자이 북문 CU 앞 횡단보도,고정형,2023-12-01,,,
2023,수원시,팔달구청,2023-10-24 20:32,매산동 팔달로 10번길 8,고정형,2023-12-01,,,
2023,수원시,권선구청,2023-10-24 20:47,오목천동 519-1 소화전,국민신문고,2023-12-01,,,
2023,수원시,권선구청,2023-10-25 5:40,곡반정동 562-2 소화전,국민신문고,2023-12-01,,,
2023,수원시,팔달구청,2023-10-25 7:34,매산동 팅스몰 주차장 출구 옆,고정형,2023-12-01,,,
2023,수원시,팔달구청,2023-10-25 7:47,인계동 드림캐슬주상복합,고정형,2023-12-01,,,
2023,수원시,권선구청,2023-10-25 8:02,곡반정동 하나로마트한국빌딩앞,고정형,2023-12-01,,,
2023,수원시,장안구청,2023-10-25 8:04,"정자1동 정자동 343-18, 대림진흥아파트 삼거리",고정형,2023-12-01,,,
2023,수원시,권선구청,2023-10-25 8:05,서둔동 가온팰리스옆2,고정형,2023-12-01,,,
2023,수원시,권선구청,2023-10-25 8:06,서둔동 가온팰리스옆2,고정형,2023-12-01,,,
2023,수원시,장안구청,2023-10-25 8:11,연무동 경기도 수원시 장안구 연무동 244-6 105동 옆 삼거리 ,고정형,2023-12-01,,,
2023,수원시,권선구청,2023-10-25 8:17,권선2동 곡정초교 정문 좌측 사거리,고정형,2023-12-01,,,
2023,수원시,권선구청,2023-10-25 8:18,서둔동 가온팰리스옆2,고정형,2023-12-01,,,
2023,수원시,장안구청,2023-10-25 8:29,"조원1동 조원동 351-10, 아이림 유치원 앞",고정형,2023-12-01,,,
2023,수원시,장안구청,2023-10-25 8:31,"조원1동 조원동 351-10, 아이림 유치원 앞",고정형,2023-12-01,,,
2023,수원시,장안구청,2023-10-25 8:46,연무동 경기도 수원시 장안구 연무동 244-6 105동 옆 삼거리 ,고정형,2023-12-01,,,
2023,수원시,장안구청,2023-10-25 8:50,"조원1동 조원동 351-10, 아이림 유치원 앞",고정형,2023-12-01,,,
2023,수원시,장안구청,2023-10-25 9:07,"조원1동 조원동 351-10, 아이림 유치원 앞",고정형,2023-12-01,,,
2023,수원시,팔달구청,2023-10-25 9:12,인계동 드림캐슬주상복합,고정형,2023-12-01,,,
2023,수원시,권선구청,2023-10-25 9:28,권선동 곡정초교 정문 좌측 사거리,고정형,2023-12-01,,,
2023,수원시,팔달구청,2023-10-25 9:46,매산동 팅스몰 주차장 출구 옆,고정형,2023-12-01,,,
2023,수원시,팔달구청,2023-10-25 9:49,매산동 팅스몰 주차장 출구 옆,고정형,2023-12-01,,,
2023,수원시,팔달구청,2023-10-25 10:18,팔달로2가 팔달로2가 정조로796번길,주행형,2023-12-01,,,
2023,수원시,팔달구청,2023-10-25 10:18,남수동 남수동 정조로796번길,주행형,2023-12-01,,,
2023,수원시,팔달구청,2023-10-25 10:18,남수동 남수동 정조로796번길,주행형,2023-12-01,,,
2023,수원시,팔달구청,2023-10-25 10:18,남수동 남수동 정조로796번길,주행형,2023-12-01,,,
2023,수원시,팔달구청,2023-10-25 10:18,남수동 남수동 정조로796번길,주행형,2023-12-01,,,
2023,수원시,팔달구청,2023-10-25 10:18,남수동 남수동 정조로796번길,주행형,2023-12-01,,,
2023,수원시,팔달구청,2023-10-25 10:18,남수동 남수동 정조로796번길,주행형,2023-12-01,,,
2023,수원시,팔달구청,2023-10-25 10:18,남수동 남수동 정조로796번길,주행형,2023-12-01,,,
2023,수원시,팔달구청,2023-10-25 10:19,영동 영동 수원천로275,주행형,2023-12-01,,,
2023,수원시,팔달구청,2023-10-25 10:19,영동 영동 수원천로275,주행형,2023-12-01,,,
2023,수원시,권선구청,2023-10-25 10:20,서둔동 서둔로256번길,주행형,2023-12-01,,,
2023,수원시,팔달구청,2023-10-25 10:25,북수동 쌈지공원 앞,고정형,2023-12-01,,,
2023,수원시,팔달구청,2023-10-25 10:30,경기도수원시팔달구팔달로1가 수원시 팔달구 남수동 132-3,보행,2023-12-01,,,
2023,수원시,장안구청,2023-10-25 10:41,정자동 천천로152번길,주행형,2023-12-01,,,
2023,수원시,장안구청,2023-10-25 10:41,정자동 천천로152번길,주행형,2023-12-01,,,
2023,수원시,장안구청,2023-10-25 10:42,정자동 천천로152번길,주행형,2023-12-01,,,
2023,수원시,장안구청,2023-10-25 10:42,정자동 천천로152번길,주행형,2023-12-01,,,
2023,수원시,장안구청,2023-10-25 10:45,정자동 천천로152번길,주행형,2023-12-01,,,
2023,수원시,장안구청,2023-10-25 10:45,정자동 천천로152번길,주행형,2023-12-01,,,
2023,수원시,장안구청,2023-10-25 10:45,정자동 천천로152번길,주행형,2023-12-01,,,
2023,수원시,장안구청,2023-10-25 11:08,"조원1동 조원동 351-10, 아이림 유치원 앞",고정형,2023-12-01,,,
2023,수원시,영통구청,2023-10-25 11:53,하동 광교호반마을한양수자인,고정형,2023-12-01,,,
2023,수원시,영통구청,2023-10-25 12:08,망포동 힐스테이트 119동 ~방죽공원 삼거리,고정형,2023-12-01,,,
2023,수원시,팔달구청,2023-10-25 12:10,화서1동 수원역푸르지오자이 북문 우측,고정형,2023-12-01,,,
2023,수원시,팔달구청,2023-10-25 12:59,화서1동 푸르지오자이 북문 CU 앞 횡단보도,고정형,2023-12-01,,,
2023,수원시,장안구청,2023-10-25 13:12,"조원1동 조원동 351-10, 아이림 유치원 앞",고정형,2023-12-01,,,
2023,수원시,팔달구청,2023-10-25 13:23,매산동 역전농협,고정형,2023-12-01,,,
2023,수원시,영통구청,2023-10-25 13:27,망포동 국민은행신영통지점(태장동),고정형,2023-12-01,,,
2023,수원시,장안구청,2023-10-25 13:49,"조원1동 조원동 351-10, 아이림 유치원 앞",고정형,2023-12-01,,,
2023,수원시,팔달구청,2023-10-25 13:53,화서1동 수원역푸르지오자이 북문 우측,고정형,2023-12-01,,,
2023,수원시,영통구청,2023-10-25 13:59,경기도수원시영통구망포동 수원시 영통구 망포동 58,보행,2023-12-01,,,
2023,수원시,장안구청,2023-10-25 14:04,"조원1동 조원동 351-10, 아이림 유치원 앞",고정형,2023-12-01,,,
2023,수원시,영통구청,2023-10-25 14:14,하동 32.24,주행형,2023-12-01,,,
2023,수원시,영통구청,2023-10-25 14:14,하동 25.08,주행형,2023-12-01,,,
2023,수원시,팔달구청,2023-10-25 14:19,화서동 화서동 수성로189번길,주행형,2023-12-01,,,
2023,수원시,팔달구청,2023-10-25 14:19,화서동 화서동 수성로189번길,주행형,2023-12-01,,,
2023,수원시,팔달구청,2023-10-25 14:20,정자동 화서동 수성로157번길,주행형,2023-12-01,,,
2023,수원시,팔달구청,2023-10-25 14:21,정자동 화서동 수성로157번길,주행형,2023-12-01,,,
2023,수원시,팔달구청,2023-10-25 14:21,정자동 화서동 수성로157번길,주행형,2023-12-01,,,
2023,수원시,팔달구청,2023-10-25 14:21,정자동 화서동 수성로157번길,주행형,2023-12-01,,,
2023,수원시,팔달구청,2023-10-25 14:32,매산동 팅스몰 주차장 출구 옆,고정형,2023-12-01,,,
2023,수원시,팔달구청,2023-10-25 14:39,화서1동 수원역푸르지오자이 북문 우측,고정형,2023-12-01,,,
2023,수원시,권선구청,2023-10-25 14:44,권선동 권선동 한라비발디앞 놀이터,고정형,2023-12-01,,,
2023,수원시,장안구청,2023-10-25 14:51,"송죽동 송죽동 389-9, 로얄팰리스 103동 뒤편",고정형,2023-12-01,,,
2023,수원시,권선구청,2023-10-25 14:57,곡선동 권선중앙약국 건너편,고정형,2023-12-01,,,
2023,수원시,권선구청,2023-10-25 14:57,곡선동 권선중앙약국 건너편,고정형,2023-12-01,,,
2023,수원시,영통구청,2023-10-25 15:00,이의동 드림스퀘어Ⅱ 앞,고정형,2023-12-01,,,
2023,수원시,권선구청,2023-10-25 15:03,곡반정동 하나로마트한국빌딩앞,고정형,2023-12-01,,,
2023,수원시,팔달구청,2023-10-25 15:12,남수동 남수동 정조로796번길,주행형,2023-12-01,,,
2023,수원시,팔달구청,2023-10-25 15:13,팔달로2가 팔달로2가 정조로796번길,주행형,2023-12-01,,,
2023,수원시,팔달구청,2023-10-25 15:13,팔달로2가 팔달로2가 정조로796번길,주행형,2023-12-01,,,
2023,수원시,장안구청,2023-10-25 15:21,"조원1동 조원동 351-10, 아이림 유치원 앞",고정형,2023-12-01,,,
2023,수원시,장안구청,2023-10-25 15:24,"조원1동 조원동 351-10, 아이림 유치원 앞",고정형,2023-12-01,,,
2023,수원시,장안구청,2023-10-25 15:28,"조원1동 조원동 351-10, 아이림 유치원 앞",고정형,2023-12-01,,,
2023,수원시,권선구청,2023-10-25 15:29,세류3동 신곡초교 후문 좌측 사거리,고정형,2023-12-01,,,
2023,수원시,팔달구청,2023-10-25 15:42,매산동 역전농협,고정형,2023-12-01,,,
2023,수원시,권선구청,2023-10-25 15:48,서둔동 가온팰리스옆1,고정형,2023-12-01,,,
2023,수원시,권선구청,2023-10-25 15:49,경기도수원시권선구곡반정동 수원시 권선구 곡반정동 156-1,보행,2023-12-01,,,
2023,수원시,권선구청,2023-10-25 15:49,경기도수원시권선구곡반정동 수원시 권선구 곡반정동 156-1,보행,2023-12-01,,,
2023,수원시,권선구청,2023-10-25 15:50,경기도수원시권선구곡반정동 수원시 권선구 곡반정동 156-1,보행,2023-12-01,,,
2023,수원시,권선구청,2023-10-25 15:51,경기도수원시권선구곡반정동 수원시 권선구 곡반정동 156-8,보행,2023-12-01,,,
2023,수원시,장안구청,2023-10-25 16:17,"송죽동 송죽동 389-9, 로얄팰리스 103동 뒤편",고정형,2023-12-01,,,
2023,수원시,권선구청,2023-10-25 16:20,서둔동 가온팰리스옆2,고정형,2023-12-01,,,
2023,수원시,팔달구청,2023-10-25 16:29,화서1동 수원역푸르지오자이 북문 우측,고정형,2023-12-01,,,
2023,수원시,팔달구청,2023-10-25 16:29,매산동 팔달로 10번길 8,고정형,2023-12-01,,,
2023,수원시,권선구청,2023-10-25 16:36,세류3동 신곡초교 후문 좌측 사거리,고정형,2023-12-01,,,
2023,수원시,장안구청,2023-10-25 16:37,"송죽동 송죽동 389-9, 로얄팰리스 103동 뒤편",고정형,2023-12-01,,,
2023,수원시,영통구청,2023-10-25 16:40,이의동 드림스퀘어Ⅱ 앞,고정형,2023-12-01,,,
2023,수원시,팔달구청,2023-10-25 16:49,인계동 경인통계청,고정형,2023-12-01,,,
2023,수원시,팔달구청,2023-10-25 16:49,인계동 경인통계청,고정형,2023-12-01,,,
2023,수원시,장안구청,2023-10-25 17:07,"조원1동 조원동 351-10, 아이림 유치원 앞",고정형,2023-12-01,,,
2023,수원시,팔달구청,2023-10-25 17:08,매산동 팔달로 10번길 8,고정형,2023-12-01,,,
2023,수원시,팔달구청,2023-10-25 17:12,인계동 경인통계청,고정형,2023-12-01,,,
2023,수원시,장안구청,2023-10-25 17:23,"송죽동 송죽동 389-9, 로얄팰리스 103동 뒤편",고정형,2023-12-01,,,
2023,수원시,영통구청,2023-10-25 17:25,이의동 드림스퀘어Ⅱ 앞,고정형,2023-12-01,,,
2023,수원시,장안구청,2023-10-25 17:32,"조원1동 조원동 351-10, 아이림 유치원 앞",고정형,2023-12-01,,,
2023,수원시,장안구청,2023-10-25 17:36,"송죽동 송죽동 389-9, 로얄팰리스 103동 뒤편",고정형,2023-12-01,,,
2023,수원시,권선구청,2023-10-25 17:37,서둔동 가온팰리스옆2,고정형,2023-12-01,,,
2023,수원시,팔달구청,2023-10-25 17:44,인계동 드림캐슬주상복합,고정형,2023-12-01,,,
2023,수원시,장안구청,2023-10-25 17:45,"조원1동 조원동 351-10, 아이림 유치원 앞",고정형,2023-12-01,,,
2023,수원시,장안구청,2023-10-25 17:49,연무동 경기도 수원시 장안구 연무동 244-6 105동 옆 삼거리 ,고정형,2023-12-01,,,
2023,수원시,장안구청,2023-10-25 18:24,"조원1동 조원동 351-10, 아이림 유치원 앞",고정형,2023-12-01,,,
2023,수원시,팔달구청,2023-10-25 18:31,매산동 팔달로 10번길 8,고정형,2023-12-01,,,
2023,수원시,팔달구청,2023-10-25 18:34,매산동 팅스몰 주차장 출구 옆,고정형,2023-12-01,,,
2023,수원시,장안구청,2023-10-25 18:36,연무동 경기도 수원시 장안구 연무동 244-6 105동 옆 삼거리 ,고정형,2023-12-01,,,
2023,수원시,팔달구청,2023-10-25 18:47,교동 수원향교 앞 팔달보건소 뒤,고정형,2023-12-01,,,
2023,수원시,영통구청,2023-10-25 18:56,원천동 광교매원초등학교,고정형,2023-12-01,,,
2023,수원시,팔달구청,2023-10-25 19:05,매산동 팅스몰 주차장 출구 옆,고정형,2023-12-01,,,
2023,수원시,장안구청,2023-10-25 19:25,"조원1동 조원동 351-10, 아이림 유치원 앞",고정형,2023-12-01,,,
2023,수원시,팔달구청,2023-10-25 19:38,매산동 팅스몰 주차장 출구 옆,고정형,2023-12-01,,,
2023,수원시,팔달구청,2023-10-25 19:39,인계동 드림캐슬주상복합,고정형,2023-12-01,,,
2023,수원시,팔달구청,2023-10-25 19:39,인계동 드림캐슬주상복합,고정형,2023-12-01,,,
2023,수원시,영통구청,2023-10-25 19:53,원천동 광교매원초등학교,고정형,2023-12-01,,,
2023,수원시,팔달구청,2023-10-25 20:02,매산동 팅스몰 주차장 출구 옆,고정형,2023-12-01,,,
2023,수원시,팔달구청,2023-10-25 20:04,인계동 드림캐슬주상복합,고정형,2023-12-01,,,
2023,수원시,팔달구청,2023-10-25 20:12,경기도수원시팔달구인계동 수원시 팔달구 인계동 154-1,보행,2023-12-01,,,
2023,수원시,팔달구청,2023-10-25 20:13,경기도수원시팔달구인계동 수원시 팔달구 인계동 158-13,보행,2023-12-01,,,
2023,수원시,팔달구청,2023-10-25 20:38,매산동 팅스몰 주차장 출구 옆,고정형,2023-12-01,,,
2023,수원시,팔달구청,2023-10-26 7:32,매산동 팔달로 10번길 8,고정형,2023-12-01,,,
2023,수원시,팔달구청,2023-10-26 7:33,매산동 역전농협,고정형,2023-12-01,,,
2023,수원시,팔달구청,2023-10-26 7:34,인계동 경인통계청,고정형,2023-12-01,,,
2023,수원시,팔달구청,2023-10-26 7:34,매산동 팅스몰 주차장 출구 옆,고정형,2023-12-01,,,
2023,수원시,팔달구청,2023-10-26 7:34,매산동 팅스몰 주차장 출구 옆,고정형,2023-12-01,,,
2023,수원시,팔달구청,2023-10-26 7:34,인계동 경인통계청,고정형,2023-12-01,,,
2023,수원시,팔달구청,2023-10-26 7:55,인계동 드림캐슬주상복합,고정형,2023-12-01,,,
2023,수원시,장안구청,2023-10-26 8:02,"조원1동 조원동 351-10, 아이림 유치원 앞",고정형,2023-12-01,,,
2023,수원시,권선구청,2023-10-26 8:02,서둔동 가온팰리스옆2,고정형,2023-12-01,,,
2023,수원시,장안구청,2023-10-26 8:02,"조원1동 조원동 351-10, 아이림 유치원 앞",고정형,2023-12-01,,,
2023,수원시,장안구청,2023-10-26 8:03,"조원1동 조원동 351-10, 아이림 유치원 앞",고정형,2023-12-01,,,
2023,수원시,권선구청,2023-10-26 8:03,서둔동 가온팰리스옆2,고정형,2023-12-01,,,
2023,수원시,장안구청,2023-10-26 8:04,"조원1동 조원동 351-10, 아이림 유치원 앞",고정형,2023-12-01,,,
2023,수원시,장안구청,2023-10-26 8:04,"정자3동 정자동 869-1, 북수원도서관 앞",고정형,2023-12-01,,,
2023,수원시,장안구청,2023-10-26 8:05,"정자1동 정자동 343-18, 대림진흥아파트 삼거리",고정형,2023-12-01,,,
2023,수원시,장안구청,2023-10-26 8:06,"정자1동 정자동 343-18, 대림진흥아파트 삼거리",고정형,2023-12-01,,,
2023,수원시,장안구청,2023-10-26 8:06,"정자1동 정자동 343-18, 대림진흥아파트 삼거리",고정형,2023-12-01,,,
2023,수원시,권선구청,2023-10-26 8:07,세류3동 신곡초교 후문 좌측 사거리,고정형,2023-12-01,,,
2023,수원시,권선구청,2023-10-26 8:07,세류3동 신곡초교 후문 좌측 사거리,고정형,2023-12-01,,,
2023,수원시,권선구청,2023-10-26 8:08,곡반정동 하나로마트한국빌딩앞,고정형,2023-12-01,,,
2023,수원시,권선구청,2023-10-26 8:54,호매실동 금호프라자 대각 맞은편,고정형,2023-12-01,,,
2023,수원시,장안구청,2023-10-26 8:55,"조원1동 조원동 351-10, 아이림 유치원 앞",고정형,2023-12-01,,,
2023,수원시,팔달구청,2023-10-26 9:14,인계동 드림캐슬주상복합,고정형,2023-12-01,,,
2023,수원시,영통구청,2023-10-26 9:15,이의동 광교호반베르디움 103동 앞,고정형,2023-12-01,,,
2023,수원시,영통구청,2023-10-26 9:16,하동 광교대광로제비앙앞,고정형,2023-12-01,,,
2023,수원시,팔달구청,2023-10-26 9:23,인계동 경인통계청,고정형,2023-12-01,,,
2023,수원시,권선구청,2023-10-26 9:53,호매실동 금호프라자 대각 맞은편,고정형,2023-12-01,,,
2023,수원시,팔달구청,2023-10-26 10:04,북수동 쌈지공원 앞,고정형,2023-12-01,,,
2023,수원시,팔달구청,2023-10-26 10:13,인계동 드림캐슬주상복합,고정형,2023-12-01,,,
2023,수원시,장안구청,2023-10-26 10:41,"조원1동 조원동 351-10, 아이림 유치원 앞",고정형,2023-12-01,,,
2023,수원시,팔달구청,2023-10-26 10:43,경기도수원시팔달구매산로3가 수원시 팔달구 매산로2가 65-54,보행,2023-12-01,,,
2023,수원시,장안구청,2023-10-26 11:05,"조원1동 조원동 351-10, 아이림 유치원 앞",고정형,2023-12-01,,,
2023,수원시,팔달구청,2023-10-26 12:38,매산동 역전농협,고정형,2023-12-01,,,
2023,수원시,영통구청,2023-10-26 13:26,광교동 광교웰빙타운한양수자인,고정형,2023-12-01,,,
2023,수원시,장안구청,2023-10-26 14:04,연무동 경기도 수원시 장안구 연무동 244-6 105동 옆 삼거리 ,고정형,2023-12-01,,,
2023,수원시,팔달구청,2023-10-26 14:15,남수동 남수동 정조로796번길,주행형,2023-12-01,,,
2023,수원시,권선구청,2023-10-26 14:18,입북동 당수초교 정문 우측 사거리,고정형,2023-12-01,,,
2023,수원시,팔달구청,2023-10-26 14:21,인계동 인계동 수원천로231번길3,주행형,2023-12-01,,,
2023,수원시,팔달구청,2023-10-26 14:36,인계동 드림캐슬주상복합,고정형,2023-12-01,,,
2023,수원시,권선구청,2023-10-26 14:39,평동 고현초교 정문 좌측 삼거리,고정형,2023-12-01,,,
2023,수원시,팔달구청,2023-10-26 14:41,인계동 드림캐슬주상복합,고정형,2023-12-01,,,
2023,수원시,장안구청,2023-10-26 14:50,"정자1동 정자동 343-18, 대림진흥아파트 삼거리",고정형,2023-12-01,,,
2023,수원시,팔달구청,2023-10-26 14:57,장안동 장안동 화서문로17번길,주행형,2023-12-01,,,
2023,수원시,장안구청,2023-10-26 15:04,"송죽동 송죽동 389-9, 로얄팰리스 103동 뒤편",고정형,2023-12-01,,,
2023,수원시,영통구청,2023-10-26 15:10,원천동 광교에일린의뜰 북측,고정형,2023-12-01,,,
2023,수원시,팔달구청,2023-10-26 15:41,인계동 경인통계청,고정형,2023-12-01,,,
2023,수원시,팔달구청,2023-10-26 16:03,인계동 드림캐슬주상복합,고정형,2023-12-01,,,
2023,수원시,장안구청,2023-10-26 16:23,"조원1동 조원동 351-10, 아이림 유치원 앞",고정형,2023-12-01,,,
2023,수원시,장안구청,2023-10-26 16:23,"조원1동 조원동 351-10, 아이림 유치원 앞",고정형,2023-12-01,,,
2023,수원시,팔달구청,2023-10-26 16:29,인계동 드림캐슬주상복합,고정형,2023-12-01,,,
2023,수원시,영통구청,2023-10-26 16:32,광교동 광교웰빙타운한양수자인,고정형,2023-12-01,,,
2023,수원시,팔달구청,2023-10-26 16:33,고등동 고등동 141-22 인도,국민신문고,2023-12-01,,,
2023,수원시,장안구청,2023-10-26 16:36,"송죽동 송죽동 389-9, 로얄팰리스 103동 뒤편",고정형,2023-12-01,,,
2023,수원시,권선구청,2023-10-26 16:43,호매실동 금호프라자 대각 맞은편,고정형,2023-12-01,,,
2023,수원시,팔달구청,2023-10-26 16:51,매산동 팅스몰 주차장 출구 옆,고정형,2023-12-01,,,
2023,수원시,팔달구청,2023-10-26 16:52,매산동 역전농협,고정형,2023-12-01,,,
2023,수원시,장안구청,2023-10-26 16:54,"조원1동 조원동 351-10, 아이림 유치원 앞",고정형,2023-12-01,,,
2023,수원시,장안구청,2023-10-26 16:54,"조원1동 조원동 351-10, 아이림 유치원 앞",고정형,2023-12-01,,,
2023,수원시,팔달구청,2023-10-26 16:55,인계동 한국씨티은행,고정형,2023-12-01,,,
2023,수원시,팔달구청,2023-10-26 17:34,매산동 팅스몰 주차장 출구 옆,고정형,2023-12-01,,,
2023,수원시,팔달구청,2023-10-26 18:00,매산동 팔달로 10번길 8,고정형,2023-12-01,,,
2023,수원시,장안구청,2023-10-26 18:01,"조원1동 조원동 351-10, 아이림 유치원 앞",고정형,2023-12-01,,,
2023,수원시,팔달구청,2023-10-26 18:18,매산동 팅스몰 주차장 출구 옆,고정형,2023-12-01,,,
2023,수원시,팔달구청,2023-10-26 18:30,매산동 팅스몰 주차장 출구 옆,고정형,2023-12-01,,,
2023,수원시,장안구청,2023-10-26 18:53,연무동 경기도 수원시 장안구 연무동 244-6 105동 옆 삼거리 ,고정형,2023-12-01,,,
2023,수원시,장안구청,2023-10-26 18:55,"조원1동 조원동 351-10, 아이림 유치원 앞",고정형,2023-12-01,,,
2023,수원시,장안구청,2023-10-26 18:58,연무동 경기도 수원시 장안구 연무동 244-6 105동 옆 삼거리 ,고정형,2023-12-01,,,
2023,수원시,팔달구청,2023-10-26 19:01,매산동 팅스몰 주차장 출구 옆,고정형,2023-12-01,,,
2023,수원시,장안구청,2023-10-26 19:04,"송죽동 송죽동 389-9, 로얄팰리스 103동 뒤편",고정형,2023-12-01,,,
2023,수원시,팔달구청,2023-10-26 19:07,매산동 팅스몰 주차장 출구 옆,고정형,2023-12-01,,,
2023,수원시,영통구청,2023-10-26 19:08,영통동 롯데마트 뒤,고정형,2023-12-01,37.27220279535416,127.10856729001851,
2023,수원시,장안구청,2023-10-26 19:08,연무동 경기도 수원시 장안구 연무동 244-6 105동 옆 삼거리 ,고정형,2023-12-01,,,
2023,수원시,팔달구청,2023-10-26 19:09,매산동 팅스몰 주차장 출구 옆,고정형,2023-12-01,,,
2023,수원시,팔달구청,2023-10-26 19:10,인계동 드림캐슬주상복합,고정형,2023-12-01,,,
2023,수원시,장안구청,2023-10-26 19:13,"송죽동 송죽동 389-9, 로얄팰리스 103동 뒤편",고정형,2023-12-01,,,
2023,수원시,장안구청,2023-10-26 19:13,"송죽동 송죽동 389-9, 로얄팰리스 103동 뒤편",고정형,2023-12-01,,,
2023,수원시,장안구청,2023-10-26 19:36,"정자3동 정자동 869-1, 북수원도서관 앞",고정형,2023-12-01,,,
2023,수원시,권선구청,2023-10-26 19:42,오목천동 473-2 횡단보도,국민신문고,2023-12-01,,,
2023,수원시,장안구청,2023-10-26 19:47,"조원1동 조원동 351-10, 아이림 유치원 앞",고정형,2023-12-01,,,
2023,수원시,장안구청,2023-10-26 20:05,연무동 경기도 수원시 장안구 연무동 244-6 105동 옆 삼거리 ,고정형,2023-12-01,,,
2023,수원시,장안구청,2023-10-26 20:34,"정자1동 정자동 343-18, 대림진흥아파트 삼거리",고정형,2023-12-01,,,
2023,수원시,팔달구청,2023-10-26 21:30,인계동 드림캐슬주상복합,고정형,2023-12-01,,,
2023,수원시,팔달구청,2023-10-26 21:46,인계동 드림캐슬주상복합,고정형,2023-12-01,,,
2023,수원시,권선구청,2023-10-27 2:11,오목천동 527-21,국민신문고,2023-12-01,,,
2023,수원시,영통구청,2023-10-27 7:04,이의동 광교가재울마을사거리,고정형,2023-12-01,,,
2023,수원시,영통구청,2023-10-27 7:25,영통동 롯데마트 뒤,고정형,2023-12-01,37.27220279535416,127.10856729001851,
2023,수원시,팔달구청,2023-10-27 7:33,매산동 팔달로 10번길 8,고정형,2023-12-01,,,
2023,수원시,팔달구청,2023-10-27 7:34,인계동 드림캐슬주상복합,고정형,2023-12-01,,,
2023,수원시,팔달구청,2023-10-27 7:36,매산동 팅스몰 주차장 출구 옆,고정형,2023-12-01,,,
2023,수원시,팔달구청,2023-10-27 7:36,매산동 역전농협,고정형,2023-12-01,,,
2023,수원시,팔달구청,2023-10-27 7:40,매산동 팅스몰 주차장 출구 옆,고정형,2023-12-01,,,
2023,수원시,영통구청,2023-10-27 7:57,영통동 마사회뒷길,고정형,2023-12-01,,,
2023,수원시,팔달구청,2023-10-27 8:01,매산동 팅스몰 주차장 출구 옆,고정형,2023-12-01,,,
2023,수원시,권선구청,2023-10-27 8:05,서둔동 가온팰리스옆1,고정형,2023-12-01,,,
2023,수원시,권선구청,2023-10-27 8:05,곡반정동 하나로마트한국빌딩앞,고정형,2023-12-01,,,
2023,수원시,권선구청,2023-10-27 8:05,서둔동 가온팰리스옆2,고정형,2023-12-01,,,
2023,수원시,장안구청,2023-10-27 8:06,"조원1동 조원동 351-10, 아이림 유치원 앞",고정형,2023-12-01,,,
2023,수원시,장안구청,2023-10-27 8:06,"조원1동 조원동 351-10, 아이림 유치원 앞",고정형,2023-12-01,,,
2023,수원시,권선구청,2023-10-27 8:09,서둔동 가온팰리스옆2,고정형,2023-12-01,,,
2023,수원시,권선구청,2023-10-27 8:28,고색동 도이치 고객주차장 출입구,고정형,2023-12-01,,,
2023,수원시,팔달구청,2023-10-27 8:33,화서1동 화서초등학교 둘레길 중간지점,고정형,2023-12-01,,,
2023,수원시,권선구청,2023-10-27 8:33,입북동 당수초교 정문 우측 사거리,고정형,2023-12-01,,,
2023,수원시,권선구청,2023-10-27 8:44,세류3동 신곡초교 후문 좌측 사거리,고정형,2023-12-01,,,
2023,수원시,장안구청,2023-10-27 8:48,"송죽동 송죽동 389-9, 로얄팰리스 103동 뒤편",고정형,2023-12-01,,,
2023,수원시,장안구청,2023-10-27 9:01,정자동 천천로152번길,주행형,2023-12-01,,,
2023,수원시,장안구청,2023-10-27 9:01,정자동 천천로152번길,주행형,2023-12-01,,,
2023,수원시,장안구청,2023-10-27 9:01,정자동 천천로152번길,주행형,2023-12-01,,,
2023,수원시,장안구청,2023-10-27 9:02,정자동 천천로152번길,주행형,2023-12-01,,,
2023,수원시,장안구청,2023-10-27 9:02,정자동 천천로152번길,주행형,2023-12-01,,,
2023,수원시,장안구청,2023-10-27 9:02,정자동 천천로152번길,주행형,2023-12-01,,,
2023,수원시,장안구청,2023-10-27 9:02,정자동 천천로152번길,주행형,2023-12-01,,,
2023,수원시,장안구청,2023-10-27 9:02,정자동 천천로152번길,주행형,2023-12-01,,,
2023,수원시,장안구청,2023-10-27 9:02,정자동 천천로152번길,주행형,2023-12-01,,,
2023,수원시,장안구청,2023-10-27 9:03,정자동 천천로152번길,주행형,2023-12-01,,,
2023,수원시,권선구청,2023-10-27 9:03,서둔동 가온팰리스옆2,고정형,2023-12-01,,,
2023,수원시,장안구청,2023-10-27 9:07,정자동 천천로152번길,주행형,2023-12-01,,,
2023,수원시,장안구청,2023-10-27 9:07,정자동 천천로152번길,주행형,2023-12-01,,,
2023,수원시,장안구청,2023-10-27 9:31,연무동 경기도 수원시 장안구 연무동 244-6 105동 옆 삼거리 ,고정형,2023-12-01,,,
2023,수원시,영통구청,2023-10-27 9:36,원천동 삼성전자중문,고정형,2023-12-01,,,
2023,수원시,팔달구청,2023-10-27 9:54,매산동 팅스몰 주차장 출구 옆,고정형,2023-12-01,,,
2023,수원시,팔달구청,2023-10-27 9:55,북수동 쌈지공원 앞,고정형,2023-12-01,,,
2023,수원시,팔달구청,2023-10-27 10:01,교동 수원향교 앞 팔달보건소 뒤,고정형,2023-12-01,,,
2023,수원시,권선구청,2023-10-27 10:04,서둔동 가온팰리스옆2,고정형,2023-12-01,,,
2023,수원시,팔달구청,2023-10-27 10:32,우만동 인계동 241-56 소화전,국민신문고,2023-12-01,,,
2023,수원시,팔달구청,2023-10-27 10:36,경기도수원시팔달구고등동 수원시 팔달구 고화로71번길7,보행,2023-12-01,,,
2023,수원시,팔달구청,2023-10-27 10:40,화서1동 수원역푸르지오자이 북문 우측,고정형,2023-12-01,,,
2023,수원시,권선구청,2023-10-27 11:29,경기도수원시권선구세류동 수원시 권선구 세류동 283-6,보행,2023-12-01,,,
2023,수원시,권선구청,2023-10-27 11:30,경기도수원시권선구세류동 수원시 권선구 세류동 283-6,보행,2023-12-01,,,
2023,수원시,권선구청,2023-10-27 11:31,경기도수원시권선구세류동 수원시 권선구 세류동 283-6,보행,2023-12-01,,,
2023,수원시,권선구청,2023-10-27 11:32,경기도수원시권선구세류동 수원시 권선구 세류동 283-6,보행,2023-12-01,,,
2023,수원시,권선구청,2023-10-27 11:35,경기도수원시권선구세류동 수원시 권선구 세류동 260-3,보행,2023-12-01,,,
2023,수원시,팔달구청,2023-10-27 12:02,화서1동 수원역푸르지오자이 북문 우측,고정형,2023-12-01,,,
2023,수원시,장안구청,2023-10-27 12:06,"조원1동 조원동 351-10, 아이림 유치원 앞",고정형,2023-12-01,,,
2023,수원시,영통구청,2023-10-27 12:17,영통구 우만동85-9,주민신고제,2023-12-01,,,
2023,수원시,장안구청,2023-10-27 12:50,"조원1동 조원동 351-10, 아이림 유치원 앞",고정형,2023-12-01,,,
2023,수원시,권선구청,2023-10-27 12:55,입북동 당수초교 정문 우측 사거리,고정형,2023-12-01,,,
2023,수원시,영통구청,2023-10-27 13:17,망포동 힐스테이트 119동 ~방죽공원 삼거리,고정형,2023-12-01,,,
2023,수원시,권선구청,2023-10-27 13:27,곡반정동 562-2,국민신문고,2023-12-01,,,
2023,수원시,장안구청,2023-10-27 14:13,연무동 경기도 수원시 장안구 연무동 244-6 105동 옆 삼거리 ,고정형,2023-12-01,,,
2023,수원시,팔달구청,2023-10-27 14:17,남수동 남수동 정조로796번길,주행형,2023-12-01,,,
2023,수원시,장안구청,2023-10-27 14:20,"조원1동 조원동 351-10, 아이림 유치원 앞",고정형,2023-12-01,,,
2023,수원시,장안구청,2023-10-27 14:20,"조원1동 조원동 351-10, 아이림 유치원 앞",고정형,2023-12-01,,,
2023,수원시,팔달구청,2023-10-27 14:28,신풍동 신풍동 화서문로19,주행형,2023-12-01,,,
2023,수원시,장안구청,2023-10-27 14:29,"정자3동 정자동 869-1, 북수원도서관 앞",고정형,2023-12-01,,,
2023,수원시,팔달구청,2023-10-27 14:29,장안동 장안동 화서문로17번길,주행형,2023-12-01,,,
2023,수원시,팔달구청,2023-10-27 14:29,장안동 장안동 화서문로17번길,주행형,2023-12-01,,,
2023,수원시,팔달구청,2023-10-27 14:31,장안동 화서문로51번길16-2,주행형,2023-12-01,,,
2023,수원시,팔달구청,2023-10-27 14:33,매산동 팅스몰 주차장 출구 옆,고정형,2023-12-01,,,
2023,수원시,팔달구청,2023-10-27 14:33,매산동 팅스몰 주차장 출구 옆,고정형,2023-12-01,,,
2023,수원시,팔달구청,2023-10-27 14:34,매산동 팔달로 10번길 8,고정형,2023-12-01,,,
2023,수원시,권선구청,2023-10-27 14:34,세류3동 신곡초교 후문 좌측 사거리,고정형,2023-12-01,,,
2023,수원시,권선구청,2023-10-27 14:35,서둔동 가온팰리스옆2,고정형,2023-12-01,,,
2023,수원시,권선구청,2023-10-27 14:36,서둔동 가온팰리스옆2,고정형,2023-12-01,,,
2023,수원시,장안구청,2023-10-27 14:37,"정자3동 정자동 869-1, 북수원도서관 앞",고정형,2023-12-01,,,
2023,수원시,팔달구청,2023-10-27 14:38,장안동 장안동 화서문로33,주행형,2023-12-01,,,
2023,수원시,권선구청,2023-10-27 14:39,서둔동 서둔로256번길,주행형,2023-12-01,,,
2023,수원시,권선구청,2023-10-27 14:39,서둔동 서둔로256번길,주행형,2023-12-01,,,
2023,수원시,장안구청,2023-10-27 14:40,연무동 경기도 수원시 장안구 연무동 244-6 105동 옆 삼거리 ,고정형,2023-12-01,,,
2023,수원시,팔달구청,2023-10-27 14:55,인계동 한국씨티은행,고정형,2023-12-01,,,
2023,수원시,장안구청,2023-10-27 14:57,연무동 경기도 수원시 장안구 연무동 244-6 105동 옆 삼거리 ,고정형,2023-12-01,,,
2023,수원시,장안구청,2023-10-27 14:57,연무동 경기도 수원시 장안구 연무동 244-6 105동 옆 삼거리 ,고정형,2023-12-01,,,
2023,수원시,장안구청,2023-10-27 15:21,"조원1동 조원동 351-10, 아이림 유치원 앞",고정형,2023-12-01,,,
2023,수원시,장안구청,2023-10-27 15:21,"조원1동 조원동 351-10, 아이림 유치원 앞",고정형,2023-12-01,,,
2023,수원시,팔달구청,2023-10-27 15:23,화서동 화서동 동말로26번길,주행형,2023-12-01,,,
2023,수원시,팔달구청,2023-10-27 15:23,화서동 화서동 동말로26번길,주행형,2023-12-01,,,
2023,수원시,팔달구청,2023-10-27 15:23,화서동 화서동 동말로26번길,주행형,2023-12-01,,,
2023,수원시,장안구청,2023-10-27 15:26,"조원1동 조원동 351-10, 아이림 유치원 앞",고정형,2023-12-01,,,
2023,수원시,장안구청,2023-10-27 15:58,경기도수원시장안구파장동 수원시 장안구 파장천로 46번길 16한진빌라,보행,2023-12-01,,,
2023,수원시,장안구청,2023-10-27 15:58,경기도수원시장안구파장동 수원시 장안구 파장천로 46번길 16한진빌라,보행,2023-12-01,,,
2023,수원시,영통구청,2023-10-27 16:04,망포동 힐스테이트 119동 ~방죽공원 삼거리,고정형,2023-12-01,,,
2023,수원시,팔달구청,2023-10-27 16:05,인계동 드림캐슬주상복합,고정형,2023-12-01,,,
2023,수원시,팔달구청,2023-10-27 16:06,매산동 역전농협,고정형,2023-12-01,,,
2023,수원시,장안구청,2023-10-27 16:07,"조원1동 조원동 351-10, 아이림 유치원 앞",고정형,2023-12-01,,,
2023,수원시,장안구청,2023-10-27 16:16,"송죽동 송죽동 389-9, 로얄팰리스 103동 뒤편",고정형,2023-12-01,,,
2023,수원시,장안구청,2023-10-27 16:16,"송죽동 송죽동 389-9, 로얄팰리스 103동 뒤편",고정형,2023-12-01,,,
2023,수원시,팔달구청,2023-10-27 16:19,매산동 팅스몰 주차장 출구 옆,고정형,2023-12-01,,,
2023,수원시,권선구청,2023-10-27 16:46,세류3동 신곡초교 후문 좌측 사거리,고정형,2023-12-01,,,
2023,수원시,장안구청,2023-10-27 16:54,"조원1동 조원동 351-10, 아이림 유치원 앞",고정형,2023-12-01,,,
2023,수원시,장안구청,2023-10-27 16:54,"송죽동 송죽동 389-9, 로얄팰리스 103동 뒤편",고정형,2023-12-01,,,
2023,수원시,팔달구청,2023-10-27 17:05,매산동 팔달로 10번길 8,고정형,2023-12-01,,,
2023,수원시,팔달구청,2023-10-27 17:17,인계동 경인통계청,고정형,2023-12-01,,,
2023,수원시,팔달구청,2023-10-27 17:17,인계동 경인통계청,고정형,2023-12-01,,,
2023,수원시,영통구청,2023-10-27 17:27,광교동 광교더사랑교회뒷길,고정형,2023-12-01,,,
2023,수원시,장안구청,2023-10-27 17:36,연무동 경기도 수원시 장안구 연무동 244-6 105동 옆 삼거리 ,고정형,2023-12-01,,,
2023,수원시,팔달구청,2023-10-27 17:46,매산동 팅스몰 주차장 출구 옆,고정형,2023-12-01,,,
2023,수원시,팔달구청,2023-10-27 18:16,매산동 팅스몰 주차장 출구 옆,고정형,2023-12-01,,,
2023,수원시,장안구청,2023-10-27 18:22,"조원1동 조원동 351-10, 아이림 유치원 앞",고정형,2023-12-01,,,
2023,수원시,장안구청,2023-10-27 18:49,연무동 경기도 수원시 장안구 연무동 244-6 105동 옆 삼거리 ,고정형,2023-12-01,,,
2023,수원시,팔달구청,2023-10-27 18:51,매산동 팅스몰 주차장 출구 옆,고정형,2023-12-01,,,
2023,수원시,장안구청,2023-10-27 18:55,"조원1동 조원동 351-10, 아이림 유치원 앞",고정형,2023-12-01,,,
2023,수원시,영통구청,2023-10-27 19:01,원천동 광교매원초등학교,고정형,2023-12-01,,,
2023,수원시,장안구청,2023-10-27 19:29,"송죽동 송죽동 389-9, 로얄팰리스 103동 뒤편",고정형,2023-12-01,,,
2023,수원시,팔달구청,2023-10-27 19:31,인계동 드림캐슬주상복합,고정형,2023-12-01,,,
2023,수원시,팔달구청,2023-10-27 19:31,인계동 드림캐슬주상복합,고정형,2023-12-01,,,
2023,수원시,팔달구청,2023-10-27 19:34,인계동 드림캐슬주상복합,고정형,2023-12-01,,,
2023,수원시,영통구청,2023-10-27 19:35,영통동 롯데마트 뒤,고정형,2023-12-01,37.27220279535416,127.10856729001851,
2023,수원시,장안구청,2023-10-27 19:40,"정자1동 정자동 343-18, 대림진흥아파트 삼거리",고정형,2023-12-01,,,
2023,수원시,권선구청,2023-10-27 19:40,경기도수원시권선구세류동 수원시 권선구 세류동 42-3,보행,2023-12-01,,,
2023,수원시,장안구청,2023-10-27 19:47,연무동 경기도 수원시 장안구 연무동 244-6 105동 옆 삼거리 ,고정형,2023-12-01,,,
2023,수원시,팔달구청,2023-10-27 19:53,매산동 팅스몰 주차장 출구 옆,고정형,2023-12-01,,,
2023,수원시,장안구청,2023-10-27 19:54,연무동 경기도 수원시 장안구 연무동 244-6 105동 옆 삼거리 ,고정형,2023-12-01,,,
2023,수원시,장안구청,2023-10-27 20:04,상광교동 광교버스정류장종점,고정형,2023-12-01,,,
2023,수원시,영통구청,2023-10-27 20:15,원천동 광교매원초등학교,고정형,2023-12-01,,,
2023,수원시,장안구청,2023-10-27 20:23,"정자1동 정자동 343-18, 대림진흥아파트 삼거리",고정형,2023-12-01,,,
2023,수원시,팔달구청,2023-10-27 20:27,인계동 드림캐슬주상복합,고정형,2023-12-01,,,
2023,수원시,장안구청,2023-10-27 20:30,"정자1동 정자동 343-18, 대림진흥아파트 삼거리",고정형,2023-12-01,,,
2023,수원시,장안구청,2023-10-27 20:33,"정자3동 정자동 869-1, 북수원도서관 앞",고정형,2023-12-01,,,
2023,수원시,장안구청,2023-10-27 20:34,"송죽동 송죽동 389-9, 로얄팰리스 103동 뒤편",고정형,2023-12-01,,,
2023,수원시,영통구청,2023-10-27 20:34,광교동 광교이의119안전센터,고정형,2023-12-01,,,
2023,수원시,권선구청,2023-10-27 20:44,금곡동 88머2534,국민신문고,2023-12-01,,,
2023,수원시,팔달구청,2023-10-27 20:57,인계동 드림캐슬주상복합,고정형,2023-12-01,,,
2023,수원시,권선구청,2023-10-27 21:31,곡반정동 562-2,국민신문고,2023-12-01,,,
2023,수원시,팔달구청,2023-10-27 21:36,인계동 드림캐슬주상복합,고정형,2023-12-01,,,
2023,수원시,팔달구청,2023-10-27 21:36,인계동 드림캐슬주상복합,고정형,2023-12-01,,,
2023,수원시,팔달구청,2023-10-28 9:02,매산동 팅스몰 주차장 출구 옆,고정형,2023-12-01,,,
2023,수원시,권선구청,2023-10-28 9:03,곡반정동 하나로마트한국빌딩앞,고정형,2023-12-01,,,
2023,수원시,팔달구청,2023-10-28 9:03,북수동 쌈지공원 앞,고정형,2023-12-01,,,
2023,수원시,팔달구청,2023-10-28 9:04,매산동 팅스몰 주차장 출구 옆,고정형,2023-12-01,,,
2023,수원시,팔달구청,2023-10-28 9:05,인계동 한국씨티은행,고정형,2023-12-01,,,
2023,수원시,권선구청,2023-10-28 9:06,서둔동 가온팰리스옆2,고정형,2023-12-01,,,
2023,수원시,권선구청,2023-10-28 9:06,서둔동 가온팰리스옆2,고정형,2023-12-01,,,
2023,수원시,팔달구청,2023-10-28 9:08,매산동 팅스몰 주차장 출구 옆,고정형,2023-12-01,,,
2023,수원시,팔달구청,2023-10-28 9:16,매산동 팔달로 10번길 8,고정형,2023-12-01,,,
2023,수원시,권선구청,2023-10-28 9:21,곡반정동 하나로마트한국빌딩앞,고정형,2023-12-01,,,
2023,수원시,팔달구청,2023-10-28 9:47,인계동 한국씨티은행,고정형,2023-12-01,,,
2023,수원시,팔달구청,2023-10-28 10:00,인계동 한국씨티은행,고정형,2023-12-01,,,
2023,수원시,팔달구청,2023-10-28 10:07,매산동 팅스몰 주차장 출구 옆,고정형,2023-12-01,,,
2023,수원시,팔달구청,2023-10-28 10:21,인계동 한국씨티은행,고정형,2023-12-01,,,
2023,수원시,팔달구청,2023-10-28 10:33,매산동 팅스몰 주차장 출구 옆,고정형,2023-12-01,,,
2023,수원시,팔달구청,2023-10-28 10:39,매산동 팅스몰 주차장 출구 옆,고정형,2023-12-01,,,
2023,수원시,팔달구청,2023-10-28 11:12,고등동 고등동 156-117 횡단보도,국민신문고,2023-12-01,,,
2023,수원시,팔달구청,2023-10-28 11:54,화서1동 수원역푸르지오자이 북문 우측,고정형,2023-12-01,,,
2023,수원시,팔달구청,2023-10-28 12:55,화서1동 수원역푸르지오자이 북문 우측,고정형,2023-12-01,,,
2023,수원시,팔달구청,2023-10-28 13:11,고등동 고등동 156-117 횡단보도,국민신문고,2023-12-01,,,
2023,수원시,영통구청,2023-10-28 13:28,영통동 마사회뒷길,고정형,2023-12-01,,,
2023,수원시,영통구청,2023-10-28 13:44,망포동 힐스테이트 119동 ~방죽공원 삼거리,고정형,2023-12-01,,,
2023,수원시,팔달구청,2023-10-28 14:06,매산동 역전농협,고정형,2023-12-01,,,
2023,수원시,팔달구청,2023-10-28 14:22,화서1동 푸르지오자이 북문 CU 앞 횡단보도,고정형,2023-12-01,,,
2023,수원시,팔달구청,2023-10-28 14:32,인계동 경인통계청,고정형,2023-12-01,,,
2023,수원시,팔달구청,2023-10-28 14:33,인계동 경인통계청,고정형,2023-12-01,,,
2023,수원시,권선구청,2023-10-28 14:34,서둔동 가온팰리스옆2,고정형,2023-12-01,,,
2023,수원시,팔달구청,2023-10-28 14:34,매산동 팔달로 10번길 8,고정형,2023-12-01,,,
2023,수원시,팔달구청,2023-10-28 14:42,매산동 팅스몰 주차장 출구 옆,고정형,2023-12-01,,,
2023,수원시,팔달구청,2023-10-28 14:44,매산동 팅스몰 주차장 출구 옆,고정형,2023-12-01,,,
2023,수원시,팔달구청,2023-10-28 14:46,행궁동 화홍사랑채,고정형,2023-12-01,,,
2023,수원시,팔달구청,2023-10-28 14:47,행궁동 화홍사랑채,고정형,2023-12-01,,,
2023,수원시,팔달구청,2023-10-28 14:56,인계동 경인통계청,고정형,2023-12-01,,,
2023,수원시,팔달구청,2023-10-28 14:56,인계동 경인통계청,고정형,2023-12-01,,,
2023,수원시,권선구청,2023-10-28 15:07,서둔동 가온팰리스옆2,고정형,2023-12-01,,,
2023,수원시,팔달구청,2023-10-28 15:12,매산동 팅스몰 주차장 출구 옆,고정형,2023-12-01,,,
2023,수원시,팔달구청,2023-10-28 15:26,매산동 팅스몰 주차장 출구 옆,고정형,2023-12-01,,,
2023,수원시,권선구청,2023-10-28 15:27,호매실동 금호프라자 대각 맞은편,고정형,2023-12-01,,,
2023,수원시,팔달구청,2023-10-28 15:37,화서1동 수원역푸르지오자이 북문 우측,고정형,2023-12-01,,,
2023,수원시,팔달구청,2023-10-28 15:37,매산동 팅스몰 주차장 출구 옆,고정형,2023-12-01,,,
2023,수원시,팔달구청,2023-10-28 15:45,매산동 팅스몰 주차장 출구 옆,고정형,2023-12-01,,,
2023,수원시,팔달구청,2023-10-28 15:49,행궁동 화홍사랑채,고정형,2023-12-01,,,
2023,수원시,팔달구청,2023-10-28 15:54,교동 수원향교 앞 팔달보건소 뒤,고정형,2023-12-01,,,
2023,수원시,팔달구청,2023-10-28 16:01,행궁동 화홍사랑채,고정형,2023-12-01,,,
2023,수원시,팔달구청,2023-10-28 16:07,경기도수원시팔달구중동 수원시 팔달구 구천동 29-3,보행,2023-12-01,,,
2023,수원시,팔달구청,2023-10-28 16:11,인계동 경인통계청,고정형,2023-12-01,,,
2023,수원시,팔달구청,2023-10-28 16:12,매산동 팔달로 10번길 8,고정형,2023-12-01,,,
2023,수원시,영통구청,2023-10-28 16:17,이의동 드림스퀘어Ⅱ 앞,고정형,2023-12-01,,,
2023,수원시,팔달구청,2023-10-28 16:17,인계동 경인통계청,고정형,2023-12-01,,,
2023,수원시,영통구청,2023-10-28 16:20,이의동 드림스퀘어Ⅱ 앞,고정형,2023-12-01,,,
2023,수원시,권선구청,2023-10-28 16:22,서둔동 수원역한라비발디퍼스트 앞2,고정형,2023-12-01,,,
2023,수원시,팔달구청,2023-10-28 16:34,매산동 팅스몰 주차장 출구 옆,고정형,2023-12-01,,,
2023,수원시,팔달구청,2023-10-28 16:39,매산동 팅스몰 주차장 출구 옆,고정형,2023-12-01,,,
2023,수원시,팔달구청,2023-10-28 16:46,인계동 경인통계청,고정형,2023-12-01,,,
2023,수원시,팔달구청,2023-10-28 16:47,인계동 한국씨티은행,고정형,2023-12-01,,,
2023,수원시,권선구청,2023-10-28 16:52,경기도수원시권선구평동 수원시 권선구 평동 2-103,보행,2023-12-01,,,
2023,수원시,팔달구청,2023-10-28 17:11,인계동 한국씨티은행,고정형,2023-12-01,,,
2023,수원시,팔달구청,2023-10-28 17:21,인계동 드림캐슬주상복합,고정형,2023-12-01,,,
2023,수원시,팔달구청,2023-10-28 17:26,매산동 팅스몰 주차장 출구 옆,고정형,2023-12-01,,,
2023,수원시,팔달구청,2023-10-28 17:26,매산동 팅스몰 주차장 출구 옆,고정형,2023-12-01,,,
2023,수원시,권선구청,2023-10-28 17:31,서둔동 가온팰리스옆2,고정형,2023-12-01,,,
2023,수원시,팔달구청,2023-10-28 17:35,인계동 한국씨티은행,고정형,2023-12-01,,,
2023,수원시,팔달구청,2023-10-28 17:35,인계동 경인통계청,고정형,2023-12-01,,,
2023,수원시,팔달구청,2023-10-28 17:35,인계동 경인통계청,고정형,2023-12-01,,,
2023,수원시,팔달구청,2023-10-28 17:44,매산동 팅스몰 주차장 출구 옆,고정형,2023-12-01,,,
2023,수원시,팔달구청,2023-10-28 18:21,매산동 팅스몰 주차장 출구 옆,고정형,2023-12-01,,,
2023,수원시,팔달구청,2023-10-28 18:39,화서1동 수원역푸르지오자이 북문 우측,고정형,2023-12-01,,,
2023,수원시,팔달구청,2023-10-28 18:40,매산동 팅스몰 주차장 출구 옆,고정형,2023-12-01,,,
2023,수원시,팔달구청,2023-10-28 18:57,매산동 팔달로 10번길 8,고정형,2023-12-01,,,
2023,수원시,팔달구청,2023-10-28 19:01,매산동 팅스몰 주차장 출구 옆,고정형,2023-12-01,,,
2023,수원시,팔달구청,2023-10-28 19:01,매산동 팅스몰 주차장 출구 옆,고정형,2023-12-01,,,
2023,수원시,팔달구청,2023-10-28 19:12,매산동 팅스몰 주차장 출구 옆,고정형,2023-12-01,,,
2023,수원시,팔달구청,2023-10-28 19:24,인계동 드림캐슬주상복합,고정형,2023-12-01,,,
2023,수원시,팔달구청,2023-10-28 19:32,인계동 드림캐슬주상복합,고정형,2023-12-01,,,
2023,수원시,팔달구청,2023-10-28 20:29,매산동 팔달로 10번길 8,고정형,2023-12-01,,,
2023,수원시,팔달구청,2023-10-28 20:31,매산동 역전농협,고정형,2023-12-01,,,
2023,수원시,권선구청,2023-10-29 7:37,오목천동 527-20,국민신문고,2023-12-01,,,
2023,수원시,권선구청,2023-10-29 7:39,오목천동 527-21,국민신문고,2023-12-01,,,
2023,수원시,권선구청,2023-10-29 9:02,곡반정동 궁촌육교앞,고정형,2023-12-01,,,
2023,수원시,팔달구청,2023-10-29 9:02,북수동 쌈지공원 앞,고정형,2023-12-01,,,
2023,수원시,팔달구청,2023-10-29 9:02,매산동 팅스몰 주차장 출구 옆,고정형,2023-12-01,,,
2023,수원시,팔달구청,2023-10-29 9:03,인계동 드림캐슬주상복합,고정형,2023-12-01,,,
2023,수원시,권선구청,2023-10-29 9:03,서둔동 가온팰리스옆2,고정형,2023-12-01,,,
2023,수원시,팔달구청,2023-10-29 9:03,인계동 경인통계청,고정형,2023-12-01,,,
2023,수원시,영통구청,2023-10-29 9:03,이의동 드림스퀘어Ⅱ 앞,고정형,2023-12-01,,,
2023,수원시,팔달구청,2023-10-29 9:03,매산동 팔달로 10번길 8,고정형,2023-12-01,,,
2023,수원시,팔달구청,2023-10-29 9:03,인계동 드림캐슬주상복합,고정형,2023-12-01,,,
2023,수원시,팔달구청,2023-10-29 9:04,매산동 팅스몰 주차장 출구 옆,고정형,2023-12-01,,,
2023,수원시,권선구청,2023-10-29 9:04,오목천동 한화꿈에그린아파트 209동앞,고정형,2023-12-01,,,
2023,수원시,팔달구청,2023-10-29 9:06,인계동 경인통계청,고정형,2023-12-01,,,
2023,수원시,권선구청,2023-10-29 9:07,곡반정동 하나로마트한국빌딩앞,고정형,2023-12-01,,,
2023,수원시,권선구청,2023-10-29 9:11,서둔동 가온팰리스옆2,고정형,2023-12-01,,,
2023,수원시,팔달구청,2023-10-29 9:13,매산동 팔달로 10번길 8,고정형,2023-12-01,,,
2023,수원시,영통구청,2023-10-29 9:14,영통동 롯데마트 뒤,고정형,2023-12-01,37.27220279535416,127.10856729001851,
2023,수원시,팔달구청,2023-10-29 9:16,매산동 팅스몰 주차장 출구 옆,고정형,2023-12-01,,,
2023,수원시,팔달구청,2023-10-29 9:18,인계동 한국씨티은행,고정형,2023-12-01,,,
2023,수원시,팔달구청,2023-10-29 9:18,인계동 한국씨티은행,고정형,2023-12-01,,,
2023,수원시,권선구청,2023-10-29 9:25,곡반정동 하나로마트한국빌딩앞,고정형,2023-12-01,,,
2023,수원시,권선구청,2023-10-29 9:41,곡반정동 하나로마트한국빌딩앞,고정형,2023-12-01,,,
2023,수원시,팔달구청,2023-10-29 9:49,매산동 팅스몰 주차장 출구 옆,고정형,2023-12-01,,,
2023,수원시,팔달구청,2023-10-29 9:51,매산동 팅스몰 주차장 출구 옆,고정형,2023-12-01,,,
2023,수원시,영통구청,2023-10-29 10:07,광교동 광교더사랑교회뒷길,고정형,2023-12-01,,,
2023,수원시,영통구청,2023-10-29 10:08,이의동 드림스퀘어Ⅱ 앞,고정형,2023-12-01,,,
2023,수원시,권선구청,2023-10-29 10:19,곡반정동 하나로마트한국빌딩앞,고정형,2023-12-01,,,
2023,수원시,팔달구청,2023-10-29 10:29,매산동 팅스몰 주차장 출구 옆,고정형,2023-12-01,,,
2023,수원시,팔달구청,2023-10-29 10:33,매산동 팅스몰 주차장 출구 옆,고정형,2023-12-01,,,
2023,수원시,팔달구청,2023-10-29 10:33,매산동 팅스몰 주차장 출구 옆,고정형,2023-12-01,,,
2023,수원시,팔달구청,2023-10-29 10:38,인계동 드림캐슬주상복합,고정형,2023-12-01,,,
2023,수원시,영통구청,2023-10-29 11:07,광교동 광교웰빙타운한양수자인,고정형,2023-12-01,,,
2023,수원시,영통구청,2023-10-29 11:14,영통동 마사회뒷길,고정형,2023-12-01,,,
2023,수원시,장안구청,2023-10-29 11:29,파장동 파장동 214-10,국민신문고,2023-12-01,,,
2023,수원시,장안구청,2023-10-29 11:32,파장동 파장동 528-7,국민신문고,2023-12-01,,,
2023,수원시,장안구청,2023-10-29 11:58,파장동 파장동 213-15,국민신문고,2023-12-01,,,
2023,수원시,장안구청,2023-10-29 12:00,파장동 파장동 214-8,국민신문고,2023-12-01,,,
2023,수원시,팔달구청,2023-10-29 12:17,행궁동 팔달문 버스정류장,고정형,2023-12-01,,,
2023,수원시,영통구청,2023-10-29 12:26,영통동 마사회뒷길,고정형,2023-12-01,,,
2023,수원시,영통구청,2023-10-29 12:46,이의동 광교가재울마을사거리,고정형,2023-12-01,,,
2023,수원시,팔달구청,2023-10-29 13:24,화서1동 푸르지오자이 북문 CU 앞 횡단보도,고정형,2023-12-01,,,
2023,수원시,팔달구청,2023-10-29 13:25,화서1동 수원역푸르지오자이 북문 우측,고정형,2023-12-01,,,
2023,수원시,팔달구청,2023-10-29 14:07,화서1동 수원역푸르지오자이 북문 우측,고정형,2023-12-01,,,
2023,수원시,팔달구청,2023-10-29 14:33,인계동 경인통계청,고정형,2023-12-01,,,
2023,수원시,팔달구청,2023-10-29 14:33,매산동 팔달로 10번길 8,고정형,2023-12-01,,,
2023,수원시,팔달구청,2023-10-29 14:34,행궁동 화홍사랑채,고정형,2023-12-01,,,
2023,수원시,권선구청,2023-10-29 14:34,곡반정동 궁촌육교앞,고정형,2023-12-01,,,
2023,수원시,팔달구청,2023-10-29 14:34,매산동 팅스몰 주차장 출구 옆,고정형,2023-12-01,,,
2023,수원시,권선구청,2023-10-29 14:34,곡반정동 하나로마트한국빌딩앞,고정형,2023-12-01,,,
2023,수원시,팔달구청,2023-10-29 14:35,매산동 팅스몰 주차장 출구 옆,고정형,2023-12-01,,,
2023,수원시,팔달구청,2023-10-29 14:36,행궁동 화홍사랑채,고정형,2023-12-01,,,
2023,수원시,팔달구청,2023-10-29 14:40,인계동 경인통계청,고정형,2023-12-01,,,
2023,수원시,팔달구청,2023-10-29 14:43,인계동 드림캐슬주상복합,고정형,2023-12-01,,,
2023,수원시,팔달구청,2023-10-29 14:43,인계동 드림캐슬주상복합,고정형,2023-12-01,,,
2023,수원시,팔달구청,2023-10-29 14:52,매산동 팔달로 10번길 8,고정형,2023-12-01,,,
2023,수원시,팔달구청,2023-10-29 14:52,북수동 북수동 화서문로75번길,주행형,2023-12-01,,,
2023,수원시,팔달구청,2023-10-29 14:52,북수동 북수동 화서문로75번길,주행형,2023-12-01,,,
2023,수원시,팔달구청,2023-10-29 14:52,북수동 북수동 화서문로75번길,주행형,2023-12-01,,,
2023,수원시,팔달구청,2023-10-29 14:53,인계동 경인통계청,고정형,2023-12-01,,,
2023,수원시,팔달구청,2023-10-29 14:55,북수동 북수동 창룡대로41번길,주행형,2023-12-01,,,
2023,수원시,팔달구청,2023-10-29 14:55,북수동 북수동 창룡대로41번길,주행형,2023-12-01,,,
2023,수원시,팔달구청,2023-10-29 15:00,매산동 팅스몰 주차장 출구 옆,고정형,2023-12-01,,,
2023,수원시,권선구청,2023-10-29 15:03,곡반정동 궁촌육교앞,고정형,2023-12-01,,,
2023,수원시,팔달구청,2023-10-29 15:09,행궁동 화홍사랑채,고정형,2023-12-01,,,
2023,수원시,영통구청,2023-10-29 15:14,영통동 마사회뒷길,고정형,2023-12-01,,,
2023,수원시,영통구청,2023-10-29 15:33,우만동 광교로42번길,주행형,2023-12-01,,,
2023,수원시,장안구청,2023-10-29 15:33,상광교동 광교버스정류장종점,고정형,2023-12-01,,,
2023,수원시,팔달구청,2023-10-29 15:38,행궁동 화홍사랑채,고정형,2023-12-01,,,
2023,수원시,팔달구청,2023-10-29 15:38,행궁동 화홍사랑채,고정형,2023-12-01,,,
2023,수원시,팔달구청,2023-10-29 15:41,인계동 드림캐슬주상복합,고정형,2023-12-01,,,
2023,수원시,팔달구청,2023-10-29 15:42,행궁동 화홍사랑채,고정형,2023-12-01,,,
2023,수원시,팔달구청,2023-10-29 15:49,인계동 한국씨티은행,고정형,2023-12-01,,,
2023,수원시,권선구청,2023-10-29 15:51,서둔동 가온팰리스옆1,고정형,2023-12-01,,,
2023,수원시,팔달구청,2023-10-29 15:53,화서1동 수원역푸르지오자이 북문 우측,고정형,2023-12-01,,,
2023,수원시,팔달구청,2023-10-29 16:06,북수동 쌈지공원 앞,고정형,2023-12-01,,,
2023,수원시,영통구청,2023-10-29 16:11,영통동 마사회뒷길,고정형,2023-12-01,,,
2023,수원시,팔달구청,2023-10-29 16:18,매산동 팅스몰 주차장 출구 옆,고정형,2023-12-01,,,
2023,수원시,팔달구청,2023-10-29 16:22,매산동 팅스몰 주차장 출구 옆,고정형,2023-12-01,,,
2023,수원시,팔달구청,2023-10-29 16:30,매산동 팔달로 10번길 8,고정형,2023-12-01,,,
2023,수원시,권선구청,2023-10-29 16:34,곡반정동 궁촌육교앞,고정형,2023-12-01,,,
2023,수원시,권선구청,2023-10-29 16:40,서둔동 가온팰리스옆2,고정형,2023-12-01,,,
2023,수원시,팔달구청,2023-10-29 16:40,매산동 팅스몰 주차장 출구 옆,고정형,2023-12-01,,,
2023,수원시,권선구청,2023-10-29 16:45,곡반정동 하나로마트한국빌딩앞,고정형,2023-12-01,,,
2023,수원시,권선구청,2023-10-29 16:52,서둔동 가온팰리스옆2,고정형,2023-12-01,,,
2023,수원시,팔달구청,2023-10-29 16:57,인계동 경인통계청,고정형,2023-12-01,,,
2023,수원시,팔달구청,2023-10-29 17:02,행궁동 화홍사랑채,고정형,2023-12-01,,,
2023,수원시,팔달구청,2023-10-29 17:13,매산동 팅스몰 주차장 출구 옆,고정형,2023-12-01,,,
2023,수원시,권선구청,2023-10-29 17:16,권선동 권선동 한라비발디앞 놀이터,고정형,2023-12-01,,,
2023,수원시,영통구청,2023-10-29 17:22,원천동 광교매원초등학교,고정형,2023-12-01,,,
2023,수원시,장안구청,2023-10-29 17:32,상광교동 광교버스정류장종점,고정형,2023-12-01,,,
2023,수원시,권선구청,2023-10-29 17:35,서둔동 가온팰리스옆2,고정형,2023-12-01,,,
2023,수원시,팔달구청,2023-10-29 17:39,북수동 쌈지공원 앞,고정형,2023-12-01,,,
2023,수원시,팔달구청,2023-10-29 17:45,매산동 팅스몰 주차장 출구 옆,고정형,2023-12-01,,,
2023,수원시,팔달구청,2023-10-29 17:50,매산동 팔달로 10번길 8,고정형,2023-12-01,,,
2023,수원시,팔달구청,2023-10-29 18:07,매산동 팅스몰 주차장 출구 옆,고정형,2023-12-01,,,
2023,수원시,팔달구청,2023-10-29 18:32,화서1동 수원역푸르지오자이 북문 우측,고정형,2023-12-01,,,
2023,수원시,팔달구청,2023-10-29 18:59,매산동 팔달로 10번길 8,고정형,2023-12-01,,,
2023,수원시,영통구청,2023-10-29 23:18,하동 영통동1081,주민신고제,2023-12-01,,,
2023,수원시,권선구청,2023-10-30 5:55,곡반정동 562-2 횡단보도,국민신문고,2023-12-01,,,
2023,수원시,영통구청,2023-10-30 7:03,이의동 드림스퀘어Ⅱ 앞,고정형,2023-12-01,,,
2023,수원시,영통구청,2023-10-30 7:04,광교동 광교 덴티움지식산업센터 앞 사거리,고정형,2023-12-01,,,
2023,수원시,팔달구청,2023-10-30 7:33,매산동 팅스몰 주차장 출구 옆,고정형,2023-12-01,,,
2023,수원시,팔달구청,2023-10-30 7:56,인계동 드림캐슬주상복합,고정형,2023-12-01,,,
2023,수원시,장안구청,2023-10-30 8:02,"조원1동 조원동 351-10, 아이림 유치원 앞",고정형,2023-12-01,,,
2023,수원시,장안구청,2023-10-30 8:03,"조원1동 조원동 351-10, 아이림 유치원 앞",고정형,2023-12-01,,,
2023,수원시,장안구청,2023-10-30 8:03,상광교동 광교버스정류장종점,고정형,2023-12-01,,,
2023,수원시,권선구청,2023-10-30 8:04,권선2동 곡정초교 정문 좌측 사거리,고정형,2023-12-01,,,
2023,수원시,권선구청,2023-10-30 8:04,서둔동 가온팰리스옆2,고정형,2023-12-01,,,
2023,수원시,장안구청,2023-10-30 8:04,"조원1동 조원동 351-10, 아이림 유치원 앞",고정형,2023-12-01,,,
2023,수원시,장안구청,2023-10-30 8:06,"조원1동 조원동 351-10, 아이림 유치원 앞",고정형,2023-12-01,,,
2023,수원시,장안구청,2023-10-30 8:07,"조원1동 조원동 351-10, 아이림 유치원 앞",고정형,2023-12-01,,,
2023,수원시,권선구청,2023-10-30 8:17,평동 오목초교 정문 우측 삼거리,고정형,2023-12-01,,,
2023,수원시,팔달구청,2023-10-30 8:50,화서1동 수원역푸르지오자이 북문 우측,고정형,2023-12-01,,,
2023,수원시,권선구청,2023-10-30 9:47,경기도수원시권선구평동 수원시 권선구 평동 2-14,보행,2023-12-01,,,
2023,수원시,팔달구청,2023-10-30 10:00,인계동 드림캐슬주상복합,고정형,2023-12-01,,,
2023,수원시,팔달구청,2023-10-30 10:06,북수동 쌈지공원 앞,고정형,2023-12-01,,,
2023,수원시,영통구청,2023-10-30 10:16,영통동 마사회뒷길,고정형,2023-12-01,,,
2023,수원시,팔달구청,2023-10-30 10:20,인계동 드림캐슬주상복합,고정형,2023-12-01,,,
2023,수원시,권선구청,2023-10-30 10:20,서둔동 가온팰리스옆2,고정형,2023-12-01,,,
2023,수원시,장안구청,2023-10-30 10:25,"송죽동 송죽동 389-9, 로얄팰리스 103동 뒤편",고정형,2023-12-01,,,
2023,수원시,팔달구청,2023-10-30 10:36,인계동 드림캐슬주상복합,고정형,2023-12-01,,,
2023,수원시,팔달구청,2023-10-30 10:47,인계동 드림캐슬주상복합,고정형,2023-12-01,,,
2023,수원시,장안구청,2023-10-30 10:55,"조원1동 조원동 351-10, 아이림 유치원 앞",고정형,2023-12-01,,,
2023,수원시,장안구청,2023-10-30 11:04,"조원1동 조원동 351-10, 아이림 유치원 앞",고정형,2023-12-01,,,
2023,수원시,권선구청,2023-10-30 11:28,경기도수원시권선구고색동 수원시 권선구 고색동 131-3,보행,2023-12-01,,,
2023,수원시,영통구청,2023-10-30 11:32,원천동 광교에일린의뜰 북측,고정형,2023-12-01,,,
2023,수원시,권선구청,2023-10-30 12:36,입북동 당수초교 정문 우측 사거리,고정형,2023-12-01,,,
2023,수원시,장안구청,2023-10-30 12:50,"조원1동 조원동 351-10, 아이림 유치원 앞",고정형,2023-12-01,,,
2023,수원시,팔달구청,2023-10-30 12:57,매산로2가 매산로3가 72-56 인도,국민신문고,2023-12-01,,,
2023,수원시,장안구청,2023-10-30 14:07,"송죽동 송죽동 389-9, 로얄팰리스 103동 뒤편",고정형,2023-12-01,,,
2023,수원시,팔달구청,2023-10-30 14:25,남수동 남수동 정조로800번길,주행형,2023-12-01,,,
2023,수원시,팔달구청,2023-10-30 14:27,남수동 남수동 정조로788번길,주행형,2023-12-01,,,
2023,수원시,팔달구청,2023-10-30 14:27,남수동 남수동 정조로796번길,주행형,2023-12-01,,,
2023,수원시,팔달구청,2023-10-30 14:29,영동 영동 수원천로264번길,주행형,2023-12-01,,,
2023,수원시,팔달구청,2023-10-30 14:31,인계동 인계동 매산로169,주행형,2023-12-01,,,
2023,수원시,팔달구청,2023-10-30 14:31,인계동 인계동 수원천로227,주행형,2023-12-01,,,
2023,수원시,팔달구청,2023-10-30 14:31,인계동 인계동 수원천로235,주행형,2023-12-01,,,
2023,수원시,권선구청,2023-10-30 14:34,서둔동 가온팰리스옆2,고정형,2023-12-01,,,
2023,수원시,팔달구청,2023-10-30 14:35,매산동 팅스몰 주차장 출구 옆,고정형,2023-12-01,,,
2023,수원시,팔달구청,2023-10-30 14:35,매산동 팅스몰 주차장 출구 옆,고정형,2023-12-01,,,
2023,수원시,팔달구청,2023-10-30 14:36,인계동 드림캐슬주상복합,고정형,2023-12-01,,,
2023,수원시,권선구청,2023-10-30 14:36,서둔동 가온팰리스옆2,고정형,2023-12-01,,,
2023,수원시,영통구청,2023-10-30 14:41,이의동 드림스퀘어Ⅱ 앞,고정형,2023-12-01,,,
2023,수원시,팔달구청,2023-10-30 14:48,매산동 팅스몰 주차장 출구 옆,고정형,2023-12-01,,,
2023,수원시,팔달구청,2023-10-30 14:49,인계동 인계동 세지로233번길40,주행형,2023-12-01,,,
2023,수원시,장안구청,2023-10-30 14:55,"정자3동 정자동 869-1, 북수원도서관 앞",고정형,2023-12-01,,,
2023,수원시,장안구청,2023-10-30 14:55,"정자3동 정자동 869-1, 북수원도서관 앞",고정형,2023-12-01,,,
2023,수원시,팔달구청,2023-10-30 14:57,인계동 드림캐슬주상복합,고정형,2023-12-01,,,
2023,수원시,팔달구청,2023-10-30 14:59,매산동 팅스몰 주차장 출구 옆,고정형,2023-12-01,,,
2023,수원시,권선구청,2023-10-30 15:00,서둔동 가온팰리스옆2,고정형,2023-12-01,,,
2023,수원시,장안구청,2023-10-30 15:07,"조원1동 조원동 351-10, 아이림 유치원 앞",고정형,2023-12-01,,,
2023,수원시,팔달구청,2023-10-30 15:11,인계동 한국씨티은행,고정형,2023-12-01,,,
2023,수원시,권선구청,2023-10-30 15:17,서둔동 서둔로256번길,주행형,2023-12-01,,,
2023,수원시,팔달구청,2023-10-30 15:21,고등동 수원초등학교 정문 좌측 사거리,고정형,2023-12-01,,,
2023,수원시,영통구청,2023-10-30 15:24,원천동 광교에일린의뜰 북측,고정형,2023-12-01,,,
2023,수원시,팔달구청,2023-10-30 15:29,인계동 경인통계청,고정형,2023-12-01,,,
2023,수원시,팔달구청,2023-10-30 15:36,매산동 팅스몰 주차장 출구 옆,고정형,2023-12-01,,,
2023,수원시,팔달구청,2023-10-30 15:55,매산동 팅스몰 주차장 출구 옆,고정형,2023-12-01,,,
2023,수원시,영통구청,2023-10-30 15:58,망포동 힐스테이트 119동 ~방죽공원 삼거리,고정형,2023-12-01,,,
2023,수원시,권선구청,2023-10-30 16:27,권선동 권선동 한라비발디앞 놀이터,고정형,2023-12-01,,,
2023,수원시,팔달구청,2023-10-30 16:32,인계동 경인통계청,고정형,2023-12-01,,,
2023,수원시,팔달구청,2023-10-30 16:53,행궁동 화홍사랑채,고정형,2023-12-01,,,
2023,수원시,장안구청,2023-10-30 16:58,"조원1동 조원동 351-10, 아이림 유치원 앞",고정형,2023-12-01,,,
2023,수원시,팔달구청,2023-10-30 17:32,화서1동 수원역푸르지오자이 북문 우측,고정형,2023-12-01,,,
2023,수원시,팔달구청,2023-10-30 17:57,인계동 드림캐슬주상복합,고정형,2023-12-01,,,
2023,수원시,팔달구청,2023-10-30 17:59,매산동 역전농협,고정형,2023-12-01,,,
2023,수원시,영통구청,2023-10-30 17:59,망포동 E-마트 에브리데이 앞,고정형,2023-12-01,37.2361017468141,127.060345496536,
2023,수원시,팔달구청,2023-10-30 18:05,매산동 팅스몰 주차장 출구 옆,고정형,2023-12-01,,,
2023,수원시,팔달구청,2023-10-30 18:10,화서1동 수원역푸르지오자이 북문 우측,고정형,2023-12-01,,,
2023,수원시,장안구청,2023-10-30 18:14,"정자1동 정자동 343-18, 대림진흥아파트 삼거리",고정형,2023-12-01,,,
2023,수원시,장안구청,2023-10-30 18:27,연무동 북수동25-41,국민신문고,2023-12-01,,,
2023,수원시,영통구청,2023-10-30 18:56,망포동 힐스테이트 119동 ~방죽공원 삼거리,고정형,2023-12-01,,,
2023,수원시,장안구청,2023-10-30 19:01,연무동 경기도 수원시 장안구 연무동 244-6 105동 옆 삼거리 ,고정형,2023-12-01,,,
2023,수원시,장안구청,2023-10-30 19:06,"조원1동 조원동 351-10, 아이림 유치원 앞",고정형,2023-12-01,,,
2023,수원시,장안구청,2023-10-30 19:13,천천동 화산로163번길,주행형,2023-12-01,,,
2023,수원시,장안구청,2023-10-30 19:13,천천동 화산로163번길,주행형,2023-12-01,,,
2023,수원시,장안구청,2023-10-30 19:21,"정자1동 정자동 343-18, 대림진흥아파트 삼거리",고정형,2023-12-01,,,
2023,수원시,영통구청,2023-10-30 19:47,경기도수원시영통구망포동 수원시 영통구 망포동 58-14,보행,2023-12-01,,,
2023,수원시,영통구청,2023-10-30 19:48,경기도수원시영통구망포동 수원시 영통구 망포동 58-14,보행,2023-12-01,,,
2023,수원시,팔달구청,2023-10-30 19:49,매산동 팔달로 10번길 8,고정형,2023-12-01,,,
2023,수원시,팔달구청,2023-10-30 19:57,매산동 팅스몰 주차장 출구 옆,고정형,2023-12-01,,,
2023,수원시,팔달구청,2023-10-30 19:58,우만동 수원시 팔달구 우만동 우만고가 밑,보행,2023-12-01,,,
2023,수원시,장안구청,2023-10-30 20:00,"정자3동 정자동 869-1, 북수원도서관 앞",고정형,2023-12-01,,,
2023,수원시,팔달구청,2023-10-30 20:04,인계동 드림캐슬주상복합,고정형,2023-12-01,,,
2023,수원시,장안구청,2023-10-30 20:06,연무동 경기도 수원시 장안구 연무동 244-6 105동 옆 삼거리 ,고정형,2023-12-01,,,
2023,수원시,영통구청,2023-10-30 20:15,원천동 광교매원초등학교,고정형,2023-12-01,,,
2023,수원시,팔달구청,2023-10-30 20:22,매산동 팅스몰 주차장 출구 옆,고정형,2023-12-01,,,
2023,수원시,팔달구청,2023-10-30 21:07,화서1동 수원역푸르지오자이 북문 우측,고정형,2023-12-01,,,
2023,수원시,팔달구청,2023-10-30 21:16,인계동 드림캐슬주상복합,고정형,2023-12-01,,,
2023,수원시,권선구청,2023-10-31 0:27,곡반정동 562-2,국민신문고,2023-12-01,,,
2023,수원시,권선구청,2023-10-31 0:30,곡반정동 562-2,국민신문고,2023-12-01,,,
2023,수원시,권선구청,2023-10-31 5:38,곡반정동 562-2,국민신문고,2023-12-01,,,
2023,수원시,권선구청,2023-10-31 5:39,곡반정동 562-2,국민신문고,2023-12-01,,,
2023,수원시,권선구청,2023-10-31 5:44,곡반정동 562-2,국민신문고,2023-12-01,,,
2023,수원시,영통구청,2023-10-31 7:19,망포동 E-마트 에브리데이 앞,고정형,2023-12-01,37.2361017468141,127.060345496536,
2023,수원시,팔달구청,2023-10-31 7:42,인계동 경인통계청,고정형,2023-12-01,,,
2023,수원시,영통구청,2023-10-31 7:47,이의동 도청예정부지,고정형,2023-12-01,,,
2023,수원시,장안구청,2023-10-31 8:03,"송죽동 송죽동 389-9, 로얄팰리스 103동 뒤편",고정형,2023-12-01,,,
2023,수원시,장안구청,2023-10-31 8:04,"송죽동 송죽동 389-9, 로얄팰리스 103동 뒤편",고정형,2023-12-01,,,
2023,수원시,권선구청,2023-10-31 8:05,서둔동 가온팰리스옆2,고정형,2023-12-01,,,
2023,수원시,권선구청,2023-10-31 8:06,서둔동 가온팰리스옆2,고정형,2023-12-01,,,
2023,수원시,권선구청,2023-10-31 8:17,평동 오현초교 정문 우측 사거리,고정형,2023-12-01,,,
2023,수원시,권선구청,2023-10-31 8:26,권선2동 곡정초교 정문 좌측 사거리,고정형,2023-12-01,,,
2023,수원시,팔달구청,2023-10-31 8:42,인계동 경인통계청,고정형,2023-12-01,,,
2023,수원시,권선구청,2023-10-31 8:47,곡반정동 하나로마트한국빌딩앞,고정형,2023-12-01,,,
2023,수원시,영통구청,2023-10-31 9:10,원천동 광교 한화겔러리아 앞,고정형,2023-12-01,,,
2023,수원시,팔달구청,2023-10-31 9:14,인계동 드림캐슬주상복합,고정형,2023-12-01,,,
2023,수원시,팔달구청,2023-10-31 9:27,인계동 한국씨티은행,고정형,2023-12-01,,,
2023,수원시,권선구청,2023-10-31 9:57,경기도수원시권선구평동 수원시 권선구 평동 2-138,보행,2023-12-01,,,
2023,수원시,권선구청,2023-10-31 9:57,경기도수원시권선구평동 수원시 권선구 평동 2-138,보행,2023-12-01,,,
2023,수원시,장안구청,2023-10-31 10:00,"송죽동 송죽동 389-9, 로얄팰리스 103동 뒤편",고정형,2023-12-01,,,
2023,수원시,팔달구청,2023-10-31 10:14,북수동 쌈지공원 앞,고정형,2023-12-01,,,
2023,수원시,팔달구청,2023-10-31 10:31,화서동 화서동 수성로189번길,주행형,2023-12-01,,,
2023,수원시,팔달구청,2023-10-31 10:31,화서동 화서동 수성로189번길,주행형,2023-12-01,,,
2023,수원시,팔달구청,2023-10-31 12:46,매산동 역전농협,고정형,2023-12-01,,,
2023,수원시,팔달구청,2023-10-31 12:55,행궁동 팔달문 버스정류장,고정형,2023-12-01,,,
2023,수원시,팔달구청,2023-10-31 13:29,교동 수원향교 앞 팔달보건소 뒤,고정형,2023-12-01,,,
2023,수원시,권선구청,2023-10-31 13:35,입북동 당수초교 정문 우측 사거리,고정형,2023-12-01,,,
2023,수원시,팔달구청,2023-10-31 13:45,화서1동 수원역푸르지오자이 북문 우측,고정형,2023-12-01,,,
2023,수원시,팔달구청,2023-10-31 14:23,남수동 남수동 팔달문로3번길,주행형,2023-12-01,,,
2023,수원시,팔달구청,2023-10-31 14:23,남수동 남수동 팔달문로3번길,주행형,2023-12-01,,,
2023,수원시,팔달구청,2023-10-31 14:23,남수동 남수동 정조로800번길,주행형,2023-12-01,,,
2023,수원시,팔달구청,2023-10-31 14:23,남수동 남수동 정조로800번길,주행형,2023-12-01,,,
2023,수원시,팔달구청,2023-10-31 14:25,남수동 남수동 수원천로275,주행형,2023-12-01,,,
2023,수원시,팔달구청,2023-10-31 14:25,남수동 남수동 정조로788번길,주행형,2023-12-01,,,
2023,수원시,팔달구청,2023-10-31 14:25,남수동 남수동 정조로796번길,주행형,2023-12-01,,,
2023,수원시,팔달구청,2023-10-31 14:25,남수동 남수동 수원천로275,주행형,2023-12-01,,,
2023,수원시,팔달구청,2023-10-31 14:25,남수동 남수동 수원천로275,주행형,2023-12-01,,,
2023,수원시,권선구청,2023-10-31 14:32,서둔동 가온팰리스옆1,고정형,2023-12-01,,,
2023,수원시,권선구청,2023-10-31 14:32,서둔동 가온팰리스옆1,고정형,2023-12-01,,,
2023,수원시,장안구청,2023-10-31 14:33,"조원1동 조원동 351-10, 아이림 유치원 앞",고정형,2023-12-01,,,
2023,수원시,장안구청,2023-10-31 14:33,"조원1동 조원동 351-10, 아이림 유치원 앞",고정형,2023-12-01,,,
2023,수원시,팔달구청,2023-10-31 14:35,인계동 드림캐슬주상복합,고정형,2023-12-01,,,
2023,수원시,팔달구청,2023-10-31 14:35,매산동 팅스몰 주차장 출구 옆,고정형,2023-12-01,,,
2023,수원시,팔달구청,2023-10-31 14:36,인계동 경인통계청,고정형,2023-12-01,,,
2023,수원시,팔달구청,2023-10-31 14:36,인계동 경인통계청,고정형,2023-12-01,,,
2023,수원시,팔달구청,2023-10-31 14:36,인계동 인계동 수원천로225,주행형,2023-12-01,,,
2023,수원시,팔달구청,2023-10-31 14:44,인계동 경인통계청,고정형,2023-12-01,,,
2023,수원시,팔달구청,2023-10-31 14:48,인계동 경인통계청,고정형,2023-12-01,,,
2023,수원시,팔달구청,2023-10-31 14:49,행궁동 화홍사랑채,고정형,2023-12-01,,,
2023,수원시,팔달구청,2023-10-31 14:56,인계동 경인통계청,고정형,2023-12-01,,,
2023,수원시,팔달구청,2023-10-31 15:02,인계동 드림캐슬주상복합,고정형,2023-12-01,,,
2023,수원시,팔달구청,2023-10-31 15:11,행궁동 화홍사랑채,고정형,2023-12-01,,,
2023,수원시,팔달구청,2023-10-31 15:16,인계동 드림캐슬주상복합,고정형,2023-12-01,,,
2023,수원시,팔달구청,2023-10-31 15:16,인계동 드림캐슬주상복합,고정형,2023-12-01,,,
2023,수원시,장안구청,2023-10-31 15:33,"송죽동 송죽동 389-9, 로얄팰리스 103동 뒤편",고정형,2023-12-01,,,
2023,수원시,영통구청,2023-10-31 15:38,영통동 마사회뒷길,고정형,2023-12-01,,,
2023,수원시,팔달구청,2023-10-31 15:42,인계동 드림캐슬주상복합,고정형,2023-12-01,,,
2023,수원시,권선구청,2023-10-31 15:48,서둔동 서둔로256번길,주행형,2023-12-01,,,
2023,수원시,영통구청,2023-10-31 15:56,광교동 광교웰빙타운한양수자인,고정형,2023-12-01,,,
2023,수원시,권선구청,2023-10-31 16:10,서둔동 가온팰리스옆2,고정형,2023-12-01,,,
2023,수원시,장안구청,2023-10-31 16:14,"송죽동 송죽동 389-9, 로얄팰리스 103동 뒤편",고정형,2023-12-01,,,
2023,수원시,장안구청,2023-10-31 16:19,"조원1동 조원동 351-10, 아이림 유치원 앞",고정형,2023-12-01,,,
2023,수원시,팔달구청,2023-10-31 16:28,인계동 경인통계청,고정형,2023-12-01,,,
2023,수원시,권선구청,2023-10-31 16:32,호매실동 금호프라자 대각 맞은편,고정형,2023-12-01,,,
2023,수원시,영통구청,2023-10-31 16:42,망포동 힐스테이트 119동 ~방죽공원 삼거리,고정형,2023-12-01,,,
2023,수원시,장안구청,2023-10-31 16:54,연무동 경기도 수원시 장안구 연무동 244-6 105동 옆 삼거리 ,고정형,2023-12-01,,,
2023,수원시,팔달구청,2023-10-31 17:15,인계동 드림캐슬주상복합,고정형,2023-12-01,,,
2023,수원시,팔달구청,2023-10-31 17:17,화서1동 수원역푸르지오자이 북문 우측,고정형,2023-12-01,,,
2023,수원시,권선구청,2023-10-31 17:17,서둔동 가온팰리스옆1,고정형,2023-12-01,,,
2023,수원시,팔달구청,2023-10-31 17:37,매산동 팅스몰 주차장 출구 옆,고정형,2023-12-01,,,
2023,수원시,팔달구청,2023-10-31 17:38,인계동 한국씨티은행,고정형,2023-12-01,,,
2023,수원시,팔달구청,2023-10-31 17:54,인계동 드림캐슬주상복합,고정형,2023-12-01,,,
2023,수원시,팔달구청,2023-10-31 17:55,인계동 드림캐슬주상복합,고정형,2023-12-01,,,
2023,수원시,팔달구청,2023-10-31 18:16,매산동 팅스몰 주차장 출구 옆,고정형,2023-12-01,,,
2023,수원시,팔달구청,2023-10-31 18:35,인계동 드림캐슬주상복합,고정형,2023-12-01,,,
2023,수원시,장안구청,2023-10-31 18:36,"정자1동 정자동 343-18, 대림진흥아파트 삼거리",고정형,2023-12-01,,,
2023,수원시,팔달구청,2023-10-31 18:47,매산동 팅스몰 주차장 출구 옆,고정형,2023-12-01,,,
2023,수원시,팔달구청,2023-10-31 19:04,매산동 팅스몰 주차장 출구 옆,고정형,2023-12-01,,,
2023,수원시,장안구청,2023-10-31 19:12,연무동 경기도 수원시 장안구 연무동 244-6 105동 옆 삼거리 ,고정형,2023-12-01,,,
2023,수원시,장안구청,2023-10-31 19:19,"조원1동 조원동 351-10, 아이림 유치원 앞",고정형,2023-12-01,,,
2023,수원시,장안구청,2023-10-31 19:19,"조원1동 조원동 351-10, 아이림 유치원 앞",고정형,2023-12-01,,,
2023,수원시,영통구청,2023-10-31 19:20,원천동 광교매원초등학교,고정형,2023-12-01,,,
2023,수원시,장안구청,2023-10-31 19:35,"조원1동 조원동 351-10, 아이림 유치원 앞",고정형,2023-12-01,,,
2023,수원시,팔달구청,2023-10-31 19:47,매산동 팅스몰 주차장 출구 옆,고정형,2023-12-01,,,
2023,수원시,장안구청,2023-10-31 19:51,연무동 경기도 수원시 장안구 연무동 244-6 105동 옆 삼거리 ,고정형,2023-12-01,,,
2023,수원시,팔달구청,2023-10-31 19:53,매산동 팅스몰 주차장 출구 옆,고정형,2023-12-01,,,
2023,수원시,팔달구청,2023-10-31 19:53,인계동 드림캐슬주상복합,고정형,2023-12-01,,,
2023,수원시,팔달구청,2023-10-31 19:55,팔달로2가 팔달로3가 77-3 인도,국민신문고,2023-12-01,,,
2023,수원시,장안구청,2023-10-31 20:01,"조원1동 조원동 351-10, 아이림 유치원 앞",고정형,2023-12-01,,,
2023,수원시,영통구청,2023-10-31 20:02,원천동 삼성전자중문,고정형,2023-12-01,,,
2023,수원시,장안구청,2023-10-31 20:14,"송죽동 송죽동 389-9, 로얄팰리스 103동 뒤편",고정형,2023-12-01,,,
2023,수원시,장안구청,2023-10-31 20:17,"정자3동 정자동 869-1, 북수원도서관 앞",고정형,2023-12-01,,,
2023,수원시,장안구청,2023-10-31 20:18,"조원1동 조원동 351-10, 아이림 유치원 앞",고정형,2023-12-01,,,
2023,수원시,팔달구청,2023-10-31 20:25,매산동 팅스몰 주차장 출구 옆,고정형,2023-12-01,,,
2023,수원시,영통구청,2023-10-31 20:47,원천동 광교매원초등학교,고정형,2023-12-01,,,
2023,수원시,팔달구청,2023-10-31 20:52,화서1동 수원역푸르지오자이 북문 우측,고정형,2023-12-01,,,
2023,수원시,팔달구청,2023-10-31 21:02,매산동 역전농협,고정형,2023-12-01,,,
2023,수원시,팔달구청,2023-10-31 21:06,인계동 드림캐슬주상복합,고정형,2023-12-01,,,
2023,수원시,팔달구청,2023-10-31 21:17,인계동 드림캐슬주상복합,고정형,2023-12-01,,,
