집계년도,시군명,관리기관명,단속일시정보,단속장소,단속방법,데이터기준일자,위도,경도,행정동
2023,수원시,권선구청,2023-02-12 9:03,곡반정동 하나로마트한국빌딩앞,고정형,2023-12-01,,,
2023,수원시,팔달구청,2023-02-12 9:03,인계동 경인통계청,고정형,2023-12-01,,,
2023,수원시,권선구청,2023-02-12 9:04,곡반정동 하나로마트한국빌딩앞,고정형,2023-12-01,,,
2023,수원시,팔달구청,2023-02-12 9:04,매산동 팔달로 10번길 8,고정형,2023-12-01,,,
2023,수원시,권선구청,2023-02-12 9:04,곡반정동 하나로마트한국빌딩앞,고정형,2023-12-01,,,
2023,수원시,영통구청,2023-02-12 9:05,광교동 광교더사랑교회뒷길,고정형,2023-12-01,,,
2023,수원시,권선구청,2023-02-12 9:06,서둔동 가온팰리스옆2,고정형,2023-12-01,,,
2023,수원시,팔달구청,2023-02-12 9:06,매산동 팅스몰 주차장 출구 옆,고정형,2023-12-01,,,
2023,수원시,영통구청,2023-02-12 9:07,이의동 드림스퀘어Ⅱ 앞,고정형,2023-12-01,,,
2023,수원시,영통구청,2023-02-12 9:08,원천동 광교매원초등학교,고정형,2023-12-01,,,
2023,수원시,팔달구청,2023-02-12 9:12,인계동 경인통계청,고정형,2023-12-01,,,
2023,수원시,팔달구청,2023-02-12 9:13,매산동 팅스몰 주차장 출구 옆,고정형,2023-12-01,,,
2023,수원시,영통구청,2023-02-12 9:20,영통동 마사회뒷길,고정형,2023-12-01,,,
2023,수원시,영통구청,2023-02-12 9:20,하동 광교호반마을한양수자인,고정형,2023-12-01,,,
2023,수원시,팔달구청,2023-02-12 9:34,매산동 팅스몰 주차장 출구 옆,고정형,2023-12-01,,,
2023,수원시,권선구청,2023-02-12 9:40,오목천동 한화꿈에그린아파트 209동앞,고정형,2023-12-01,,,
2023,수원시,팔달구청,2023-02-12 9:59,매산동 팅스몰 주차장 출구 옆,고정형,2023-12-01,,,
2023,수원시,팔달구청,2023-02-12 10:14,인계동 한국씨티은행,고정형,2023-12-01,,,
2023,수원시,권선구청,2023-02-12 10:18,서둔동 가온팰리스옆1,고정형,2023-12-01,,,
2023,수원시,팔달구청,2023-02-12 10:18,신풍동 제일교회부설주차장 부근,고정형,2023-12-01,,,
2023,수원시,영통구청,2023-02-12 10:37,망포동 E-마트 에브리데이 앞,고정형,2023-12-01,37.2361017468141,127.060345496536,
2023,수원시,팔달구청,2023-02-12 10:43,매산동 팅스몰 주차장 출구 옆,고정형,2023-12-01,,,
2023,수원시,영통구청,2023-02-12 13:05,영통동 마사회뒷길,고정형,2023-12-01,,,
2023,수원시,영통구청,2023-02-12 13:41,영통동 마사회뒷길,고정형,2023-12-01,,,
2023,수원시,영통구청,2023-02-12 13:46,망포동 E-마트 에브리데이 앞,고정형,2023-12-01,37.2361017468141,127.060345496536,
2023,수원시,팔달구청,2023-02-12 13:54,행궁동 팔달문 버스정류장,고정형,2023-12-01,,,
2023,수원시,영통구청,2023-02-12 14:20,하동 광교호반마을한양수자인,고정형,2023-12-01,,,
2023,수원시,팔달구청,2023-02-12 14:24,매산로2가 매산로2가 향교로 56-1,주행형,2023-12-01,,,
2023,수원시,권선구청,2023-02-12 14:32,곡반정동 하나로마트한국빌딩앞,고정형,2023-12-01,,,
2023,수원시,팔달구청,2023-02-12 14:33,매산동 팅스몰 주차장 출구 옆,고정형,2023-12-01,,,
2023,수원시,권선구청,2023-02-12 14:33,곡반정동 하나로마트한국빌딩앞,고정형,2023-12-01,,,
2023,수원시,팔달구청,2023-02-12 14:33,매산동 팅스몰 주차장 출구 옆,고정형,2023-12-01,,,
2023,수원시,팔달구청,2023-02-12 14:34,매산동 팔달로 10번길 8,고정형,2023-12-01,,,
2023,수원시,팔달구청,2023-02-12 14:34,인계동 경인통계청,고정형,2023-12-01,,,
2023,수원시,팔달구청,2023-02-12 14:36,인계동 경인통계청,고정형,2023-12-01,,,
2023,수원시,팔달구청,2023-02-12 14:37,인계동 경인통계청,고정형,2023-12-01,,,
2023,수원시,팔달구청,2023-02-12 14:43,인계동 경인통계청,고정형,2023-12-01,,,
2023,수원시,팔달구청,2023-02-12 14:46,인계동 드림캐슬주상복합,고정형,2023-12-01,,,
2023,수원시,팔달구청,2023-02-12 14:52,인계동 경인통계청,고정형,2023-12-01,,,
2023,수원시,팔달구청,2023-02-12 14:52,인계동 경인통계청,고정형,2023-12-01,,,
2023,수원시,권선구청,2023-02-12 14:54,서둔동 수원역한라비발디퍼스트 앞1,고정형,2023-12-01,,,
2023,수원시,영통구청,2023-02-12 14:57,영통동 마사회뒷길,고정형,2023-12-01,,,
2023,수원시,팔달구청,2023-02-12 15:04,남수동 남수동 정조로796번길,주행형,2023-12-01,,,
2023,수원시,팔달구청,2023-02-12 15:04,남수동 남수동 정조로796번길,주행형,2023-12-01,,,
2023,수원시,팔달구청,2023-02-12 15:04,남수동 남수동 정조로796번길,주행형,2023-12-01,,,
2023,수원시,팔달구청,2023-02-12 15:04,남수동 남수동 정조로796번길,주행형,2023-12-01,,,
2023,수원시,팔달구청,2023-02-12 15:04,남수동 남수동 정조로796번길,주행형,2023-12-01,,,
2023,수원시,팔달구청,2023-02-12 15:04,남수동 남수동 정조로796번길,주행형,2023-12-01,,,
2023,수원시,팔달구청,2023-02-12 15:04,남수동 남수동 정조로800번길,주행형,2023-12-01,,,
2023,수원시,팔달구청,2023-02-12 15:07,지동 지동 팔달문로 30,주행형,2023-12-01,,,
2023,수원시,팔달구청,2023-02-12 15:07,지동 지동 팔달문로 30,주행형,2023-12-01,,,
2023,수원시,팔달구청,2023-02-12 15:07,지동 지동 팔달문로 30,주행형,2023-12-01,,,
2023,수원시,팔달구청,2023-02-12 15:07,지동 지동 팔달문로 30,주행형,2023-12-01,,,
2023,수원시,팔달구청,2023-02-12 15:08,지동 지동 팔달문로 30,주행형,2023-12-01,,,
2023,수원시,팔달구청,2023-02-12 15:08,지동 지동 팔달문로 30,주행형,2023-12-01,,,
2023,수원시,팔달구청,2023-02-12 15:08,지동 지동 팔달문로 30,주행형,2023-12-01,,,
2023,수원시,팔달구청,2023-02-12 15:08,지동 지동 팔달문로 30,주행형,2023-12-01,,,
2023,수원시,팔달구청,2023-02-12 15:08,지동 지동 팔달문로 30,주행형,2023-12-01,,,
2023,수원시,팔달구청,2023-02-12 15:08,지동 지동 팔달문로 30,주행형,2023-12-01,,,
2023,수원시,팔달구청,2023-02-12 15:09,인계동 드림캐슬주상복합,고정형,2023-12-01,,,
2023,수원시,팔달구청,2023-02-12 15:12,인계동 경인통계청,고정형,2023-12-01,,,
2023,수원시,팔달구청,2023-02-12 15:12,지동 지동 팔달문로 30,주행형,2023-12-01,,,
2023,수원시,팔달구청,2023-02-12 15:16,인계동 드림캐슬주상복합,고정형,2023-12-01,,,
2023,수원시,팔달구청,2023-02-12 15:16,인계동 드림캐슬주상복합,고정형,2023-12-01,,,
2023,수원시,권선구청,2023-02-12 15:17,서둔동 수원역한라비발디퍼스트 앞1,고정형,2023-12-01,,,
2023,수원시,팔달구청,2023-02-12 15:30,인계동 팅스몰 주차장 출구 옆,고정형,2023-12-01,,,
2023,수원시,권선구청,2023-02-12 15:35,서둔동 수원역한라비발디퍼스트 앞1,고정형,2023-12-01,,,
2023,수원시,팔달구청,2023-02-12 15:41,인계동 한국씨티은행,고정형,2023-12-01,,,
2023,수원시,팔달구청,2023-02-12 15:43,매산동 팔달로 10번길 8,고정형,2023-12-01,,,
2023,수원시,팔달구청,2023-02-12 15:44,매산동 팔달로 10번길 8,고정형,2023-12-01,,,
2023,수원시,권선구청,2023-02-12 15:49,곡반정동 하나로마트한국빌딩앞,고정형,2023-12-01,,,
2023,수원시,팔달구청,2023-02-12 15:51,인계동 경인통계청,고정형,2023-12-01,,,
2023,수원시,팔달구청,2023-02-12 15:53,매산동 팅스몰 주차장 출구 옆,고정형,2023-12-01,,,
2023,수원시,팔달구청,2023-02-12 15:55,행궁동 팔달문 버스정류장,고정형,2023-12-01,,,
2023,수원시,팔달구청,2023-02-12 15:55,매산동 팅스몰 주차장 출구 옆,고정형,2023-12-01,,,
2023,수원시,팔달구청,2023-02-12 15:59,인계동 경인통계청,고정형,2023-12-01,,,
2023,수원시,팔달구청,2023-02-12 15:59,인계동 경인통계청,고정형,2023-12-01,,,
2023,수원시,팔달구청,2023-02-12 16:09,인계동 한국씨티은행,고정형,2023-12-01,,,
2023,수원시,팔달구청,2023-02-12 16:18,인계동 경인통계청,고정형,2023-12-01,,,
2023,수원시,팔달구청,2023-02-12 16:28,신풍동 미술관로터리,고정형,2023-12-01,,,
2023,수원시,권선구청,2023-02-12 16:28,오목천동 한화꿈에그린아파트 214동앞,고정형,2023-12-01,,,
2023,수원시,권선구청,2023-02-12 16:28,오목천동 한화꿈에그린아파트 214동앞,고정형,2023-12-01,,,
2023,수원시,팔달구청,2023-02-12 16:28,경기도수원시팔달구매산로1가 수원시 팔달구 갓매산로 71번길 13,보행,2023-12-01,,,
2023,수원시,팔달구청,2023-02-12 16:29,경기도수원시팔달구매산로1가 수원시 팔달구 갓매산로 71번길 13,보행,2023-12-01,,,
2023,수원시,팔달구청,2023-02-12 16:29,경기도수원시팔달구매산로1가 수원시 팔달구 갓매산로 71번길 13,보행,2023-12-01,,,
2023,수원시,팔달구청,2023-02-12 16:30,경기도수원시팔달구매산로1가 수원시 팔달구 갓매산로 71번길 13,보행,2023-12-01,,,
2023,수원시,팔달구청,2023-02-12 16:35,매산동 팅스몰 주차장 출구 옆,고정형,2023-12-01,,,
2023,수원시,팔달구청,2023-02-12 16:42,북수동 쌈지공원 앞,고정형,2023-12-01,,,
2023,수원시,권선구청,2023-02-12 16:56,곡반정동 하나로마트한국빌딩앞,고정형,2023-12-01,,,
2023,수원시,권선구청,2023-02-12 16:56,곡반정동 하나로마트한국빌딩앞,고정형,2023-12-01,,,
2023,수원시,권선구청,2023-02-12 16:58,서둔동 가온팰리스옆2,고정형,2023-12-01,,,
2023,수원시,권선구청,2023-02-12 17:06,호매실동 금호프라자 대각 맞은편,고정형,2023-12-01,,,
2023,수원시,팔달구청,2023-02-12 17:10,매산동 팅스몰 주차장 출구 옆,고정형,2023-12-01,,,
2023,수원시,영통구청,2023-02-12 17:16,영통동 롯데마트 뒤,고정형,2023-12-01,37.27220279535416,127.10856729001851,
2023,수원시,팔달구청,2023-02-12 17:23,인계동 한국씨티은행,고정형,2023-12-01,,,
2023,수원시,권선구청,2023-02-12 17:25,곡반정동 하나로마트한국빌딩앞,고정형,2023-12-01,,,
2023,수원시,팔달구청,2023-02-12 17:25,인계동 경인통계청,고정형,2023-12-01,,,
2023,수원시,영통구청,2023-02-12 17:27,영통동 롯데마트 뒤,고정형,2023-12-01,37.27220279535416,127.10856729001851,
2023,수원시,영통구청,2023-02-12 17:35,영통동 보보스스포츠센터앞,고정형,2023-12-01,,,
2023,수원시,팔달구청,2023-02-12 17:36,인계동 경인통계청,고정형,2023-12-01,,,
2023,수원시,팔달구청,2023-02-12 17:47,인계동 경인통계청,고정형,2023-12-01,,,
2023,수원시,권선구청,2023-02-12 17:59,곡반정동 562-2,국민신문고,2023-12-01,,,
2023,수원시,권선구청,2023-02-12 17:59,곡반정동 562-2,국민신문고,2023-12-01,,,
2023,수원시,팔달구청,2023-02-12 18:01,인계동 드림캐슬주상복합,고정형,2023-12-01,,,
2023,수원시,팔달구청,2023-02-12 18:35,인계동 드림캐슬주상복합,고정형,2023-12-01,,,
2023,수원시,팔달구청,2023-02-12 18:50,매산동 팅스몰 주차장 출구 옆,고정형,2023-12-01,,,
2023,수원시,팔달구청,2023-02-12 19:36,영동 525-10 (소화전),국민신문고,2023-12-01,,,
2023,수원시,팔달구청,2023-02-12 19:42,매산동 팅스몰 주차장 출구 옆,고정형,2023-12-01,,,
2023,수원시,팔달구청,2023-02-12 19:54,매산동 팅스몰 주차장 출구 옆,고정형,2023-12-01,,,
2023,수원시,팔달구청,2023-02-12 20:05,매산동 팅스몰 주차장 출구 옆,고정형,2023-12-01,,,
2023,수원시,권선구청,2023-02-12 22:11,오목천동 520,국민신문고,2023-12-01,,,
2023,수원시,권선구청,2023-02-13 0:25,오목천동 536,국민신문고,2023-12-01,,,
2023,수원시,권선구청,2023-02-13 0:25,오목천동 536,국민신문고,2023-12-01,,,
2023,수원시,권선구청,2023-02-13 0:26,오목천동 527-2,국민신문고,2023-12-01,,,
2023,수원시,팔달구청,2023-02-13 7:32,인계동 경인통계청,고정형,2023-12-01,,,
2023,수원시,팔달구청,2023-02-13 7:33,매산동 팅스몰 주차장 출구 옆,고정형,2023-12-01,,,
2023,수원시,팔달구청,2023-02-13 7:36,매산동 팅스몰 주차장 출구 옆,고정형,2023-12-01,,,
2023,수원시,영통구청,2023-02-13 7:42,영통동 롯데마트 뒤,고정형,2023-12-01,37.27220279535416,127.10856729001851,
2023,수원시,권선구청,2023-02-13 8:03,구운동 구운초교 정문 우측 삼거리,고정형,2023-12-01,,,
2023,수원시,권선구청,2023-02-13 8:03,평동 고현초교 정문 좌측 삼거리,고정형,2023-12-01,,,
2023,수원시,권선구청,2023-02-13 8:03,곡반정동 하나로마트한국빌딩앞,고정형,2023-12-01,,,
2023,수원시,권선구청,2023-02-13 8:04,곡반정동 하나로마트한국빌딩앞,고정형,2023-12-01,,,
2023,수원시,팔달구청,2023-02-13 8:04,고등동 수원초등학교 정문 좌측 사거리,고정형,2023-12-01,,,
2023,수원시,권선구청,2023-02-13 8:06,오목천동 한화꿈에그린아파트 209동앞,고정형,2023-12-01,,,
2023,수원시,권선구청,2023-02-13 8:06,오목천동 한화꿈에그린아파트 209동앞,고정형,2023-12-01,,,
2023,수원시,권선구청,2023-02-13 8:08,오목천동 한화꿈에그린아파트 209동앞,고정형,2023-12-01,,,
2023,수원시,팔달구청,2023-02-13 9:37,인계동 드림캐슬주상복합,고정형,2023-12-01,,,
2023,수원시,영통구청,2023-02-13 9:46,망포동 E-마트 에브리데이 앞,고정형,2023-12-01,37.2361017468141,127.060345496536,
2023,수원시,영통구청,2023-02-13 9:53,원천동 광교 한화겔러리아 앞,고정형,2023-12-01,,,
2023,수원시,팔달구청,2023-02-13 10:08,인계동 드림캐슬주상복합,고정형,2023-12-01,,,
2023,수원시,팔달구청,2023-02-13 10:28,경기도수원시팔달구화서동 수원시 팔달구 인계동 952-7,보행,2023-12-01,,,
2023,수원시,팔달구청,2023-02-13 10:29,경기도수원시팔달구화서동 수원시 팔달구 인계동 952-7,보행,2023-12-01,,,
2023,수원시,영통구청,2023-02-13 10:30,광교동 광교 덴티움지식산업센터 앞 사거리,고정형,2023-12-01,,,
2023,수원시,영통구청,2023-02-13 10:30,광교동 광교 덴티움지식산업센터 앞 사거리,고정형,2023-12-01,,,
2023,수원시,권선구청,2023-02-13 10:36,서둔동 가온팰리스옆1,고정형,2023-12-01,,,
2023,수원시,팔달구청,2023-02-13 10:43,인계동 드림캐슬주상복합,고정형,2023-12-01,,,
2023,수원시,팔달구청,2023-02-13 10:57,경기도수원시팔달구고등동 수원시 팔달구 매산로 2가 2-2,보행,2023-12-01,,,
2023,수원시,팔달구청,2023-02-13 10:58,경기도수원시팔달구고등동 수원시 팔달구 매산로 2가 3-1,보행,2023-12-01,,,
2023,수원시,팔달구청,2023-02-13 10:59,경기도수원시팔달구고등동 수원시 팔달구 매산로 2가 3-1,보행,2023-12-01,,,
2023,수원시,팔달구청,2023-02-13 12:06,행궁동 팔달문 버스정류장,고정형,2023-12-01,,,
2023,수원시,영통구청,2023-02-13 12:14,망포동 E-마트 에브리데이 앞,고정형,2023-12-01,37.2361017468141,127.060345496536,
2023,수원시,영통구청,2023-02-13 12:42,광교동 광교 덴티움지식산업센터 앞 사거리,고정형,2023-12-01,,,
2023,수원시,영통구청,2023-02-13 12:43,망포동 힐스테이트 119동 ~방죽공원 삼거리,고정형,2023-12-01,,,
2023,수원시,팔달구청,2023-02-13 12:47,매산동 역전농협,고정형,2023-12-01,,,
2023,수원시,영통구청,2023-02-13 12:49,영통동 마사회뒷길,고정형,2023-12-01,,,
2023,수원시,영통구청,2023-02-13 13:53,영통동 롯데마트 뒤,고정형,2023-12-01,37.27220279535416,127.10856729001851,
2023,수원시,영통구청,2023-02-13 13:54,이의동 광교가재울마을사거리,고정형,2023-12-01,,,
2023,수원시,권선구청,2023-02-13 14:02,오목천동 527-5,국민신문고,2023-12-01,,,
2023,수원시,영통구청,2023-02-13 14:04,망포동 E-마트 에브리데이 앞,고정형,2023-12-01,37.2361017468141,127.060345496536,
2023,수원시,영통구청,2023-02-13 14:04,망포동 E-마트 에브리데이 앞,고정형,2023-12-01,37.2361017468141,127.060345496536,
2023,수원시,팔달구청,2023-02-13 14:29,매산로3가 매산로3가 향교로 61,주행형,2023-12-01,,,
2023,수원시,팔달구청,2023-02-13 14:30,경기도수원시팔달구인계동 수원시 팔달구 인계동 909,보행,2023-12-01,,,
2023,수원시,영통구청,2023-02-13 14:33,영통동 매영로365번길,주행형,2023-12-01,,,
2023,수원시,영통구청,2023-02-13 14:33,영통동 매영로365번길,주행형,2023-12-01,,,
2023,수원시,영통구청,2023-02-13 14:33,영통동 매영로365번길,주행형,2023-12-01,,,
2023,수원시,영통구청,2023-02-13 14:33,영통동 매영로365번길,주행형,2023-12-01,,,
2023,수원시,영통구청,2023-02-13 14:33,영통동 매영로365번길,주행형,2023-12-01,,,
2023,수원시,영통구청,2023-02-13 14:33,영통동 매영로365번길,주행형,2023-12-01,,,
2023,수원시,팔달구청,2023-02-13 14:34,매산동 팔달로 10번길 8,고정형,2023-12-01,,,
2023,수원시,영통구청,2023-02-13 14:34,영통동 매영로365번길,주행형,2023-12-01,,,
2023,수원시,영통구청,2023-02-13 14:34,영통동 매영로365번길,주행형,2023-12-01,,,
2023,수원시,영통구청,2023-02-13 14:34,영통동 매영로365번길,주행형,2023-12-01,,,
2023,수원시,영통구청,2023-02-13 14:34,영통동 매영로365번길,주행형,2023-12-01,,,
2023,수원시,영통구청,2023-02-13 14:34,영통동 매영로365번길,주행형,2023-12-01,,,
2023,수원시,영통구청,2023-02-13 14:34,영통동 매영로365번길,주행형,2023-12-01,,,
2023,수원시,영통구청,2023-02-13 14:34,영통동 매영로365번길,주행형,2023-12-01,,,
2023,수원시,팔달구청,2023-02-13 14:34,인계동 경인통계청,고정형,2023-12-01,,,
2023,수원시,영통구청,2023-02-13 14:34,영통동 매영로365번길,주행형,2023-12-01,,,
2023,수원시,영통구청,2023-02-13 14:34,영통동 매영로365번길,주행형,2023-12-01,,,
2023,수원시,영통구청,2023-02-13 14:34,영통동 매영로365번길,주행형,2023-12-01,,,
2023,수원시,영통구청,2023-02-13 14:34,영통동 매영로365번길,주행형,2023-12-01,,,
2023,수원시,영통구청,2023-02-13 14:34,영통동 매영로365번길,주행형,2023-12-01,,,
2023,수원시,권선구청,2023-02-13 14:39,서둔동 가온팰리스옆1,고정형,2023-12-01,,,
2023,수원시,팔달구청,2023-02-13 14:39,남창동 남창동 행궁로 57,주행형,2023-12-01,,,
2023,수원시,팔달구청,2023-02-13 14:39,화서동 17-101 (교차로모퉁이),국민신문고,2023-12-01,,,
2023,수원시,팔달구청,2023-02-13 14:40,행궁동 팔달문 버스정류장,고정형,2023-12-01,,,
2023,수원시,권선구청,2023-02-13 14:44,세류3동 신곡초교 후문 좌측 사거리,고정형,2023-12-01,,,
2023,수원시,권선구청,2023-02-13 14:53,호매실동 금호프라자 대각 맞은편,고정형,2023-12-01,,,
2023,수원시,팔달구청,2023-02-13 15:04,화서1동 푸르지오자이 북문 CU 앞 횡단보도,고정형,2023-12-01,,,
2023,수원시,권선구청,2023-02-13 15:15,오목천동 527-5,국민신문고,2023-12-01,,,
2023,수원시,권선구청,2023-02-13 15:16,세류3동 신곡초교 후문 좌측 사거리,고정형,2023-12-01,,,
2023,수원시,영통구청,2023-02-13 15:34,망포동 E-마트 에브리데이 앞,고정형,2023-12-01,37.2361017468141,127.060345496536,
2023,수원시,권선구청,2023-02-13 15:49,서둔동 가온팰리스옆1,고정형,2023-12-01,,,
2023,수원시,영통구청,2023-02-13 15:53,원천동 광교 한화겔러리아 앞,고정형,2023-12-01,,,
2023,수원시,팔달구청,2023-02-13 16:06,화서1동 푸르지오자이 북문 CU 앞 횡단보도,고정형,2023-12-01,,,
2023,수원시,권선구청,2023-02-13 16:18,null 수원시 권선구 당수동 133,보행,2023-12-01,,,
2023,수원시,권선구청,2023-02-13 16:32,서둔동 가온팰리스옆2,고정형,2023-12-01,,,
2023,수원시,권선구청,2023-02-13 16:32,평동 자동차매매센터2,고정형,2023-12-01,,,
2023,수원시,영통구청,2023-02-13 16:44,이의동 광교가재울마을사거리,고정형,2023-12-01,,,
2023,수원시,영통구청,2023-02-13 16:45,이의동 도청예정부지,고정형,2023-12-01,,,
2023,수원시,팔달구청,2023-02-13 16:57,매산동 팔달로 10번길 8,고정형,2023-12-01,,,
2023,수원시,팔달구청,2023-02-13 17:10,화서1동 푸르지오자이 북문 CU 앞 횡단보도,고정형,2023-12-01,,,
2023,수원시,팔달구청,2023-02-13 17:10,화서1동 푸르지오자이 북문 CU 앞 횡단보도,고정형,2023-12-01,,,
2023,수원시,팔달구청,2023-02-13 17:21,신풍동 134-36 (횡단보도),국민신문고,2023-12-01,,,
2023,수원시,권선구청,2023-02-13 17:28,호매실동 금호프라자 대각 맞은편,고정형,2023-12-01,,,
2023,수원시,영통구청,2023-02-13 18:03,원천동 삼성전자중문,고정형,2023-12-01,,,
2023,수원시,팔달구청,2023-02-13 18:09,화서1동 푸르지오자이 북문 CU 앞 횡단보도,고정형,2023-12-01,,,
2023,수원시,팔달구청,2023-02-13 18:11,팔달로3가 752 (횡단보도),국민신문고,2023-12-01,,,
2023,수원시,팔달구청,2023-02-13 18:11,팔달로3가 752 (횡단보도),국민신문고,2023-12-01,,,
2023,수원시,팔달구청,2023-02-13 18:40,인계동 드림캐슬주상복합,고정형,2023-12-01,,,
2023,수원시,팔달구청,2023-02-13 18:40,인계동 드림캐슬주상복합,고정형,2023-12-01,,,
2023,수원시,영통구청,2023-02-13 18:54,-1 매탄동 1326,국민신문고,2023-12-01,,,
2023,수원시,영통구청,2023-02-13 19:15,이의동 광교가재울마을사거리,고정형,2023-12-01,,,
2023,수원시,영통구청,2023-02-13 19:15,이의동 광교가재울마을사거리,고정형,2023-12-01,,,
2023,수원시,팔달구청,2023-02-13 19:15,경기도수원시팔달구화서동 수원시 팔달구 팔달로 120,보행,2023-12-01,,,
2023,수원시,팔달구청,2023-02-13 19:15,경기도수원시팔달구화서동 수원시 팔달구 팔달로 120,보행,2023-12-01,,,
2023,수원시,권선구청,2023-02-13 19:36,경기도수원시권선구입북동 수원시 권선구 입북동 688,보행,2023-12-01,,,
2023,수원시,영통구청,2023-02-13 19:37,광교동 광교 덴티움지식산업센터 앞 사거리,고정형,2023-12-01,,,
2023,수원시,팔달구청,2023-02-13 19:41,매산동 팅스몰 주차장 출구 옆,고정형,2023-12-01,,,
2023,수원시,팔달구청,2023-02-13 20:22,매교동 287-480 (횡단보도),국민신문고,2023-12-01,,,
2023,수원시,팔달구청,2023-02-13 20:34,매산동 역전농협,고정형,2023-12-01,,,
2023,수원시,팔달구청,2023-02-13 20:40,인계동 드림캐슬주상복합,고정형,2023-12-01,,,
2023,수원시,팔달구청,2023-02-13 20:57,인계동 드림캐슬주상복합,고정형,2023-12-01,,,
2023,수원시,권선구청,2023-02-14 0:29,오목천동 527-5,국민신문고,2023-12-01,,,
2023,수원시,팔달구청,2023-02-14 7:33,인계동 드림캐슬주상복합,고정형,2023-12-01,,,
2023,수원시,팔달구청,2023-02-14 7:34,매산동 팅스몰 주차장 출구 옆,고정형,2023-12-01,,,
2023,수원시,팔달구청,2023-02-14 7:34,인계동 경인통계청,고정형,2023-12-01,,,
2023,수원시,팔달구청,2023-02-14 7:34,인계동 경인통계청,고정형,2023-12-01,,,
2023,수원시,영통구청,2023-02-14 7:35,망포동 E-마트 에브리데이 앞,고정형,2023-12-01,37.2361017468141,127.060345496536,
2023,수원시,팔달구청,2023-02-14 7:36,매산동 팅스몰 주차장 출구 옆,고정형,2023-12-01,,,
2023,수원시,팔달구청,2023-02-14 7:55,인계동 경인통계청,고정형,2023-12-01,,,
2023,수원시,팔달구청,2023-02-14 8:00,인계동 경인통계청,고정형,2023-12-01,,,
2023,수원시,권선구청,2023-02-14 8:02,곡반정동 하나로마트한국빌딩앞,고정형,2023-12-01,,,
2023,수원시,권선구청,2023-02-14 8:02,곡반정동 하나로마트한국빌딩앞,고정형,2023-12-01,,,
2023,수원시,권선구청,2023-02-14 8:03,곡반정동 하나로마트한국빌딩앞,고정형,2023-12-01,,,
2023,수원시,권선구청,2023-02-14 8:12,서둔동 가온팰리스옆2,고정형,2023-12-01,,,
2023,수원시,권선구청,2023-02-14 8:21,곡반정동 하나로마트한국빌딩앞,고정형,2023-12-01,,,
2023,수원시,팔달구청,2023-02-14 8:21,인계동 경인통계청,고정형,2023-12-01,,,
2023,수원시,권선구청,2023-02-14 8:25,서둔동 가온팰리스옆2,고정형,2023-12-01,,,
2023,수원시,팔달구청,2023-02-14 9:53,인계동 드림캐슬주상복합,고정형,2023-12-01,,,
2023,수원시,권선구청,2023-02-14 9:54,서둔동 롯데쇼핑몰 주차장입구,고정형,2023-12-01,,,
2023,수원시,권선구청,2023-02-14 10:05,구운동 구운초교 정문 우측 삼거리,고정형,2023-12-01,,,
2023,수원시,장안구청,2023-02-14 10:11,천천동 화산로163번길,주행형,2023-12-01,,,
2023,수원시,장안구청,2023-02-14 10:11,천천동 화산로163번길,주행형,2023-12-01,,,
2023,수원시,장안구청,2023-02-14 10:11,천천동 화산로163번길,주행형,2023-12-01,,,
2023,수원시,장안구청,2023-02-14 10:11,천천동 화산로163번길,주행형,2023-12-01,,,
2023,수원시,팔달구청,2023-02-14 10:18,매산로3가 매산로3가 매산로92번길9,주행형,2023-12-01,,,
2023,수원시,팔달구청,2023-02-14 10:18,매산로3가 매산로3가 매산로92번길9,주행형,2023-12-01,,,
2023,수원시,팔달구청,2023-02-14 10:18,매산로3가 매산로3가 매산로92번길9,주행형,2023-12-01,,,
2023,수원시,팔달구청,2023-02-14 10:18,매산로3가 매산로3가 매산로92번길9,주행형,2023-12-01,,,
2023,수원시,팔달구청,2023-02-14 10:19,인계동 인계동 매산로169,주행형,2023-12-01,,,
2023,수원시,팔달구청,2023-02-14 10:19,인계동 인계동 매산로169,주행형,2023-12-01,,,
2023,수원시,팔달구청,2023-02-14 10:19,인계동 인계동 매산로169,주행형,2023-12-01,,,
2023,수원시,팔달구청,2023-02-14 10:19,인계동 인계동 매산로169,주행형,2023-12-01,,,
2023,수원시,팔달구청,2023-02-14 10:20,매교동 매교동 매산로116번길,주행형,2023-12-01,,,
2023,수원시,장안구청,2023-02-14 10:28,천천동 화산로163번길,주행형,2023-12-01,,,
2023,수원시,권선구청,2023-02-14 10:41,서둔동 가온팰리스옆2,고정형,2023-12-01,,,
2023,수원시,권선구청,2023-02-14 10:41,서둔동 가온팰리스옆2,고정형,2023-12-01,,,
2023,수원시,팔달구청,2023-02-14 10:47,경기도수원시팔달구고등동 수원시 팔달구 고등동 160,보행,2023-12-01,,,
2023,수원시,팔달구청,2023-02-14 10:48,인계동 드림캐슬주상복합,고정형,2023-12-01,,,
2023,수원시,팔달구청,2023-02-14 10:48,경기도수원시팔달구고등동 수원시 팔달구 고등동 160,보행,2023-12-01,,,
2023,수원시,팔달구청,2023-02-14 11:16,행궁동 팔달문 버스정류장,고정형,2023-12-01,,,
2023,수원시,영통구청,2023-02-14 11:28,영통동 롯데마트 뒤,고정형,2023-12-01,37.27220279535416,127.10856729001851,
2023,수원시,권선구청,2023-02-14 11:40,입북동 당수초교 정문 우측 사거리,고정형,2023-12-01,,,
2023,수원시,영통구청,2023-02-14 12:06,영통동 롯데마트 뒤,고정형,2023-12-01,37.27220279535416,127.10856729001851,
2023,수원시,영통구청,2023-02-14 12:53,이의동 광교가재울마을사거리,고정형,2023-12-01,,,
2023,수원시,권선구청,2023-02-14 13:08,입북동 당수초교 정문 우측 사거리,고정형,2023-12-01,,,
2023,수원시,권선구청,2023-02-14 13:08,입북동 당수초교 정문 우측 사거리,고정형,2023-12-01,,,
2023,수원시,권선구청,2023-02-14 13:25,곡반정동 562-2,국민신문고,2023-12-01,,,
2023,수원시,영통구청,2023-02-14 13:40,망포동 힐스테이트 119동 ~방죽공원 삼거리,고정형,2023-12-01,,,
2023,수원시,장안구청,2023-02-14 13:54,천천동 화산로163번길,주행형,2023-12-01,,,
2023,수원시,장안구청,2023-02-14 13:54,천천동 화산로163번길,주행형,2023-12-01,,,
2023,수원시,장안구청,2023-02-14 13:54,천천동 화산로163번길,주행형,2023-12-01,,,
2023,수원시,영통구청,2023-02-14 14:22,이의동 광교가재울마을사거리,고정형,2023-12-01,,,
2023,수원시,영통구청,2023-02-14 14:23,망포동 E-마트 에브리데이 앞,고정형,2023-12-01,37.2361017468141,127.060345496536,
2023,수원시,팔달구청,2023-02-14 14:25,교동 교동 향교로137번길,주행형,2023-12-01,,,
2023,수원시,팔달구청,2023-02-14 14:25,교동 교동 향교로137번길,주행형,2023-12-01,,,
2023,수원시,권선구청,2023-02-14 14:32,고색동 도이치 고객주차장 출입구,고정형,2023-12-01,,,
2023,수원시,권선구청,2023-02-14 14:35,세류3동 신곡초교 후문 좌측 사거리,고정형,2023-12-01,,,
2023,수원시,권선구청,2023-02-14 14:46,입북동 율전로37번길,주행형,2023-12-01,,,
2023,수원시,권선구청,2023-02-14 14:46,입북동 율전로37번길,주행형,2023-12-01,,,
2023,수원시,권선구청,2023-02-14 14:47,입북동 율전로37번길,주행형,2023-12-01,,,
2023,수원시,권선구청,2023-02-14 14:47,입북동 율전로37번길,주행형,2023-12-01,,,
2023,수원시,권선구청,2023-02-14 14:48,입북동 율전로37번길,주행형,2023-12-01,,,
2023,수원시,권선구청,2023-02-14 14:49,입북동 율전로37번길,주행형,2023-12-01,,,
2023,수원시,권선구청,2023-02-14 14:49,입북동 율전로37번길,주행형,2023-12-01,,,
2023,수원시,팔달구청,2023-02-14 14:53,인계동 드림캐슬주상복합,고정형,2023-12-01,,,
2023,수원시,권선구청,2023-02-14 14:53,서둔동 가온팰리스옆1,고정형,2023-12-01,,,
2023,수원시,팔달구청,2023-02-14 14:56,행궁동 화홍사랑채,고정형,2023-12-01,,,
2023,수원시,영통구청,2023-02-14 15:18,이의동 광교가재울마을사거리,고정형,2023-12-01,,,
2023,수원시,팔달구청,2023-02-14 15:23,경기도수원시팔달구매교동 수원시 팔달구 매교동 163,보행,2023-12-01,,,
2023,수원시,팔달구청,2023-02-14 15:27,경기도수원시팔달구지동 수원시 팔달구 우만동549-10,보행,2023-12-01,,,
2023,수원시,팔달구청,2023-02-14 15:28,인계동 한국씨티은행,고정형,2023-12-01,,,
2023,수원시,팔달구청,2023-02-14 15:28,인계동 한국씨티은행,고정형,2023-12-01,,,
2023,수원시,팔달구청,2023-02-14 15:28,경기도수원시팔달구지동 수원시 팔달구 우만동549-10,보행,2023-12-01,,,
2023,수원시,팔달구청,2023-02-14 15:28,경기도수원시팔달구지동 수원시 팔달구 우만동549-10,보행,2023-12-01,,,
2023,수원시,팔달구청,2023-02-14 15:34,인계동 드림캐슬주상복합,고정형,2023-12-01,,,
2023,수원시,영통구청,2023-02-14 15:34,이의동 드림스퀘어Ⅱ 앞,고정형,2023-12-01,,,
2023,수원시,팔달구청,2023-02-14 15:39,매산동 팅스몰 주차장 출구 옆,고정형,2023-12-01,,,
2023,수원시,권선구청,2023-02-14 15:42,평동 고현초교 정문 좌측 삼거리,고정형,2023-12-01,,,
2023,수원시,영통구청,2023-02-14 16:20,이의동 드림스퀘어Ⅱ 앞,고정형,2023-12-01,,,
2023,수원시,권선구청,2023-02-14 16:35,서둔동 가온팰리스옆2,고정형,2023-12-01,,,
2023,수원시,영통구청,2023-02-14 16:59,광교동 광교더사랑교회뒷길,고정형,2023-12-01,,,
2023,수원시,영통구청,2023-02-14 17:01,영통동 롯데마트 뒤,고정형,2023-12-01,37.27220279535416,127.10856729001851,
2023,수원시,팔달구청,2023-02-14 17:02,매산동 팅스몰 주차장 출구 옆,고정형,2023-12-01,,,
2023,수원시,팔달구청,2023-02-14 17:02,매산동 팅스몰 주차장 출구 옆,고정형,2023-12-01,,,
2023,수원시,권선구청,2023-02-14 17:20,세류3동 신곡초교 후문 좌측 사거리,고정형,2023-12-01,,,
2023,수원시,팔달구청,2023-02-14 17:24,고등동 수원초등학교 정문 좌측 사거리,고정형,2023-12-01,,,
2023,수원시,권선구청,2023-02-14 17:25,곡반정동 140-5,국민신문고,2023-12-01,,,
2023,수원시,권선구청,2023-02-14 17:35,세류3동 신곡초교 후문 좌측 사거리,고정형,2023-12-01,,,
2023,수원시,권선구청,2023-02-14 17:41,호매실동 금호프라자 대각 맞은편,고정형,2023-12-01,,,
2023,수원시,권선구청,2023-02-14 17:41,호매실동 금호프라자 대각 맞은편,고정형,2023-12-01,,,
2023,수원시,팔달구청,2023-02-14 17:44,인계동 드림캐슬주상복합,고정형,2023-12-01,,,
2023,수원시,팔달구청,2023-02-14 17:45,인계동 경인통계청,고정형,2023-12-01,,,
2023,수원시,팔달구청,2023-02-14 17:46,매산동 팅스몰 주차장 출구 옆,고정형,2023-12-01,,,
2023,수원시,팔달구청,2023-02-14 18:15,매산동 팅스몰 주차장 출구 옆,고정형,2023-12-01,,,
2023,수원시,팔달구청,2023-02-14 18:19,매산동 팅스몰 주차장 출구 옆,고정형,2023-12-01,,,
2023,수원시,팔달구청,2023-02-14 18:22,인계동 드림캐슬주상복합,고정형,2023-12-01,,,
2023,수원시,팔달구청,2023-02-14 18:23,인계동 드림캐슬주상복합,고정형,2023-12-01,,,
2023,수원시,팔달구청,2023-02-14 18:23,인계동 드림캐슬주상복합,고정형,2023-12-01,,,
2023,수원시,팔달구청,2023-02-14 18:30,남창동 77-125 (교차로모퉁이),국민신문고,2023-12-01,,,
2023,수원시,팔달구청,2023-02-14 18:46,매산동 팅스몰 주차장 출구 옆,고정형,2023-12-01,,,
2023,수원시,팔달구청,2023-02-14 19:01,매산동 팅스몰 주차장 출구 옆,고정형,2023-12-01,,,
2023,수원시,팔달구청,2023-02-14 19:09,인계동 드림캐슬주상복합,고정형,2023-12-01,,,
2023,수원시,영통구청,2023-02-14 19:26,원천동 삼성전자중문,고정형,2023-12-01,,,
2023,수원시,팔달구청,2023-02-14 19:29,매산동 팅스몰 주차장 출구 옆,고정형,2023-12-01,,,
2023,수원시,영통구청,2023-02-14 19:33,원천동 광교매원초등학교,고정형,2023-12-01,,,
2023,수원시,영통구청,2023-02-14 19:33,이의동 광교호반베르디움 103동 앞,고정형,2023-12-01,,,
2023,수원시,팔달구청,2023-02-14 19:42,인계동 드림캐슬주상복합,고정형,2023-12-01,,,
2023,수원시,팔달구청,2023-02-14 19:54,매산동 팅스몰 주차장 출구 옆,고정형,2023-12-01,,,
2023,수원시,팔달구청,2023-02-14 20:04,인계동 드림캐슬주상복합,고정형,2023-12-01,,,
2023,수원시,팔달구청,2023-02-14 20:14,매산동 팅스몰 주차장 출구 옆,고정형,2023-12-01,,,
2023,수원시,팔달구청,2023-02-14 20:23,매산동 역전농협,고정형,2023-12-01,,,
2023,수원시,팔달구청,2023-02-14 20:31,인계동 드림캐슬주상복합,고정형,2023-12-01,,,
2023,수원시,팔달구청,2023-02-14 20:42,매산동 팅스몰 주차장 출구 옆,고정형,2023-12-01,,,
2023,수원시,팔달구청,2023-02-14 20:42,매산동 팅스몰 주차장 출구 옆,고정형,2023-12-01,,,
2023,수원시,영통구청,2023-02-14 20:45,원천동 광교매원초등학교,고정형,2023-12-01,,,
2023,수원시,팔달구청,2023-02-14 20:46,매산동 팅스몰 주차장 출구 옆,고정형,2023-12-01,,,
2023,수원시,팔달구청,2023-02-14 20:46,매산동 팅스몰 주차장 출구 옆,고정형,2023-12-01,,,
2023,수원시,팔달구청,2023-02-14 20:48,인계동 드림캐슬주상복합,고정형,2023-12-01,,,
2023,수원시,팔달구청,2023-02-15 7:14,화서1동 푸르지오자이 북문 CU 앞 횡단보도,고정형,2023-12-01,,,
2023,수원시,팔달구청,2023-02-15 7:33,인계동 드림캐슬주상복합,고정형,2023-12-01,,,
2023,수원시,팔달구청,2023-02-15 7:33,인계동 드림캐슬주상복합,고정형,2023-12-01,,,
2023,수원시,팔달구청,2023-02-15 7:34,매산동 팅스몰 주차장 출구 옆,고정형,2023-12-01,,,
2023,수원시,팔달구청,2023-02-15 7:35,매산동 팅스몰 주차장 출구 옆,고정형,2023-12-01,,,
2023,수원시,팔달구청,2023-02-15 7:36,인계동 드림캐슬주상복합,고정형,2023-12-01,,,
2023,수원시,권선구청,2023-02-15 8:03,서둔동 가온팰리스옆2,고정형,2023-12-01,,,
2023,수원시,권선구청,2023-02-15 8:04,구운동 구운초교 정문 우측 삼거리,고정형,2023-12-01,,,
2023,수원시,권선구청,2023-02-15 8:09,곡반정동 하나로마트한국빌딩앞,고정형,2023-12-01,,,
2023,수원시,팔달구청,2023-02-15 8:31,매산동 팅스몰 주차장 출구 옆,고정형,2023-12-01,,,
2023,수원시,팔달구청,2023-02-15 8:33,화서1동 화서초등학교 둘레길 중간지점,고정형,2023-12-01,,,
2023,수원시,팔달구청,2023-02-15 9:00,매산동 팅스몰 주차장 출구 옆,고정형,2023-12-01,,,
2023,수원시,팔달구청,2023-02-15 9:07,인계동 드림캐슬주상복합,고정형,2023-12-01,,,
2023,수원시,권선구청,2023-02-15 9:50,서둔동 가온팰리스옆1,고정형,2023-12-01,,,
2023,수원시,권선구청,2023-02-15 9:50,서둔동 가온팰리스옆1,고정형,2023-12-01,,,
2023,수원시,팔달구청,2023-02-15 9:55,매교동 120-5 (소화전),국민신문고,2023-12-01,,,
2023,수원시,팔달구청,2023-02-15 10:06,경기도수원시팔달구매향동 수원시 팔달구 우만동 477-1,보행,2023-12-01,,,
2023,수원시,팔달구청,2023-02-15 10:14,경기도수원시팔달구우만동 수원시 팔달구 인계동 944,보행,2023-12-01,,,
2023,수원시,팔달구청,2023-02-15 10:14,경기도수원시팔달구우만동 수원시 팔달구 인계동 944,보행,2023-12-01,,,
2023,수원시,영통구청,2023-02-15 10:16,원천동 광교 한화겔러리아 앞,고정형,2023-12-01,,,
2023,수원시,권선구청,2023-02-15 10:17,서둔동 가온팰리스옆2,고정형,2023-12-01,,,
2023,수원시,팔달구청,2023-02-15 10:23,경기도수원시팔달구우만동 수원시 팔달구 지동 481-9,보행,2023-12-01,,,
2023,수원시,팔달구청,2023-02-15 10:23,경기도수원시팔달구우만동 수원시 팔달구 지동 481-9,보행,2023-12-01,,,
2023,수원시,팔달구청,2023-02-15 10:24,경기도수원시팔달구우만동 수원시 팔달구 지동 481-9,보행,2023-12-01,,,
2023,수원시,팔달구청,2023-02-15 10:26,매교동 매교동 매산로116번길,주행형,2023-12-01,,,
2023,수원시,권선구청,2023-02-15 10:26,권선동 권선동 한라비발디앞 놀이터,고정형,2023-12-01,,,
2023,수원시,팔달구청,2023-02-15 10:32,인계동 드림캐슬주상복합,고정형,2023-12-01,,,
2023,수원시,팔달구청,2023-02-15 10:32,경기도수원시팔달구매교동 수원시 팔달구 매교동 163,보행,2023-12-01,,,
2023,수원시,팔달구청,2023-02-15 10:37,경기도수원시팔달구매교동 수원시 팔달구 효원로 49번길,보행,2023-12-01,,,
2023,수원시,팔달구청,2023-02-15 10:38,경기도수원시팔달구매교동 수원시 팔달구 매교동 114,보행,2023-12-01,,,
2023,수원시,팔달구청,2023-02-15 10:40,경기도수원시팔달구매교동 수원시 팔달구 매교동 77,보행,2023-12-01,,,
2023,수원시,팔달구청,2023-02-15 10:41,경기도수원시팔달구매교동 수원시 팔달구 매교동 77,보행,2023-12-01,,,
2023,수원시,팔달구청,2023-02-15 10:42,경기도수원시팔달구매교동 수원시 팔달구 매교동 77,보행,2023-12-01,,,
2023,수원시,팔달구청,2023-02-15 10:43,경기도수원시팔달구매교동 수원시 팔달구 매교동 287,보행,2023-12-01,,,
2023,수원시,팔달구청,2023-02-15 11:01,행궁동 팔달문 버스정류장,고정형,2023-12-01,,,
2023,수원시,영통구청,2023-02-15 11:40,영통동 롯데마트 뒤,고정형,2023-12-01,37.27220279535416,127.10856729001851,
2023,수원시,권선구청,2023-02-15 12:16,구운동 구운초교 정문 우측 삼거리,고정형,2023-12-01,,,
2023,수원시,영통구청,2023-02-15 13:02,원천동 삼성전자중문,고정형,2023-12-01,,,
2023,수원시,영통구청,2023-02-15 13:26,광교동 광교 덴티움지식산업센터 앞 사거리,고정형,2023-12-01,,,
2023,수원시,팔달구청,2023-02-15 13:27,화서1동 푸르지오자이 북문 CU 앞 횡단보도,고정형,2023-12-01,,,
2023,수원시,팔달구청,2023-02-15 13:27,화서1동 푸르지오자이 북문 CU 앞 횡단보도,고정형,2023-12-01,,,
2023,수원시,팔달구청,2023-02-15 13:39,매산동 역전농협,고정형,2023-12-01,,,
2023,수원시,팔달구청,2023-02-15 13:56,화서1동 푸르지오자이 북문 CU 앞 횡단보도,고정형,2023-12-01,,,
2023,수원시,영통구청,2023-02-15 13:57,광교동 광교더사랑교회뒷길,고정형,2023-12-01,,,
2023,수원시,팔달구청,2023-02-15 14:22,매산로3가 매산로3가 향교로61,주행형,2023-12-01,,,
2023,수원시,영통구청,2023-02-15 14:33,영통동 보보스스포츠센터앞,고정형,2023-12-01,,,
2023,수원시,팔달구청,2023-02-15 14:33,매산동 팅스몰 주차장 출구 옆,고정형,2023-12-01,,,
2023,수원시,팔달구청,2023-02-15 14:34,인계동 드림캐슬주상복합,고정형,2023-12-01,,,
2023,수원시,영통구청,2023-02-15 14:40,영통동 매영로365번길,주행형,2023-12-01,,,
2023,수원시,팔달구청,2023-02-15 14:41,인계동 드림캐슬주상복합,고정형,2023-12-01,,,
2023,수원시,팔달구청,2023-02-15 14:46,남수동 남수동 정조로800번길,주행형,2023-12-01,,,
2023,수원시,팔달구청,2023-02-15 14:52,매산동 팅스몰 주차장 출구 옆,고정형,2023-12-01,,,
2023,수원시,팔달구청,2023-02-15 14:55,인계동 드림캐슬주상복합,고정형,2023-12-01,,,
2023,수원시,팔달구청,2023-02-15 14:58,영동 99-4 (교차로모퉁이),국민신문고,2023-12-01,,,
2023,수원시,권선구청,2023-02-15 15:06,권선동 권선동 한라비발디앞 놀이터,고정형,2023-12-01,,,
2023,수원시,권선구청,2023-02-15 15:06,권선동 권선동 한라비발디앞 놀이터,고정형,2023-12-01,,,
2023,수원시,팔달구청,2023-02-15 15:08,인계동 경인통계청,고정형,2023-12-01,,,
2023,수원시,팔달구청,2023-02-15 15:11,인계동 드림캐슬주상복합,고정형,2023-12-01,,,
2023,수원시,팔달구청,2023-02-15 15:17,행궁동 팔달문 버스정류장,고정형,2023-12-01,,,
2023,수원시,팔달구청,2023-02-15 15:26,인계동 한국씨티은행,고정형,2023-12-01,,,
2023,수원시,권선구청,2023-02-15 15:30,권선동 권선동 한라비발디앞 놀이터,고정형,2023-12-01,,,
2023,수원시,권선구청,2023-02-15 15:34,입북동 율전로37번길,주행형,2023-12-01,,,
2023,수원시,권선구청,2023-02-15 15:34,입북동 율전로37번길,주행형,2023-12-01,,,
2023,수원시,권선구청,2023-02-15 15:35,입북동 율전로37번길,주행형,2023-12-01,,,
2023,수원시,권선구청,2023-02-15 15:35,입북동 율전로37번길,주행형,2023-12-01,,,
2023,수원시,권선구청,2023-02-15 15:35,세류3동 신곡초교 후문 좌측 사거리,고정형,2023-12-01,,,
2023,수원시,권선구청,2023-02-15 15:35,입북동 율전로37번길,주행형,2023-12-01,,,
2023,수원시,권선구청,2023-02-15 15:36,입북동 율전로37번길,주행형,2023-12-01,,,
2023,수원시,권선구청,2023-02-15 15:36,입북동 율전로37번길,주행형,2023-12-01,,,
2023,수원시,영통구청,2023-02-15 15:36,망포동 E-마트 에브리데이 앞,고정형,2023-12-01,37.2361017468141,127.060345496536,
2023,수원시,팔달구청,2023-02-15 15:37,인계동 드림캐슬주상복합,고정형,2023-12-01,,,
2023,수원시,팔달구청,2023-02-15 15:39,경기도수원시팔달구매교동 수원시 팔달구 매교동 88,보행,2023-12-01,,,
2023,수원시,팔달구청,2023-02-15 15:41,인계동 드림캐슬주상복합,고정형,2023-12-01,,,
2023,수원시,팔달구청,2023-02-15 15:41,매향동 421-1 (소화전),국민신문고,2023-12-01,,,
2023,수원시,권선구청,2023-02-15 15:50,서둔동 가온팰리스옆1,고정형,2023-12-01,,,
2023,수원시,팔달구청,2023-02-15 16:06,인계동 드림캐슬주상복합,고정형,2023-12-01,,,
2023,수원시,팔달구청,2023-02-15 16:14,매산동 팅스몰 주차장 출구 옆,고정형,2023-12-01,,,
2023,수원시,영통구청,2023-02-15 16:14,광교동 광교 덴티움지식산업센터 앞 사거리,고정형,2023-12-01,,,
2023,수원시,영통구청,2023-02-15 16:18,영통동 롯데마트 뒤,고정형,2023-12-01,37.27220279535416,127.10856729001851,
2023,수원시,영통구청,2023-02-15 16:26,이의동 광교호반베르디움 103동 앞,고정형,2023-12-01,,,
2023,수원시,팔달구청,2023-02-15 16:28,인계동 드림캐슬주상복합,고정형,2023-12-01,,,
2023,수원시,팔달구청,2023-02-15 16:31,인계동 드림캐슬주상복합,고정형,2023-12-01,,,
2023,수원시,권선구청,2023-02-15 16:44,경기도수원시권선구당수동 수원시 권선구 당수동 218,보행,2023-12-01,,,
2023,수원시,영통구청,2023-02-15 16:46,영통동 롯데마트 뒤,고정형,2023-12-01,37.27220279535416,127.10856729001851,
2023,수원시,권선구청,2023-02-15 17:02,서둔동 롯데몰9번출구앞주변,고정형,2023-12-01,,,
2023,수원시,권선구청,2023-02-15 17:03,세류3동 신곡초교 후문 좌측 사거리,고정형,2023-12-01,,,
2023,수원시,팔달구청,2023-02-15 17:03,매산동 팅스몰 주차장 출구 옆,고정형,2023-12-01,,,
2023,수원시,팔달구청,2023-02-15 17:09,인계동 드림캐슬주상복합,고정형,2023-12-01,,,
2023,수원시,팔달구청,2023-02-15 17:12,매산동 팅스몰 주차장 출구 옆,고정형,2023-12-01,,,
2023,수원시,영통구청,2023-02-15 17:15,영통동 롯데마트 뒤,고정형,2023-12-01,37.27220279535416,127.10856729001851,
2023,수원시,권선구청,2023-02-15 17:31,호매실동 금호프라자 대각 맞은편,고정형,2023-12-01,,,
2023,수원시,팔달구청,2023-02-15 17:39,신풍동 제일교회부설주차장 부근,고정형,2023-12-01,,,
2023,수원시,팔달구청,2023-02-15 17:39,신풍동 제일교회부설주차장 부근,고정형,2023-12-01,,,
2023,수원시,권선구청,2023-02-15 17:42,평동 오목초교 정문 우측 삼거리,고정형,2023-12-01,,,
2023,수원시,영통구청,2023-02-15 17:42,이의동 드림스퀘어Ⅱ 앞,고정형,2023-12-01,,,
2023,수원시,영통구청,2023-02-15 17:42,이의동 드림스퀘어Ⅱ 앞,고정형,2023-12-01,,,
2023,수원시,팔달구청,2023-02-15 17:43,인계동 한국씨티은행,고정형,2023-12-01,,,
2023,수원시,팔달구청,2023-02-15 17:49,인계동 팅스몰 주차장 출구 옆,고정형,2023-12-01,,,
2023,수원시,팔달구청,2023-02-15 18:32,화서1동 수원역푸르지오자이 북문 우측,고정형,2023-12-01,,,
2023,수원시,팔달구청,2023-02-15 19:00,매산동 팅스몰 주차장 출구 옆,고정형,2023-12-01,,,
2023,수원시,팔달구청,2023-02-15 19:00,매산동 팅스몰 주차장 출구 옆,고정형,2023-12-01,,,
2023,수원시,영통구청,2023-02-15 19:01,경기도수원시영통구망포동 수원시 영통구 망포동 413,보행,2023-12-01,,,
2023,수원시,영통구청,2023-02-15 19:02,경기도수원시영통구망포동 수원시 영통구 망포동 413,보행,2023-12-01,,,
2023,수원시,영통구청,2023-02-15 19:02,경기도수원시영통구망포동 수원시 영통구 망포동 413,보행,2023-12-01,,,
2023,수원시,팔달구청,2023-02-15 19:05,인계동 드림캐슬주상복합,고정형,2023-12-01,,,
2023,수원시,영통구청,2023-02-15 19:12,원천동 광교매원초등학교,고정형,2023-12-01,,,
2023,수원시,팔달구청,2023-02-15 19:58,매산동 역전농협,고정형,2023-12-01,,,
2023,수원시,팔달구청,2023-02-15 20:37,경기도수원시팔달구화서동 수원시 팔달구 화서동 220,보행,2023-12-01,,,
2023,수원시,팔달구청,2023-02-15 20:38,경기도수원시팔달구화서동 수원시 팔달구 화서동 220,보행,2023-12-01,,,
2023,수원시,팔달구청,2023-02-15 20:39,경기도수원시팔달구화서동 수원시 팔달구 화서동 220,보행,2023-12-01,,,
2023,수원시,권선구청,2023-02-15 22:58,오목천동 473-3,국민신문고,2023-12-01,,,
2023,수원시,권선구청,2023-02-15 23:45,곡반정동 105-4,국민신문고,2023-12-01,,,
2023,수원시,권선구청,2023-02-16 5:43,곡반정동 156-7,국민신문고,2023-12-01,,,
2023,수원시,권선구청,2023-02-16 6:04,곡반정동 562-2,국민신문고,2023-12-01,,,
2023,수원시,권선구청,2023-02-16 6:05,곡반정동 562-2,국민신문고,2023-12-01,,,
2023,수원시,팔달구청,2023-02-16 7:14,화서1동 수원역푸르지오자이 북문 우측,고정형,2023-12-01,,,
2023,수원시,팔달구청,2023-02-16 7:33,인계동 드림캐슬주상복합,고정형,2023-12-01,,,
2023,수원시,팔달구청,2023-02-16 7:35,인계동 경인통계청,고정형,2023-12-01,,,
2023,수원시,팔달구청,2023-02-16 7:37,인계동 경인통계청,고정형,2023-12-01,,,
2023,수원시,팔달구청,2023-02-16 7:37,인계동 드림캐슬주상복합,고정형,2023-12-01,,,
2023,수원시,팔달구청,2023-02-16 7:53,매산동 팅스몰 주차장 출구 옆,고정형,2023-12-01,,,
2023,수원시,팔달구청,2023-02-16 7:56,매산동 팅스몰 주차장 출구 옆,고정형,2023-12-01,,,
2023,수원시,권선구청,2023-02-16 8:04,권선2동 곡정초교 정문 좌측 사거리,고정형,2023-12-01,,,
2023,수원시,권선구청,2023-02-16 8:05,서둔동 가온팰리스옆2,고정형,2023-12-01,,,
2023,수원시,권선구청,2023-02-16 8:05,서둔동 가온팰리스옆2,고정형,2023-12-01,,,
2023,수원시,권선구청,2023-02-16 8:05,권선동 곡정초교 정문 좌측 사거리,고정형,2023-12-01,,,
2023,수원시,권선구청,2023-02-16 8:06,서둔동 가온팰리스옆2,고정형,2023-12-01,,,
2023,수원시,권선구청,2023-02-16 8:16,권선2동 곡정초교 정문 좌측 사거리,고정형,2023-12-01,,,
2023,수원시,권선구청,2023-02-16 8:32,곡반정동 하나로마트한국빌딩앞,고정형,2023-12-01,,,
2023,수원시,팔달구청,2023-02-16 8:33,화서1동 화서초등학교 둘레길 중간지점,고정형,2023-12-01,,,
2023,수원시,팔달구청,2023-02-16 8:42,화서1동 푸르지오자이 북문 CU 앞 횡단보도,고정형,2023-12-01,,,
2023,수원시,권선구청,2023-02-16 9:05,서둔동 가온팰리스옆2,고정형,2023-12-01,,,
2023,수원시,팔달구청,2023-02-16 9:21,신풍동 미술관로터리,고정형,2023-12-01,,,
2023,수원시,팔달구청,2023-02-16 9:53,인계동 드림캐슬주상복합,고정형,2023-12-01,,,
2023,수원시,팔달구청,2023-02-16 10:05,지동 팔달로2가36 (인도),국민신문고,2023-12-01,,,
2023,수원시,영통구청,2023-02-16 10:07,이의동 드림스퀘어Ⅱ 앞,고정형,2023-12-01,,,
2023,수원시,팔달구청,2023-02-16 10:10,인계동 드림캐슬주상복합,고정형,2023-12-01,,,
2023,수원시,팔달구청,2023-02-16 10:12,장안동 장안동 화서문로17번길,주행형,2023-12-01,,,
2023,수원시,팔달구청,2023-02-16 10:12,장안동 장안동 화서문로17번길,주행형,2023-12-01,,,
2023,수원시,팔달구청,2023-02-16 10:12,장안동 장안동 화서문로17번길,주행형,2023-12-01,,,
2023,수원시,팔달구청,2023-02-16 10:13,장안동 장안동 화서문로17번길,주행형,2023-12-01,,,
2023,수원시,팔달구청,2023-02-16 10:17,교동 수원향교 앞 팔달보건소 뒤,고정형,2023-12-01,,,
2023,수원시,팔달구청,2023-02-16 10:31,인계동 드림캐슬주상복합,고정형,2023-12-01,,,
2023,수원시,영통구청,2023-02-16 10:33,광교동 광교 덴티움지식산업센터 앞 사거리,고정형,2023-12-01,,,
2023,수원시,영통구청,2023-02-16 10:33,광교동 광교 덴티움지식산업센터 앞 사거리,고정형,2023-12-01,,,
2023,수원시,팔달구청,2023-02-16 11:48,영동 우만동 539(교차로모퉁이),국민신문고,2023-12-01,,,
2023,수원시,영통구청,2023-02-16 11:56,이의동 광교가재울마을사거리,고정형,2023-12-01,,,
2023,수원시,영통구청,2023-02-16 12:45,이의동 광교가재울마을사거리,고정형,2023-12-01,,,
2023,수원시,영통구청,2023-02-16 12:45,이의동 광교가재울마을사거리,고정형,2023-12-01,,,
2023,수원시,영통구청,2023-02-16 13:31,광교동 광교더사랑교회뒷길,고정형,2023-12-01,,,
2023,수원시,팔달구청,2023-02-16 13:36,매산동 역전농협,고정형,2023-12-01,,,
2023,수원시,영통구청,2023-02-16 14:00,광교동 광교더사랑교회뒷길,고정형,2023-12-01,,,
2023,수원시,팔달구청,2023-02-16 14:06,매산동 역전농협,고정형,2023-12-01,,,
2023,수원시,팔달구청,2023-02-16 14:24,경기도수원시팔달구인계동 수원시 팔달구 인계동 182,보행,2023-12-01,,,
2023,수원시,팔달구청,2023-02-16 14:25,경기도수원시팔달구인계동 수원시 팔달구 인계동 182,보행,2023-12-01,,,
2023,수원시,팔달구청,2023-02-16 14:25,인계동 수원시 팔달구 인계동 182,보행,2023-12-01,,,
2023,수원시,팔달구청,2023-02-16 14:33,행궁동 화홍사랑채,고정형,2023-12-01,,,
2023,수원시,팔달구청,2023-02-16 14:33,행궁동 화홍사랑채,고정형,2023-12-01,,,
2023,수원시,팔달구청,2023-02-16 14:35,매산동 팔달로 10번길 8,고정형,2023-12-01,,,
2023,수원시,팔달구청,2023-02-16 14:40,인계동 한국씨티은행,고정형,2023-12-01,,,
2023,수원시,영통구청,2023-02-16 14:42,이의동 창룡대로298번길,주행형,2023-12-01,,,
2023,수원시,영통구청,2023-02-16 14:42,이의동 창룡대로298번길,주행형,2023-12-01,,,
2023,수원시,팔달구청,2023-02-16 14:46,인계동 경인통계청,고정형,2023-12-01,,,
2023,수원시,영통구청,2023-02-16 14:47,영통동 롯데마트 뒤,고정형,2023-12-01,37.27220279535416,127.10856729001851,
2023,수원시,권선구청,2023-02-16 14:48,호매실동 금호프라자 대각 맞은편,고정형,2023-12-01,,,
2023,수원시,권선구청,2023-02-16 14:48,서둔동 가온팰리스옆2,고정형,2023-12-01,,,
2023,수원시,팔달구청,2023-02-16 14:53,화서1동 수원역푸르지오자이 북문 우측,고정형,2023-12-01,,,
2023,수원시,팔달구청,2023-02-16 15:00,경기도수원시팔달구매교동 수원시 팔달구 매교동 163,보행,2023-12-01,,,
2023,수원시,팔달구청,2023-02-16 15:01,경기도수원시팔달구매교동 수원시 팔달구 매교동 163,보행,2023-12-01,,,
2023,수원시,팔달구청,2023-02-16 15:01,경기도수원시팔달구매교동 수원시 팔달구 매교동 163,보행,2023-12-01,,,
2023,수원시,팔달구청,2023-02-16 15:08,교동 교동 효원로55번길,주행형,2023-12-01,,,
2023,수원시,팔달구청,2023-02-16 15:20,고등동 수원초등학교 정문 좌측 사거리,고정형,2023-12-01,,,
2023,수원시,팔달구청,2023-02-16 15:24,인계동 경인통계청,고정형,2023-12-01,,,
2023,수원시,팔달구청,2023-02-16 15:29,인계동 드림캐슬주상복합,고정형,2023-12-01,,,
2023,수원시,팔달구청,2023-02-16 15:44,화서1동 수원역푸르지오자이 북문 우측,고정형,2023-12-01,,,
2023,수원시,팔달구청,2023-02-16 16:02,매산동 팔달로 10번길 8,고정형,2023-12-01,,,
2023,수원시,팔달구청,2023-02-16 16:04,인계동 한국씨티은행,고정형,2023-12-01,,,
2023,수원시,팔달구청,2023-02-16 16:04,매교동 매교동 186-1 (횡단보도),국민신문고,2023-12-01,,,
2023,수원시,팔달구청,2023-02-16 16:18,인계동 드림캐슬주상복합,고정형,2023-12-01,,,
2023,수원시,권선구청,2023-02-16 16:33,서둔동 가온팰리스옆2,고정형,2023-12-01,,,
2023,수원시,권선구청,2023-02-16 16:40,평동 오목초교 정문 우측 삼거리,고정형,2023-12-01,,,
2023,수원시,팔달구청,2023-02-16 16:42,인계동 한국씨티은행,고정형,2023-12-01,,,
2023,수원시,팔달구청,2023-02-16 17:14,인계동 드림캐슬주상복합,고정형,2023-12-01,,,
2023,수원시,권선구청,2023-02-16 17:23,세류3동 신곡초교 후문 좌측 사거리,고정형,2023-12-01,,,
2023,수원시,팔달구청,2023-02-16 17:25,행궁동 화홍사랑채,고정형,2023-12-01,,,
2023,수원시,팔달구청,2023-02-16 17:25,행궁동 화홍사랑채,고정형,2023-12-01,,,
2023,수원시,권선구청,2023-02-16 17:26,평동 오목초교 정문 우측 삼거리,고정형,2023-12-01,,,
2023,수원시,권선구청,2023-02-16 17:34,오목천동 527-12,국민신문고,2023-12-01,,,
2023,수원시,영통구청,2023-02-16 17:41,영통동 보보스스포츠센터앞,고정형,2023-12-01,,,
2023,수원시,권선구청,2023-02-16 17:42,서둔동 가온팰리스옆2,고정형,2023-12-01,,,
2023,수원시,권선구청,2023-02-16 17:46,세류3동 신곡초교 후문 좌측 사거리,고정형,2023-12-01,,,
2023,수원시,팔달구청,2023-02-16 17:49,인계동 경인통계청,고정형,2023-12-01,,,
2023,수원시,팔달구청,2023-02-16 17:53,인계동 드림캐슬주상복합,고정형,2023-12-01,,,
2023,수원시,팔달구청,2023-02-16 17:53,인계동 드림캐슬주상복합,고정형,2023-12-01,,,
2023,수원시,팔달구청,2023-02-16 17:53,인계동 드림캐슬주상복합,고정형,2023-12-01,,,
2023,수원시,팔달구청,2023-02-16 18:04,인계동 드림캐슬주상복합,고정형,2023-12-01,,,
2023,수원시,팔달구청,2023-02-16 18:04,매교동 매교동 287-110 (횡단보도),국민신문고,2023-12-01,,,
2023,수원시,팔달구청,2023-02-16 18:42,고등동 수원초등학교 정문 좌측 사거리,고정형,2023-12-01,,,
2023,수원시,팔달구청,2023-02-16 18:42,고등동 수원초등학교 정문 좌측 사거리,고정형,2023-12-01,,,
2023,수원시,팔달구청,2023-02-16 18:49,인계동 드림캐슬주상복합,고정형,2023-12-01,,,
2023,수원시,영통구청,2023-02-16 19:00,이의동 광교가재울마을사거리,고정형,2023-12-01,,,
2023,수원시,팔달구청,2023-02-16 19:05,인계동 드림캐슬주상복합,고정형,2023-12-01,,,
2023,수원시,팔달구청,2023-02-16 19:05,인계동 드림캐슬주상복합,고정형,2023-12-01,,,
2023,수원시,팔달구청,2023-02-16 19:20,매산동 팔달로 10번길 8,고정형,2023-12-01,,,
2023,수원시,팔달구청,2023-02-16 19:33,매산동 팅스몰 주차장 출구 옆,고정형,2023-12-01,,,
2023,수원시,팔달구청,2023-02-16 19:36,매교동 77-125,보행,2023-12-01,,,
2023,수원시,팔달구청,2023-02-16 19:36,경기도수원시팔달구매산로2가 수원시 팔달구 효원로 55번길,보행,2023-12-01,,,
2023,수원시,팔달구청,2023-02-16 19:44,매산동 팅스몰 주차장 출구 옆,고정형,2023-12-01,,,
2023,수원시,팔달구청,2023-02-16 19:50,인계동 드림캐슬주상복합,고정형,2023-12-01,,,
2023,수원시,영통구청,2023-02-16 19:50,망포동 E-마트 에브리데이 앞,고정형,2023-12-01,37.2361017468141,127.060345496536,
2023,수원시,팔달구청,2023-02-16 19:51,매산동 팅스몰 주차장 출구 옆,고정형,2023-12-01,,,
2023,수원시,영통구청,2023-02-16 19:55,망포동 E-마트 에브리데이 앞,고정형,2023-12-01,37.2361017468141,127.060345496536,
2023,수원시,영통구청,2023-02-16 20:05,이의동 광교가재울마을사거리,고정형,2023-12-01,,,
2023,수원시,영통구청,2023-02-16 20:05,이의동 광교가재울마을사거리,고정형,2023-12-01,,,
2023,수원시,팔달구청,2023-02-16 20:15,인계동 드림캐슬주상복합,고정형,2023-12-01,,,
2023,수원시,팔달구청,2023-02-16 20:23,인계동 드림캐슬주상복합,고정형,2023-12-01,,,
2023,수원시,팔달구청,2023-02-16 20:42,인계동 드림캐슬주상복합,고정형,2023-12-01,,,
2023,수원시,팔달구청,2023-02-16 21:00,인계동 드림캐슬주상복합,고정형,2023-12-01,,,
2023,수원시,팔달구청,2023-02-16 21:04,인계동 드림캐슬주상복합,고정형,2023-12-01,,,
2023,수원시,팔달구청,2023-02-16 21:08,인계동 드림캐슬주상복합,고정형,2023-12-01,,,
2023,수원시,팔달구청,2023-02-16 21:08,인계동 드림캐슬주상복합,고정형,2023-12-01,,,
2023,수원시,권선구청,2023-02-17 0:27,오목천동 527-5,국민신문고,2023-12-01,,,
2023,수원시,영통구청,2023-02-17 7:22,광교동 광교 덴티움지식산업센터 앞 사거리,고정형,2023-12-01,,,
2023,수원시,영통구청,2023-02-17 7:23,망포동 힐스테이트 119동 ~방죽공원 삼거리,고정형,2023-12-01,,,
2023,수원시,팔달구청,2023-02-17 7:30,화서1동 푸르지오자이 북문 CU 앞 횡단보도,고정형,2023-12-01,,,
2023,수원시,팔달구청,2023-02-17 7:33,인계동 드림캐슬주상복합,고정형,2023-12-01,,,
2023,수원시,팔달구청,2023-02-17 7:35,매산동 팅스몰 주차장 출구 옆,고정형,2023-12-01,,,
2023,수원시,권선구청,2023-02-17 8:02,평동 오목초교 정문 우측 삼거리,고정형,2023-12-01,,,
2023,수원시,권선구청,2023-02-17 8:03,서둔동 가온팰리스옆2,고정형,2023-12-01,,,
2023,수원시,권선구청,2023-02-17 8:07,서둔동 가온팰리스옆2,고정형,2023-12-01,,,
2023,수원시,권선구청,2023-02-17 8:13,곡선동 권선중앙약국 건너편,고정형,2023-12-01,,,
2023,수원시,권선구청,2023-02-17 8:21,곡반정동 하나로마트한국빌딩앞,고정형,2023-12-01,,,
2023,수원시,팔달구청,2023-02-17 8:42,매산동 역전농협,고정형,2023-12-01,,,
2023,수원시,팔달구청,2023-02-17 8:59,인계동 드림캐슬주상복합,고정형,2023-12-01,,,
2023,수원시,영통구청,2023-02-17 9:02,이의동 광교호반베르디움 103동 앞,고정형,2023-12-01,,,
2023,수원시,권선구청,2023-02-17 9:05,서둔동 가온팰리스옆2,고정형,2023-12-01,,,
2023,수원시,권선구청,2023-02-17 9:30,평동 수원역고가밑 정류장,고정형,2023-12-01,,,
2023,수원시,권선구청,2023-02-17 9:30,평동 수원역고가밑 정류장,고정형,2023-12-01,,,
2023,수원시,영통구청,2023-02-17 9:32,영통동 롯데마트 뒤,고정형,2023-12-01,37.27220279535416,127.10856729001851,
2023,수원시,팔달구청,2023-02-17 9:33,화서1동 화서초등학교 둘레길 중간지점,고정형,2023-12-01,,,
2023,수원시,권선구청,2023-02-17 9:42,금곡동 수원문산고속도로,주행형,2023-12-01,,,
2023,수원시,팔달구청,2023-02-17 9:45,인계동 경인통계청,고정형,2023-12-01,,,
2023,수원시,팔달구청,2023-02-17 9:45,고등동 수원초등학교 정문 좌측 사거리,고정형,2023-12-01,,,
2023,수원시,영통구청,2023-02-17 9:55,영통동 롯데마트 뒤,고정형,2023-12-01,37.27220279535416,127.10856729001851,
2023,수원시,영통구청,2023-02-17 9:55,영통동 롯데마트 뒤,고정형,2023-12-01,37.27220279535416,127.10856729001851,
2023,수원시,팔달구청,2023-02-17 9:58,경기도수원시팔달구매교동 수원시 팔달구 매교동 287,보행,2023-12-01,,,
2023,수원시,팔달구청,2023-02-17 10:00,인계동 드림캐슬주상복합,고정형,2023-12-01,,,
2023,수원시,팔달구청,2023-02-17 10:01,경기도수원시팔달구매교동 수원시 팔달구 매교동 287,보행,2023-12-01,,,
2023,수원시,팔달구청,2023-02-17 10:01,경기도수원시팔달구매교동 수원시 팔달구 매교동 287,보행,2023-12-01,,,
2023,수원시,팔달구청,2023-02-17 10:02,경기도수원시팔달구매교동 수원시 팔달구 매교동 287,보행,2023-12-01,,,
2023,수원시,팔달구청,2023-02-17 10:03,경기도수원시팔달구매교동 수원시 팔달구 매교동 77,보행,2023-12-01,,,
2023,수원시,팔달구청,2023-02-17 10:04,경기도수원시팔달구매교동 수원시 팔달구 매교동 77,보행,2023-12-01,,,
2023,수원시,팔달구청,2023-02-17 10:06,경기도수원시팔달구매교동 수원시 팔달구 매교동 120,보행,2023-12-01,,,
2023,수원시,팔달구청,2023-02-17 10:06,경기도수원시팔달구매교동 수원시 팔달구 매교동 120,보행,2023-12-01,,,
2023,수원시,팔달구청,2023-02-17 10:08,경기도수원시팔달구매교동 수원시 팔달구 매교동 120,보행,2023-12-01,,,
2023,수원시,팔달구청,2023-02-17 10:08,경기도수원시팔달구매교동 수원시 팔달구 매교동 120,보행,2023-12-01,,,
2023,수원시,팔달구청,2023-02-17 10:08,경기도수원시팔달구매교동 수원시 팔달구 매교동 120,보행,2023-12-01,,,
2023,수원시,팔달구청,2023-02-17 10:11,경기도수원시팔달구화서동 수원시 팔달구 남수동 11-179,보행,2023-12-01,,,
2023,수원시,영통구청,2023-02-17 10:13,원천동 광교 한화겔러리아 앞,고정형,2023-12-01,,,
2023,수원시,영통구청,2023-02-17 10:16,우만동 중부대로271번길,주행형,2023-12-01,,,
2023,수원시,권선구청,2023-02-17 10:18,평동 고현초교 정문 좌측 삼거리,고정형,2023-12-01,,,
2023,수원시,권선구청,2023-02-17 10:29,세류3동 신곡초교 후문 좌측 사거리,고정형,2023-12-01,,,
2023,수원시,권선구청,2023-02-17 10:30,세류3동 신곡초교 후문 좌측 사거리,고정형,2023-12-01,,,
2023,수원시,권선구청,2023-02-17 10:32,입북동 당수초교 정문 우측 사거리,고정형,2023-12-01,,,
2023,수원시,영통구청,2023-02-17 11:13,망포동 E-마트 에브리데이 앞,고정형,2023-12-01,37.2361017468141,127.060345496536,
2023,수원시,영통구청,2023-02-17 11:43,광교동 광교 덴티움지식산업센터 앞 사거리,고정형,2023-12-01,,,
2023,수원시,팔달구청,2023-02-17 12:24,우만동 인계동 1143 (횡단보도),국민신문고,2023-12-01,,,
2023,수원시,팔달구청,2023-02-17 12:24,우만동 인계동 1143 (횡단보도),국민신문고,2023-12-01,,,
2023,수원시,영통구청,2023-02-17 12:32,원천동 광교에일린의뜰 북측,고정형,2023-12-01,,,
2023,수원시,영통구청,2023-02-17 12:32,원천동 광교에일린의뜰 북측,고정형,2023-12-01,,,
2023,수원시,영통구청,2023-02-17 12:33,광교동 광교 덴티움지식산업센터 앞 사거리,고정형,2023-12-01,,,
2023,수원시,영통구청,2023-02-17 13:21,망포동 힐스테이트 119동 ~방죽공원 삼거리,고정형,2023-12-01,,,
2023,수원시,영통구청,2023-02-17 13:56,원천동 삼성전자중문,고정형,2023-12-01,,,
2023,수원시,영통구청,2023-02-17 14:09,망포동 힐스테이트 119동 ~방죽공원 삼거리,고정형,2023-12-01,,,
2023,수원시,팔달구청,2023-02-17 14:17,화서1동 화서초등학교 둘레길 중간지점,고정형,2023-12-01,,,
2023,수원시,팔달구청,2023-02-17 14:25,경기도수원시팔달구매교동 수원시 팔달구 매교동 284,보행,2023-12-01,,,
2023,수원시,팔달구청,2023-02-17 14:33,매산동 팔달로 10번길 8,고정형,2023-12-01,,,
2023,수원시,팔달구청,2023-02-17 14:33,화서1동 수원역푸르지오자이 북문 우측,고정형,2023-12-01,,,
2023,수원시,팔달구청,2023-02-17 14:35,인계동 드림캐슬주상복합,고정형,2023-12-01,,,
2023,수원시,팔달구청,2023-02-17 14:35,인계동 드림캐슬주상복합,고정형,2023-12-01,,,
2023,수원시,팔달구청,2023-02-17 14:36,화서1동 수원역푸르지오자이 북문 우측,고정형,2023-12-01,,,
2023,수원시,영통구청,2023-02-17 14:41,이의동 드림스퀘어Ⅱ 앞,고정형,2023-12-01,,,
2023,수원시,영통구청,2023-02-17 14:44,영통동 롯데마트 뒤,고정형,2023-12-01,37.27220279535416,127.10856729001851,
2023,수원시,권선구청,2023-02-17 14:45,호매실동 금호프라자 대각 맞은편,고정형,2023-12-01,,,
2023,수원시,권선구청,2023-02-17 14:50,평동 고현초교 정문 좌측 삼거리,고정형,2023-12-01,,,
2023,수원시,권선구청,2023-02-17 14:50,서둔동 가온팰리스옆2,고정형,2023-12-01,,,
2023,수원시,영통구청,2023-02-17 14:53,망포동 힐스테이트 119동 ~방죽공원 삼거리,고정형,2023-12-01,,,
2023,수원시,권선구청,2023-02-17 15:00,구운동 구운초교 정문 우측 삼거리,고정형,2023-12-01,,,
2023,수원시,영통구청,2023-02-17 15:05,이의동 드림스퀘어Ⅱ 앞,고정형,2023-12-01,,,
2023,수원시,영통구청,2023-02-17 15:05,이의동 드림스퀘어Ⅱ 앞,고정형,2023-12-01,,,
2023,수원시,영통구청,2023-02-17 15:10,망포동 힐스테이트 119동 ~방죽공원 삼거리,고정형,2023-12-01,,,
2023,수원시,팔달구청,2023-02-17 15:32,화서1동 수원역푸르지오자이 북문 우측,고정형,2023-12-01,,,
2023,수원시,영통구청,2023-02-17 15:41,망포동 힐스테이트 119동 ~방죽공원 삼거리,고정형,2023-12-01,,,
2023,수원시,영통구청,2023-02-17 15:57,망포동 힐스테이트 119동 ~방죽공원 삼거리,고정형,2023-12-01,,,
2023,수원시,권선구청,2023-02-17 15:59,구운동 구운초교 정문 우측 삼거리,고정형,2023-12-01,,,
2023,수원시,팔달구청,2023-02-17 16:02,인계동 드림캐슬주상복합,고정형,2023-12-01,,,
2023,수원시,팔달구청,2023-02-17 16:02,인계동 드림캐슬주상복합,고정형,2023-12-01,,,
2023,수원시,영통구청,2023-02-17 16:11,영통동 롯데마트 뒤,고정형,2023-12-01,37.27220279535416,127.10856729001851,
2023,수원시,팔달구청,2023-02-17 16:12,매산동 팅스몰 주차장 출구 옆,고정형,2023-12-01,,,
2023,수원시,권선구청,2023-02-17 16:14,서둔동 가온팰리스옆2,고정형,2023-12-01,,,
2023,수원시,영통구청,2023-02-17 16:30,망포동 E-마트 에브리데이 앞,고정형,2023-12-01,37.2361017468141,127.060345496536,
2023,수원시,팔달구청,2023-02-17 16:52,화서1동 수원역푸르지오자이 북문 우측,고정형,2023-12-01,,,
2023,수원시,권선구청,2023-02-17 16:55,세류3동 신곡초교 후문 좌측 사거리,고정형,2023-12-01,,,
2023,수원시,팔달구청,2023-02-17 17:02,인계동 한국씨티은행,고정형,2023-12-01,,,
2023,수원시,팔달구청,2023-02-17 17:02,인계동 한국씨티은행,고정형,2023-12-01,,,
2023,수원시,영통구청,2023-02-17 17:06,원천동 삼성전자중문,고정형,2023-12-01,,,
2023,수원시,영통구청,2023-02-17 17:16,영통동 보보스스포츠센터앞,고정형,2023-12-01,,,
2023,수원시,팔달구청,2023-02-17 17:21,화서1동 화서초등학교 둘레길 중간지점,고정형,2023-12-01,,,
2023,수원시,팔달구청,2023-02-17 17:21,화서1동 화서초등학교 둘레길 중간지점,고정형,2023-12-01,,,
2023,수원시,영통구청,2023-02-17 17:24,이의동 드림스퀘어Ⅱ 앞,고정형,2023-12-01,,,
2023,수원시,권선구청,2023-02-17 17:30,평동 오목초교 정문 우측 삼거리,고정형,2023-12-01,,,
2023,수원시,팔달구청,2023-02-17 17:36,화서1동 수원역푸르지오자이 북문 우측,고정형,2023-12-01,,,
2023,수원시,팔달구청,2023-02-17 18:07,인계동 드림캐슬주상복합,고정형,2023-12-01,,,
2023,수원시,영통구청,2023-02-17 18:09,영통동 롯데마트 뒤,고정형,2023-12-01,37.27220279535416,127.10856729001851,
2023,수원시,팔달구청,2023-02-17 18:10,인계동 드림캐슬주상복합,고정형,2023-12-01,,,
2023,수원시,팔달구청,2023-02-17 18:41,인계동 드림캐슬주상복합,고정형,2023-12-01,,,
2023,수원시,영통구청,2023-02-17 18:51,원천동 삼성전자중문,고정형,2023-12-01,,,
2023,수원시,영통구청,2023-02-17 19:55,망포동 힐스테이트 119동 ~방죽공원 삼거리,고정형,2023-12-01,,,
2023,수원시,영통구청,2023-02-17 20:32,이의동 광교가재울마을사거리,고정형,2023-12-01,,,
2023,수원시,권선구청,2023-02-17 20:41,곡반정동 562-2,국민신문고,2023-12-01,,,
2023,수원시,권선구청,2023-02-17 20:41,곡반정동 562-2,국민신문고,2023-12-01,,,
2023,수원시,팔달구청,2023-02-17 21:57,영동 우만동 525-10 (소화전),국민신문고,2023-12-01,,,
2023,수원시,권선구청,2023-02-17 22:03,곡반정동 562-2,국민신문고,2023-12-01,,,
2023,수원시,권선구청,2023-02-17 22:15,곡반정동 562-2,국민신문고,2023-12-01,,,
2023,수원시,권선구청,2023-02-17 22:15,곡반정동 562-2,국민신문고,2023-12-01,,,
2023,수원시,권선구청,2023-02-17 22:24,곡반정동 562-2,국민신문고,2023-12-01,,,
2023,수원시,권선구청,2023-02-18 8:57,오목천동 527-12,국민신문고,2023-12-01,,,
2023,수원시,권선구청,2023-02-18 8:57,오목천동 527-12,국민신문고,2023-12-01,,,
2023,수원시,권선구청,2023-02-18 9:01,호매실동 금호프라자 대각 맞은편,고정형,2023-12-01,,,
2023,수원시,영통구청,2023-02-18 9:02,영통동 마사회뒷길,고정형,2023-12-01,,,
2023,수원시,팔달구청,2023-02-18 9:02,매산동 팅스몰 주차장 출구 옆,고정형,2023-12-01,,,
2023,수원시,권선구청,2023-02-18 9:03,곡반정동 하나로마트한국빌딩앞,고정형,2023-12-01,,,
2023,수원시,권선구청,2023-02-18 9:03,곡반정동 하나로마트한국빌딩앞,고정형,2023-12-01,,,
2023,수원시,권선구청,2023-02-18 9:03,곡반정동 궁촌육교앞,고정형,2023-12-01,,,
2023,수원시,팔달구청,2023-02-18 9:03,인계동 드림캐슬주상복합,고정형,2023-12-01,,,
2023,수원시,팔달구청,2023-02-18 9:04,매산동 팅스몰 주차장 출구 옆,고정형,2023-12-01,,,
2023,수원시,권선구청,2023-02-18 9:04,곡반정동 하나로마트한국빌딩앞,고정형,2023-12-01,,,
2023,수원시,팔달구청,2023-02-18 9:05,매산동 팅스몰 주차장 출구 옆,고정형,2023-12-01,,,
2023,수원시,팔달구청,2023-02-18 9:05,화서1동 푸르지오자이 북문 CU 앞 횡단보도,고정형,2023-12-01,,,
2023,수원시,팔달구청,2023-02-18 9:09,인계동 드림캐슬주상복합,고정형,2023-12-01,,,
2023,수원시,팔달구청,2023-02-18 9:09,매산동 팅스몰 주차장 출구 옆,고정형,2023-12-01,,,
2023,수원시,영통구청,2023-02-18 9:21,이의동 드림스퀘어Ⅱ 앞,고정형,2023-12-01,,,
2023,수원시,팔달구청,2023-02-18 9:37,인계동 드림캐슬주상복합,고정형,2023-12-01,,,
2023,수원시,팔달구청,2023-02-18 9:47,매산동 팅스몰 주차장 출구 옆,고정형,2023-12-01,,,
2023,수원시,권선구청,2023-02-18 9:53,권선동 권선동 한라비발디앞 놀이터,고정형,2023-12-01,,,
2023,수원시,팔달구청,2023-02-18 9:54,인계동 드림캐슬주상복합,고정형,2023-12-01,,,
2023,수원시,팔달구청,2023-02-18 10:02,화서1동 푸르지오자이 북문 CU 앞 횡단보도,고정형,2023-12-01,,,
2023,수원시,팔달구청,2023-02-18 10:09,인계동 드림캐슬주상복합,고정형,2023-12-01,,,
2023,수원시,권선구청,2023-02-18 10:17,서둔동 가온팰리스옆1,고정형,2023-12-01,,,
2023,수원시,팔달구청,2023-02-18 10:21,화서1동 푸르지오자이 북문 CU 앞 횡단보도,고정형,2023-12-01,,,
2023,수원시,팔달구청,2023-02-18 10:22,화서1동 수원역푸르지오자이 북문 우측,고정형,2023-12-01,,,
2023,수원시,팔달구청,2023-02-18 10:31,매산동 팅스몰 주차장 출구 옆,고정형,2023-12-01,,,
2023,수원시,영통구청,2023-02-18 10:34,영통동 마사회뒷길,고정형,2023-12-01,,,
2023,수원시,권선구청,2023-02-18 10:36,평동 수원역고가밑 (애경뒷길),고정형,2023-12-01,,,
2023,수원시,팔달구청,2023-02-18 10:37,매산동 팅스몰 주차장 출구 옆,고정형,2023-12-01,,,
2023,수원시,팔달구청,2023-02-18 10:41,화서1동 푸르지오자이 북문 CU 앞 횡단보도,고정형,2023-12-01,,,
2023,수원시,권선구청,2023-02-18 10:45,권선동 권선동 한라비발디앞 놀이터,고정형,2023-12-01,,,
2023,수원시,팔달구청,2023-02-18 11:13,화서1동 수원역푸르지오자이 북문 우측,고정형,2023-12-01,,,
2023,수원시,팔달구청,2023-02-18 11:16,화서1동 수원역푸르지오자이 북문 우측,고정형,2023-12-01,,,
2023,수원시,영통구청,2023-02-18 11:16,영통동 롯데마트 뒤,고정형,2023-12-01,37.27220279535416,127.10856729001851,
2023,수원시,영통구청,2023-02-18 11:16,영통동 롯데마트 뒤,고정형,2023-12-01,37.27220279535416,127.10856729001851,
2023,수원시,팔달구청,2023-02-18 11:17,화서1동 푸르지오자이 북문 CU 앞 횡단보도,고정형,2023-12-01,,,
2023,수원시,영통구청,2023-02-18 11:26,망포동 망포동 80-15,주행형,2023-12-01,,,
2023,수원시,영통구청,2023-02-18 11:26,망포동 망포동 80-15,주행형,2023-12-01,,,
2023,수원시,영통구청,2023-02-18 11:27,망포동 망포동 123-19,주행형,2023-12-01,,,
2023,수원시,영통구청,2023-02-18 11:27,망포동 망포동 123-19,주행형,2023-12-01,,,
2023,수원시,영통구청,2023-02-18 11:27,망포동 망포동 123-19,주행형,2023-12-01,,,
2023,수원시,영통구청,2023-02-18 11:27,망포동 망포동 123-19,주행형,2023-12-01,,,
2023,수원시,영통구청,2023-02-18 11:27,망포동 망포동 123-19,주행형,2023-12-01,,,
2023,수원시,영통구청,2023-02-18 11:40,영통동 마사회뒷길,고정형,2023-12-01,,,
2023,수원시,팔달구청,2023-02-18 11:43,경기도수원시팔달구고등동 수원시 팔달구 팔달로 99번길60,보행,2023-12-01,,,
2023,수원시,영통구청,2023-02-18 11:56,이의동 광교가재울마을사거리,고정형,2023-12-01,,,
2023,수원시,영통구청,2023-02-18 12:06,이의동 광교호반베르디움 103동 앞,고정형,2023-12-01,,,
2023,수원시,팔달구청,2023-02-18 12:11,화서1동 수원역푸르지오자이 북문 우측,고정형,2023-12-01,,,
2023,수원시,팔달구청,2023-02-18 12:32,화서1동 수원역푸르지오자이 북문 우측,고정형,2023-12-01,,,
2023,수원시,영통구청,2023-02-18 12:38,광교동 광교 덴티움지식산업센터 앞 사거리,고정형,2023-12-01,,,
2023,수원시,팔달구청,2023-02-18 12:44,화서1동 수원역푸르지오자이 북문 우측,고정형,2023-12-01,,,
2023,수원시,영통구청,2023-02-18 13:00,영통동 마사회뒷길,고정형,2023-12-01,,,
2023,수원시,팔달구청,2023-02-18 13:03,고등동 고등동 180-170 (횡단보도),국민신문고,2023-12-01,,,
2023,수원시,팔달구청,2023-02-18 13:16,화서1동 수원역푸르지오자이 북문 우측,고정형,2023-12-01,,,
2023,수원시,영통구청,2023-02-18 13:41,영통동 마사회뒷길,고정형,2023-12-01,,,
2023,수원시,영통구청,2023-02-18 13:41,영통동 마사회뒷길,고정형,2023-12-01,,,
2023,수원시,영통구청,2023-02-18 13:52,광교동 광교더사랑교회뒷길,고정형,2023-12-01,,,
2023,수원시,팔달구청,2023-02-18 14:32,인계동 드림캐슬주상복합,고정형,2023-12-01,,,
2023,수원시,팔달구청,2023-02-18 14:33,매산동 팅스몰 주차장 출구 옆,고정형,2023-12-01,,,
2023,수원시,권선구청,2023-02-18 14:33,서둔동 가온팰리스옆2,고정형,2023-12-01,,,
2023,수원시,권선구청,2023-02-18 14:33,구운동 구운동 명품닭갈비,고정형,2023-12-01,,,
2023,수원시,권선구청,2023-02-18 14:34,곡반정동 하나로마트한국빌딩앞,고정형,2023-12-01,,,
2023,수원시,권선구청,2023-02-18 14:34,곡반정동 하나로마트한국빌딩앞,고정형,2023-12-01,,,
2023,수원시,팔달구청,2023-02-18 14:34,인계동 경인통계청,고정형,2023-12-01,,,
2023,수원시,영통구청,2023-02-18 14:34,영통동 보보스스포츠센터앞,고정형,2023-12-01,,,
2023,수원시,팔달구청,2023-02-18 14:37,매산동 팅스몰 주차장 출구 옆,고정형,2023-12-01,,,
2023,수원시,팔달구청,2023-02-18 14:42,인계동 드림캐슬주상복합,고정형,2023-12-01,,,
2023,수원시,팔달구청,2023-02-18 14:43,매산동 팅스몰 주차장 출구 옆,고정형,2023-12-01,,,
2023,수원시,팔달구청,2023-02-18 14:46,행궁동 화홍사랑채,고정형,2023-12-01,,,
2023,수원시,권선구청,2023-02-18 14:58,평동 자동차매매센터2,고정형,2023-12-01,,,
2023,수원시,권선구청,2023-02-18 14:58,평동 자동차매매센터2,고정형,2023-12-01,,,
2023,수원시,팔달구청,2023-02-18 15:10,신풍동 미술관로터리,고정형,2023-12-01,,,
2023,수원시,팔달구청,2023-02-18 15:11,화서1동 수원역푸르지오자이 북문 우측,고정형,2023-12-01,,,
2023,수원시,팔달구청,2023-02-18 15:17,인계동 한국씨티은행,고정형,2023-12-01,,,
2023,수원시,팔달구청,2023-02-18 15:21,매산동 팔달로 10번길 8,고정형,2023-12-01,,,
2023,수원시,팔달구청,2023-02-18 15:23,매산동 팔달로 10번길 8,고정형,2023-12-01,,,
2023,수원시,영통구청,2023-02-18 15:26,영통동 보보스스포츠센터앞,고정형,2023-12-01,,,
2023,수원시,영통구청,2023-02-18 15:27,망포동 E-마트 에브리데이 앞,고정형,2023-12-01,37.2361017468141,127.060345496536,
2023,수원시,권선구청,2023-02-18 15:27,곡반정동 궁촌육교앞,고정형,2023-12-01,,,
2023,수원시,영통구청,2023-02-18 15:28,영통동 마사회뒷길,고정형,2023-12-01,,,
2023,수원시,팔달구청,2023-02-18 15:29,우만동 인계동 1144 (횡단보도),국민신문고,2023-12-01,,,
2023,수원시,권선구청,2023-02-18 15:30,곡선동 권선중앙약국 건너편,고정형,2023-12-01,,,
2023,수원시,팔달구청,2023-02-18 15:30,신풍동 미술관로터리,고정형,2023-12-01,,,
2023,수원시,팔달구청,2023-02-18 15:39,매산동 팅스몰 주차장 출구 옆,고정형,2023-12-01,,,
2023,수원시,팔달구청,2023-02-18 15:39,매산동 팅스몰 주차장 출구 옆,고정형,2023-12-01,,,
2023,수원시,권선구청,2023-02-18 15:48,서둔동 가온팰리스옆1,고정형,2023-12-01,,,
2023,수원시,팔달구청,2023-02-18 15:54,매산동 팅스몰 주차장 출구 옆,고정형,2023-12-01,,,
2023,수원시,영통구청,2023-02-18 15:58,영통동 마사회뒷길,고정형,2023-12-01,,,
2023,수원시,팔달구청,2023-02-18 15:58,경기도수원시팔달구우만동 수원시 팔달구 우만동우만고가 밑,보행,2023-12-01,,,
2023,수원시,팔달구청,2023-02-18 15:59,경기도수원시팔달구우만동 수원시 팔달구 우만동우만고가 밑,보행,2023-12-01,,,
2023,수원시,팔달구청,2023-02-18 16:00,경기도수원시팔달구우만동 수원시 팔달구 우만동우만고가 밑,보행,2023-12-01,,,
2023,수원시,팔달구청,2023-02-18 16:04,인계동 드림캐슬주상복합,고정형,2023-12-01,,,
2023,수원시,팔달구청,2023-02-18 16:04,인계동 드림캐슬주상복합,고정형,2023-12-01,,,
2023,수원시,팔달구청,2023-02-18 16:15,매산동 팅스몰 주차장 출구 옆,고정형,2023-12-01,,,
2023,수원시,팔달구청,2023-02-18 16:15,매산동 팅스몰 주차장 출구 옆,고정형,2023-12-01,,,
2023,수원시,팔달구청,2023-02-18 16:16,매산동 팅스몰 주차장 출구 옆,고정형,2023-12-01,,,
2023,수원시,권선구청,2023-02-18 16:23,오목천동 212-34,국민신문고,2023-12-01,,,
2023,수원시,팔달구청,2023-02-18 16:24,인계동 한국씨티은행,고정형,2023-12-01,,,
2023,수원시,팔달구청,2023-02-18 16:24,인계동 한국씨티은행,고정형,2023-12-01,,,
2023,수원시,권선구청,2023-02-18 16:25,서둔동 가온팰리스옆2,고정형,2023-12-01,,,
2023,수원시,팔달구청,2023-02-18 16:30,행궁동 화홍사랑채,고정형,2023-12-01,,,
2023,수원시,영통구청,2023-02-18 16:33,망포동 E-마트 에브리데이 앞,고정형,2023-12-01,37.2361017468141,127.060345496536,
2023,수원시,팔달구청,2023-02-18 16:34,매산동 팅스몰 주차장 출구 옆,고정형,2023-12-01,,,
2023,수원시,영통구청,2023-02-18 16:44,영통동 보보스스포츠센터앞,고정형,2023-12-01,,,
2023,수원시,권선구청,2023-02-18 16:51,곡반정동 궁촌육교앞,고정형,2023-12-01,,,
2023,수원시,영통구청,2023-02-18 16:54,영통동 롯데마트 뒤,고정형,2023-12-01,37.27220279535416,127.10856729001851,
2023,수원시,팔달구청,2023-02-18 17:05,경기도수원시팔달구지동 수원시 팔달구 인계동374-3,보행,2023-12-01,,,
2023,수원시,팔달구청,2023-02-18 17:05,경기도수원시팔달구지동 수원시 팔달구 인계동374-3,보행,2023-12-01,,,
2023,수원시,팔달구청,2023-02-18 17:06,경기도수원시팔달구지동 수원시 팔달구 인계동374-3,보행,2023-12-01,,,
2023,수원시,팔달구청,2023-02-18 17:07,경기도수원시팔달구지동 수원시 팔달구 인계동374-3,보행,2023-12-01,,,
2023,수원시,팔달구청,2023-02-18 17:12,인계동 드림캐슬주상복합,고정형,2023-12-01,,,
2023,수원시,팔달구청,2023-02-18 17:12,인계동 드림캐슬주상복합,고정형,2023-12-01,,,
2023,수원시,팔달구청,2023-02-18 17:13,화서1동 수원역푸르지오자이 북문 우측,고정형,2023-12-01,,,
2023,수원시,팔달구청,2023-02-18 17:14,행궁동 팔달문 버스정류장,고정형,2023-12-01,,,
2023,수원시,팔달구청,2023-02-18 17:15,매교동 매교동 92-3 (횡단보도),국민신문고,2023-12-01,,,
2023,수원시,팔달구청,2023-02-18 17:19,화서1동 수원역푸르지오자이 북문 우측,고정형,2023-12-01,,,
2023,수원시,팔달구청,2023-02-18 17:19,매산동 팔달로 10번길 8,고정형,2023-12-01,,,
2023,수원시,팔달구청,2023-02-18 17:21,매산동 팅스몰 주차장 출구 옆,고정형,2023-12-01,,,
2023,수원시,팔달구청,2023-02-18 17:21,화서1동 푸르지오자이 북문 CU 앞 횡단보도,고정형,2023-12-01,,,
2023,수원시,팔달구청,2023-02-18 17:27,화서1동 수원역푸르지오자이 북문 우측,고정형,2023-12-01,,,
2023,수원시,팔달구청,2023-02-18 17:28,행궁동 팔달문 버스정류장,고정형,2023-12-01,,,
2023,수원시,권선구청,2023-02-18 17:32,서둔동 가온팰리스옆2,고정형,2023-12-01,,,
2023,수원시,권선구청,2023-02-18 17:32,평동 수원역고가밑 (애경뒷길),고정형,2023-12-01,,,
2023,수원시,팔달구청,2023-02-18 17:43,행궁동 화홍사랑채,고정형,2023-12-01,,,
2023,수원시,팔달구청,2023-02-18 18:18,인계동 드림캐슬주상복합,고정형,2023-12-01,,,
2023,수원시,팔달구청,2023-02-18 18:19,인계동 드림캐슬주상복합,고정형,2023-12-01,,,
2023,수원시,팔달구청,2023-02-18 18:20,매산동 팅스몰 주차장 출구 옆,고정형,2023-12-01,,,
2023,수원시,팔달구청,2023-02-18 18:24,매산동 팅스몰 주차장 출구 옆,고정형,2023-12-01,,,
2023,수원시,팔달구청,2023-02-18 18:26,인계동 드림캐슬주상복합,고정형,2023-12-01,,,
2023,수원시,팔달구청,2023-02-18 18:41,인계동 드림캐슬주상복합,고정형,2023-12-01,,,
2023,수원시,팔달구청,2023-02-18 18:52,화서1동 수원역푸르지오자이 북문 우측,고정형,2023-12-01,,,
2023,수원시,팔달구청,2023-02-18 19:01,매산동 팅스몰 주차장 출구 옆,고정형,2023-12-01,,,
2023,수원시,팔달구청,2023-02-18 19:06,인계동 드림캐슬주상복합,고정형,2023-12-01,,,
2023,수원시,팔달구청,2023-02-18 19:22,매산동 팅스몰 주차장 출구 옆,고정형,2023-12-01,,,
2023,수원시,팔달구청,2023-02-18 19:23,매산동 팅스몰 주차장 출구 옆,고정형,2023-12-01,,,
2023,수원시,팔달구청,2023-02-18 19:52,매산동 팔달로 10번길 8,고정형,2023-12-01,,,
2023,수원시,팔달구청,2023-02-18 19:54,매산로3가 매산로3 94-7 (교차로모퉁이),국민신문고,2023-12-01,,,
2023,수원시,팔달구청,2023-02-18 19:57,인계동 드림캐슬주상복합,고정형,2023-12-01,,,
2023,수원시,팔달구청,2023-02-18 20:05,행궁동 팔달문 버스정류장,고정형,2023-12-01,,,
2023,수원시,팔달구청,2023-02-18 20:29,매산동 팅스몰 주차장 출구 옆,고정형,2023-12-01,,,
2023,수원시,권선구청,2023-02-18 21:53,곡반정동 562-2,국민신문고,2023-12-01,,,
2023,수원시,권선구청,2023-02-19 0:16,오목천동 527-5,국민신문고,2023-12-01,,,
2023,수원시,권선구청,2023-02-19 0:16,오목천동 527-5,국민신문고,2023-12-01,,,
2023,수원시,권선구청,2023-02-19 0:16,오목천동 527-5,국민신문고,2023-12-01,,,
2023,수원시,권선구청,2023-02-19 9:02,곡반정동 궁촌육교앞,고정형,2023-12-01,,,
2023,수원시,팔달구청,2023-02-19 9:02,매산동 팅스몰 주차장 출구 옆,고정형,2023-12-01,,,
2023,수원시,권선구청,2023-02-19 9:02,곡반정동 하나로마트한국빌딩앞,고정형,2023-12-01,,,
2023,수원시,권선구청,2023-02-19 9:02,곡반정동 하나로마트한국빌딩앞,고정형,2023-12-01,,,
2023,수원시,팔달구청,2023-02-19 9:02,매산동 팅스몰 주차장 출구 옆,고정형,2023-12-01,,,
2023,수원시,권선구청,2023-02-19 9:02,곡반정동 궁촌육교앞,고정형,2023-12-01,,,
2023,수원시,권선구청,2023-02-19 9:03,곡반정동 하나로마트한국빌딩앞,고정형,2023-12-01,,,
2023,수원시,권선구청,2023-02-19 9:03,곡반정동 궁촌육교앞,고정형,2023-12-01,,,
2023,수원시,권선구청,2023-02-19 9:03,곡반정동 하나로마트한국빌딩앞,고정형,2023-12-01,,,
2023,수원시,권선구청,2023-02-19 9:04,서둔동 가온팰리스옆2,고정형,2023-12-01,,,
2023,수원시,팔달구청,2023-02-19 9:04,매산동 팔달로 10번길 8,고정형,2023-12-01,,,
2023,수원시,팔달구청,2023-02-19 9:05,화서1동 푸르지오자이 북문 CU 앞 횡단보도,고정형,2023-12-01,,,
2023,수원시,팔달구청,2023-02-19 9:06,매산동 팅스몰 주차장 출구 옆,고정형,2023-12-01,,,
2023,수원시,팔달구청,2023-02-19 9:06,매산동 팔달로 10번길 8,고정형,2023-12-01,,,
2023,수원시,팔달구청,2023-02-19 9:07,매산동 팅스몰 주차장 출구 옆,고정형,2023-12-01,,,
2023,수원시,권선구청,2023-02-19 9:08,곡선동 권선중앙약국 건너편,고정형,2023-12-01,,,
2023,수원시,팔달구청,2023-02-19 9:13,매산동 팅스몰 주차장 출구 옆,고정형,2023-12-01,,,
2023,수원시,권선구청,2023-02-19 9:32,평동 수원역고가밑 (애경뒷길),고정형,2023-12-01,,,
2023,수원시,팔달구청,2023-02-19 9:49,화서1동 수원역푸르지오자이 북문 우측,고정형,2023-12-01,,,
2023,수원시,팔달구청,2023-02-19 9:57,매산동 팅스몰 주차장 출구 옆,고정형,2023-12-01,,,
2023,수원시,영통구청,2023-02-19 10:03,영통동 마사회뒷길,고정형,2023-12-01,,,
2023,수원시,팔달구청,2023-02-19 10:09,화서1동 수원역푸르지오자이 북문 우측,고정형,2023-12-01,,,
2023,수원시,영통구청,2023-02-19 10:27,영통동 마사회뒷길,고정형,2023-12-01,,,
2023,수원시,팔달구청,2023-02-19 10:31,매산동 팅스몰 주차장 출구 옆,고정형,2023-12-01,,,
2023,수원시,영통구청,2023-02-19 10:34,영통동 마사회뒷길,고정형,2023-12-01,,,
2023,수원시,팔달구청,2023-02-19 10:38,매산동 팅스몰 주차장 출구 옆,고정형,2023-12-01,,,
2023,수원시,팔달구청,2023-02-19 10:45,매산동 역전농협,고정형,2023-12-01,,,
2023,수원시,팔달구청,2023-02-19 11:15,행궁동 팔달문 버스정류장,고정형,2023-12-01,,,
2023,수원시,팔달구청,2023-02-19 11:23,매교동 매교동 77-125  교차로모퉁이,국민신문고,2023-12-01,,,
2023,수원시,팔달구청,2023-02-19 11:36,행궁동 팔달문 버스정류장,고정형,2023-12-01,,,
2023,수원시,팔달구청,2023-02-19 12:28,화서1동 수원역푸르지오자이 북문 우측,고정형,2023-12-01,,,
2023,수원시,팔달구청,2023-02-19 13:40,화서1동 수원역푸르지오자이 북문 우측,고정형,2023-12-01,,,
2023,수원시,영통구청,2023-02-19 14:05,영통동 롯데마트 뒤,고정형,2023-12-01,37.27220279535416,127.10856729001851,
2023,수원시,권선구청,2023-02-19 14:12,서둔동 307-3,국민신문고,2023-12-01,,,
2023,수원시,팔달구청,2023-02-19 14:16,화서1동 수원역푸르지오자이 북문 우측,고정형,2023-12-01,,,
2023,수원시,권선구청,2023-02-19 14:22,곡반정동 562-2,국민신문고,2023-12-01,,,
2023,수원시,권선구청,2023-02-19 14:29,오목천동 527-12,국민신문고,2023-12-01,,,
2023,수원시,팔달구청,2023-02-19 14:32,매산동 팅스몰 주차장 출구 옆,고정형,2023-12-01,,,
2023,수원시,권선구청,2023-02-19 14:33,서둔동 수원역한라비발디퍼스트 앞1,고정형,2023-12-01,,,
2023,수원시,권선구청,2023-02-19 14:33,곡반정동 하나로마트한국빌딩앞,고정형,2023-12-01,,,
2023,수원시,권선구청,2023-02-19 14:33,곡반정동 하나로마트한국빌딩앞,고정형,2023-12-01,,,
2023,수원시,팔달구청,2023-02-19 14:34,인계동 드림캐슬주상복합,고정형,2023-12-01,,,
2023,수원시,팔달구청,2023-02-19 14:35,인계동 경인통계청,고정형,2023-12-01,,,
2023,수원시,팔달구청,2023-02-19 14:37,매산동 팅스몰 주차장 출구 옆,고정형,2023-12-01,,,
2023,수원시,권선구청,2023-02-19 14:42,서둔동 가온팰리스옆1,고정형,2023-12-01,,,
2023,수원시,팔달구청,2023-02-19 14:45,인계동 드림캐슬주상복합,고정형,2023-12-01,,,
2023,수원시,팔달구청,2023-02-19 14:46,행궁동 화홍사랑채,고정형,2023-12-01,,,
2023,수원시,권선구청,2023-02-19 14:47,서둔동 수원역한라비발디퍼스트 앞2,고정형,2023-12-01,,,
2023,수원시,권선구청,2023-02-19 14:54,오목천동 527-5,국민신문고,2023-12-01,,,
2023,수원시,팔달구청,2023-02-19 15:05,인계동 한국씨티은행,고정형,2023-12-01,,,
2023,수원시,권선구청,2023-02-19 15:08,서둔동 가온팰리스옆1,고정형,2023-12-01,,,
2023,수원시,팔달구청,2023-02-19 15:11,인계동 드림캐슬주상복합,고정형,2023-12-01,,,
2023,수원시,영통구청,2023-02-19 15:14,망포동 E-마트 에브리데이 앞,고정형,2023-12-01,37.2361017468141,127.060345496536,
2023,수원시,권선구청,2023-02-19 15:15,서둔동 수원역한라비발디퍼스트 앞1,고정형,2023-12-01,,,
2023,수원시,권선구청,2023-02-19 15:15,서둔동 수원역한라비발디퍼스트 앞1,고정형,2023-12-01,,,
2023,수원시,권선구청,2023-02-19 15:17,서둔동 롯데마트 하역장입구,고정형,2023-12-01,,,
2023,수원시,권선구청,2023-02-19 15:17,서둔동 롯데마트 하역장입구,고정형,2023-12-01,,,
2023,수원시,팔달구청,2023-02-19 15:17,매산동 팅스몰 주차장 출구 옆,고정형,2023-12-01,,,
2023,수원시,영통구청,2023-02-19 15:20,이의동 광교호반베르디움 103동 앞,고정형,2023-12-01,,,
2023,수원시,팔달구청,2023-02-19 15:21,매산동 팅스몰 주차장 출구 옆,고정형,2023-12-01,,,
2023,수원시,영통구청,2023-02-19 15:35,영통동 보보스스포츠센터앞,고정형,2023-12-01,,,
2023,수원시,팔달구청,2023-02-19 15:36,매산동 팅스몰 주차장 출구 옆,고정형,2023-12-01,,,
2023,수원시,권선구청,2023-02-19 15:43,서둔동 가온팰리스옆1,고정형,2023-12-01,,,
2023,수원시,영통구청,2023-02-19 15:45,이의동 드림스퀘어Ⅱ 앞,고정형,2023-12-01,,,
2023,수원시,영통구청,2023-02-19 16:00,망포동 E-마트 에브리데이 앞,고정형,2023-12-01,37.2361017468141,127.060345496536,
2023,수원시,팔달구청,2023-02-19 16:02,인계동 한국씨티은행,고정형,2023-12-01,,,
2023,수원시,영통구청,2023-02-19 16:03,영통동 매영로365번길,주행형,2023-12-01,,,
2023,수원시,영통구청,2023-02-19 16:03,영통동 매영로365번길,주행형,2023-12-01,,,
2023,수원시,영통구청,2023-02-19 16:03,영통동 매영로365번길,주행형,2023-12-01,,,
2023,수원시,영통구청,2023-02-19 16:03,영통동 매영로365번길,주행형,2023-12-01,,,
2023,수원시,영통구청,2023-02-19 16:03,영통동 매영로365번길,주행형,2023-12-01,,,
2023,수원시,영통구청,2023-02-19 16:03,영통동 매영로365번길,주행형,2023-12-01,,,
2023,수원시,영통구청,2023-02-19 16:03,영통동 매영로365번길,주행형,2023-12-01,,,
2023,수원시,영통구청,2023-02-19 16:03,영통동 매영로365번길,주행형,2023-12-01,,,
2023,수원시,영통구청,2023-02-19 16:03,영통동 매영로365번길,주행형,2023-12-01,,,
2023,수원시,영통구청,2023-02-19 16:03,영통동 매영로365번길,주행형,2023-12-01,,,
2023,수원시,영통구청,2023-02-19 16:03,영통동 매영로365번길,주행형,2023-12-01,,,
2023,수원시,영통구청,2023-02-19 16:03,영통동 매영로365번길,주행형,2023-12-01,,,
2023,수원시,영통구청,2023-02-19 16:04,영통동 매영로365번길,주행형,2023-12-01,,,
2023,수원시,영통구청,2023-02-19 16:04,영통동 매영로365번길,주행형,2023-12-01,,,
2023,수원시,영통구청,2023-02-19 16:04,영통동 매영로365번길,주행형,2023-12-01,,,
2023,수원시,영통구청,2023-02-19 16:04,영통동 매영로365번길,주행형,2023-12-01,,,
2023,수원시,영통구청,2023-02-19 16:04,영통동 매영로365번길,주행형,2023-12-01,,,
2023,수원시,영통구청,2023-02-19 16:04,영통동 매영로365번길,주행형,2023-12-01,,,
2023,수원시,영통구청,2023-02-19 16:04,영통동 매영로365번길,주행형,2023-12-01,,,
2023,수원시,영통구청,2023-02-19 16:04,영통동 매영로365번길,주행형,2023-12-01,,,
2023,수원시,영통구청,2023-02-19 16:04,영통동 매영로365번길,주행형,2023-12-01,,,
2023,수원시,영통구청,2023-02-19 16:04,영통동 매영로365번길,주행형,2023-12-01,,,
2023,수원시,영통구청,2023-02-19 16:04,영통동 매영로365번길,주행형,2023-12-01,,,
2023,수원시,권선구청,2023-02-19 16:06,오목천동 한화꿈에그린아파트 214동앞,고정형,2023-12-01,,,
2023,수원시,팔달구청,2023-02-19 16:06,매산동 팅스몰 주차장 출구 옆,고정형,2023-12-01,,,
2023,수원시,팔달구청,2023-02-19 16:07,화서1동 수원역푸르지오자이 북문 우측,고정형,2023-12-01,,,
2023,수원시,팔달구청,2023-02-19 16:15,화서1동 수원역푸르지오자이 북문 우측,고정형,2023-12-01,,,
2023,수원시,팔달구청,2023-02-19 16:16,화서동 푸르지오자이 북문 CU 앞 횡단보도,고정형,2023-12-01,,,
2023,수원시,권선구청,2023-02-19 16:19,서둔동 가온팰리스옆2,고정형,2023-12-01,,,
2023,수원시,팔달구청,2023-02-19 16:34,중동 팅스몰 주차장 출구 옆,고정형,2023-12-01,,,
2023,수원시,팔달구청,2023-02-19 16:35,화서1동 수원역푸르지오자이 북문 우측,고정형,2023-12-01,,,
2023,수원시,팔달구청,2023-02-19 16:38,화서1동 수원역푸르지오자이 북문 우측,고정형,2023-12-01,,,
2023,수원시,영통구청,2023-02-19 16:39,영통동 보보스스포츠센터앞,고정형,2023-12-01,,,
2023,수원시,영통구청,2023-02-19 16:44,망포동 힐스테이트 119동 ~방죽공원 삼거리,고정형,2023-12-01,,,
2023,수원시,장안구청,2023-02-19 16:46,상광교동 광교버스정류장종점,고정형,2023-12-01,,,
2023,수원시,팔달구청,2023-02-19 16:55,행궁동 팔달문 버스정류장,고정형,2023-12-01,,,
2023,수원시,영통구청,2023-02-19 17:02,망포동 망포동 그대가센트럴아파트 앞,고정형,2023-12-01,,,
2023,수원시,권선구청,2023-02-19 17:04,곡반정동 하나로마트한국빌딩앞,고정형,2023-12-01,,,
2023,수원시,권선구청,2023-02-19 17:04,곡반정동 하나로마트한국빌딩앞,고정형,2023-12-01,,,
2023,수원시,팔달구청,2023-02-19 17:13,인계동 드림캐슬주상복합,고정형,2023-12-01,,,
2023,수원시,권선구청,2023-02-19 17:14,곡반정동 하나로마트한국빌딩앞,고정형,2023-12-01,,,
2023,수원시,권선구청,2023-02-19 17:16,호매실동 금호프라자 대각 맞은편,고정형,2023-12-01,,,
2023,수원시,팔달구청,2023-02-19 17:28,인계동 팅스몰 주차장 출구 옆,고정형,2023-12-01,,,
2023,수원시,팔달구청,2023-02-19 17:29,매산동 팅스몰 주차장 출구 옆,고정형,2023-12-01,,,
2023,수원시,영통구청,2023-02-19 17:38,영통동 마사회뒷길,고정형,2023-12-01,,,
2023,수원시,팔달구청,2023-02-19 17:40,인계동 한국씨티은행,고정형,2023-12-01,,,
2023,수원시,영통구청,2023-02-19 17:41,이의동 도청예정부지,고정형,2023-12-01,,,
2023,수원시,팔달구청,2023-02-19 17:50,화서1동 푸르지오자이 북문 CU 앞 횡단보도,고정형,2023-12-01,,,
2023,수원시,팔달구청,2023-02-19 17:53,매산동 팅스몰 주차장 출구 옆,고정형,2023-12-01,,,
2023,수원시,팔달구청,2023-02-19 18:03,매산동 팅스몰 주차장 출구 옆,고정형,2023-12-01,,,
2023,수원시,팔달구청,2023-02-19 18:08,화서1동 수원역푸르지오자이 북문 우측,고정형,2023-12-01,,,
2023,수원시,팔달구청,2023-02-19 18:22,매산동 팅스몰 주차장 출구 옆,고정형,2023-12-01,,,
2023,수원시,팔달구청,2023-02-19 19:31,교동 수원향교 앞 팔달보건소 뒤,고정형,2023-12-01,,,
2023,수원시,권선구청,2023-02-19 19:57,곡반정동 562-2,국민신문고,2023-12-01,,,
2023,수원시,권선구청,2023-02-19 19:57,곡반정동 562-2,국민신문고,2023-12-01,,,
2023,수원시,팔달구청,2023-02-19 19:58,매산동 팅스몰 주차장 출구 옆,고정형,2023-12-01,,,
2023,수원시,권선구청,2023-02-19 19:59,곡반정동 562-2,국민신문고,2023-12-01,,,
2023,수원시,팔달구청,2023-02-19 20:23,매산동 팅스몰 주차장 출구 옆,고정형,2023-12-01,,,
2023,수원시,팔달구청,2023-02-19 20:33,인계동 드림캐슬주상복합,고정형,2023-12-01,,,
2023,수원시,팔달구청,2023-02-19 20:35,화서1동 수원역푸르지오자이 북문 우측,고정형,2023-12-01,,,
2023,수원시,팔달구청,2023-02-19 20:36,매산동 팔달로 10번길 8,고정형,2023-12-01,,,
2023,수원시,팔달구청,2023-02-19 20:36,매산동 팅스몰 주차장 출구 옆,고정형,2023-12-01,,,
2023,수원시,팔달구청,2023-02-20 7:33,인계동 드림캐슬주상복합,고정형,2023-12-01,,,
2023,수원시,팔달구청,2023-02-20 7:57,경기도수원시팔달구인계동 수원시 팔달구 인계동 822,보행,2023-12-01,,,
2023,수원시,영통구청,2023-02-20 8:01,경기도수원시영통구매탄동 수원시 영통구 매탄동 363,보행,2023-12-01,,,
2023,수원시,영통구청,2023-02-20 8:01,경기도수원시영통구매탄동 수원시 영통구 매탄동 363,보행,2023-12-01,,,
2023,수원시,권선구청,2023-02-20 8:02,곡반정동 궁촌육교앞,고정형,2023-12-01,,,
2023,수원시,권선구청,2023-02-20 8:04,곡반정동 하나로마트한국빌딩앞,고정형,2023-12-01,,,
2023,수원시,권선구청,2023-02-20 8:04,서둔동 가온팰리스옆2,고정형,2023-12-01,,,
2023,수원시,권선구청,2023-02-20 8:05,서둔동 가온팰리스옆1,고정형,2023-12-01,,,
2023,수원시,권선구청,2023-02-20 8:18,권선2동 곡정초교 정문 좌측 사거리,고정형,2023-12-01,,,
2023,수원시,영통구청,2023-02-20 9:00,망포동 힐스테이트 119동 ~방죽공원 삼거리,고정형,2023-12-01,,,
2023,수원시,권선구청,2023-02-20 9:20,곡선동 휴먼푸드 인근,고정형,2023-12-01,,,
2023,수원시,팔달구청,2023-02-20 9:22,화서1동 푸르지오자이 북문 CU 앞 횡단보도,고정형,2023-12-01,,,
2023,수원시,팔달구청,2023-02-20 9:40,인계동 드림캐슬주상복합,고정형,2023-12-01,,,
2023,수원시,권선구청,2023-02-20 9:44,서둔동 가온팰리스옆2,고정형,2023-12-01,,,
2023,수원시,권선구청,2023-02-20 9:46,입북동 당수초교 정문 우측 사거리,고정형,2023-12-01,,,
2023,수원시,권선구청,2023-02-20 9:49,세류3동 신곡초교 후문 좌측 사거리,고정형,2023-12-01,,,
2023,수원시,팔달구청,2023-02-20 10:15,화서1동 수원역푸르지오자이 북문 우측,고정형,2023-12-01,,,
2023,수원시,영통구청,2023-02-20 10:23,원천동 광교매원초등학교,고정형,2023-12-01,,,
2023,수원시,장안구청,2023-02-20 10:25,정자3동 정자동 오일뱅크,고정형,2023-12-01,,,
2023,수원시,팔달구청,2023-02-20 10:29,경기도수원시팔달구화서동 수원시 팔달구 화서동 184,보행,2023-12-01,,,
2023,수원시,팔달구청,2023-02-20 10:29,경기도수원시팔달구화서동 수원시 팔달구 화서동 184,보행,2023-12-01,,,
2023,수원시,팔달구청,2023-02-20 10:38,인계동 드림캐슬주상복합,고정형,2023-12-01,,,
2023,수원시,팔달구청,2023-02-20 10:38,인계동 드림캐슬주상복합,고정형,2023-12-01,,,
2023,수원시,팔달구청,2023-02-20 10:42,인계동 드림캐슬주상복합,고정형,2023-12-01,,,
2023,수원시,팔달구청,2023-02-20 10:42,인계동 드림캐슬주상복합,고정형,2023-12-01,,,
2023,수원시,팔달구청,2023-02-20 11:05,경기도수원시팔달구지동 수원시 팔달구 인계동 957,보행,2023-12-01,,,
2023,수원시,팔달구청,2023-02-20 11:10,화서1동 수원역푸르지오자이 북문 우측,고정형,2023-12-01,,,
2023,수원시,영통구청,2023-02-20 11:46,원천동 광교매원초등학교,고정형,2023-12-01,,,
2023,수원시,팔달구청,2023-02-20 11:52,교동 수원향교 앞 팔달보건소 뒤,고정형,2023-12-01,,,
2023,수원시,팔달구청,2023-02-20 11:52,교동 수원향교 앞 팔달보건소 뒤,고정형,2023-12-01,,,
2023,수원시,권선구청,2023-02-20 12:53,구운동 구운초교 정문 우측 삼거리,고정형,2023-12-01,,,
2023,수원시,영통구청,2023-02-20 13:16,이의동 광교가재울마을사거리,고정형,2023-12-01,,,
2023,수원시,팔달구청,2023-02-20 13:42,매산동 역전농협,고정형,2023-12-01,,,
2023,수원시,장안구청,2023-02-20 13:51,경기도수원시장안구영화동 수원시 장안구 영화동 381,보행,2023-12-01,,,
2023,수원시,장안구청,2023-02-20 14:09,상광교동 광교버스정류장종점,고정형,2023-12-01,,,
2023,수원시,팔달구청,2023-02-20 14:23,경기도수원시팔달구매향동 수원시 팔달구 매향동 24,보행,2023-12-01,,,
2023,수원시,영통구청,2023-02-20 14:25,영통동 롯데마트 뒤,고정형,2023-12-01,37.27220279535416,127.10856729001851,
2023,수원시,팔달구청,2023-02-20 14:25,매교동 수원시 팔달구 창룡대로 103번길 132,보행,2023-12-01,,,
2023,수원시,팔달구청,2023-02-20 14:25,경기도수원시팔달구매향동 수원시 팔달구 매향동 24,보행,2023-12-01,,,
2023,수원시,팔달구청,2023-02-20 14:26,경기도수원시팔달구매향동 수원시 팔달구 매향동 24,보행,2023-12-01,,,
2023,수원시,권선구청,2023-02-20 14:33,서둔동 가온팰리스옆2,고정형,2023-12-01,,,
2023,수원시,팔달구청,2023-02-20 14:36,인계동 드림캐슬주상복합,고정형,2023-12-01,,,
2023,수원시,팔달구청,2023-02-20 14:36,인계동 드림캐슬주상복합,고정형,2023-12-01,,,
2023,수원시,팔달구청,2023-02-20 14:37,경기도수원시팔달구매교동 수원시 팔달구 매교동 114-9,보행,2023-12-01,,,
2023,수원시,팔달구청,2023-02-20 14:37,경기도수원시팔달구매교동 수원시 팔달구 매교동 114-9,보행,2023-12-01,,,
2023,수원시,팔달구청,2023-02-20 14:38,경기도수원시팔달구매교동 수원시 팔달구 매교동 114-9,보행,2023-12-01,,,
2023,수원시,팔달구청,2023-02-20 14:38,경기도수원시팔달구매교동 수원시 팔달구 매교동 114-9,보행,2023-12-01,,,
2023,수원시,팔달구청,2023-02-20 14:39,매교동 수원시 팔달구 매교동 114-9,보행,2023-12-01,,,
2023,수원시,팔달구청,2023-02-20 14:39,경기도수원시팔달구매교동 수원시 팔달구 매교동 114-9,보행,2023-12-01,,,
2023,수원시,팔달구청,2023-02-20 14:40,경기도수원시팔달구매교동 수원시 팔달구 매교동 114-9,보행,2023-12-01,,,
2023,수원시,팔달구청,2023-02-20 14:41,경기도수원시팔달구매교동 수원시 팔달구 매교동 114-9,보행,2023-12-01,,,
2023,수원시,권선구청,2023-02-20 14:47,평동 고현초교 정문 좌측 삼거리,고정형,2023-12-01,,,
2023,수원시,팔달구청,2023-02-20 14:53,교동 수원향교 앞 팔달보건소 뒤,고정형,2023-12-01,,,
2023,수원시,권선구청,2023-02-20 14:57,금곡동 수원문산고속도로,주행형,2023-12-01,,,
2023,수원시,팔달구청,2023-02-20 15:06,장안동 장안동 화서문로17번길,주행형,2023-12-01,,,
2023,수원시,팔달구청,2023-02-20 15:07,장안동 장안동 화서문로17번길,주행형,2023-12-01,,,
2023,수원시,팔달구청,2023-02-20 15:07,장안동 장안동 화서문로17번길,주행형,2023-12-01,,,
2023,수원시,팔달구청,2023-02-20 15:08,경기도수원시팔달구장안동 수원시 팔달구 화서문로17번길 52,보행,2023-12-01,,,
2023,수원시,팔달구청,2023-02-20 15:13,화서1동 수원역푸르지오자이 북문 우측,고정형,2023-12-01,,,
2023,수원시,영통구청,2023-02-20 15:22,이의동 도청예정부지,고정형,2023-12-01,,,
2023,수원시,권선구청,2023-02-20 15:23,세류3동 신곡초교 후문 좌측 사거리,고정형,2023-12-01,,,
2023,수원시,영통구청,2023-02-20 15:25,이의동 드림스퀘어Ⅱ 앞,고정형,2023-12-01,,,
2023,수원시,팔달구청,2023-02-20 15:39,인계동 드림캐슬주상복합,고정형,2023-12-01,,,
2023,수원시,팔달구청,2023-02-20 15:45,교동 수원시 팔달구 행궁동 11,보행,2023-12-01,,,
2023,수원시,권선구청,2023-02-20 15:55,서둔동 세화로135번길,주행형,2023-12-01,,,
2023,수원시,권선구청,2023-02-20 16:00,호매실동 금호프라자 대각 맞은편,고정형,2023-12-01,,,
2023,수원시,권선구청,2023-02-20 16:04,권선2동 곡정초교 정문 좌측 사거리,고정형,2023-12-01,,,
2023,수원시,영통구청,2023-02-20 16:06,영통동 보보스스포츠센터앞,고정형,2023-12-01,,,
2023,수원시,권선구청,2023-02-20 16:08,평동 오현초교 정문 우측 사거리,고정형,2023-12-01,,,
2023,수원시,영통구청,2023-02-20 16:09,망포동 E-마트 에브리데이 앞,고정형,2023-12-01,37.2361017468141,127.060345496536,
2023,수원시,팔달구청,2023-02-20 16:12,인계동 드림캐슬주상복합,고정형,2023-12-01,,,
2023,수원시,팔달구청,2023-02-20 16:18,인계동 한국씨티은행,고정형,2023-12-01,,,
2023,수원시,팔달구청,2023-02-20 16:38,매산동 팅스몰 주차장 출구 옆,고정형,2023-12-01,,,
2023,수원시,권선구청,2023-02-20 16:42,호매실동 금호프라자 대각 맞은편,고정형,2023-12-01,,,
2023,수원시,팔달구청,2023-02-20 16:54,인계동 드림캐슬주상복합,고정형,2023-12-01,,,
2023,수원시,영통구청,2023-02-20 16:55,이의동 광교가재울마을사거리,고정형,2023-12-01,,,
2023,수원시,팔달구청,2023-02-20 16:57,인계동 드림캐슬주상복합,고정형,2023-12-01,,,
2023,수원시,팔달구청,2023-02-20 17:19,인계동 드림캐슬주상복합,고정형,2023-12-01,,,
2023,수원시,영통구청,2023-02-20 17:23,망포동 힐스테이트 119동 ~방죽공원 삼거리,고정형,2023-12-01,,,
2023,수원시,팔달구청,2023-02-20 17:34,화서1동 수원역푸르지오자이 북문 우측,고정형,2023-12-01,,,
2023,수원시,팔달구청,2023-02-20 18:09,매산동 팔달로 10번길 8,고정형,2023-12-01,,,
2023,수원시,영통구청,2023-02-20 18:09,이의동 광교호반베르디움 103동 앞,고정형,2023-12-01,,,
2023,수원시,팔달구청,2023-02-20 18:14,고등동 수원초등학교 정문 좌측 사거리,고정형,2023-12-01,,,
2023,수원시,팔달구청,2023-02-20 18:14,고등동 수원초등학교 정문 좌측 사거리,고정형,2023-12-01,,,
2023,수원시,영통구청,2023-02-20 18:21,망포동 힐스테이트 119동 ~방죽공원 삼거리,고정형,2023-12-01,,,
2023,수원시,팔달구청,2023-02-20 18:41,인계동 드림캐슬주상복합,고정형,2023-12-01,,,
2023,수원시,팔달구청,2023-02-20 18:48,매산동 팅스몰 주차장 출구 옆,고정형,2023-12-01,,,
2023,수원시,팔달구청,2023-02-20 19:42,매산동 팅스몰 주차장 출구 옆,고정형,2023-12-01,,,
2023,수원시,팔달구청,2023-02-20 19:46,고등동 수원초등학교 정문 좌측 사거리,고정형,2023-12-01,,,
2023,수원시,팔달구청,2023-02-20 20:27,매산동 팅스몰 주차장 출구 옆,고정형,2023-12-01,,,
2023,수원시,팔달구청,2023-02-20 20:27,매향동 매교동 287-480 교차로모퉁이,국민신문고,2023-12-01,,,
2023,수원시,팔달구청,2023-02-20 20:36,매교동 매교동 287-480 횡단보도,국민신문고,2023-12-01,,,
2023,수원시,팔달구청,2023-02-20 20:38,인계동 드림캐슬주상복합,고정형,2023-12-01,,,
2023,수원시,영통구청,2023-02-20 20:45,원천동 광교매원초등학교,고정형,2023-12-01,,,
2023,수원시,팔달구청,2023-02-20 21:10,인계동 드림캐슬주상복합,고정형,2023-12-01,,,
2023,수원시,장안구청,2023-02-21 6:18,조원동 조원동 548-2,국민신문고,2023-12-01,,,
2023,수원시,영통구청,2023-02-21 7:02,망포동 힐스테이트 119동 ~방죽공원 삼거리,고정형,2023-12-01,,,
2023,수원시,팔달구청,2023-02-21 7:32,인계동 드림캐슬주상복합,고정형,2023-12-01,,,
2023,수원시,팔달구청,2023-02-21 7:33,매산동 팔달로 10번길 8,고정형,2023-12-01,,,
2023,수원시,권선구청,2023-02-21 8:02,곡반정동 하나로마트한국빌딩앞,고정형,2023-12-01,,,
2023,수원시,권선구청,2023-02-21 8:02,서둔동 수원역한라비발디퍼스트 앞1,고정형,2023-12-01,,,
2023,수원시,권선구청,2023-02-21 8:09,곡반정동 하나로마트한국빌딩앞,고정형,2023-12-01,,,
2023,수원시,권선구청,2023-02-21 8:09,곡반정동 하나로마트한국빌딩앞,고정형,2023-12-01,,,
2023,수원시,권선구청,2023-02-21 8:09,서둔동 가온팰리스옆2,고정형,2023-12-01,,,
2023,수원시,팔달구청,2023-02-21 8:29,인계동 드림캐슬주상복합,고정형,2023-12-01,,,
2023,수원시,권선구청,2023-02-21 9:24,서둔동 가온팰리스옆2,고정형,2023-12-01,,,
2023,수원시,권선구청,2023-02-21 9:30,곡선동 휴먼푸드 인근,고정형,2023-12-01,,,
2023,수원시,권선구청,2023-02-21 9:35,곡반정동 하나로마트한국빌딩앞,고정형,2023-12-01,,,
2023,수원시,영통구청,2023-02-21 9:44,원천동 광교 한화겔러리아 앞,고정형,2023-12-01,,,
2023,수원시,영통구청,2023-02-21 9:56,영통동 롯데마트 뒤,고정형,2023-12-01,37.27220279535416,127.10856729001851,
2023,수원시,팔달구청,2023-02-21 9:59,고등동 수원초등학교 정문 좌측 사거리,고정형,2023-12-01,,,
2023,수원시,팔달구청,2023-02-21 10:00,인계동 경인통계청,고정형,2023-12-01,,,
2023,수원시,팔달구청,2023-02-21 10:49,인계동 드림캐슬주상복합,고정형,2023-12-01,,,
2023,수원시,영통구청,2023-02-21 11:01,원천동 광교 한화겔러리아 앞,고정형,2023-12-01,,,
2023,수원시,권선구청,2023-02-21 11:37,입북동 당수초교 정문 우측 사거리,고정형,2023-12-01,,,
2023,수원시,영통구청,2023-02-21 12:04,영통동 롯데마트 뒤,고정형,2023-12-01,37.27220279535416,127.10856729001851,
2023,수원시,권선구청,2023-02-21 12:19,구운동 구운초교 정문 우측 삼거리,고정형,2023-12-01,,,
2023,수원시,장안구청,2023-02-21 12:51,상광교동 광교버스정류장종점,고정형,2023-12-01,,,
2023,수원시,영통구청,2023-02-21 12:59,영통동 롯데마트 뒤,고정형,2023-12-01,37.27220279535416,127.10856729001851,
2023,수원시,영통구청,2023-02-21 13:58,영통동 롯데마트 뒤,고정형,2023-12-01,37.27220279535416,127.10856729001851,
2023,수원시,팔달구청,2023-02-21 14:11,화서1동 수원역푸르지오자이 북문 우측,고정형,2023-12-01,,,
2023,수원시,팔달구청,2023-02-21 14:21,남수동 남수동 정조로796번길,주행형,2023-12-01,,,
2023,수원시,팔달구청,2023-02-21 14:21,남수동 남수동 정조로796번길,주행형,2023-12-01,,,
2023,수원시,영통구청,2023-02-21 14:21,경기도수원시영통구원천동 수원시 영통구 원천동 77,보행,2023-12-01,,,
2023,수원시,팔달구청,2023-02-21 14:22,영동 영동 팔달문로9,주행형,2023-12-01,,,
2023,수원시,영통구청,2023-02-21 14:22,경기도수원시영통구원천동 수원시 영통구 원천동 77,보행,2023-12-01,,,
2023,수원시,영통구청,2023-02-21 14:23,경기도수원시영통구원천동 수원시 영통구 원천동 77,보행,2023-12-01,,,
2023,수원시,팔달구청,2023-02-21 14:23,경기도수원시팔달구장안동 수원시 팔달구 장안동 108,보행,2023-12-01,,,
2023,수원시,팔달구청,2023-02-21 14:25,인계동 인계동 매산로169,주행형,2023-12-01,,,
2023,수원시,장안구청,2023-02-21 14:26,상광교동 광교버스정류장종점,고정형,2023-12-01,,,
2023,수원시,팔달구청,2023-02-21 14:28,경기도수원시팔달구장안동 수원시 팔달구 장안동 90,보행,2023-12-01,,,
2023,수원시,팔달구청,2023-02-21 14:28,장안동 수원시 팔달구 장안동 90,보행,2023-12-01,,,
2023,수원시,영통구청,2023-02-21 14:30,원천동 광교 한화겔러리아 앞,고정형,2023-12-01,,,
2023,수원시,권선구청,2023-02-21 14:33,서둔동 가온팰리스옆2,고정형,2023-12-01,,,
2023,수원시,권선구청,2023-02-21 14:33,서둔동 가온팰리스옆2,고정형,2023-12-01,,,
2023,수원시,영통구청,2023-02-21 14:42,광교동 광교 덴티움지식산업센터 앞 사거리,고정형,2023-12-01,,,
2023,수원시,팔달구청,2023-02-21 14:44,인계동 드림캐슬주상복합,고정형,2023-12-01,,,
2023,수원시,팔달구청,2023-02-21 14:46,인계동 한국씨티은행,고정형,2023-12-01,,,
2023,수원시,팔달구청,2023-02-21 14:50,인계동 드림캐슬주상복합,고정형,2023-12-01,,,
2023,수원시,권선구청,2023-02-21 14:53,서둔동 가온팰리스옆2,고정형,2023-12-01,,,
2023,수원시,장안구청,2023-02-21 14:56,정자3동 정자동 오일뱅크,고정형,2023-12-01,,,
2023,수원시,팔달구청,2023-02-21 15:01,경기도수원시팔달구매교동 수원시 팔달구 매교동 113,보행,2023-12-01,,,
2023,수원시,영통구청,2023-02-21 15:09,광교동 광교 덴티움지식산업센터 앞 사거리,고정형,2023-12-01,,,
2023,수원시,영통구청,2023-02-21 15:09,광교동 광교 덴티움지식산업센터 앞 사거리,고정형,2023-12-01,,,
2023,수원시,영통구청,2023-02-21 15:17,망포동 힐스테이트 119동 ~방죽공원 삼거리,고정형,2023-12-01,,,
2023,수원시,영통구청,2023-02-21 15:38,망포동 E-마트 에브리데이 앞,고정형,2023-12-01,37.2361017468141,127.060345496536,
2023,수원시,팔달구청,2023-02-21 15:56,인계동 드림캐슬주상복합,고정형,2023-12-01,,,
2023,수원시,영통구청,2023-02-21 16:03,망포동 E-마트 에브리데이 앞,고정형,2023-12-01,37.2361017468141,127.060345496536,
2023,수원시,팔달구청,2023-02-21 16:07,매산동 팅스몰 주차장 출구 옆,고정형,2023-12-01,,,
2023,수원시,영통구청,2023-02-21 16:22,망포동 E-마트 에브리데이 앞,고정형,2023-12-01,37.2361017468141,127.060345496536,
2023,수원시,팔달구청,2023-02-21 16:37,인계동 드림캐슬주상복합,고정형,2023-12-01,,,
2023,수원시,팔달구청,2023-02-21 16:38,인계동 드림캐슬주상복합,고정형,2023-12-01,,,
2023,수원시,팔달구청,2023-02-21 16:39,고등동 수원초등학교 정문 좌측 사거리,고정형,2023-12-01,,,
2023,수원시,영통구청,2023-02-21 16:47,영통동 보보스스포츠센터앞,고정형,2023-12-01,,,
2023,수원시,팔달구청,2023-02-21 16:49,매산동 팅스몰 주차장 출구 옆,고정형,2023-12-01,,,
2023,수원시,팔달구청,2023-02-21 16:55,인계동 한국씨티은행,고정형,2023-12-01,,,
2023,수원시,팔달구청,2023-02-21 16:57,인계동 드림캐슬주상복합,고정형,2023-12-01,,,
2023,수원시,팔달구청,2023-02-21 17:04,화서1동 푸르지오자이 북문 CU 앞 횡단보도,고정형,2023-12-01,,,
2023,수원시,영통구청,2023-02-21 17:08,망포동 힐스테이트 119동 ~방죽공원 삼거리,고정형,2023-12-01,,,
2023,수원시,권선구청,2023-02-21 17:27,서둔동 가온팰리스옆1,고정형,2023-12-01,,,
2023,수원시,영통구청,2023-02-21 17:30,영통동 롯데마트 뒤,고정형,2023-12-01,37.27220279535416,127.10856729001851,
2023,수원시,팔달구청,2023-02-21 17:34,화서1동 수원역푸르지오자이 북문 우측,고정형,2023-12-01,,,
2023,수원시,영통구청,2023-02-21 17:37,망포동 E-마트 에브리데이 앞,고정형,2023-12-01,37.2361017468141,127.060345496536,
2023,수원시,영통구청,2023-02-21 17:37,망포동 E-마트 에브리데이 앞,고정형,2023-12-01,37.2361017468141,127.060345496536,
2023,수원시,권선구청,2023-02-21 17:43,호매실동 금호프라자 대각 맞은편,고정형,2023-12-01,,,
2023,수원시,권선구청,2023-02-21 17:43,호매실동 금호프라자 대각 맞은편,고정형,2023-12-01,,,
2023,수원시,권선구청,2023-02-21 17:57,오목천동 527-12,국민신문고,2023-12-01,,,
2023,수원시,팔달구청,2023-02-21 18:21,행궁동 팔달문 버스정류장,고정형,2023-12-01,,,
2023,수원시,팔달구청,2023-02-21 18:30,고등동 수원초등학교 정문 좌측 사거리,고정형,2023-12-01,,,
2023,수원시,영통구청,2023-02-21 18:35,영통동 롯데마트 뒤,고정형,2023-12-01,37.27220279535416,127.10856729001851,
2023,수원시,팔달구청,2023-02-21 18:55,화서1동 수원역푸르지오자이 북문 우측,고정형,2023-12-01,,,
2023,수원시,영통구청,2023-02-21 19:07,영통동 마사회뒷길,고정형,2023-12-01,,,
2023,수원시,팔달구청,2023-02-21 19:21,인계동 드림캐슬주상복합,고정형,2023-12-01,,,
2023,수원시,팔달구청,2023-02-21 19:25,인계동 드림캐슬주상복합,고정형,2023-12-01,,,
2023,수원시,팔달구청,2023-02-21 19:41,매향동 수원시 팔달구 남수동 11,보행,2023-12-01,,,
2023,수원시,권선구청,2023-02-21 19:46,서둔동 503-10,국민신문고,2023-12-01,,,
2023,수원시,팔달구청,2023-02-21 19:49,경기도수원시팔달구남수동 수원시 팔달구 지동481-9,보행,2023-12-01,,,
2023,수원시,팔달구청,2023-02-21 19:49,경기도수원시팔달구남수동 수원시 팔달구 지동481-9,보행,2023-12-01,,,
2023,수원시,영통구청,2023-02-21 20:19,이의동 광교호반베르디움 103동 앞,고정형,2023-12-01,,,
2023,수원시,영통구청,2023-02-21 20:28,하동 광교호반마을한양수자인,고정형,2023-12-01,,,
2023,수원시,팔달구청,2023-02-21 20:31,인계동 드림캐슬주상복합,고정형,2023-12-01,,,
2023,수원시,영통구청,2023-02-21 20:32,-1 황곡초등학교앞 사거리,고정형,2023-12-01,,,
2023,수원시,영통구청,2023-02-21 20:33,원천동 광교 한화겔러리아 앞,고정형,2023-12-01,,,
2023,수원시,팔달구청,2023-02-21 21:42,인계동 드림캐슬주상복합,고정형,2023-12-01,,,
2023,수원시,영통구청,2023-02-21 22:10,영통구 망포동 775-8,국민신문고,2023-12-01,,,
2023,수원시,권선구청,2023-02-22 6:02,곡반정동 562-2,국민신문고,2023-12-01,,,
2023,수원시,권선구청,2023-02-22 6:02,곡반정동 562-2,국민신문고,2023-12-01,,,
2023,수원시,권선구청,2023-02-22 6:05,곡반정동 156-7,국민신문고,2023-12-01,,,
2023,수원시,영통구청,2023-02-22 7:04,영통동 마사회뒷길,고정형,2023-12-01,,,
2023,수원시,팔달구청,2023-02-22 7:34,인계동 드림캐슬주상복합,고정형,2023-12-01,,,
2023,수원시,팔달구청,2023-02-22 7:35,인계동 경인통계청,고정형,2023-12-01,,,
2023,수원시,권선구청,2023-02-22 8:04,서둔동 가온팰리스옆2,고정형,2023-12-01,,,
2023,수원시,권선구청,2023-02-22 8:04,서둔동 수원역한라비발디퍼스트 앞1,고정형,2023-12-01,,,
2023,수원시,권선구청,2023-02-22 8:04,곡반정동 하나로마트한국빌딩앞,고정형,2023-12-01,,,
2023,수원시,권선구청,2023-02-22 8:06,권선2동 곡정초교 정문 좌측 사거리,고정형,2023-12-01,,,
2023,수원시,팔달구청,2023-02-22 8:08,인계동 드림캐슬주상복합,고정형,2023-12-01,,,
2023,수원시,영통구청,2023-02-22 8:50,경기도수원시영통구매탄동 수원시 영통구 매탄동 363,보행,2023-12-01,,,
2023,수원시,영통구청,2023-02-22 8:51,경기도수원시영통구매탄동 수원시 영통구 매탄동 363,보행,2023-12-01,,,
2023,수원시,권선구청,2023-02-22 9:24,평동 수원역고가밑 (애경뒷길),고정형,2023-12-01,,,
2023,수원시,팔달구청,2023-02-22 9:42,신풍동 영동 46 (횡단보도),국민신문고,2023-12-01,,,
2023,수원시,영통구청,2023-02-22 9:57,원천동 광교매원초등학교,고정형,2023-12-01,,,
2023,수원시,영통구청,2023-02-22 9:58,원천동 삼성전자중문,고정형,2023-12-01,,,
2023,수원시,영통구청,2023-02-22 10:04,하동 광교호반마을한양수자인,고정형,2023-12-01,,,
2023,수원시,팔달구청,2023-02-22 10:05,행궁동 팔달문 버스정류장,고정형,2023-12-01,,,
2023,수원시,팔달구청,2023-02-22 10:07,교동 수원향교 앞 팔달보건소 뒤,고정형,2023-12-01,,,
2023,수원시,팔달구청,2023-02-22 10:10,인계동 드림캐슬주상복합,고정형,2023-12-01,,,
2023,수원시,권선구청,2023-02-22 10:23,곡반정동 하나로마트한국빌딩앞,고정형,2023-12-01,,,
2023,수원시,영통구청,2023-02-22 10:36,경기도수원시영통구원천동 수원시 영통구 원천동 77,보행,2023-12-01,,,
2023,수원시,권선구청,2023-02-22 10:42,구운동 구운초교 정문 우측 삼거리,고정형,2023-12-01,,,
2023,수원시,권선구청,2023-02-22 10:43,권선동 권선동 한라비발디앞 놀이터,고정형,2023-12-01,,,
2023,수원시,팔달구청,2023-02-22 10:54,경기도수원시팔달구매교동 수원시 팔달구 매교동 164,보행,2023-12-01,,,
2023,수원시,영통구청,2023-02-22 10:57,영통동 롯데마트 뒤,고정형,2023-12-01,37.27220279535416,127.10856729001851,
2023,수원시,영통구청,2023-02-22 11:02,영통동 롯데마트 뒤,고정형,2023-12-01,37.27220279535416,127.10856729001851,
2023,수원시,영통구청,2023-02-22 11:02,영통동 롯데마트 뒤,고정형,2023-12-01,37.27220279535416,127.10856729001851,
2023,수원시,권선구청,2023-02-22 11:41,권선2동 곡정초교 정문 좌측 사거리,고정형,2023-12-01,,,
2023,수원시,영통구청,2023-02-22 12:05,망포동 힐스테이트 119동 ~방죽공원 삼거리,고정형,2023-12-01,,,
2023,수원시,팔달구청,2023-02-22 12:55,매산동 역전농협,고정형,2023-12-01,,,
2023,수원시,팔달구청,2023-02-22 14:32,매산동 팔달로 10번길 8,고정형,2023-12-01,,,
2023,수원시,권선구청,2023-02-22 14:34,서둔동 가온팰리스옆2,고정형,2023-12-01,,,
2023,수원시,팔달구청,2023-02-22 14:37,매산동 팅스몰 주차장 출구 옆,고정형,2023-12-01,,,
2023,수원시,팔달구청,2023-02-22 14:38,인계동 드림캐슬주상복합,고정형,2023-12-01,,,
2023,수원시,권선구청,2023-02-22 14:45,고색동 도이치 고객주차장 출입구,고정형,2023-12-01,,,
2023,수원시,팔달구청,2023-02-22 14:47,인계동 드림캐슬주상복합,고정형,2023-12-01,,,
2023,수원시,팔달구청,2023-02-22 14:47,장안동 수원시 팔달구 화서문로17번길 56,보행,2023-12-01,,,
2023,수원시,팔달구청,2023-02-22 14:48,경기도수원시팔달구장안동 수원시 팔달구 화서문로 17번길 58,보행,2023-12-01,,,
2023,수원시,팔달구청,2023-02-22 14:48,경기도수원시팔달구장안동 수원시 팔달구 화서문로 17번길 58,보행,2023-12-01,,,
2023,수원시,권선구청,2023-02-22 14:51,서둔동 가온팰리스옆2,고정형,2023-12-01,,,
2023,수원시,권선구청,2023-02-22 14:51,서둔동 가온팰리스옆2,고정형,2023-12-01,,,
2023,수원시,팔달구청,2023-02-22 15:01,인계동 드림캐슬주상복합,고정형,2023-12-01,,,
2023,수원시,팔달구청,2023-02-22 15:03,매산동 팔달로 10번길 8,고정형,2023-12-01,,,
2023,수원시,권선구청,2023-02-22 15:08,서둔동 가온팰리스옆2,고정형,2023-12-01,,,
2023,수원시,팔달구청,2023-02-22 15:16,고등동 수원시 팔달구 고등동 156,보행,2023-12-01,,,
2023,수원시,권선구청,2023-02-22 15:18,세류3동 신곡초교 후문 좌측 사거리,고정형,2023-12-01,,,
2023,수원시,권선구청,2023-02-22 15:19,서둔동 가온팰리스옆2,고정형,2023-12-01,,,
2023,수원시,권선구청,2023-02-22 15:19,서둔동 가온팰리스옆2,고정형,2023-12-01,,,
2023,수원시,팔달구청,2023-02-22 15:21,인계동 드림캐슬주상복합,고정형,2023-12-01,,,
2023,수원시,권선구청,2023-02-22 15:22,금곡동 수원문산고속도로,주행형,2023-12-01,,,
2023,수원시,권선구청,2023-02-22 15:22,금곡동 수원문산고속도로,주행형,2023-12-01,,,
2023,수원시,팔달구청,2023-02-22 15:57,고등동 수원초등학교 정문 좌측 사거리,고정형,2023-12-01,,,
2023,수원시,팔달구청,2023-02-22 15:57,고등동 수원초등학교 정문 좌측 사거리,고정형,2023-12-01,,,
2023,수원시,팔달구청,2023-02-22 16:02,매산동 팅스몰 주차장 출구 옆,고정형,2023-12-01,,,
2023,수원시,팔달구청,2023-02-22 16:02,매산동 팅스몰 주차장 출구 옆,고정형,2023-12-01,,,
2023,수원시,권선구청,2023-02-22 16:05,곡반정동 하나로마트한국빌딩앞,고정형,2023-12-01,,,
2023,수원시,영통구청,2023-02-22 16:09,이의동 드림스퀘어Ⅱ 앞,고정형,2023-12-01,,,
2023,수원시,영통구청,2023-02-22 16:09,이의동 드림스퀘어Ⅱ 앞,고정형,2023-12-01,,,
2023,수원시,팔달구청,2023-02-22 16:11,매산동 팔달로 10번길 8,고정형,2023-12-01,,,
2023,수원시,장안구청,2023-02-22 16:35,정자3동 정자동 오일뱅크,고정형,2023-12-01,,,
2023,수원시,장안구청,2023-02-22 16:40,상광교동 광교버스정류장종점,고정형,2023-12-01,,,
2023,수원시,영통구청,2023-02-22 16:42,망포동 E-마트 에브리데이 앞,고정형,2023-12-01,37.2361017468141,127.060345496536,
2023,수원시,팔달구청,2023-02-22 17:08,인계동 드림캐슬주상복합,고정형,2023-12-01,,,
2023,수원시,권선구청,2023-02-22 17:10,평동 오목초교 정문 우측 삼거리,고정형,2023-12-01,,,
2023,수원시,권선구청,2023-02-22 17:16,서둔동 수원역한라비발디퍼스트 앞1,고정형,2023-12-01,,,
2023,수원시,권선구청,2023-02-22 17:17,서둔동 수원역한라비발디퍼스트 앞2,고정형,2023-12-01,,,
2023,수원시,권선구청,2023-02-22 17:17,서둔동 수원역한라비발디퍼스트 앞2,고정형,2023-12-01,,,
2023,수원시,팔달구청,2023-02-22 17:17,인계동 경인통계청,고정형,2023-12-01,,,
2023,수원시,팔달구청,2023-02-22 17:17,인계동 경인통계청,고정형,2023-12-01,,,
2023,수원시,권선구청,2023-02-22 17:22,구운동 구운동 명품닭갈비,고정형,2023-12-01,,,
2023,수원시,팔달구청,2023-02-22 17:32,고등동 수원초등학교 정문 좌측 사거리,고정형,2023-12-01,,,
2023,수원시,팔달구청,2023-02-22 18:03,인계동 드림캐슬주상복합,고정형,2023-12-01,,,
2023,수원시,팔달구청,2023-02-22 18:05,화서1동 수원역푸르지오자이 북문 우측,고정형,2023-12-01,,,
2023,수원시,팔달구청,2023-02-22 18:10,행궁동 팔달문 버스정류장,고정형,2023-12-01,,,
2023,수원시,영통구청,2023-02-22 18:10,이의동 광교가재울마을사거리,고정형,2023-12-01,,,
2023,수원시,영통구청,2023-02-22 18:43,망포동 E-마트 에브리데이 앞,고정형,2023-12-01,37.2361017468141,127.060345496536,
2023,수원시,팔달구청,2023-02-22 18:53,경기도수원시팔달구고등동 수원시 팔달구 팔달로 120번길,보행,2023-12-01,,,
2023,수원시,팔달구청,2023-02-22 18:59,인계동 드림캐슬주상복합,고정형,2023-12-01,,,
2023,수원시,팔달구청,2023-02-22 19:15,고등동 수원초등학교 정문 좌측 사거리,고정형,2023-12-01,,,
2023,수원시,팔달구청,2023-02-22 19:25,인계동 드림캐슬주상복합,고정형,2023-12-01,,,
2023,수원시,팔달구청,2023-02-22 20:12,인계동 드림캐슬주상복합,고정형,2023-12-01,,,
2023,수원시,팔달구청,2023-02-22 20:57,인계동 드림캐슬주상복합,고정형,2023-12-01,,,
2023,수원시,팔달구청,2023-02-23 7:32,인계동 경인통계청,고정형,2023-12-01,,,
2023,수원시,팔달구청,2023-02-23 7:34,인계동 경인통계청,고정형,2023-12-01,,,
2023,수원시,팔달구청,2023-02-23 7:35,인계동 드림캐슬주상복합,고정형,2023-12-01,,,
2023,수원시,팔달구청,2023-02-23 7:35,인계동 경인통계청,고정형,2023-12-01,,,
2023,수원시,팔달구청,2023-02-23 7:35,매산동 팔달로 10번길 8,고정형,2023-12-01,,,
2023,수원시,영통구청,2023-02-23 8:00,경기도수원시영통구매탄동 수원시 영통구 매탄동 372,보행,2023-12-01,,,
2023,수원시,권선구청,2023-02-23 8:04,곡반정동 하나로마트한국빌딩앞,고정형,2023-12-01,,,
2023,수원시,권선구청,2023-02-23 8:06,서둔동 가온팰리스옆2,고정형,2023-12-01,,,
2023,수원시,권선구청,2023-02-23 8:06,서둔동 가온팰리스옆2,고정형,2023-12-01,,,
2023,수원시,권선구청,2023-02-23 8:06,세류3동 신곡초교 후문 좌측 사거리,고정형,2023-12-01,,,
2023,수원시,팔달구청,2023-02-23 8:12,인계동 경인통계청,고정형,2023-12-01,,,
2023,수원시,권선구청,2023-02-23 8:20,서둔동 수원역한라비발디퍼스트 앞1,고정형,2023-12-01,,,
2023,수원시,권선구청,2023-02-23 8:20,서둔동 수원역한라비발디퍼스트 앞1,고정형,2023-12-01,,,
2023,수원시,영통구청,2023-02-23 8:22,원천동 광교매원초등학교,고정형,2023-12-01,,,
2023,수원시,권선구청,2023-02-23 8:49,서둔동 가온팰리스옆2,고정형,2023-12-01,,,
2023,수원시,권선구청,2023-02-23 8:57,경기도수원시권선구서둔동 수원시 권선구 서둔동 13,보행,2023-12-01,,,
2023,수원시,권선구청,2023-02-23 9:01,경기도수원시권선구서둔동 수원시 권선구 서둔동 13,보행,2023-12-01,,,
2023,수원시,권선구청,2023-02-23 9:02,경기도수원시권선구서둔동 수원시 권선구 서둔동 13,보행,2023-12-01,,,
2023,수원시,권선구청,2023-02-23 9:04,경기도수원시권선구서둔동 수원시 권선구 서둔동 13,보행,2023-12-01,,,
2023,수원시,팔달구청,2023-02-23 9:05,인계동 드림캐슬주상복합,고정형,2023-12-01,,,
2023,수원시,팔달구청,2023-02-23 9:17,교동 수원향교 앞 팔달보건소 뒤,고정형,2023-12-01,,,
2023,수원시,팔달구청,2023-02-23 9:42,화서1동 수원역푸르지오자이 북문 우측,고정형,2023-12-01,,,
2023,수원시,권선구청,2023-02-23 9:55,경기도수원시권선구권선동 수원시 권선구 권선동 214,보행,2023-12-01,,,
2023,수원시,영통구청,2023-02-23 10:00,망포동 힐스테이트 119동 ~방죽공원 삼거리,고정형,2023-12-01,,,
2023,수원시,팔달구청,2023-02-23 10:10,인계동 드림캐슬주상복합,고정형,2023-12-01,,,
2023,수원시,영통구청,2023-02-23 10:21,이의동 창룡대로298번길,주행형,2023-12-01,,,
2023,수원시,권선구청,2023-02-23 10:28,곡선동 휴먼푸드 인근,고정형,2023-12-01,,,
2023,수원시,권선구청,2023-02-23 10:28,곡선동 휴먼푸드 인근,고정형,2023-12-01,,,
2023,수원시,권선구청,2023-02-23 10:32,호매실동 금호프라자 대각 맞은편,고정형,2023-12-01,,,
2023,수원시,권선구청,2023-02-23 10:34,평동 고현초교 정문 좌측 삼거리,고정형,2023-12-01,,,
2023,수원시,영통구청,2023-02-23 10:35,망포동 힐스테이트 119동 ~방죽공원 삼거리,고정형,2023-12-01,,,
2023,수원시,영통구청,2023-02-23 10:39,경기도수원시영통구망포동 수원시 영통구 망포동 433,보행,2023-12-01,,,
2023,수원시,영통구청,2023-02-23 10:40,경기도수원시영통구망포동 수원시 영통구 망포동 433,보행,2023-12-01,,,
2023,수원시,영통구청,2023-02-23 10:41,원천동 광교 한화겔러리아 앞,고정형,2023-12-01,,,
2023,수원시,영통구청,2023-02-23 10:41,경기도수원시영통구망포동 수원시 영통구 망포동 433,보행,2023-12-01,,,
2023,수원시,영통구청,2023-02-23 10:41,경기도수원시영통구망포동 수원시 영통구 망포동 433,보행,2023-12-01,,,
2023,수원시,팔달구청,2023-02-23 11:14,경기도수원시팔달구인계동 수원시 팔달구 호원로 219번길 48,보행,2023-12-01,,,
2023,수원시,권선구청,2023-02-23 12:34,곡선동 휴먼푸드 인근,고정형,2023-12-01,,,
2023,수원시,영통구청,2023-02-23 13:16,망포동 힐스테이트 119동 ~방죽공원 삼거리,고정형,2023-12-01,,,
2023,수원시,영통구청,2023-02-23 13:39,망포동 힐스테이트 119동 ~방죽공원 삼거리,고정형,2023-12-01,,,
2023,수원시,팔달구청,2023-02-23 13:48,교동 수원향교 앞 팔달보건소 뒤,고정형,2023-12-01,,,
2023,수원시,팔달구청,2023-02-23 13:54,화서1동 수원역푸르지오자이 북문 우측,고정형,2023-12-01,,,
2023,수원시,영통구청,2023-02-23 14:15,경기도수원시영통구원천동 수원시 영통구 원천동 18,보행,2023-12-01,,,
2023,수원시,영통구청,2023-02-23 14:15,경기도수원시영통구원천동 수원시 영통구 원천동 18,보행,2023-12-01,,,
2023,수원시,팔달구청,2023-02-23 14:21,고등동 수원초등학교 정문 좌측 사거리,고정형,2023-12-01,,,
2023,수원시,팔달구청,2023-02-23 14:25,경기도수원시팔달구매산로1가 수원시 팔달구 덕영대로 895번길 23,보행,2023-12-01,,,
2023,수원시,영통구청,2023-02-23 14:27,망포동 E-마트 에브리데이 앞,고정형,2023-12-01,37.2361017468141,127.060345496536,
2023,수원시,장안구청,2023-02-23 14:31,정자3동 정자동 오일뱅크,고정형,2023-12-01,,,
2023,수원시,팔달구청,2023-02-23 14:43,인계동 드림캐슬주상복합,고정형,2023-12-01,,,
2023,수원시,팔달구청,2023-02-23 14:44,인계동 드림캐슬주상복합,고정형,2023-12-01,,,
2023,수원시,팔달구청,2023-02-23 14:46,인계동 한국씨티은행,고정형,2023-12-01,,,
2023,수원시,권선구청,2023-02-23 14:49,곡선동 권선중앙약국 건너편,고정형,2023-12-01,,,
2023,수원시,팔달구청,2023-02-23 14:56,화서1동 수원역푸르지오자이 북문 우측,고정형,2023-12-01,,,
2023,수원시,영통구청,2023-02-23 14:58,망포동 힐스테이트 119동 ~방죽공원 삼거리,고정형,2023-12-01,,,
2023,수원시,팔달구청,2023-02-23 15:08,인계동 경인통계청,고정형,2023-12-01,,,
2023,수원시,권선구청,2023-02-23 15:08,곡반정동 궁촌육교앞,고정형,2023-12-01,,,
2023,수원시,팔달구청,2023-02-23 15:15,인계동 드림캐슬주상복합,고정형,2023-12-01,,,
2023,수원시,팔달구청,2023-02-23 15:21,인계동 드림캐슬주상복합,고정형,2023-12-01,,,
2023,수원시,팔달구청,2023-02-23 15:25,인계동 경인통계청,고정형,2023-12-01,,,
2023,수원시,팔달구청,2023-02-23 15:31,매산로2가 매산로2가 66-26 (교차로모퉁이),국민신문고,2023-12-01,,,
2023,수원시,팔달구청,2023-02-23 15:31,매산로2가 매산로2가 66-26 (교차로모퉁이),국민신문고,2023-12-01,,,
2023,수원시,권선구청,2023-02-23 15:41,매교동 청원한의원 앞,고정형,2023-12-01,,,
2023,수원시,영통구청,2023-02-23 15:48,망포동 힐스테이트 119동 ~방죽공원 삼거리,고정형,2023-12-01,,,
2023,수원시,권선구청,2023-02-23 15:50,구운동 구운초교 정문 우측 삼거리,고정형,2023-12-01,,,
2023,수원시,영통구청,2023-02-23 15:53,망포동 E-마트 에브리데이 앞,고정형,2023-12-01,37.2361017468141,127.060345496536,
2023,수원시,팔달구청,2023-02-23 16:01,행궁동 팔달문 버스정류장,고정형,2023-12-01,,,
2023,수원시,팔달구청,2023-02-23 16:13,인계동 드림캐슬주상복합,고정형,2023-12-01,,,
2023,수원시,영통구청,2023-02-23 16:16,원천동 삼성전자중문,고정형,2023-12-01,,,
2023,수원시,팔달구청,2023-02-23 16:35,인계동 경인통계청,고정형,2023-12-01,,,
2023,수원시,팔달구청,2023-02-23 16:35,인계동 경인통계청,고정형,2023-12-01,,,
2023,수원시,팔달구청,2023-02-23 16:44,매산동 덕영대로 895번길 9-8,고정형,2023-12-01,,,
2023,수원시,권선구청,2023-02-23 16:58,평동 오목초교 정문 우측 삼거리,고정형,2023-12-01,,,
2023,수원시,권선구청,2023-02-23 17:04,평동 오목초교 정문 우측 삼거리,고정형,2023-12-01,,,
2023,수원시,권선구청,2023-02-23 17:06,평동 고현초교 정문 좌측 삼거리,고정형,2023-12-01,,,
2023,수원시,팔달구청,2023-02-23 17:08,인계동 드림캐슬주상복합,고정형,2023-12-01,,,
2023,수원시,권선구청,2023-02-23 17:10,세류3동 신곡초교 후문 좌측 사거리,고정형,2023-12-01,,,
2023,수원시,팔달구청,2023-02-23 17:18,인계동 수원역푸르지오자이 북문 우측,고정형,2023-12-01,,,
2023,수원시,권선구청,2023-02-23 17:22,세류3동 신곡초교 후문 좌측 사거리,고정형,2023-12-01,,,
2023,수원시,권선구청,2023-02-23 17:22,세류3동 신곡초교 후문 좌측 사거리,고정형,2023-12-01,,,
2023,수원시,영통구청,2023-02-23 17:26,원천동 광교아이파크올웨이즈앞,고정형,2023-12-01,,,
2023,수원시,권선구청,2023-02-23 17:29,평동 오목초교 정문 우측 삼거리,고정형,2023-12-01,,,
2023,수원시,권선구청,2023-02-23 17:33,곡반정동 하나로마트한국빌딩앞,고정형,2023-12-01,,,
2023,수원시,권선구청,2023-02-23 17:33,곡반정동 하나로마트한국빌딩앞,고정형,2023-12-01,,,
2023,수원시,영통구청,2023-02-23 17:35,영통동 마사회뒷길,고정형,2023-12-01,,,
2023,수원시,권선구청,2023-02-23 17:43,곡반정동 하나로마트한국빌딩앞,고정형,2023-12-01,,,
2023,수원시,영통구청,2023-02-23 18:02,망포동 E-마트 에브리데이 앞,고정형,2023-12-01,37.2361017468141,127.060345496536,
2023,수원시,팔달구청,2023-02-23 18:09,행궁동 팔달문 버스정류장,고정형,2023-12-01,,,
2023,수원시,영통구청,2023-02-23 18:24,망포동 E-마트 에브리데이 앞,고정형,2023-12-01,37.2361017468141,127.060345496536,
2023,수원시,팔달구청,2023-02-23 18:52,매산동 팅스몰 주차장 출구 옆,고정형,2023-12-01,,,
2023,수원시,팔달구청,2023-02-23 20:01,인계동 드림캐슬주상복합,고정형,2023-12-01,,,
2023,수원시,팔달구청,2023-02-23 20:01,인계동 드림캐슬주상복합,고정형,2023-12-01,,,
2023,수원시,팔달구청,2023-02-23 20:03,매산동 팅스몰 주차장 출구 옆,고정형,2023-12-01,,,
2023,수원시,팔달구청,2023-02-23 20:12,매교동 매교동 114-89 (횡단보도),국민신문고,2023-12-01,,,
2023,수원시,팔달구청,2023-02-23 20:23,인계동 드림캐슬주상복합,고정형,2023-12-01,,,
2023,수원시,권선구청,2023-02-23 20:29,오목천동 527-5,국민신문고,2023-12-01,,,
2023,수원시,영통구청,2023-02-23 20:32,영통동 롯데마트 뒤,고정형,2023-12-01,37.27220279535416,127.10856729001851,
2023,수원시,팔달구청,2023-02-23 20:41,인계동 드림캐슬주상복합,고정형,2023-12-01,,,
2023,수원시,팔달구청,2023-02-23 20:43,매산동 팅스몰 주차장 출구 옆,고정형,2023-12-01,,,
2023,수원시,권선구청,2023-02-23 21:23,곡반정동 562-2,국민신문고,2023-12-01,,,
2023,수원시,권선구청,2023-02-23 23:44,곡반정동 562-2,국민신문고,2023-12-01,,,
2023,수원시,권선구청,2023-02-23 23:46,곡반정동 562-2,국민신문고,2023-12-01,,,
2023,수원시,권선구청,2023-02-23 23:46,곡반정동 562-2,국민신문고,2023-12-01,,,
2023,수원시,권선구청,2023-02-23 23:48,곡반정동 562-2,국민신문고,2023-12-01,,,
2023,수원시,권선구청,2023-02-23 23:52,곡반정동 562-2,국민신문고,2023-12-01,,,
2023,수원시,권선구청,2023-02-24 3:34,곡반정동 562-2,국민신문고,2023-12-01,,,
2023,수원시,권선구청,2023-02-24 3:34,곡반정동 562-2,국민신문고,2023-12-01,,,
2023,수원시,영통구청,2023-02-24 7:10,영통동 롯데마트 뒤,고정형,2023-12-01,37.27220279535416,127.10856729001851,
2023,수원시,영통구청,2023-02-24 7:11,망포동 힐스테이트 119동 ~방죽공원 삼거리,고정형,2023-12-01,,,
2023,수원시,권선구청,2023-02-24 7:16,서둔동 225-31,국민신문고,2023-12-01,,,
2023,수원시,팔달구청,2023-02-24 7:34,인계동 경인통계청,고정형,2023-12-01,,,
2023,수원시,팔달구청,2023-02-24 7:34,인계동 드림캐슬주상복합,고정형,2023-12-01,,,
2023,수원시,팔달구청,2023-02-24 7:37,인계동 경인통계청,고정형,2023-12-01,,,
2023,수원시,팔달구청,2023-02-24 8:00,매산동 덕영대로 895번길 9-8,고정형,2023-12-01,,,
2023,수원시,팔달구청,2023-02-24 8:10,인계동 드림캐슬주상복합,고정형,2023-12-01,,,
2023,수원시,권선구청,2023-02-24 8:17,서둔동 가온팰리스옆1,고정형,2023-12-01,,,
2023,수원시,영통구청,2023-02-24 8:18,경기도수원시영통구매탄동 수원시 영통구 매탄동 491,보행,2023-12-01,,,
2023,수원시,영통구청,2023-02-24 8:18,경기도수원시영통구매탄동 수원시 영통구 매탄동 491,보행,2023-12-01,,,
2023,수원시,팔달구청,2023-02-24 8:34,인계동 드림캐슬주상복합,고정형,2023-12-01,,,
2023,수원시,팔달구청,2023-02-24 8:34,화서1동 화서초등학교 둘레길 중간지점,고정형,2023-12-01,,,
2023,수원시,영통구청,2023-02-24 9:10,이의동 광교호반베르디움 103동 앞,고정형,2023-12-01,,,
2023,수원시,영통구청,2023-02-24 9:46,원천동 광교매원초등학교,고정형,2023-12-01,,,
2023,수원시,영통구청,2023-02-24 9:59,이의동 광교호반베르디움 103동 앞,고정형,2023-12-01,,,
2023,수원시,권선구청,2023-02-24 10:00,평동 고현초교 정문 좌측 삼거리,고정형,2023-12-01,,,
2023,수원시,영통구청,2023-02-24 10:34,망포동 힐스테이트 119동 ~방죽공원 삼거리,고정형,2023-12-01,,,
2023,수원시,권선구청,2023-02-24 10:38,호매실동 금호프라자 대각 맞은편,고정형,2023-12-01,,,
2023,수원시,팔달구청,2023-02-24 10:44,교동 교동 매산로92번길,주행형,2023-12-01,,,
2023,수원시,팔달구청,2023-02-24 10:44,교동 교동 매산로92번길,주행형,2023-12-01,,,
2023,수원시,영통구청,2023-02-24 10:53,원천동 광교 한화겔러리아 앞,고정형,2023-12-01,,,
2023,수원시,영통구청,2023-02-24 10:59,경기도수원시영통구원천동 수원시 영통구 원천동 351,보행,2023-12-01,,,
2023,수원시,팔달구청,2023-02-24 11:05,남수동 남수동 정조로788번길,주행형,2023-12-01,,,
2023,수원시,팔달구청,2023-02-24 11:06,영동 영동 팔달문로9,주행형,2023-12-01,,,
2023,수원시,권선구청,2023-02-24 11:07,경기도수원시권선구탑동 수원시 권선구 탑동 767,보행,2023-12-01,,,
2023,수원시,권선구청,2023-02-24 11:09,경기도수원시권선구탑동 수원시 권선구 탑동 767,보행,2023-12-01,,,
2023,수원시,영통구청,2023-02-24 11:59,이의동 광교가재울마을사거리,고정형,2023-12-01,,,
2023,수원시,영통구청,2023-02-24 12:10,이의동 광교호반베르디움 103동 앞,고정형,2023-12-01,,,
2023,수원시,영통구청,2023-02-24 12:16,광교동 광교 덴티움지식산업센터 앞 사거리,고정형,2023-12-01,,,
2023,수원시,영통구청,2023-02-24 12:17,광교동 광교 덴티움지식산업센터 앞 사거리,고정형,2023-12-01,,,
2023,수원시,장안구청,2023-02-24 13:23,상광교동 광교버스정류장종점,고정형,2023-12-01,,,
2023,수원시,영통구청,2023-02-24 13:28,망포동 힐스테이트 119동 ~방죽공원 삼거리,고정형,2023-12-01,,,
2023,수원시,영통구청,2023-02-24 14:11,광교동 광교 덴티움지식산업센터 앞 사거리,고정형,2023-12-01,,,
2023,수원시,팔달구청,2023-02-24 14:20,북수동 북수동 수원천로 317,주행형,2023-12-01,,,
2023,수원시,팔달구청,2023-02-24 14:21,남수동 남수동 정조로796번길,주행형,2023-12-01,,,
2023,수원시,팔달구청,2023-02-24 14:21,남수동 남수동 정조로796번길,주행형,2023-12-01,,,
2023,수원시,팔달구청,2023-02-24 14:21,남수동 남수동 정조로800번길,주행형,2023-12-01,,,
2023,수원시,팔달구청,2023-02-24 14:22,영동 영동 팔달문로9,주행형,2023-12-01,,,
2023,수원시,팔달구청,2023-02-24 14:22,영동 영동 수원천로275,주행형,2023-12-01,,,
2023,수원시,팔달구청,2023-02-24 14:22,영동 영동 수원천로275,주행형,2023-12-01,,,
2023,수원시,팔달구청,2023-02-24 14:27,인계동 인계동 수원천로229,주행형,2023-12-01,,,
2023,수원시,팔달구청,2023-02-24 14:27,인계동 인계동 수원천로229,주행형,2023-12-01,,,
2023,수원시,팔달구청,2023-02-24 14:27,인계동 인계동 수원천로229,주행형,2023-12-01,,,
2023,수원시,팔달구청,2023-02-24 14:27,인계동 인계동 수원천로229,주행형,2023-12-01,,,
2023,수원시,팔달구청,2023-02-24 14:27,인계동 인계동 수원천로229,주행형,2023-12-01,,,
2023,수원시,팔달구청,2023-02-24 14:27,인계동 인계동 수원천로229,주행형,2023-12-01,,,
2023,수원시,팔달구청,2023-02-24 14:27,인계동 인계동 수원천로229,주행형,2023-12-01,,,
2023,수원시,팔달구청,2023-02-24 14:31,교동 교동 매산로92번길,주행형,2023-12-01,,,
2023,수원시,팔달구청,2023-02-24 14:31,영동 영동 팔달문로 19,주행형,2023-12-01,,,
2023,수원시,팔달구청,2023-02-24 14:33,매교동 매교동 매산로116번길,주행형,2023-12-01,,,
2023,수원시,팔달구청,2023-02-24 14:34,매교동 매교동 매산로116번길,주행형,2023-12-01,,,
2023,수원시,권선구청,2023-02-24 14:35,서둔동 가온팰리스옆2,고정형,2023-12-01,,,
2023,수원시,권선구청,2023-02-24 14:36,서둔동 가온팰리스옆1,고정형,2023-12-01,,,
2023,수원시,권선구청,2023-02-24 14:36,서둔동 가온팰리스옆2,고정형,2023-12-01,,,
2023,수원시,팔달구청,2023-02-24 14:39,매산동 팅스몰 주차장 출구 옆,고정형,2023-12-01,,,
2023,수원시,영통구청,2023-02-24 14:45,이의동 광교가재울마을사거리,고정형,2023-12-01,,,
2023,수원시,영통구청,2023-02-24 14:45,이의동 광교가재울마을사거리,고정형,2023-12-01,,,
2023,수원시,영통구청,2023-02-24 14:50,광교동 광교더사랑교회뒷길,고정형,2023-12-01,,,
2023,수원시,팔달구청,2023-02-24 14:51,인계동 한국씨티은행,고정형,2023-12-01,,,
2023,수원시,팔달구청,2023-02-24 14:51,인계동 한국씨티은행,고정형,2023-12-01,,,
2023,수원시,팔달구청,2023-02-24 14:51,인계동 한국씨티은행,고정형,2023-12-01,,,
2023,수원시,영통구청,2023-02-24 15:01,이의동 광교호반베르디움 103동 앞,고정형,2023-12-01,,,
2023,수원시,권선구청,2023-02-24 15:07,고색동 도이치 고객주차장 출입구,고정형,2023-12-01,,,
2023,수원시,팔달구청,2023-02-24 15:08,화서1동 수원역푸르지오자이 북문 우측,고정형,2023-12-01,,,
2023,수원시,팔달구청,2023-02-24 15:08,화서1동 수원역푸르지오자이 북문 우측,고정형,2023-12-01,,,
2023,수원시,권선구청,2023-02-24 15:12,서둔동 롯데몰9번출구앞주변,고정형,2023-12-01,,,
2023,수원시,영통구청,2023-02-24 15:13,이의동 드림스퀘어Ⅱ 앞,고정형,2023-12-01,,,
2023,수원시,팔달구청,2023-02-24 15:14,북수동 쌈지공원 앞,고정형,2023-12-01,,,
2023,수원시,권선구청,2023-02-24 15:20,서둔동 가온팰리스옆2,고정형,2023-12-01,,,
2023,수원시,권선구청,2023-02-24 15:24,구운동 구운초교 정문 우측 삼거리,고정형,2023-12-01,,,
2023,수원시,팔달구청,2023-02-24 15:32,인계동 드림캐슬주상복합,고정형,2023-12-01,,,
2023,수원시,장안구청,2023-02-24 15:33,정자3동 정자동 오일뱅크,고정형,2023-12-01,,,
2023,수원시,팔달구청,2023-02-24 15:37,인계동 드림캐슬주상복합,고정형,2023-12-01,,,
2023,수원시,영통구청,2023-02-24 15:42,이의동 광교가재울마을사거리,고정형,2023-12-01,,,
2023,수원시,권선구청,2023-02-24 15:46,호매실동 금호프라자 대각 맞은편,고정형,2023-12-01,,,
2023,수원시,팔달구청,2023-02-24 15:48,인계동 드림캐슬주상복합,고정형,2023-12-01,,,
2023,수원시,권선구청,2023-02-24 15:50,서둔동 롯데몰9번출구앞주변,고정형,2023-12-01,,,
2023,수원시,장안구청,2023-02-24 15:58,정자3동 정자동 오일뱅크,고정형,2023-12-01,,,
2023,수원시,권선구청,2023-02-24 15:58,평동 고현초교 정문 좌측 삼거리,고정형,2023-12-01,,,
2023,수원시,영통구청,2023-02-24 16:06,영통동 마사회뒷길,고정형,2023-12-01,,,
2023,수원시,권선구청,2023-02-24 16:08,평동 고현초교 정문 좌측 삼거리,고정형,2023-12-01,,,
2023,수원시,영통구청,2023-02-24 16:33,광교동 광교더사랑교회뒷길,고정형,2023-12-01,,,
2023,수원시,영통구청,2023-02-24 16:43,영통동 보보스스포츠센터앞,고정형,2023-12-01,,,
2023,수원시,권선구청,2023-02-24 17:10,평동 오목초교 정문 우측 삼거리,고정형,2023-12-01,,,
2023,수원시,팔달구청,2023-02-24 17:19,인계동 드림캐슬주상복합,고정형,2023-12-01,,,
2023,수원시,팔달구청,2023-02-24 17:30,화서1동 화서초등학교 둘레길 중간지점,고정형,2023-12-01,,,
2023,수원시,팔달구청,2023-02-24 17:30,화서1동 화서초등학교 둘레길 중간지점,고정형,2023-12-01,,,
2023,수원시,영통구청,2023-02-24 17:34,영통동 보보스스포츠센터앞,고정형,2023-12-01,,,
2023,수원시,팔달구청,2023-02-24 17:35,매산동 팔달로 10번길 8,고정형,2023-12-01,,,
2023,수원시,팔달구청,2023-02-24 17:36,인계동 드림캐슬주상복합,고정형,2023-12-01,,,
2023,수원시,팔달구청,2023-02-24 17:38,인계동 경인통계청,고정형,2023-12-01,,,
2023,수원시,팔달구청,2023-02-24 17:43,인계동 드림캐슬주상복합,고정형,2023-12-01,,,
2023,수원시,팔달구청,2023-02-24 17:43,인계동 드림캐슬주상복합,고정형,2023-12-01,,,
2023,수원시,영통구청,2023-02-24 18:08,망포동 E-마트 에브리데이 앞,고정형,2023-12-01,37.2361017468141,127.060345496536,
2023,수원시,영통구청,2023-02-24 18:19,망포동 E-마트 에브리데이 앞,고정형,2023-12-01,37.2361017468141,127.060345496536,
2023,수원시,팔달구청,2023-02-24 18:22,매산동 팅스몰 주차장 출구 옆,고정형,2023-12-01,,,
2023,수원시,팔달구청,2023-02-24 18:34,인계동 드림캐슬주상복합,고정형,2023-12-01,,,
2023,수원시,영통구청,2023-02-24 18:58,망포동 E-마트 에브리데이 앞,고정형,2023-12-01,37.2361017468141,127.060345496536,
2023,수원시,팔달구청,2023-02-24 19:44,고등동 수원초등학교 정문 좌측 사거리,고정형,2023-12-01,,,
2023,수원시,영통구청,2023-02-24 19:51,망포동 힐스테이트 119동 ~방죽공원 삼거리,고정형,2023-12-01,,,
2023,수원시,팔달구청,2023-02-24 20:48,인계동 드림캐슬주상복합,고정형,2023-12-01,,,
2023,수원시,팔달구청,2023-02-24 20:48,인계동 드림캐슬주상복합,고정형,2023-12-01,,,
2023,수원시,팔달구청,2023-02-24 20:57,인계동 드림캐슬주상복합,고정형,2023-12-01,,,
2023,수원시,팔달구청,2023-02-24 21:09,인계동 드림캐슬주상복합,고정형,2023-12-01,,,
2023,수원시,팔달구청,2023-02-24 21:18,인계동 드림캐슬주상복합,고정형,2023-12-01,,,
2023,수원시,팔달구청,2023-02-24 21:21,인계동 드림캐슬주상복합,고정형,2023-12-01,,,
2023,수원시,권선구청,2023-02-25 3:16,오목천동 527-5,국민신문고,2023-12-01,,,
2023,수원시,권선구청,2023-02-25 9:02,서둔동 가온팰리스옆1,고정형,2023-12-01,,,
2023,수원시,권선구청,2023-02-25 9:02,곡반정동 하나로마트한국빌딩앞,고정형,2023-12-01,,,
2023,수원시,팔달구청,2023-02-25 9:03,인계동 드림캐슬주상복합,고정형,2023-12-01,,,
2023,수원시,권선구청,2023-02-25 9:03,서둔동 가온팰리스옆2,고정형,2023-12-01,,,
2023,수원시,팔달구청,2023-02-25 9:03,매산동 팅스몰 주차장 출구 옆,고정형,2023-12-01,,,
2023,수원시,팔달구청,2023-02-25 9:03,인계동 경인통계청,고정형,2023-12-01,,,
2023,수원시,권선구청,2023-02-25 9:04,곡반정동 하나로마트한국빌딩앞,고정형,2023-12-01,,,
2023,수원시,팔달구청,2023-02-25 9:10,인계동 경인통계청,고정형,2023-12-01,,,
2023,수원시,권선구청,2023-02-25 9:14,서둔동 수원역한라비발디퍼스트 앞2,고정형,2023-12-01,,,
2023,수원시,권선구청,2023-02-25 9:16,고색동 도이치 고객주차장 출입구,고정형,2023-12-01,,,
2023,수원시,영통구청,2023-02-25 9:25,영통동 마사회뒷길,고정형,2023-12-01,,,
2023,수원시,팔달구청,2023-02-25 9:32,매산동 팅스몰 주차장 출구 옆,고정형,2023-12-01,,,
2023,수원시,권선구청,2023-02-25 9:33,오목천동 527-12,국민신문고,2023-12-01,,,
2023,수원시,영통구청,2023-02-25 9:43,망포동 힐스테이트 119동 ~방죽공원 삼거리,고정형,2023-12-01,,,
2023,수원시,팔달구청,2023-02-25 9:51,인계동 경인통계청,고정형,2023-12-01,,,
2023,수원시,팔달구청,2023-02-25 9:52,화서1동 푸르지오자이 북문 CU 앞 횡단보도,고정형,2023-12-01,,,
2023,수원시,팔달구청,2023-02-25 10:02,인계동 드림캐슬주상복합,고정형,2023-12-01,,,
2023,수원시,팔달구청,2023-02-25 10:14,매산동 팅스몰 주차장 출구 옆,고정형,2023-12-01,,,
2023,수원시,권선구청,2023-02-25 10:29,곡반정동 궁촌육교앞,고정형,2023-12-01,,,
2023,수원시,영통구청,2023-02-25 10:30,영통동 롯데마트 뒤,고정형,2023-12-01,37.27220279535416,127.10856729001851,
2023,수원시,팔달구청,2023-02-25 10:36,화서1동 수원역푸르지오자이 북문 우측,고정형,2023-12-01,,,
2023,수원시,팔달구청,2023-02-25 10:36,인계동 한국씨티은행,고정형,2023-12-01,,,
2023,수원시,영통구청,2023-02-25 10:56,망포동 힐스테이트 119동 ~방죽공원 삼거리,고정형,2023-12-01,,,
2023,수원시,영통구청,2023-02-25 11:31,광교동 광교더사랑교회뒷길,고정형,2023-12-01,,,
2023,수원시,영통구청,2023-02-25 11:34,영통동 마사회뒷길,고정형,2023-12-01,,,
2023,수원시,영통구청,2023-02-25 11:34,원천동 광교 한화겔러리아 앞,고정형,2023-12-01,,,
2023,수원시,팔달구청,2023-02-25 11:56,화서1동 수원역푸르지오자이 북문 우측,고정형,2023-12-01,,,
2023,수원시,팔달구청,2023-02-25 11:57,화서1동 수원역푸르지오자이 북문 우측,고정형,2023-12-01,,,
2023,수원시,영통구청,2023-02-25 11:57,경기도수원시영통구매탄동 수원시 영통구 매탄동 404,보행,2023-12-01,,,
2023,수원시,영통구청,2023-02-25 11:58,경기도수원시영통구매탄동 수원시 영통구 매탄동 404,보행,2023-12-01,,,
2023,수원시,영통구청,2023-02-25 11:59,경기도수원시영통구매탄동 수원시 영통구 매탄동 404,보행,2023-12-01,,,
2023,수원시,영통구청,2023-02-25 11:59,경기도수원시영통구매탄동 수원시 영통구 매탄동 404,보행,2023-12-01,,,
2023,수원시,영통구청,2023-02-25 12:00,경기도수원시영통구매탄동 수원시 영통구 매탄동 404,보행,2023-12-01,,,
2023,수원시,영통구청,2023-02-25 12:04,망포동 힐스테이트 119동 ~방죽공원 삼거리,고정형,2023-12-01,,,
2023,수원시,영통구청,2023-02-25 12:07,하동 광교호반마을한양수자인,고정형,2023-12-01,,,
2023,수원시,영통구청,2023-02-25 12:20,망포동 힐스테이트 119동 ~방죽공원 삼거리,고정형,2023-12-01,,,
2023,수원시,영통구청,2023-02-25 13:01,영통동 마사회뒷길,고정형,2023-12-01,,,
2023,수원시,팔달구청,2023-02-25 13:16,화서1동 수원역푸르지오자이 북문 우측,고정형,2023-12-01,,,
2023,수원시,영통구청,2023-02-25 14:17,광교동 광교더사랑교회뒷길,고정형,2023-12-01,,,
2023,수원시,장안구청,2023-02-25 14:19,율전동 율전동 507,국민신문고,2023-12-01,,,
2023,수원시,팔달구청,2023-02-25 14:32,매산동 팅스몰 주차장 출구 옆,고정형,2023-12-01,,,
2023,수원시,팔달구청,2023-02-25 14:33,매산동 팔달로 10번길 8,고정형,2023-12-01,,,
2023,수원시,권선구청,2023-02-25 14:33,서둔동 가온팰리스옆1,고정형,2023-12-01,,,
2023,수원시,팔달구청,2023-02-25 14:33,인계동 경인통계청,고정형,2023-12-01,,,
2023,수원시,팔달구청,2023-02-25 14:34,매산동 팅스몰 주차장 출구 옆,고정형,2023-12-01,,,
2023,수원시,팔달구청,2023-02-25 14:37,인계동 경인통계청,고정형,2023-12-01,,,
2023,수원시,팔달구청,2023-02-25 14:40,행궁동 화홍사랑채,고정형,2023-12-01,,,
2023,수원시,팔달구청,2023-02-25 14:45,매산동 팅스몰 주차장 출구 옆,고정형,2023-12-01,,,
2023,수원시,팔달구청,2023-02-25 14:46,인계동 경인통계청,고정형,2023-12-01,,,
2023,수원시,팔달구청,2023-02-25 14:55,매산동 팅스몰 주차장 출구 옆,고정형,2023-12-01,,,
2023,수원시,권선구청,2023-02-25 14:55,곡반정동 하나로마트한국빌딩앞,고정형,2023-12-01,,,
2023,수원시,팔달구청,2023-02-25 14:57,매산동 팅스몰 주차장 출구 옆,고정형,2023-12-01,,,
2023,수원시,팔달구청,2023-02-25 14:58,인계동 한국씨티은행,고정형,2023-12-01,,,
2023,수원시,팔달구청,2023-02-25 14:58,매산동 팅스몰 주차장 출구 옆,고정형,2023-12-01,,,
2023,수원시,팔달구청,2023-02-25 15:06,신풍동 신풍동 화서문로32번길,주행형,2023-12-01,,,
2023,수원시,팔달구청,2023-02-25 15:07,매산동 팔달로 10번길 8,고정형,2023-12-01,,,
2023,수원시,권선구청,2023-02-25 15:10,서둔동 가온팰리스옆1,고정형,2023-12-01,,,
2023,수원시,팔달구청,2023-02-25 15:11,인계동 경인통계청,고정형,2023-12-01,,,
2023,수원시,팔달구청,2023-02-25 15:20,화서1동 수원역푸르지오자이 북문 우측,고정형,2023-12-01,,,
2023,수원시,팔달구청,2023-02-25 15:25,화서1동 수원역푸르지오자이 북문 우측,고정형,2023-12-01,,,
2023,수원시,팔달구청,2023-02-25 15:25,매산동 팔달로 10번길 8,고정형,2023-12-01,,,
2023,수원시,영통구청,2023-02-25 15:38,망포동 E-마트 에브리데이 앞,고정형,2023-12-01,37.2361017468141,127.060345496536,
2023,수원시,팔달구청,2023-02-25 15:51,화서1동 수원역푸르지오자이 북문 우측,고정형,2023-12-01,,,
2023,수원시,팔달구청,2023-02-25 16:10,영동 우만동 259 (소화전),국민신문고,2023-12-01,,,
2023,수원시,권선구청,2023-02-25 16:17,곡선동 권선중앙약국 건너편,고정형,2023-12-01,,,
2023,수원시,팔달구청,2023-02-25 16:26,화서1동 푸르지오자이 북문 CU 앞 횡단보도,고정형,2023-12-01,,,
2023,수원시,영통구청,2023-02-25 16:28,망포동 힐스테이트 119동 ~방죽공원 삼거리,고정형,2023-12-01,,,
2023,수원시,권선구청,2023-02-25 16:30,서둔동 수원역한라비발디퍼스트 앞2,고정형,2023-12-01,,,
2023,수원시,영통구청,2023-02-25 16:30,경기도수원시영통구망포동 수원시 영통구 망포동 356,보행,2023-12-01,,,
2023,수원시,팔달구청,2023-02-25 16:46,행궁동 화홍사랑채,고정형,2023-12-01,,,
2023,수원시,권선구청,2023-02-25 16:53,고색동 도이치 고객주차장 출입구,고정형,2023-12-01,,,
2023,수원시,팔달구청,2023-02-25 17:01,화서1동 수원역푸르지오자이 북문 우측,고정형,2023-12-01,,,
2023,수원시,팔달구청,2023-02-25 17:06,매산동 팅스몰 주차장 출구 옆,고정형,2023-12-01,,,
2023,수원시,팔달구청,2023-02-25 17:12,매산동 팅스몰 주차장 출구 옆,고정형,2023-12-01,,,
2023,수원시,영통구청,2023-02-25 17:21,영통동 마사회뒷길,고정형,2023-12-01,,,
2023,수원시,영통구청,2023-02-25 17:22,망포동 국민은행신영통지점(태장동),고정형,2023-12-01,,,
2023,수원시,팔달구청,2023-02-25 17:23,화서1동 수원역푸르지오자이 북문 우측,고정형,2023-12-01,,,
2023,수원시,권선구청,2023-02-25 17:30,서둔동 가온팰리스옆1,고정형,2023-12-01,,,
2023,수원시,영통구청,2023-02-25 17:34,이의동 광교가재울마을사거리,고정형,2023-12-01,,,
2023,수원시,팔달구청,2023-02-25 17:34,인계동 드림캐슬주상복합,고정형,2023-12-01,,,
2023,수원시,팔달구청,2023-02-25 17:34,인계동 드림캐슬주상복합,고정형,2023-12-01,,,
2023,수원시,팔달구청,2023-02-25 17:39,인계동 드림캐슬주상복합,고정형,2023-12-01,,,
2023,수원시,권선구청,2023-02-25 17:45,곡반정동 하나로마트한국빌딩앞,고정형,2023-12-01,,,
2023,수원시,팔달구청,2023-02-25 18:07,인계동 드림캐슬주상복합,고정형,2023-12-01,,,
2023,수원시,팔달구청,2023-02-25 18:08,화서1동 수원역푸르지오자이 북문 우측,고정형,2023-12-01,,,
2023,수원시,팔달구청,2023-02-25 18:16,매산동 팅스몰 주차장 출구 옆,고정형,2023-12-01,,,
2023,수원시,팔달구청,2023-02-25 18:18,인계동 드림캐슬주상복합,고정형,2023-12-01,,,
2023,수원시,팔달구청,2023-02-25 18:25,인계동 드림캐슬주상복합,고정형,2023-12-01,,,
2023,수원시,팔달구청,2023-02-25 18:32,매산동 팅스몰 주차장 출구 옆,고정형,2023-12-01,,,
2023,수원시,팔달구청,2023-02-25 18:33,화서1동 수원역푸르지오자이 북문 우측,고정형,2023-12-01,,,
2023,수원시,팔달구청,2023-02-25 19:00,매산동 팅스몰 주차장 출구 옆,고정형,2023-12-01,,,
2023,수원시,팔달구청,2023-02-25 19:05,매산동 팅스몰 주차장 출구 옆,고정형,2023-12-01,,,
2023,수원시,팔달구청,2023-02-25 19:23,매산동 팅스몰 주차장 출구 옆,고정형,2023-12-01,,,
2023,수원시,팔달구청,2023-02-25 19:30,화서1동 푸르지오자이 북문 CU 앞 횡단보도,고정형,2023-12-01,,,
2023,수원시,팔달구청,2023-02-25 19:36,매산동 팅스몰 주차장 출구 옆,고정형,2023-12-01,,,
2023,수원시,팔달구청,2023-02-25 19:51,인계동 드림캐슬주상복합,고정형,2023-12-01,,,
2023,수원시,팔달구청,2023-02-25 19:56,매산동 역전농협,고정형,2023-12-01,,,
2023,수원시,팔달구청,2023-02-25 20:04,매산동 팅스몰 주차장 출구 옆,고정형,2023-12-01,,,
2023,수원시,팔달구청,2023-02-25 20:04,매산동 팅스몰 주차장 출구 옆,고정형,2023-12-01,,,
2023,수원시,팔달구청,2023-02-25 20:07,매산동 팅스몰 주차장 출구 옆,고정형,2023-12-01,,,
2023,수원시,팔달구청,2023-02-25 20:14,매산동 팅스몰 주차장 출구 옆,고정형,2023-12-01,,,
2023,수원시,팔달구청,2023-02-25 20:17,매산동 팅스몰 주차장 출구 옆,고정형,2023-12-01,,,
2023,수원시,팔달구청,2023-02-25 20:34,매산동 팅스몰 주차장 출구 옆,고정형,2023-12-01,,,
2023,수원시,팔달구청,2023-02-25 20:34,매산동 팅스몰 주차장 출구 옆,고정형,2023-12-01,,,
2023,수원시,권선구청,2023-02-25 22:09,오목천동 527-5,국민신문고,2023-12-01,,,
2023,수원시,팔달구청,2023-02-25 22:43,매교동 매교동 114-11 (횡단보도),국민신문고,2023-12-01,,,
2023,수원시,팔달구청,2023-02-25 22:44,매교동 매교동 114-11 (횡단보도),국민신문고,2023-12-01,,,
2023,수원시,권선구청,2023-02-25 23:09,오목천동 527-21,국민신문고,2023-12-01,,,
2023,수원시,권선구청,2023-02-26 0:19,오목천동 527-5,국민신문고,2023-12-01,,,
2023,수원시,권선구청,2023-02-26 9:02,곡반정동 궁촌육교앞,고정형,2023-12-01,,,
2023,수원시,권선구청,2023-02-26 9:02,서둔동 가온팰리스옆1,고정형,2023-12-01,,,
2023,수원시,팔달구청,2023-02-26 9:03,화서1동 수원역푸르지오자이 북문 우측,고정형,2023-12-01,,,
2023,수원시,권선구청,2023-02-26 9:03,곡반정동 하나로마트한국빌딩앞,고정형,2023-12-01,,,
2023,수원시,팔달구청,2023-02-26 9:03,매산동 팅스몰 주차장 출구 옆,고정형,2023-12-01,,,
2023,수원시,권선구청,2023-02-26 9:03,곡선동 권선중앙약국 건너편,고정형,2023-12-01,,,
2023,수원시,팔달구청,2023-02-26 9:04,매산동 팔달로 10번길 8,고정형,2023-12-01,,,
2023,수원시,권선구청,2023-02-26 9:04,곡반정동 하나로마트한국빌딩앞,고정형,2023-12-01,,,
2023,수원시,권선구청,2023-02-26 9:05,오목천동 한화꿈에그린아파트 209동앞,고정형,2023-12-01,,,
2023,수원시,팔달구청,2023-02-26 9:07,매산동 팅스몰 주차장 출구 옆,고정형,2023-12-01,,,
2023,수원시,팔달구청,2023-02-26 9:08,매산동 팅스몰 주차장 출구 옆,고정형,2023-12-01,,,
2023,수원시,권선구청,2023-02-26 9:08,서둔동 225-29,국민신문고,2023-12-01,,,
2023,수원시,팔달구청,2023-02-26 9:11,매산동 팅스몰 주차장 출구 옆,고정형,2023-12-01,,,
2023,수원시,팔달구청,2023-02-26 9:21,화서1동 푸르지오자이 북문 CU 앞 횡단보도,고정형,2023-12-01,,,
2023,수원시,팔달구청,2023-02-26 9:26,인계동 한국씨티은행,고정형,2023-12-01,,,
2023,수원시,팔달구청,2023-02-26 9:31,인계동 경인통계청,고정형,2023-12-01,,,
2023,수원시,영통구청,2023-02-26 9:44,영통동 롯데마트 뒤,고정형,2023-12-01,37.27220279535416,127.10856729001851,
2023,수원시,권선구청,2023-02-26 9:44,곡반정동 하나로마트한국빌딩앞,고정형,2023-12-01,,,
2023,수원시,팔달구청,2023-02-26 9:47,매산동 팅스몰 주차장 출구 옆,고정형,2023-12-01,,,
2023,수원시,영통구청,2023-02-26 9:50,광교동 광교더사랑교회뒷길,고정형,2023-12-01,,,
2023,수원시,영통구청,2023-02-26 9:53,이의동 드림스퀘어Ⅱ 앞,고정형,2023-12-01,,,
2023,수원시,팔달구청,2023-02-26 9:57,인계동 경인통계청,고정형,2023-12-01,,,
2023,수원시,팔달구청,2023-02-26 10:06,매산동 팅스몰 주차장 출구 옆,고정형,2023-12-01,,,
2023,수원시,팔달구청,2023-02-26 10:25,매산동 팅스몰 주차장 출구 옆,고정형,2023-12-01,,,
2023,수원시,영통구청,2023-02-26 10:26,영통동 롯데마트 뒤,고정형,2023-12-01,37.27220279535416,127.10856729001851,
2023,수원시,권선구청,2023-02-26 10:34,호매실동 금호프라자 대각 맞은편,고정형,2023-12-01,,,
2023,수원시,권선구청,2023-02-26 10:36,곡반정동 하나로마트한국빌딩앞,고정형,2023-12-01,,,
2023,수원시,팔달구청,2023-02-26 10:38,매산동 팅스몰 주차장 출구 옆,고정형,2023-12-01,,,
2023,수원시,권선구청,2023-02-26 10:40,곡반정동 하나로마트한국빌딩앞,고정형,2023-12-01,,,
2023,수원시,팔달구청,2023-02-26 10:43,매산동 팔달로 10번길 8,고정형,2023-12-01,,,
2023,수원시,팔달구청,2023-02-26 10:45,행궁동 팔달문 버스정류장,고정형,2023-12-01,,,
2023,수원시,팔달구청,2023-02-26 10:49,매산동 팅스몰 주차장 출구 옆,고정형,2023-12-01,,,
2023,수원시,팔달구청,2023-02-26 10:53,화서1동 수원역푸르지오자이 북문 우측,고정형,2023-12-01,,,
2023,수원시,팔달구청,2023-02-26 11:25,행궁동 팔달문 버스정류장,고정형,2023-12-01,,,
2023,수원시,팔달구청,2023-02-26 11:33,화서1동 수원역푸르지오자이 북문 우측,고정형,2023-12-01,,,
2023,수원시,영통구청,2023-02-26 12:16,광교동 광교 덴티움지식산업센터 앞 사거리,고정형,2023-12-01,,,
2023,수원시,영통구청,2023-02-26 12:53,영통동 마사회뒷길,고정형,2023-12-01,,,
2023,수원시,영통구청,2023-02-26 12:58,영통동 마사회뒷길,고정형,2023-12-01,,,
2023,수원시,팔달구청,2023-02-26 13:03,우만동 인계동 1140 (횡단보도),국민신문고,2023-12-01,,,
2023,수원시,팔달구청,2023-02-26 13:24,화서1동 수원역푸르지오자이 북문 우측,고정형,2023-12-01,,,
2023,수원시,영통구청,2023-02-26 13:29,영통동 롯데마트 뒤,고정형,2023-12-01,37.27220279535416,127.10856729001851,
2023,수원시,영통구청,2023-02-26 13:29,영통동 마사회뒷길,고정형,2023-12-01,,,
2023,수원시,팔달구청,2023-02-26 13:56,행궁동 팔달문 버스정류장,고정형,2023-12-01,,,
2023,수원시,팔달구청,2023-02-26 14:23,중동 지동 118-4 (인도),국민신문고,2023-12-01,,,
2023,수원시,권선구청,2023-02-26 14:30,평동 수원역고가밑 (애경뒷길),고정형,2023-12-01,,,
2023,수원시,권선구청,2023-02-26 14:32,서둔동 가온팰리스옆2,고정형,2023-12-01,,,
2023,수원시,권선구청,2023-02-26 14:32,서둔동 가온팰리스옆2,고정형,2023-12-01,,,
2023,수원시,영통구청,2023-02-26 14:32,망포동 힐스테이트 119동 ~방죽공원 삼거리,고정형,2023-12-01,,,
2023,수원시,팔달구청,2023-02-26 14:33,행궁동 화홍사랑채,고정형,2023-12-01,,,
2023,수원시,권선구청,2023-02-26 14:34,곡반정동 궁촌육교앞,고정형,2023-12-01,,,
2023,수원시,팔달구청,2023-02-26 14:34,인계동 경인통계청,고정형,2023-12-01,,,
2023,수원시,팔달구청,2023-02-26 14:34,인계동 드림캐슬주상복합,고정형,2023-12-01,,,
2023,수원시,팔달구청,2023-02-26 14:36,매산동 팅스몰 주차장 출구 옆,고정형,2023-12-01,,,
2023,수원시,팔달구청,2023-02-26 14:37,매산동 팅스몰 주차장 출구 옆,고정형,2023-12-01,,,
2023,수원시,팔달구청,2023-02-26 14:40,매산동 팅스몰 주차장 출구 옆,고정형,2023-12-01,,,
2023,수원시,팔달구청,2023-02-26 14:43,매산동 팅스몰 주차장 출구 옆,고정형,2023-12-01,,,
2023,수원시,권선구청,2023-02-26 14:45,곡반정동 하나로마트한국빌딩앞,고정형,2023-12-01,,,
2023,수원시,권선구청,2023-02-26 14:45,곡반정동 궁촌육교앞,고정형,2023-12-01,,,
2023,수원시,팔달구청,2023-02-26 14:48,인계동 드림캐슬주상복합,고정형,2023-12-01,,,
2023,수원시,영통구청,2023-02-26 14:49,영통동 마사회뒷길,고정형,2023-12-01,,,
2023,수원시,권선구청,2023-02-26 15:01,곡반정동 하나로마트한국빌딩앞,고정형,2023-12-01,,,
2023,수원시,팔달구청,2023-02-26 15:04,매산동 역전농협,고정형,2023-12-01,,,
2023,수원시,팔달구청,2023-02-26 15:04,매산동 역전농협,고정형,2023-12-01,,,
2023,수원시,권선구청,2023-02-26 15:05,서둔동 가온팰리스옆2,고정형,2023-12-01,,,
2023,수원시,팔달구청,2023-02-26 15:09,매산동 팅스몰 주차장 출구 옆,고정형,2023-12-01,,,
2023,수원시,팔달구청,2023-02-26 15:15,매산동 팅스몰 주차장 출구 옆,고정형,2023-12-01,,,
2023,수원시,팔달구청,2023-02-26 15:16,인계동 경인통계청,고정형,2023-12-01,,,
2023,수원시,팔달구청,2023-02-26 15:18,인계동 경인통계청,고정형,2023-12-01,,,
2023,수원시,팔달구청,2023-02-26 15:18,인계동 경인통계청,고정형,2023-12-01,,,
2023,수원시,팔달구청,2023-02-26 15:18,인계동 경인통계청,고정형,2023-12-01,,,
2023,수원시,팔달구청,2023-02-26 15:19,매산동 팅스몰 주차장 출구 옆,고정형,2023-12-01,,,
2023,수원시,팔달구청,2023-02-26 15:24,매산동 팅스몰 주차장 출구 옆,고정형,2023-12-01,,,
2023,수원시,권선구청,2023-02-26 15:32,서둔동 가온팰리스옆1,고정형,2023-12-01,,,
2023,수원시,팔달구청,2023-02-26 15:39,매향동 매햐동 25-2 (교차로모퉁이),국민신문고,2023-12-01,,,
2023,수원시,팔달구청,2023-02-26 15:39,매향동 매햐동 25-2 (교차로모퉁이),국민신문고,2023-12-01,,,
2023,수원시,팔달구청,2023-02-26 15:40,화서1동 수원역푸르지오자이 북문 우측,고정형,2023-12-01,,,
2023,수원시,영통구청,2023-02-26 15:43,영통동 마사회뒷길,고정형,2023-12-01,,,
2023,수원시,권선구청,2023-02-26 15:44,경기도수원시권선구당수동 수원시 권선구 당수동 135,보행,2023-12-01,,,
2023,수원시,권선구청,2023-02-26 15:48,평동 수원역고가밑 (애경뒷길),고정형,2023-12-01,,,
2023,수원시,팔달구청,2023-02-26 16:01,경기도수원시팔달구신풍동 수원시 팔달구 신풍동 109,보행,2023-12-01,,,
2023,수원시,권선구청,2023-02-26 16:10,호매실동 금호프라자 대각 맞은편,고정형,2023-12-01,,,
2023,수원시,팔달구청,2023-02-26 16:24,매산동 팅스몰 주차장 출구 옆,고정형,2023-12-01,,,
2023,수원시,팔달구청,2023-02-26 16:30,행궁동 화홍사랑채,고정형,2023-12-01,,,
2023,수원시,권선구청,2023-02-26 16:30,평동 수원역고가밑 (애경뒷길),고정형,2023-12-01,,,
2023,수원시,팔달구청,2023-02-26 16:32,인계동 경인통계청,고정형,2023-12-01,,,
2023,수원시,권선구청,2023-02-26 16:32,곡반정동 궁촌육교앞,고정형,2023-12-01,,,
2023,수원시,팔달구청,2023-02-26 16:45,북수동 북수동 수원천로 372,주행형,2023-12-01,,,
2023,수원시,팔달구청,2023-02-26 16:45,북수동 북수동 수원천로 372,주행형,2023-12-01,,,
2023,수원시,팔달구청,2023-02-26 16:45,북수동 북수동 수원천로 372,주행형,2023-12-01,,,
2023,수원시,팔달구청,2023-02-26 16:45,북수동 북수동 수원천로 372,주행형,2023-12-01,,,
2023,수원시,권선구청,2023-02-26 16:49,곡반정동 궁촌육교앞,고정형,2023-12-01,,,
2023,수원시,팔달구청,2023-02-26 16:53,매산동 팅스몰 주차장 출구 옆,고정형,2023-12-01,,,
2023,수원시,팔달구청,2023-02-26 16:57,화서1동 수원역푸르지오자이 북문 우측,고정형,2023-12-01,,,
2023,수원시,영통구청,2023-02-26 16:58,망포동 힐스테이트 119동 ~방죽공원 삼거리,고정형,2023-12-01,,,
2023,수원시,팔달구청,2023-02-26 16:59,북수동 북수동 수원천로 336,주행형,2023-12-01,,,
2023,수원시,팔달구청,2023-02-26 16:59,북수동 북수동 수원천로 336,주행형,2023-12-01,,,
2023,수원시,팔달구청,2023-02-26 16:59,화서1동 수원역푸르지오자이 북문 우측,고정형,2023-12-01,,,
2023,수원시,팔달구청,2023-02-26 16:59,북수동 북수동 수원천로 336,주행형,2023-12-01,,,
2023,수원시,팔달구청,2023-02-26 16:59,북수동 북수동 수원천로 336,주행형,2023-12-01,,,
2023,수원시,팔달구청,2023-02-26 17:03,화서1동 수원역푸르지오자이 북문 우측,고정형,2023-12-01,,,
2023,수원시,팔달구청,2023-02-26 17:16,매산동 팅스몰 주차장 출구 옆,고정형,2023-12-01,,,
2023,수원시,팔달구청,2023-02-26 17:32,매산동 팅스몰 주차장 출구 옆,고정형,2023-12-01,,,
2023,수원시,팔달구청,2023-02-26 17:36,화서1동 수원역푸르지오자이 북문 우측,고정형,2023-12-01,,,
2023,수원시,영통구청,2023-02-26 17:36,망포동 힐스테이트 119동 ~방죽공원 삼거리,고정형,2023-12-01,,,
2023,수원시,팔달구청,2023-02-26 17:39,화서1동 수원역푸르지오자이 북문 우측,고정형,2023-12-01,,,
2023,수원시,팔달구청,2023-02-26 17:41,매산동 팅스몰 주차장 출구 옆,고정형,2023-12-01,,,
2023,수원시,팔달구청,2023-02-26 17:41,행궁동 화홍사랑채,고정형,2023-12-01,,,
2023,수원시,팔달구청,2023-02-26 17:47,매산동 팅스몰 주차장 출구 옆,고정형,2023-12-01,,,
2023,수원시,팔달구청,2023-02-26 17:49,매산동 팅스몰 주차장 출구 옆,고정형,2023-12-01,,,
2023,수원시,팔달구청,2023-02-26 17:49,매산동 팅스몰 주차장 출구 옆,고정형,2023-12-01,,,
2023,수원시,팔달구청,2023-02-26 18:02,화서1동 수원역푸르지오자이 북문 우측,고정형,2023-12-01,,,
2023,수원시,팔달구청,2023-02-26 18:06,화서1동 수원역푸르지오자이 북문 우측,고정형,2023-12-01,,,
2023,수원시,권선구청,2023-02-26 18:10,곡반정동 118-5,국민신문고,2023-12-01,,,
2023,수원시,팔달구청,2023-02-26 18:39,매산동 팅스몰 주차장 출구 옆,고정형,2023-12-01,,,
2023,수원시,팔달구청,2023-02-26 18:44,화서1동 수원역푸르지오자이 북문 우측,고정형,2023-12-01,,,
2023,수원시,팔달구청,2023-02-26 18:47,매산동 팅스몰 주차장 출구 옆,고정형,2023-12-01,,,
2023,수원시,권선구청,2023-02-26 19:02,오목천동 527-5,국민신문고,2023-12-01,,,
2023,수원시,팔달구청,2023-02-26 19:06,매산동 팅스몰 주차장 출구 옆,고정형,2023-12-01,,,
2023,수원시,팔달구청,2023-02-26 19:12,화서1동 수원역푸르지오자이 북문 우측,고정형,2023-12-01,,,
2023,수원시,팔달구청,2023-02-26 19:26,매산동 팅스몰 주차장 출구 옆,고정형,2023-12-01,,,
2023,수원시,팔달구청,2023-02-26 19:26,매교동 매교동 287-66 (횡단보도),국민신문고,2023-12-01,,,
2023,수원시,팔달구청,2023-02-26 19:28,매산동 팅스몰 주차장 출구 옆,고정형,2023-12-01,,,
2023,수원시,팔달구청,2023-02-26 19:39,화서1동 수원역푸르지오자이 북문 우측,고정형,2023-12-01,,,
2023,수원시,팔달구청,2023-02-26 19:52,매산동 팅스몰 주차장 출구 옆,고정형,2023-12-01,,,
2023,수원시,팔달구청,2023-02-26 20:00,매산동 팅스몰 주차장 출구 옆,고정형,2023-12-01,,,
2023,수원시,팔달구청,2023-02-26 20:12,인계동 드림캐슬주상복합,고정형,2023-12-01,,,
2023,수원시,팔달구청,2023-02-26 20:18,매산동 팅스몰 주차장 출구 옆,고정형,2023-12-01,,,
2023,수원시,팔달구청,2023-02-26 20:24,매산동 팅스몰 주차장 출구 옆,고정형,2023-12-01,,,
2023,수원시,팔달구청,2023-02-26 20:24,매산동 팅스몰 주차장 출구 옆,고정형,2023-12-01,,,
2023,수원시,팔달구청,2023-02-26 20:42,매산동 팅스몰 주차장 출구 옆,고정형,2023-12-01,,,
2023,수원시,팔달구청,2023-02-26 20:42,매산동 팅스몰 주차장 출구 옆,고정형,2023-12-01,,,
2023,수원시,권선구청,2023-02-27 0:12,오목천동 527-5,국민신문고,2023-12-01,,,
2023,수원시,팔달구청,2023-02-27 7:33,매산동 팅스몰 주차장 출구 옆,고정형,2023-12-01,,,
2023,수원시,팔달구청,2023-02-27 7:54,인계동 드림캐슬주상복합,고정형,2023-12-01,,,
2023,수원시,권선구청,2023-02-27 8:02,서둔동 가온팰리스옆2,고정형,2023-12-01,,,
2023,수원시,권선구청,2023-02-27 8:03,세류3동 신곡초교 후문 좌측 사거리,고정형,2023-12-01,,,
2023,수원시,권선구청,2023-02-27 8:07,세류3동 신곡초교 후문 좌측 사거리,고정형,2023-12-01,,,
2023,수원시,팔달구청,2023-02-27 8:33,화서1동 화서초등학교 둘레길 중간지점,고정형,2023-12-01,,,
2023,수원시,권선구청,2023-02-27 8:40,서둔동 가온팰리스옆2,고정형,2023-12-01,,,
2023,수원시,권선구청,2023-02-27 8:40,서둔동 가온팰리스옆2,고정형,2023-12-01,,,
2023,수원시,팔달구청,2023-02-27 8:46,인계동 드림캐슬주상복합,고정형,2023-12-01,,,
2023,수원시,권선구청,2023-02-27 9:00,서둔동 가온팰리스옆2,고정형,2023-12-01,,,
2023,수원시,영통구청,2023-02-27 9:08,영통동 마사회뒷길,고정형,2023-12-01,,,
2023,수원시,권선구청,2023-02-27 9:14,서둔동 가온팰리스옆1,고정형,2023-12-01,,,
2023,수원시,권선구청,2023-02-27 9:31,서둔동 수원역한라비발디퍼스트 앞1,고정형,2023-12-01,,,
2023,수원시,팔달구청,2023-02-27 9:39,인계동 드림캐슬주상복합,고정형,2023-12-01,,,
2023,수원시,팔달구청,2023-02-27 10:07,매산동 팅스몰 주차장 출구 옆,고정형,2023-12-01,,,
2023,수원시,영통구청,2023-02-27 10:23,영통동 롯데마트 뒤,고정형,2023-12-01,37.27220279535416,127.10856729001851,
2023,수원시,권선구청,2023-02-27 10:28,평동 롯데몰야외주차장 출입구,고정형,2023-12-01,,,
2023,수원시,권선구청,2023-02-27 10:38,곡반정동 궁촌육교앞,고정형,2023-12-01,,,
2023,수원시,팔달구청,2023-02-27 10:41,경기도수원시팔달구매산로2가 수원시 팔달구 향교로 56,보행,2023-12-01,,,
2023,수원시,팔달구청,2023-02-27 10:48,경기도수원시권선구세류동 수원시 권선구 세류동 225,보행,2023-12-01,,,
2023,수원시,팔달구청,2023-02-27 10:48,경기도수원시권선구세류동 수원시 권선구 세류동 225,보행,2023-12-01,,,
2023,수원시,영통구청,2023-02-27 11:02,망포동 힐스테이트 119동 ~방죽공원 삼거리,고정형,2023-12-01,,,
2023,수원시,팔달구청,2023-02-27 11:11,화서1동 수원역푸르지오자이 북문 우측,고정형,2023-12-01,,,
2023,수원시,영통구청,2023-02-27 11:58,광교동 광교 덴티움지식산업센터 앞 사거리,고정형,2023-12-01,,,
2023,수원시,영통구청,2023-02-27 11:58,광교동 광교 덴티움지식산업센터 앞 사거리,고정형,2023-12-01,,,
2023,수원시,영통구청,2023-02-27 12:28,이의동 광교가재울마을사거리,고정형,2023-12-01,,,
2023,수원시,팔달구청,2023-02-27 13:12,고등동 고등동 215-47 (소화전),국민신문고,2023-12-01,,,
2023,수원시,팔달구청,2023-02-27 13:27,화서1동 수원역푸르지오자이 북문 우측,고정형,2023-12-01,,,
2023,수원시,팔달구청,2023-02-27 13:41,화서1동 수원역푸르지오자이 북문 우측,고정형,2023-12-01,,,
2023,수원시,영통구청,2023-02-27 14:00,경기도수원시영통구매탄동 수원시 영통구 매탄동 408,보행,2023-12-01,,,
2023,수원시,영통구청,2023-02-27 14:01,경기도수원시영통구매탄동 수원시 영통구 매탄동 408,보행,2023-12-01,,,
2023,수원시,영통구청,2023-02-27 14:02,경기도수원시영통구매탄동 수원시 영통구 매탄동 408,보행,2023-12-01,,,
2023,수원시,영통구청,2023-02-27 14:02,경기도수원시영통구매탄동 수원시 영통구 매탄동 408,보행,2023-12-01,,,
2023,수원시,영통구청,2023-02-27 14:08,이의동 광교가재울마을사거리,고정형,2023-12-01,,,
2023,수원시,영통구청,2023-02-27 14:08,영통동 롯데마트 뒤,고정형,2023-12-01,37.27220279535416,127.10856729001851,
2023,수원시,영통구청,2023-02-27 14:19,이의동 광교가재울마을사거리,고정형,2023-12-01,,,
2023,수원시,영통구청,2023-02-27 14:19,이의동 광교가재울마을사거리,고정형,2023-12-01,,,
2023,수원시,권선구청,2023-02-27 14:34,서둔동 가온팰리스옆2,고정형,2023-12-01,,,
2023,수원시,팔달구청,2023-02-27 14:36,인계동 드림캐슬주상복합,고정형,2023-12-01,,,
2023,수원시,권선구청,2023-02-27 14:51,평동 수원역고가밑 (애경뒷길),고정형,2023-12-01,,,
2023,수원시,팔달구청,2023-02-27 15:01,매산동 팅스몰 주차장 출구 옆,고정형,2023-12-01,,,
2023,수원시,권선구청,2023-02-27 15:04,입북동 당수초교 정문 우측 사거리,고정형,2023-12-01,,,
2023,수원시,권선구청,2023-02-27 15:04,입북동 당수초교 정문 우측 사거리,고정형,2023-12-01,,,
2023,수원시,권선구청,2023-02-27 15:07,서둔동 가온팰리스옆2,고정형,2023-12-01,,,
2023,수원시,팔달구청,2023-02-27 15:16,매산동 팅스몰 주차장 출구 옆,고정형,2023-12-01,,,
2023,수원시,영통구청,2023-02-27 15:50,원천동 광교 한화겔러리아 앞,고정형,2023-12-01,,,
2023,수원시,팔달구청,2023-02-27 15:58,인계동 경인통계청,고정형,2023-12-01,,,
2023,수원시,권선구청,2023-02-27 16:00,서둔동 롯데몰9번출구앞주변,고정형,2023-12-01,,,
2023,수원시,권선구청,2023-02-27 16:14,경기도수원시권선구서둔동 수원시 권선구 서둔동 349,보행,2023-12-01,,,
2023,수원시,영통구청,2023-02-27 16:22,광교동 광교더사랑교회뒷길,고정형,2023-12-01,,,
2023,수원시,권선구청,2023-02-27 16:34,평동 오목초교 정문 우측 삼거리,고정형,2023-12-01,,,
2023,수원시,영통구청,2023-02-27 16:36,영통동 마사회뒷길,고정형,2023-12-01,,,
2023,수원시,팔달구청,2023-02-27 16:43,화서1동 수원역푸르지오자이 북문 우측,고정형,2023-12-01,,,
2023,수원시,팔달구청,2023-02-27 16:59,인계동 드림캐슬주상복합,고정형,2023-12-01,,,
2023,수원시,팔달구청,2023-02-27 17:17,인계동 경인통계청,고정형,2023-12-01,,,
2023,수원시,팔달구청,2023-02-27 17:28,인계동 한국씨티은행,고정형,2023-12-01,,,
2023,수원시,권선구청,2023-02-27 17:33,곡반정동 562-2,국민신문고,2023-12-01,,,
2023,수원시,팔달구청,2023-02-27 17:56,매산동 팅스몰 주차장 출구 옆,고정형,2023-12-01,,,
2023,수원시,팔달구청,2023-02-27 18:30,인계동 드림캐슬주상복합,고정형,2023-12-01,,,
2023,수원시,영통구청,2023-02-27 18:34,이의동 광교호반베르디움 103동 앞,고정형,2023-12-01,,,
2023,수원시,팔달구청,2023-02-27 19:07,인계동 드림캐슬주상복합,고정형,2023-12-01,,,
2023,수원시,팔달구청,2023-02-27 19:08,경기도수원시팔달구화서동 수원시 팔달구 팔달로 120,보행,2023-12-01,,,
2023,수원시,팔달구청,2023-02-27 19:09,경기도수원시팔달구화서동 수원시 팔달구 팔달로 120,보행,2023-12-01,,,
2023,수원시,팔달구청,2023-02-27 19:10,경기도수원시팔달구화서동 수원시 팔달구 팔달로 12,보행,2023-12-01,,,
2023,수원시,팔달구청,2023-02-27 19:10,경기도수원시팔달구화서동 수원시 팔달구 팔달로 12,보행,2023-12-01,,,
2023,수원시,영통구청,2023-02-27 19:16,영통동 롯데마트 뒤,고정형,2023-12-01,37.27220279535416,127.10856729001851,
2023,수원시,팔달구청,2023-02-27 19:29,매산동 팅스몰 주차장 출구 옆,고정형,2023-12-01,,,
2023,수원시,팔달구청,2023-02-27 19:32,고등동 수원초등학교 정문 좌측 사거리,고정형,2023-12-01,,,
2023,수원시,권선구청,2023-02-27 19:37,금곡동 금곡로222번길,주행형,2023-12-01,,,
2023,수원시,권선구청,2023-02-27 19:37,금곡동 금곡로222번길,주행형,2023-12-01,,,
2023,수원시,영통구청,2023-02-27 19:38,망포동 E-마트 에브리데이 앞,고정형,2023-12-01,37.2361017468141,127.060345496536,
2023,수원시,권선구청,2023-02-27 19:38,금곡동 금곡로222번길,주행형,2023-12-01,,,
2023,수원시,권선구청,2023-02-27 19:38,금곡동 금곡로222번길,주행형,2023-12-01,,,
2023,수원시,권선구청,2023-02-27 19:38,금곡동 금곡로222번길,주행형,2023-12-01,,,
2023,수원시,팔달구청,2023-02-27 19:56,매산동 역전농협,고정형,2023-12-01,,,
2023,수원시,권선구청,2023-02-27 20:08,경기도수원시권선구서둔동 수원시 권선구 서둔동 17,보행,2023-12-01,,,
2023,수원시,팔달구청,2023-02-27 20:35,인계동 드림캐슬주상복합,고정형,2023-12-01,,,
2023,수원시,팔달구청,2023-02-27 20:40,인계동 드림캐슬주상복합,고정형,2023-12-01,,,
2023,수원시,팔달구청,2023-02-27 20:58,인계동 드림캐슬주상복합,고정형,2023-12-01,,,
2023,수원시,권선구청,2023-02-27 21:03,오목천동 오목천동527-5,국민신문고,2023-12-01,,,
2023,수원시,팔달구청,2023-02-27 21:12,화서1동 수원역푸르지오자이 북문 우측,고정형,2023-12-01,,,
2023,수원시,팔달구청,2023-02-28 0:41,고등동 고등동 272-50 소화전,국민신문고,2023-12-01,,,
2023,수원시,팔달구청,2023-02-28 1:37,고등동 고등동 219-3 (횡단보도),국민신문고,2023-12-01,,,
2023,수원시,팔달구청,2023-02-28 7:28,화서1동 푸르지오자이 북문 CU 앞 횡단보도,고정형,2023-12-01,,,
2023,수원시,권선구청,2023-02-28 8:04,곡반정동 하나로마트한국빌딩앞,고정형,2023-12-01,,,
2023,수원시,권선구청,2023-02-28 8:06,서둔동 가온팰리스옆2,고정형,2023-12-01,,,
2023,수원시,영통구청,2023-02-28 8:18,원천동 삼성로320번길,주행형,2023-12-01,37.2664715329521,127.071644680514,
2023,수원시,영통구청,2023-02-28 8:18,원천동 삼성로320번길,주행형,2023-12-01,37.2664715329521,127.071644680514,
2023,수원시,영통구청,2023-02-28 8:19,원천동 삼성로320번길,주행형,2023-12-01,37.2664715329521,127.071644680514,
2023,수원시,권선구청,2023-02-28 8:31,서둔동 가온팰리스옆2,고정형,2023-12-01,,,
2023,수원시,영통구청,2023-02-28 8:59,원천동 광교 한화겔러리아 앞,고정형,2023-12-01,,,
2023,수원시,영통구청,2023-02-28 9:00,이의동 드림스퀘어Ⅱ 앞,고정형,2023-12-01,,,
2023,수원시,영통구청,2023-02-28 9:22,망포동 힐스테이트 119동 ~방죽공원 삼거리,고정형,2023-12-01,,,
2023,수원시,팔달구청,2023-02-28 9:35,인계동 경인통계청,고정형,2023-12-01,,,
2023,수원시,영통구청,2023-02-28 9:46,이의동 드림스퀘어Ⅱ 앞,고정형,2023-12-01,,,
2023,수원시,영통구청,2023-02-28 10:09,영통동 롯데마트 뒤,고정형,2023-12-01,37.27220279535416,127.10856729001851,
2023,수원시,팔달구청,2023-02-28 10:14,팔달로2가 팔달로2가 정조로796번길,주행형,2023-12-01,,,
2023,수원시,팔달구청,2023-02-28 10:14,교동 수원향교 앞 팔달보건소 뒤,고정형,2023-12-01,,,
2023,수원시,팔달구청,2023-02-28 10:14,남수동 남수동 정조로796번길,주행형,2023-12-01,,,
2023,수원시,권선구청,2023-02-28 10:33,구운동 구운초교 정문 우측 삼거리,고정형,2023-12-01,,,
2023,수원시,권선구청,2023-02-28 10:58,곡반정동 140-4,국민신문고,2023-12-01,,,
2023,수원시,팔달구청,2023-02-28 10:59,경기도수원시팔달구화서동 수원시 팔달구 화서동 695,보행,2023-12-01,,,
2023,수원시,팔달구청,2023-02-28 11:00,경기도수원시팔달구화서동 수원시 팔달구 화서동 695,보행,2023-12-01,,,
2023,수원시,영통구청,2023-02-28 11:11,영통동 롯데마트 뒤,고정형,2023-12-01,37.27220279535416,127.10856729001851,
2023,수원시,팔달구청,2023-02-28 11:12,화서1동 수원역푸르지오자이 북문 우측,고정형,2023-12-01,,,
2023,수원시,팔달구청,2023-02-28 11:14,행궁동 팔달문 버스정류장,고정형,2023-12-01,,,
2023,수원시,팔달구청,2023-02-28 11:18,고등동 수원초등학교 정문 좌측 사거리,고정형,2023-12-01,,,
2023,수원시,영통구청,2023-02-28 11:38,광교동 광교더사랑교회뒷길,고정형,2023-12-01,,,
2023,수원시,영통구청,2023-02-28 11:49,망포동 힐스테이트 119동 ~방죽공원 삼거리,고정형,2023-12-01,,,
2023,수원시,팔달구청,2023-02-28 11:50,매산동 역전농협,고정형,2023-12-01,,,
2023,수원시,영통구청,2023-02-28 12:39,원천동 삼성전자중문,고정형,2023-12-01,,,
2023,수원시,권선구청,2023-02-28 12:46,입북동 당수초교 정문 우측 사거리,고정형,2023-12-01,,,
2023,수원시,팔달구청,2023-02-28 13:15,화서1동 수원역푸르지오자이 북문 우측,고정형,2023-12-01,,,
2023,수원시,영통구청,2023-02-28 13:20,영통동 마사회뒷길,고정형,2023-12-01,,,
2023,수원시,팔달구청,2023-02-28 13:25,화서1동 수원역푸르지오자이 북문 우측,고정형,2023-12-01,,,
2023,수원시,팔달구청,2023-02-28 13:32,화서1동 수원역푸르지오자이 북문 우측,고정형,2023-12-01,,,
2023,수원시,권선구청,2023-02-28 13:55,구운동 구운초교 정문 우측 삼거리,고정형,2023-12-01,,,
2023,수원시,영통구청,2023-02-28 14:03,이의동 광교호반베르디움 103동 앞,고정형,2023-12-01,,,
2023,수원시,권선구청,2023-02-28 14:18,금곡동 1297-6,국민신문고,2023-12-01,,,
2023,수원시,영통구청,2023-02-28 14:29,경기도수원시영통구매탄동 수원시 영통구 중부대로 246-1구두수선대4,보행,2023-12-01,,,
2023,수원시,영통구청,2023-02-28 14:30,광교동 광교 덴티움지식산업센터 앞 사거리,고정형,2023-12-01,,,
2023,수원시,팔달구청,2023-02-28 14:32,매산동 팔달로 10번길 8,고정형,2023-12-01,,,
2023,수원시,팔달구청,2023-02-28 14:33,인계동 드림캐슬주상복합,고정형,2023-12-01,,,
2023,수원시,팔달구청,2023-02-28 14:35,인계동 드림캐슬주상복합,고정형,2023-12-01,,,
2023,수원시,팔달구청,2023-02-28 14:35,인계동 드림캐슬주상복합,고정형,2023-12-01,,,
2023,수원시,권선구청,2023-02-28 14:37,평동 고현초교 정문 좌측 삼거리,고정형,2023-12-01,,,
2023,수원시,권선구청,2023-02-28 14:37,평동 고현초교 정문 좌측 삼거리,고정형,2023-12-01,,,
2023,수원시,팔달구청,2023-02-28 14:38,매산동 팅스몰 주차장 출구 옆,고정형,2023-12-01,,,
2023,수원시,영통구청,2023-02-28 14:39,영통동 보보스스포츠센터앞,고정형,2023-12-01,,,
2023,수원시,팔달구청,2023-02-28 14:50,매산동 팔달로 10번길 8,고정형,2023-12-01,,,
2023,수원시,권선구청,2023-02-28 14:51,서둔동 수원역한라비발디퍼스트 앞1,고정형,2023-12-01,,,
2023,수원시,팔달구청,2023-02-28 14:54,매산로3가 매산로92번길 11,주행형,2023-12-01,,,
2023,수원시,팔달구청,2023-02-28 14:54,매산로3가 매산로92번길 11,주행형,2023-12-01,,,
2023,수원시,팔달구청,2023-02-28 14:54,매산로3가 매산로92번길 11,주행형,2023-12-01,,,
2023,수원시,팔달구청,2023-02-28 14:54,매산로3가 매산로92번길 11,주행형,2023-12-01,,,
2023,수원시,팔달구청,2023-02-28 14:58,행궁동 화홍사랑채,고정형,2023-12-01,,,
2023,수원시,팔달구청,2023-02-28 15:04,매산동 팔달로 10번길 8,고정형,2023-12-01,,,
2023,수원시,권선구청,2023-02-28 15:08,입북동 당수초교 정문 우측 사거리,고정형,2023-12-01,,,
2023,수원시,권선구청,2023-02-28 15:08,입북동 당수초교 정문 우측 사거리,고정형,2023-12-01,,,
2023,수원시,권선구청,2023-02-28 15:21,금곡동 가온초교 정문 우측 사거리,고정형,2023-12-01,,,
2023,수원시,권선구청,2023-02-28 15:25,구운동 구운동 명품닭갈비,고정형,2023-12-01,,,
2023,수원시,팔달구청,2023-02-28 15:27,행궁동 화홍사랑채,고정형,2023-12-01,,,
2023,수원시,팔달구청,2023-02-28 15:28,인계동 드림캐슬주상복합,고정형,2023-12-01,,,
2023,수원시,팔달구청,2023-02-28 15:28,화서1동 수원역푸르지오자이 북문 우측,고정형,2023-12-01,,,
2023,수원시,팔달구청,2023-02-28 15:28,화서1동 수원역푸르지오자이 북문 우측,고정형,2023-12-01,,,
2023,수원시,팔달구청,2023-02-28 15:30,인계동 드림캐슬주상복합,고정형,2023-12-01,,,
2023,수원시,팔달구청,2023-02-28 15:36,매교동 수원시 팔달구 매교동 163,보행,2023-12-01,,,
2023,수원시,영통구청,2023-02-28 16:01,영통동 롯데마트 뒤,고정형,2023-12-01,37.27220279535416,127.10856729001851,
2023,수원시,팔달구청,2023-02-28 16:09,인계동 드림캐슬주상복합,고정형,2023-12-01,,,
2023,수원시,팔달구청,2023-02-28 16:09,인계동 한국씨티은행,고정형,2023-12-01,,,
2023,수원시,팔달구청,2023-02-28 16:42,화서1동 화서초등학교 둘레길 중간지점,고정형,2023-12-01,,,
2023,수원시,팔달구청,2023-02-28 16:42,화서1동 화서초등학교 둘레길 중간지점,고정형,2023-12-01,,,
2023,수원시,팔달구청,2023-02-28 17:02,인계동 경인통계청,고정형,2023-12-01,,,
2023,수원시,권선구청,2023-02-28 17:15,곡반정동 140-5,국민신문고,2023-12-01,,,
2023,수원시,팔달구청,2023-02-28 17:21,화서1동 수원역푸르지오자이 북문 우측,고정형,2023-12-01,,,
2023,수원시,팔달구청,2023-02-28 17:22,인계동 한국씨티은행,고정형,2023-12-01,,,
2023,수원시,팔달구청,2023-02-28 17:40,화서1동 푸르지오자이 북문 CU 앞 횡단보도,고정형,2023-12-01,,,
2023,수원시,팔달구청,2023-02-28 17:46,인계동 경인통계청,고정형,2023-12-01,,,
2023,수원시,팔달구청,2023-02-28 17:46,인계동 경인통계청,고정형,2023-12-01,,,
2023,수원시,영통구청,2023-02-28 17:47,광교동 광교더사랑교회뒷길,고정형,2023-12-01,,,
2023,수원시,팔달구청,2023-02-28 17:54,매교동 매교동 287-37 횡단보도,국민신문고,2023-12-01,,,
2023,수원시,팔달구청,2023-02-28 18:49,인계동 드림캐슬주상복합,고정형,2023-12-01,,,
2023,수원시,팔달구청,2023-02-28 18:49,인계동 드림캐슬주상복합,고정형,2023-12-01,,,
2023,수원시,팔달구청,2023-02-28 18:52,인계동 드림캐슬주상복합,고정형,2023-12-01,,,
2023,수원시,권선구청,2023-02-28 19:14,금곡동 1293-14,국민신문고,2023-12-01,,,
2023,수원시,팔달구청,2023-02-28 19:19,인계동 드림캐슬주상복합,고정형,2023-12-01,,,
2023,수원시,영통구청,2023-02-28 19:29,이의동 광교가재울마을사거리,고정형,2023-12-01,,,
2023,수원시,영통구청,2023-02-28 19:29,이의동 광교가재울마을사거리,고정형,2023-12-01,,,
2023,수원시,팔달구청,2023-02-28 19:57,인계동 매산로1가 21-6,고정형,2023-12-01,,,
2023,수원시,영통구청,2023-02-28 20:13,경기도수원시영통구원천동 수원시 영통구 원천동 90,보행,2023-12-01,,,
2023,수원시,영통구청,2023-02-28 20:14,경기도수원시영통구원천동 수원시 영통구 원천동 90,보행,2023-12-01,,,
2023,수원시,팔달구청,2023-02-28 20:20,인계동 드림캐슬주상복합,고정형,2023-12-01,,,
2023,수원시,팔달구청,2023-02-28 20:22,매산동 팔달로 10번길 8,고정형,2023-12-01,,,
2023,수원시,팔달구청,2023-02-28 20:24,인계동 드림캐슬주상복합,고정형,2023-12-01,,,
2023,수원시,팔달구청,2023-02-28 20:33,인계동 드림캐슬주상복합,고정형,2023-12-01,,,
2023,수원시,팔달구청,2023-02-28 20:48,매산동 팅스몰 주차장 출구 옆,고정형,2023-12-01,,,
2023,수원시,팔달구청,2023-02-28 20:48,화서1동 수원역푸르지오자이 북문 우측,고정형,2023-12-01,,,
2023,수원시,팔달구청,2023-02-28 20:49,매산동 팅스몰 주차장 출구 옆,고정형,2023-12-01,,,
2023,수원시,팔달구청,2023-02-28 21:39,매교동 매교동 88-18 횡단보도,국민신문고,2023-12-01,,,
2023,수원시,팔달구청,2023-02-28 21:42,매교동 매교동 122-38 횡단보도,국민신문고,2023-12-01,,,
2023,수원시,팔달구청,2023-02-28 21:47,매교동 매교동 120-6 소화전,국민신문고,2023-12-01,,,
2023,수원시,권선구청,2023-02-28 23:25,오목천동 527-5,국민신문고,2023-12-01,,,
2023,수원시,권선구청,2023-03-01 0:16,오목천동 527-66,국민신문고,2023-12-01,,,
2023,수원시,권선구청,2023-03-01 8:35,오목천동 527-5,국민신문고,2023-12-01,,,
2023,수원시,권선구청,2023-03-01 9:03,서둔동 수원역한라비발디퍼스트 앞2,고정형,2023-12-01,,,
2023,수원시,권선구청,2023-03-01 9:03,곡반정동 하나로마트한국빌딩앞,고정형,2023-12-01,,,
2023,수원시,권선구청,2023-03-01 9:03,곡반정동 하나로마트한국빌딩앞,고정형,2023-12-01,,,
2023,수원시,팔달구청,2023-03-01 9:03,인계동 경인통계청,고정형,2023-12-01,,,
2023,수원시,권선구청,2023-03-01 9:03,곡반정동 궁촌육교앞,고정형,2023-12-01,,,
2023,수원시,권선구청,2023-03-01 9:04,곡반정동 하나로마트한국빌딩앞,고정형,2023-12-01,,,
2023,수원시,팔달구청,2023-03-01 9:04,인계동 드림캐슬주상복합,고정형,2023-12-01,,,
2023,수원시,권선구청,2023-03-01 9:04,곡반정동 하나로마트한국빌딩앞,고정형,2023-12-01,,,
2023,수원시,팔달구청,2023-03-01 9:06,인계동 경인통계청,고정형,2023-12-01,,,
2023,수원시,팔달구청,2023-03-01 9:06,인계동 한국씨티은행,고정형,2023-12-01,,,
2023,수원시,팔달구청,2023-03-01 9:08,인계동 드림캐슬주상복합,고정형,2023-12-01,,,
2023,수원시,영통구청,2023-03-01 9:09,원천동 광교에일린의뜰 북측,고정형,2023-12-01,,,
2023,수원시,팔달구청,2023-03-01 9:17,화서1동 수원역푸르지오자이 북문 우측,고정형,2023-12-01,,,
2023,수원시,권선구청,2023-03-01 9:33,곡반정동 하나로마트한국빌딩앞,고정형,2023-12-01,,,
2023,수원시,팔달구청,2023-03-01 9:35,화서1동 수원역푸르지오자이 북문 우측,고정형,2023-12-01,,,
2023,수원시,권선구청,2023-03-01 9:42,서둔동 가온팰리스옆2,고정형,2023-12-01,,,
2023,수원시,권선구청,2023-03-01 9:42,서둔동 가온팰리스옆2,고정형,2023-12-01,,,
2023,수원시,권선구청,2023-03-01 9:46,서둔동 가온팰리스옆1,고정형,2023-12-01,,,
2023,수원시,영통구청,2023-03-01 10:04,원천동 광교 한화겔러리아 앞,고정형,2023-12-01,,,
2023,수원시,권선구청,2023-03-01 10:19,서둔동 가온팰리스옆1,고정형,2023-12-01,,,
2023,수원시,팔달구청,2023-03-01 10:23,인계동 경인통계청,고정형,2023-12-01,,,
2023,수원시,팔달구청,2023-03-01 10:38,경기도수원시팔달구화서동 수원시 팔달구 행궁로 11,보행,2023-12-01,,,
2023,수원시,팔달구청,2023-03-01 10:39,경기도수원시팔달구화서동 수원시 팔달구 행궁로 11,보행,2023-12-01,,,
2023,수원시,팔달구청,2023-03-01 10:41,경기도수원시팔달구남창동 수원시 팔달구 남창동 33,보행,2023-12-01,,,
2023,수원시,팔달구청,2023-03-01 11:51,경기도수원시팔달구인계동 수원시 팔달구 매산로1가 10,보행,2023-12-01,,,
2023,수원시,팔달구청,2023-03-01 11:51,경기도수원시팔달구인계동 수원시 팔달구 매산로1가 10,보행,2023-12-01,,,
2023,수원시,영통구청,2023-03-01 11:53,영통동 마사회뒷길,고정형,2023-12-01,,,
2023,수원시,팔달구청,2023-03-01 12:12,경기도수원시팔달구인계동 수원시 팔달구 매산로1가 10,보행,2023-12-01,,,
2023,수원시,영통구청,2023-03-01 12:31,망포동 E-마트 에브리데이 앞,고정형,2023-12-01,37.2361017468141,127.060345496536,
2023,수원시,팔달구청,2023-03-01 13:04,화서1동 푸르지오자이 북문 CU 앞 횡단보도,고정형,2023-12-01,,,
2023,수원시,권선구청,2023-03-01 13:31,매산로1가 수인로9번길,주행형,2023-12-01,,,
2023,수원시,팔달구청,2023-03-01 14:30,화서1동 수원역푸르지오자이 북문 우측,고정형,2023-12-01,,,
2023,수원시,권선구청,2023-03-01 14:32,서둔동 가온팰리스옆1,고정형,2023-12-01,,,
2023,수원시,팔달구청,2023-03-01 14:33,행궁동 화홍사랑채,고정형,2023-12-01,,,
2023,수원시,권선구청,2023-03-01 14:33,서둔동 수원역한라비발디퍼스트 앞1,고정형,2023-12-01,,,
2023,수원시,팔달구청,2023-03-01 14:33,인계동 경인통계청,고정형,2023-12-01,,,
2023,수원시,권선구청,2023-03-01 14:34,서둔동 수원역한라비발디퍼스트 앞1,고정형,2023-12-01,,,
2023,수원시,팔달구청,2023-03-01 14:34,인계동 드림캐슬주상복합,고정형,2023-12-01,,,
2023,수원시,권선구청,2023-03-01 14:34,서둔동 가온팰리스옆2,고정형,2023-12-01,,,
2023,수원시,팔달구청,2023-03-01 14:34,인계동 경인통계청,고정형,2023-12-01,,,
2023,수원시,팔달구청,2023-03-01 14:35,행궁동 화홍사랑채,고정형,2023-12-01,,,
2023,수원시,권선구청,2023-03-01 14:35,서둔동 수원역한라비발디퍼스트 앞1,고정형,2023-12-01,,,
2023,수원시,팔달구청,2023-03-01 14:36,신풍동 미술관로터리,고정형,2023-12-01,,,
2023,수원시,권선구청,2023-03-01 14:36,서둔동 가온팰리스옆1,고정형,2023-12-01,,,
2023,수원시,팔달구청,2023-03-01 14:57,인계동 한국씨티은행,고정형,2023-12-01,,,
2023,수원시,권선구청,2023-03-01 14:58,서둔동 가온팰리스옆1,고정형,2023-12-01,,,
2023,수원시,권선구청,2023-03-01 14:59,서둔동 수원역한라비발디퍼스트 앞1,고정형,2023-12-01,,,
2023,수원시,팔달구청,2023-03-01 15:00,인계동 드림캐슬주상복합,고정형,2023-12-01,,,
2023,수원시,팔달구청,2023-03-01 15:05,북수동 쌈지공원 앞,고정형,2023-12-01,,,
2023,수원시,권선구청,2023-03-01 15:09,서둔동 수원역한라비발디퍼스트 앞1,고정형,2023-12-01,,,
2023,수원시,팔달구청,2023-03-01 15:10,인계동 경인통계청,고정형,2023-12-01,,,
2023,수원시,권선구청,2023-03-01 15:25,서둔동 수원역한라비발디퍼스트 앞2,고정형,2023-12-01,,,
2023,수원시,팔달구청,2023-03-01 15:25,신풍동 미술관로터리,고정형,2023-12-01,,,
2023,수원시,팔달구청,2023-03-01 15:31,인계동 드림캐슬주상복합,고정형,2023-12-01,,,
2023,수원시,팔달구청,2023-03-01 15:31,인계동 드림캐슬주상복합,고정형,2023-12-01,,,
2023,수원시,권선구청,2023-03-01 15:34,서둔동 수원역한라비발디퍼스트 앞1,고정형,2023-12-01,,,
2023,수원시,권선구청,2023-03-01 15:46,서둔동 가온팰리스옆1,고정형,2023-12-01,,,
2023,수원시,권선구청,2023-03-01 15:53,서둔동 수원역한라비발디퍼스트 앞1,고정형,2023-12-01,,,
2023,수원시,권선구청,2023-03-01 15:53,서둔동 수원역한라비발디퍼스트 앞1,고정형,2023-12-01,,,
2023,수원시,팔달구청,2023-03-01 15:59,신풍동 미술관로터리,고정형,2023-12-01,,,
2023,수원시,팔달구청,2023-03-01 15:59,신풍동 미술관로터리,고정형,2023-12-01,,,
2023,수원시,팔달구청,2023-03-01 16:05,인계동 드림캐슬주상복합,고정형,2023-12-01,,,
2023,수원시,팔달구청,2023-03-01 16:06,인계동 신풍동 246 인도,국민신문고,2023-12-01,,,
2023,수원시,팔달구청,2023-03-01 16:12,신풍동 미술관로터리,고정형,2023-12-01,,,
2023,수원시,팔달구청,2023-03-01 16:18,신풍동 수원시 팔달구 화서문로 32번길 14,보행,2023-12-01,,,
2023,수원시,팔달구청,2023-03-01 16:18,경기도수원시팔달구신풍동 수원시 팔달구 화서문로 32번길 14,보행,2023-12-01,,,
2023,수원시,팔달구청,2023-03-01 16:19,경기도수원시팔달구신풍동 수원시 팔달구 화서문로 32번길 14,보행,2023-12-01,,,
2023,수원시,팔달구청,2023-03-01 16:21,경기도수원시팔달구신풍동 수원시 팔달구 신풍동 109,보행,2023-12-01,,,
2023,수원시,팔달구청,2023-03-01 16:22,경기도수원시팔달구신풍동 수원시 팔달구 신풍동 109,보행,2023-12-01,,,
2023,수원시,팔달구청,2023-03-01 16:22,신풍동 수원시 팔달구 신풍동 109,보행,2023-12-01,,,
2023,수원시,팔달구청,2023-03-01 16:23,경기도수원시팔달구신풍동 수원시 팔달구 신풍동 109,보행,2023-12-01,,,
2023,수원시,권선구청,2023-03-01 16:31,서둔동 가온팰리스옆1,고정형,2023-12-01,,,
2023,수원시,권선구청,2023-03-01 16:33,구운동 구운동 명품닭갈비,고정형,2023-12-01,,,
2023,수원시,팔달구청,2023-03-01 16:48,화서1동 수원역푸르지오자이 북문 우측,고정형,2023-12-01,,,
2023,수원시,팔달구청,2023-03-01 16:52,행궁동 화홍사랑채,고정형,2023-12-01,,,
2023,수원시,권선구청,2023-03-01 17:04,곡반정동 궁촌육교앞,고정형,2023-12-01,,,
2023,수원시,권선구청,2023-03-01 17:04,곡반정동 궁촌육교앞,고정형,2023-12-01,,,
2023,수원시,영통구청,2023-03-01 17:12,영통동 롯데마트 뒤,고정형,2023-12-01,37.27220279535416,127.10856729001851,
2023,수원시,영통구청,2023-03-01 17:21,망포동 E-마트 에브리데이 앞,고정형,2023-12-01,37.2361017468141,127.060345496536,
2023,수원시,권선구청,2023-03-01 17:41,서둔동 수원역한라비발디퍼스트 앞1,고정형,2023-12-01,,,
2023,수원시,팔달구청,2023-03-01 19:08,인계동 드림캐슬주상복합,고정형,2023-12-01,,,
2023,수원시,팔달구청,2023-03-01 19:57,인계동 드림캐슬주상복합,고정형,2023-12-01,,,
2023,수원시,팔달구청,2023-03-01 21:13,매교동 매교동 120-13 교차로모퉁이,국민신문고,2023-12-01,,,
2023,수원시,권선구청,2023-03-02 7:58,서둔동 225-31,국민신문고,2023-12-01,,,
2023,수원시,권선구청,2023-03-02 8:01,서둔동 225-31,국민신문고,2023-12-01,,,
2023,수원시,권선구청,2023-03-02 8:03,서둔동 가온팰리스옆1,고정형,2023-12-01,,,
2023,수원시,팔달구청,2023-03-02 8:06,화서1동 수원역푸르지오자이 북문 우측,고정형,2023-12-01,,,
2023,수원시,권선구청,2023-03-02 8:24,경기도수원시권선구고색동 수원시 권선구 고색동 404,보행,2023-12-01,,,
2023,수원시,팔달구청,2023-03-02 8:33,화서1동 화서초등학교 둘레길 중간지점,고정형,2023-12-01,,,
2023,수원시,권선구청,2023-03-02 8:39,입북동 당수초교 정문 우측 사거리,고정형,2023-12-01,,,
2023,수원시,영통구청,2023-03-02 9:03,이의동 도청예정부지,고정형,2023-12-01,,,
2023,수원시,팔달구청,2023-03-02 9:55,인계동 드림캐슬주상복합,고정형,2023-12-01,,,
2023,수원시,팔달구청,2023-03-02 9:56,고등동 수원초등학교 정문 좌측 사거리,고정형,2023-12-01,,,
2023,수원시,팔달구청,2023-03-02 10:10,경기도수원시팔달구지동 수원시 팔달구 인계동1016-7,보행,2023-12-01,,,
2023,수원시,권선구청,2023-03-02 10:17,금곡동 수원문산고속도로,주행형,2023-12-01,,,
2023,수원시,권선구청,2023-03-02 10:17,금곡동 수원문산고속도로,주행형,2023-12-01,,,
2023,수원시,팔달구청,2023-03-02 10:25,영동 영동 수원천로275,주행형,2023-12-01,,,
2023,수원시,팔달구청,2023-03-02 10:25,영동 영동 수원천로275,주행형,2023-12-01,,,
2023,수원시,팔달구청,2023-03-02 10:25,남수동 남수동 수원천로275,주행형,2023-12-01,,,
2023,수원시,팔달구청,2023-03-02 10:25,남수동 남수동 수원천로275,주행형,2023-12-01,,,
2023,수원시,팔달구청,2023-03-02 10:25,남수동 남수동 정조로788번길,주행형,2023-12-01,,,
2023,수원시,팔달구청,2023-03-02 10:26,영동 영동 수원천로 246,주행형,2023-12-01,,,
2023,수원시,팔달구청,2023-03-02 10:26,영동 영동 수원천로 246,주행형,2023-12-01,,,
2023,수원시,영통구청,2023-03-02 10:31,광교동 광교더사랑교회뒷길,고정형,2023-12-01,,,
2023,수원시,팔달구청,2023-03-02 12:38,화서1동 수원역푸르지오자이 북문 우측,고정형,2023-12-01,,,
2023,수원시,팔달구청,2023-03-02 12:41,남수동 남수동 78-2 37두8817,국민신문고,2023-12-01,,,
2023,수원시,영통구청,2023-03-02 13:15,망포동 힐스테이트 119동 ~방죽공원 삼거리,고정형,2023-12-01,,,
2023,수원시,팔달구청,2023-03-02 13:25,고등동 수원초등학교 정문 좌측 사거리,고정형,2023-12-01,,,
2023,수원시,영통구청,2023-03-02 13:30,이의동 도청예정부지,고정형,2023-12-01,,,
2023,수원시,영통구청,2023-03-02 13:40,광교동 광교더사랑교회뒷길,고정형,2023-12-01,,,
2023,수원시,영통구청,2023-03-02 14:17,망포동 E-마트 에브리데이 앞,고정형,2023-12-01,37.2361017468141,127.060345496536,
2023,수원시,권선구청,2023-03-02 14:23,고색동 도이치 고객주차장 출입구,고정형,2023-12-01,,,
2023,수원시,권선구청,2023-03-02 14:36,서둔동 수원역한라비발디퍼스트 앞1,고정형,2023-12-01,,,
2023,수원시,권선구청,2023-03-02 14:36,서둔동 수원역한라비발디퍼스트 앞1,고정형,2023-12-01,,,
2023,수원시,권선구청,2023-03-02 14:37,서둔동 가온팰리스옆2,고정형,2023-12-01,,,
2023,수원시,권선구청,2023-03-02 14:46,경기도수원시권선구권선동 수원시 권선구 효원로 220번길 26,보행,2023-12-01,,,
2023,수원시,팔달구청,2023-03-02 14:49,인계동 드림캐슬주상복합,고정형,2023-12-01,,,
2023,수원시,팔달구청,2023-03-02 14:49,인계동 드림캐슬주상복합,고정형,2023-12-01,,,
2023,수원시,팔달구청,2023-03-02 14:50,인계동 드림캐슬주상복합,고정형,2023-12-01,,,
2023,수원시,팔달구청,2023-03-02 14:50,매산동 역전농협,고정형,2023-12-01,,,
2023,수원시,팔달구청,2023-03-02 14:51,인계동 경인통계청,고정형,2023-12-01,,,
2023,수원시,팔달구청,2023-03-02 14:51,인계동 경인통계청,고정형,2023-12-01,,,
2023,수원시,팔달구청,2023-03-02 15:02,남수동 남수동 정조로788번길,주행형,2023-12-01,,,
2023,수원시,팔달구청,2023-03-02 15:02,남수동 남수동 정조로788번길,주행형,2023-12-01,,,
2023,수원시,팔달구청,2023-03-02 15:02,남수동 남수동 정조로788번길,주행형,2023-12-01,,,
2023,수원시,팔달구청,2023-03-02 15:02,남수동 남수동 정조로796번길,주행형,2023-12-01,,,
2023,수원시,팔달구청,2023-03-02 15:02,남수동 남수동 정조로796번길,주행형,2023-12-01,,,
2023,수원시,팔달구청,2023-03-02 15:03,영동 영동 수원천로275,주행형,2023-12-01,,,
2023,수원시,팔달구청,2023-03-02 15:03,영동 영동 수원천로275,주행형,2023-12-01,,,
2023,수원시,팔달구청,2023-03-02 15:03,영동 영동 수원천로275,주행형,2023-12-01,,,
2023,수원시,팔달구청,2023-03-02 15:03,영동 영동 수원천로275,주행형,2023-12-01,,,
2023,수원시,팔달구청,2023-03-02 15:03,영동 영동 수원천로275,주행형,2023-12-01,,,
2023,수원시,권선구청,2023-03-02 15:09,호매실동 금호프라자 대각 맞은편,고정형,2023-12-01,,,
2023,수원시,팔달구청,2023-03-02 15:16,고등동 수원초등학교 정문 좌측 사거리,고정형,2023-12-01,,,
2023,수원시,권선구청,2023-03-02 15:22,입북동 당수초교 정문 우측 사거리,고정형,2023-12-01,,,
2023,수원시,영통구청,2023-03-02 15:55,영통동 보보스스포츠센터앞,고정형,2023-12-01,,,
2023,수원시,팔달구청,2023-03-02 15:55,고등동 수원초등학교 정문 좌측 사거리,고정형,2023-12-01,,,
2023,수원시,팔달구청,2023-03-02 15:55,고등동 수원초등학교 정문 좌측 사거리,고정형,2023-12-01,,,
2023,수원시,권선구청,2023-03-02 15:55,구운동 구운초교 정문 우측 삼거리,고정형,2023-12-01,,,
2023,수원시,팔달구청,2023-03-02 16:00,인계동 드림캐슬주상복합,고정형,2023-12-01,,,
2023,수원시,영통구청,2023-03-02 16:02,영통동 롯데마트 뒤,고정형,2023-12-01,37.27220279535416,127.10856729001851,
2023,수원시,권선구청,2023-03-02 16:11,권선동 권선동 한라비발디앞 놀이터,고정형,2023-12-01,,,
2023,수원시,팔달구청,2023-03-02 16:27,고등동 수원초등학교 정문 좌측 사거리,고정형,2023-12-01,,,
2023,수원시,권선구청,2023-03-02 16:40,입북동 당수초교 정문 우측 사거리,고정형,2023-12-01,,,
2023,수원시,팔달구청,2023-03-02 17:07,화서1동 수원역푸르지오자이 북문 우측,고정형,2023-12-01,,,
2023,수원시,팔달구청,2023-03-02 17:07,화서1동 수원역푸르지오자이 북문 우측,고정형,2023-12-01,,,
2023,수원시,영통구청,2023-03-02 17:12,이의동 드림스퀘어Ⅱ 앞,고정형,2023-12-01,,,
2023,수원시,영통구청,2023-03-02 17:15,원천동 광교매원초등학교,고정형,2023-12-01,,,
2023,수원시,권선구청,2023-03-02 17:48,오목천동 한화꿈에그린아파트 209동앞,고정형,2023-12-01,,,
2023,수원시,팔달구청,2023-03-02 17:57,고등동 수원초등학교 정문 좌측 사거리,고정형,2023-12-01,,,
2023,수원시,팔달구청,2023-03-02 18:03,매산동 팅스몰 주차장 출구 옆,고정형,2023-12-01,,,
2023,수원시,영통구청,2023-03-02 18:21,영통동 롯데마트 뒤,고정형,2023-12-01,37.27220279535416,127.10856729001851,
2023,수원시,팔달구청,2023-03-02 18:52,인계동 드림캐슬주상복합,고정형,2023-12-01,,,
2023,수원시,팔달구청,2023-03-02 19:23,매산동 팅스몰 주차장 출구 옆,고정형,2023-12-01,,,
2023,수원시,팔달구청,2023-03-02 19:24,인계동 드림캐슬주상복합,고정형,2023-12-01,,,
2023,수원시,팔달구청,2023-03-02 19:35,매산동 팅스몰 주차장 출구 옆,고정형,2023-12-01,,,
2023,수원시,팔달구청,2023-03-02 19:52,매산동 덕영대로 895번길 9-8,고정형,2023-12-01,,,
2023,수원시,팔달구청,2023-03-02 20:02,인계동 드림캐슬주상복합,고정형,2023-12-01,,,
2023,수원시,팔달구청,2023-03-02 20:02,인계동 드림캐슬주상복합,고정형,2023-12-01,,,
2023,수원시,팔달구청,2023-03-02 20:12,매산동 팅스몰 주차장 출구 옆,고정형,2023-12-01,,,
2023,수원시,영통구청,2023-03-02 20:14,영통동 마사회뒷길,고정형,2023-12-01,,,
2023,수원시,팔달구청,2023-03-02 20:16,인계동 드림캐슬주상복합,고정형,2023-12-01,,,
2023,수원시,팔달구청,2023-03-02 20:16,인계동 드림캐슬주상복합,고정형,2023-12-01,,,
2023,수원시,팔달구청,2023-03-02 20:22,매산동 팅스몰 주차장 출구 옆,고정형,2023-12-01,,,
2023,수원시,팔달구청,2023-03-02 21:12,인계동 드림캐슬주상복합,고정형,2023-12-01,,,
2023,수원시,팔달구청,2023-03-02 21:12,인계동 드림캐슬주상복합,고정형,2023-12-01,,,
2023,수원시,팔달구청,2023-03-02 21:44,인계동 드림캐슬주상복합,고정형,2023-12-01,,,
2023,수원시,권선구청,2023-03-03 1:01,오목천동 527-5,국민신문고,2023-12-01,,,
2023,수원시,권선구청,2023-03-03 1:07,오목천동 527-5,국민신문고,2023-12-01,,,
2023,수원시,팔달구청,2023-03-03 7:02,화서1동 수원역푸르지오자이 북문 우측,고정형,2023-12-01,,,
2023,수원시,영통구청,2023-03-03 7:19,망포동 힐스테이트 119동 ~방죽공원 삼거리,고정형,2023-12-01,,,
2023,수원시,팔달구청,2023-03-03 7:33,인계동 드림캐슬주상복합,고정형,2023-12-01,,,
2023,수원시,팔달구청,2023-03-03 7:34,인계동 경인통계청,고정형,2023-12-01,,,
2023,수원시,팔달구청,2023-03-03 7:34,매산동 팅스몰 주차장 출구 옆,고정형,2023-12-01,,,
2023,수원시,팔달구청,2023-03-03 7:34,인계동 팅스몰 주차장 출구 옆,고정형,2023-12-01,,,
2023,수원시,팔달구청,2023-03-03 7:35,인계동 드림캐슬주상복합,고정형,2023-12-01,,,
2023,수원시,영통구청,2023-03-03 7:49,이의동 드림스퀘어Ⅱ 앞,고정형,2023-12-01,,,
2023,수원시,권선구청,2023-03-03 8:03,곡반정동 하나로마트한국빌딩앞,고정형,2023-12-01,,,
2023,수원시,권선구청,2023-03-03 8:03,곡반정동 하나로마트한국빌딩앞,고정형,2023-12-01,,,
2023,수원시,권선구청,2023-03-03 8:03,세류3동 신곡초교 후문 좌측 사거리,고정형,2023-12-01,,,
2023,수원시,권선구청,2023-03-03 8:07,권선2동 곡정초교 정문 좌측 사거리,고정형,2023-12-01,,,
2023,수원시,권선구청,2023-03-03 8:12,권선2동 곡정초교 정문 좌측 사거리,고정형,2023-12-01,,,
2023,수원시,권선구청,2023-03-03 8:13,서둔동 가온팰리스옆2,고정형,2023-12-01,,,
2023,수원시,권선구청,2023-03-03 8:26,서둔동 가온팰리스옆2,고정형,2023-12-01,,,
2023,수원시,권선구청,2023-03-03 8:31,경기도수원시권선구고색동 수원시 권선구 고색동 404,보행,2023-12-01,,,
2023,수원시,팔달구청,2023-03-03 8:52,고등동 수원초등학교 정문 좌측 사거리,고정형,2023-12-01,,,
2023,수원시,권선구청,2023-03-03 8:55,서둔동 가온팰리스옆2,고정형,2023-12-01,,,
2023,수원시,영통구청,2023-03-03 9:05,이의동 광교가재울마을사거리,고정형,2023-12-01,,,
2023,수원시,팔달구청,2023-03-03 9:13,인계동 드림캐슬주상복합,고정형,2023-12-01,,,
2023,수원시,권선구청,2023-03-03 9:25,금곡동 수원문산고속도로,주행형,2023-12-01,,,
2023,수원시,권선구청,2023-03-03 9:25,금곡동 수원문산고속도로,주행형,2023-12-01,,,
2023,수원시,영통구청,2023-03-03 9:35,영통동 매영로365번길,주행형,2023-12-01,,,
2023,수원시,영통구청,2023-03-03 9:35,영통동 매영로365번길,주행형,2023-12-01,,,
2023,수원시,영통구청,2023-03-03 9:35,영통동 매영로365번길,주행형,2023-12-01,,,
2023,수원시,영통구청,2023-03-03 9:35,영통동 매영로365번길,주행형,2023-12-01,,,
2023,수원시,영통구청,2023-03-03 9:35,영통동 매영로365번길,주행형,2023-12-01,,,
2023,수원시,영통구청,2023-03-03 9:35,영통동 매영로365번길,주행형,2023-12-01,,,
2023,수원시,영통구청,2023-03-03 9:35,영통동 매영로365번길,주행형,2023-12-01,,,
2023,수원시,영통구청,2023-03-03 9:35,영통동 매영로365번길,주행형,2023-12-01,,,
2023,수원시,영통구청,2023-03-03 9:36,영통동 매영로365번길,주행형,2023-12-01,,,
2023,수원시,팔달구청,2023-03-03 9:51,화서1동 수원역푸르지오자이 북문 우측,고정형,2023-12-01,,,
2023,수원시,팔달구청,2023-03-03 10:08,인계동 경인통계청,고정형,2023-12-01,,,
2023,수원시,팔달구청,2023-03-03 10:12,팔달로2가 팔달로2가 정조로796번길,주행형,2023-12-01,,,
2023,수원시,팔달구청,2023-03-03 10:12,남수동 남수동 정조로810번길,주행형,2023-12-01,,,
2023,수원시,팔달구청,2023-03-03 10:16,인계동 인계동 수원천로231번길,주행형,2023-12-01,,,
2023,수원시,팔달구청,2023-03-03 10:16,구천동 구천동 수원천로232-2,주행형,2023-12-01,,,
2023,수원시,권선구청,2023-03-03 10:20,오목천동 한화꿈에그린아파트 209동앞,고정형,2023-12-01,,,
2023,수원시,영통구청,2023-03-03 10:20,영통구 서천동 397-31,국민신문고,2023-12-01,,,
2023,수원시,팔달구청,2023-03-03 10:38,인계동 드림캐슬주상복합,고정형,2023-12-01,,,
2023,수원시,영통구청,2023-03-03 10:47,원천동 광교 한화겔러리아 앞,고정형,2023-12-01,,,
2023,수원시,영통구청,2023-03-03 10:49,원천동 광교아이파크올웨이즈앞,고정형,2023-12-01,,,
2023,수원시,영통구청,2023-03-03 11:27,망포동 힐스테이트 119동 ~방죽공원 삼거리,고정형,2023-12-01,,,
2023,수원시,영통구청,2023-03-03 11:43,이의동 광교가재울마을사거리,고정형,2023-12-01,,,
2023,수원시,영통구청,2023-03-03 11:43,이의동 광교가재울마을사거리,고정형,2023-12-01,,,
2023,수원시,팔달구청,2023-03-03 11:57,고등동 수원초등학교 정문 좌측 사거리,고정형,2023-12-01,,,
2023,수원시,권선구청,2023-03-03 12:57,입북동 당수초교 정문 우측 사거리,고정형,2023-12-01,,,
2023,수원시,권선구청,2023-03-03 12:57,입북동 당수초교 정문 우측 사거리,고정형,2023-12-01,,,
2023,수원시,권선구청,2023-03-03 13:02,입북동 당수초교 정문 우측 사거리,고정형,2023-12-01,,,
2023,수원시,팔달구청,2023-03-03 13:24,교동 수원향교 앞 팔달보건소 뒤,고정형,2023-12-01,,,
2023,수원시,장안구청,2023-03-03 13:53,천천동 화산로163번길,주행형,2023-12-01,,,
2023,수원시,장안구청,2023-03-03 13:53,천천동 화산로163번길,주행형,2023-12-01,,,
2023,수원시,장안구청,2023-03-03 13:53,천천동 화산로163번길,주행형,2023-12-01,,,
2023,수원시,장안구청,2023-03-03 13:53,천천동 화산로163번길,주행형,2023-12-01,,,
2023,수원시,팔달구청,2023-03-03 14:23,경기도수원시팔달구팔달로2가 수원시 팔달구 정조로 775-1,보행,2023-12-01,,,
2023,수원시,팔달구청,2023-03-03 14:25,경기도수원시팔달구팔달로2가 수원시 팔달구 정조로 775-1,보행,2023-12-01,,,
2023,수원시,영통구청,2023-03-03 14:41,이의동 드림스퀘어Ⅱ 앞,고정형,2023-12-01,,,
2023,수원시,팔달구청,2023-03-03 14:48,매산동 팅스몰 주차장 출구 옆,고정형,2023-12-01,,,
2023,수원시,영통구청,2023-03-03 14:49,이의동 드림스퀘어Ⅱ 앞,고정형,2023-12-01,,,
2023,수원시,팔달구청,2023-03-03 14:51,영동 영동 팔달문로9,주행형,2023-12-01,,,
2023,수원시,권선구청,2023-03-03 14:53,세류3동 신곡초교 후문 좌측 사거리,고정형,2023-12-01,,,
2023,수원시,팔달구청,2023-03-03 14:55,지동 지동 팔달문로 30,주행형,2023-12-01,,,
2023,수원시,팔달구청,2023-03-03 14:56,지동 지동 팔달문로32번길,주행형,2023-12-01,,,
2023,수원시,영통구청,2023-03-03 15:29,망포동 E-마트 에브리데이 앞,고정형,2023-12-01,37.2361017468141,127.060345496536,
2023,수원시,권선구청,2023-03-03 15:42,입북동 당수초교 정문 우측 사거리,고정형,2023-12-01,,,
2023,수원시,팔달구청,2023-03-03 15:42,인계동 드림캐슬주상복합,고정형,2023-12-01,,,
2023,수원시,영통구청,2023-03-03 15:48,이의동 드림스퀘어Ⅱ 앞,고정형,2023-12-01,,,
2023,수원시,권선구청,2023-03-03 15:50,권선2동 곡정초교 정문 좌측 사거리,고정형,2023-12-01,,,
2023,수원시,권선구청,2023-03-03 16:01,서둔동 가온팰리스옆2,고정형,2023-12-01,,,
2023,수원시,권선구청,2023-03-03 16:02,평동 고현초교 정문 좌측 삼거리,고정형,2023-12-01,,,
2023,수원시,권선구청,2023-03-03 16:02,서둔동 수원역한라비발디퍼스트 앞1,고정형,2023-12-01,,,
2023,수원시,팔달구청,2023-03-03 16:02,인계동 드림캐슬주상복합,고정형,2023-12-01,,,
2023,수원시,권선구청,2023-03-03 16:02,서둔동 가온팰리스옆2,고정형,2023-12-01,,,
2023,수원시,권선구청,2023-03-03 16:08,입북동 당수초교 정문 우측 사거리,고정형,2023-12-01,,,
2023,수원시,팔달구청,2023-03-03 16:09,매산동 팅스몰 주차장 출구 옆,고정형,2023-12-01,,,
2023,수원시,권선구청,2023-03-03 16:11,입북동 당수초교 정문 우측 사거리,고정형,2023-12-01,,,
2023,수원시,영통구청,2023-03-03 16:18,이의동 드림스퀘어Ⅱ 앞,고정형,2023-12-01,,,
2023,수원시,팔달구청,2023-03-03 16:19,인계동 드림캐슬주상복합,고정형,2023-12-01,,,
2023,수원시,팔달구청,2023-03-03 16:27,인계동 드림캐슬주상복합,고정형,2023-12-01,,,
2023,수원시,팔달구청,2023-03-03 16:27,인계동 드림캐슬주상복합,고정형,2023-12-01,,,
2023,수원시,영통구청,2023-03-03 16:29,망포동 E-마트 에브리데이 앞,고정형,2023-12-01,37.2361017468141,127.060345496536,
2023,수원시,영통구청,2023-03-03 16:33,이의동 드림스퀘어Ⅱ 앞,고정형,2023-12-01,,,
2023,수원시,팔달구청,2023-03-03 16:35,인계동 경인통계청,고정형,2023-12-01,,,
2023,수원시,팔달구청,2023-03-03 16:56,매산동 팅스몰 주차장 출구 옆,고정형,2023-12-01,,,
2023,수원시,팔달구청,2023-03-03 17:03,화서1동 수원역푸르지오자이 북문 우측,고정형,2023-12-01,,,
2023,수원시,권선구청,2023-03-03 17:30,서둔동 가온팰리스옆2,고정형,2023-12-01,,,
2023,수원시,권선구청,2023-03-03 17:33,서둔동 롯데몰9번출구앞주변,고정형,2023-12-01,,,
2023,수원시,영통구청,2023-03-03 17:39,영통동 마사회뒷길,고정형,2023-12-01,,,
2023,수원시,팔달구청,2023-03-03 17:39,매산동 팅스몰 주차장 출구 옆,고정형,2023-12-01,,,
2023,수원시,팔달구청,2023-03-03 18:13,인계동 드림캐슬주상복합,고정형,2023-12-01,,,
2023,수원시,팔달구청,2023-03-03 18:16,인계동 드림캐슬주상복합,고정형,2023-12-01,,,
2023,수원시,팔달구청,2023-03-03 18:16,인계동 드림캐슬주상복합,고정형,2023-12-01,,,
2023,수원시,팔달구청,2023-03-03 18:28,인계동 드림캐슬주상복합,고정형,2023-12-01,,,
2023,수원시,팔달구청,2023-03-03 18:31,인계동 드림캐슬주상복합,고정형,2023-12-01,,,
2023,수원시,팔달구청,2023-03-03 18:37,인계동 드림캐슬주상복합,고정형,2023-12-01,,,
2023,수원시,팔달구청,2023-03-03 18:37,인계동 드림캐슬주상복합,고정형,2023-12-01,,,
2023,수원시,팔달구청,2023-03-03 19:04,인계동 드림캐슬주상복합,고정형,2023-12-01,,,
2023,수원시,팔달구청,2023-03-03 19:04,매산동 팅스몰 주차장 출구 옆,고정형,2023-12-01,,,
2023,수원시,팔달구청,2023-03-03 19:21,매산동 덕영대로 895번길 9-8,고정형,2023-12-01,,,
2023,수원시,팔달구청,2023-03-03 19:28,인계동 드림캐슬주상복합,고정형,2023-12-01,,,
2023,수원시,영통구청,2023-03-03 19:28,원천동 광교매원초등학교,고정형,2023-12-01,,,
2023,수원시,팔달구청,2023-03-03 19:45,인계동 드림캐슬주상복합,고정형,2023-12-01,,,
2023,수원시,팔달구청,2023-03-03 19:54,인계동 드림캐슬주상복합,고정형,2023-12-01,,,
2023,수원시,영통구청,2023-03-03 19:55,망포동 E-마트 에브리데이 앞,고정형,2023-12-01,37.2361017468141,127.060345496536,
2023,수원시,팔달구청,2023-03-03 20:12,인계동 드림캐슬주상복합,고정형,2023-12-01,,,
2023,수원시,팔달구청,2023-03-03 20:31,매산동 팅스몰 주차장 출구 옆,고정형,2023-12-01,,,
2023,수원시,팔달구청,2023-03-03 20:32,인계동 드림캐슬주상복합,고정형,2023-12-01,,,
2023,수원시,팔달구청,2023-03-03 20:41,매산동 역전농협,고정형,2023-12-01,,,
2023,수원시,팔달구청,2023-03-03 20:57,인계동 드림캐슬주상복합,고정형,2023-12-01,,,
2023,수원시,권선구청,2023-03-04 7:13,서둔동 225-30,국민신문고,2023-12-01,,,
2023,수원시,권선구청,2023-03-04 8:42,서둔동 225-31,국민신문고,2023-12-01,,,
2023,수원시,권선구청,2023-03-04 8:46,서둔동 225-31,국민신문고,2023-12-01,,,
2023,수원시,권선구청,2023-03-04 8:47,서둔동 225-31,국민신문고,2023-12-01,,,
2023,수원시,팔달구청,2023-03-04 9:02,매산동 팅스몰 주차장 출구 옆,고정형,2023-12-01,,,
2023,수원시,권선구청,2023-03-04 9:03,서둔동 가온팰리스옆2,고정형,2023-12-01,,,
2023,수원시,권선구청,2023-03-04 9:03,서둔동 가온팰리스옆1,고정형,2023-12-01,,,
2023,수원시,권선구청,2023-03-04 9:03,곡반정동 하나로마트한국빌딩앞,고정형,2023-12-01,,,
2023,수원시,팔달구청,2023-03-04 9:03,인계동 경인통계청,고정형,2023-12-01,,,
2023,수원시,권선구청,2023-03-04 9:04,서둔동 가온팰리스옆1,고정형,2023-12-01,,,
2023,수원시,팔달구청,2023-03-04 9:04,인계동 드림캐슬주상복합,고정형,2023-12-01,,,
2023,수원시,권선구청,2023-03-04 9:05,곡반정동 하나로마트한국빌딩앞,고정형,2023-12-01,,,
2023,수원시,팔달구청,2023-03-04 9:06,매산동 팅스몰 주차장 출구 옆,고정형,2023-12-01,,,
2023,수원시,팔달구청,2023-03-04 9:07,인계동 경인통계청,고정형,2023-12-01,,,
2023,수원시,권선구청,2023-03-04 9:09,오목천동 한화꿈에그린아파트 209동앞,고정형,2023-12-01,,,
2023,수원시,팔달구청,2023-03-04 9:10,행궁동 팔달문 버스정류장,고정형,2023-12-01,,,
2023,수원시,권선구청,2023-03-04 9:13,평동 수원역고가밑 (애경뒷길),고정형,2023-12-01,,,
2023,수원시,권선구청,2023-03-04 9:31,서둔동 롯데몰 육교건너,고정형,2023-12-01,,,
2023,수원시,권선구청,2023-03-04 9:33,곡반정동 궁촌육교앞,고정형,2023-12-01,,,
2023,수원시,팔달구청,2023-03-04 9:48,화서1동 수원역푸르지오자이 북문 우측,고정형,2023-12-01,,,
2023,수원시,영통구청,2023-03-04 10:07,원천동 광교 한화겔러리아 앞,고정형,2023-12-01,,,
2023,수원시,팔달구청,2023-03-04 10:25,화서1동 수원역푸르지오자이 북문 우측,고정형,2023-12-01,,,
2023,수원시,팔달구청,2023-03-04 10:26,매산동 역전농협,고정형,2023-12-01,,,
2023,수원시,권선구청,2023-03-04 10:32,서둔동 수원역한라비발디퍼스트 앞2,고정형,2023-12-01,,,
2023,수원시,영통구청,2023-03-04 10:32,이의동 광교가재울마을사거리,고정형,2023-12-01,,,
2023,수원시,영통구청,2023-03-04 11:31,하동 광교호반마을한양수자인,고정형,2023-12-01,,,
2023,수원시,영통구청,2023-03-04 11:33,망포동 힐스테이트 119동 ~방죽공원 삼거리,고정형,2023-12-01,,,
2023,수원시,영통구청,2023-03-04 11:57,망포동 E-마트 에브리데이 앞,고정형,2023-12-01,37.2361017468141,127.060345496536,
2023,수원시,영통구청,2023-03-04 12:42,하동 광교호반마을한양수자인,고정형,2023-12-01,,,
2023,수원시,영통구청,2023-03-04 12:43,영통동 롯데마트 뒤,고정형,2023-12-01,37.27220279535416,127.10856729001851,
2023,수원시,영통구청,2023-03-04 13:38,망포동 E-마트 에브리데이 앞,고정형,2023-12-01,37.2361017468141,127.060345496536,
2023,수원시,팔달구청,2023-03-04 14:14,화서1동 수원역푸르지오자이 북문 우측,고정형,2023-12-01,,,
2023,수원시,권선구청,2023-03-04 14:32,서둔동 롯데몰9번출구앞주변,고정형,2023-12-01,,,
2023,수원시,팔달구청,2023-03-04 14:32,인계동 경인통계청,고정형,2023-12-01,,,
2023,수원시,팔달구청,2023-03-04 14:33,인계동 경인통계청,고정형,2023-12-01,,,
2023,수원시,팔달구청,2023-03-04 14:33,인계동 드림캐슬주상복합,고정형,2023-12-01,,,
2023,수원시,영통구청,2023-03-04 14:33,영통동 보보스스포츠센터앞,고정형,2023-12-01,,,
2023,수원시,팔달구청,2023-03-04 14:33,인계동 드림캐슬주상복합,고정형,2023-12-01,,,
2023,수원시,권선구청,2023-03-04 14:34,서둔동 롯데몰9번출구앞주변,고정형,2023-12-01,,,
2023,수원시,팔달구청,2023-03-04 14:34,인계동 한국씨티은행,고정형,2023-12-01,,,
2023,수원시,팔달구청,2023-03-04 14:35,인계동 경인통계청,고정형,2023-12-01,,,
2023,수원시,권선구청,2023-03-04 14:35,서둔동 가온팰리스옆2,고정형,2023-12-01,,,
2023,수원시,팔달구청,2023-03-04 14:35,인계동 드림캐슬주상복합,고정형,2023-12-01,,,
2023,수원시,팔달구청,2023-03-04 14:37,인계동 경인통계청,고정형,2023-12-01,,,
2023,수원시,권선구청,2023-03-04 14:39,서둔동 가온팰리스옆2,고정형,2023-12-01,,,
2023,수원시,권선구청,2023-03-04 14:40,평동 수원역고가밑 정류장,고정형,2023-12-01,,,
2023,수원시,권선구청,2023-03-04 14:40,서둔동 롯데몰9번출구앞주변,고정형,2023-12-01,,,
2023,수원시,권선구청,2023-03-04 14:40,서둔동 수원역한라비발디퍼스트 앞2,고정형,2023-12-01,,,
2023,수원시,권선구청,2023-03-04 14:48,서둔동 수원역한라비발디퍼스트 앞1,고정형,2023-12-01,,,
2023,수원시,권선구청,2023-03-04 14:51,서둔동 롯데몰9번출구앞주변,고정형,2023-12-01,,,
2023,수원시,팔달구청,2023-03-04 14:53,행궁동 화홍사랑채,고정형,2023-12-01,,,
2023,수원시,권선구청,2023-03-04 15:02,서둔동 수원역한라비발디퍼스트 앞1,고정형,2023-12-01,,,
2023,수원시,권선구청,2023-03-04 15:14,서둔동 수원역한라비발디퍼스트 앞1,고정형,2023-12-01,,,
2023,수원시,권선구청,2023-03-04 15:17,서둔동 수원역한라비발디퍼스트 앞1,고정형,2023-12-01,,,
2023,수원시,권선구청,2023-03-04 15:21,서둔동 수원역한라비발디퍼스트 앞1,고정형,2023-12-01,,,
2023,수원시,권선구청,2023-03-04 15:22,곡반정동 하나로마트한국빌딩앞,고정형,2023-12-01,,,
2023,수원시,권선구청,2023-03-04 15:22,곡반정동 하나로마트한국빌딩앞,고정형,2023-12-01,,,
2023,수원시,팔달구청,2023-03-04 15:26,인계동 경인통계청,고정형,2023-12-01,,,
2023,수원시,팔달구청,2023-03-04 15:26,화서1동 수원역푸르지오자이 북문 우측,고정형,2023-12-01,,,
2023,수원시,팔달구청,2023-03-04 15:28,매산동 팅스몰 주차장 출구 옆,고정형,2023-12-01,,,
2023,수원시,팔달구청,2023-03-04 15:31,인계동 한국씨티은행,고정형,2023-12-01,,,
2023,수원시,권선구청,2023-03-04 15:39,서둔동 수원역한라비발디퍼스트 앞1,고정형,2023-12-01,,,
2023,수원시,팔달구청,2023-03-04 15:39,매산동 팅스몰 주차장 출구 옆,고정형,2023-12-01,,,
2023,수원시,권선구청,2023-03-04 15:40,호매실동 금호프라자 대각 맞은편,고정형,2023-12-01,,,
2023,수원시,권선구청,2023-03-04 15:41,서둔동 수원역한라비발디퍼스트 앞1,고정형,2023-12-01,,,
2023,수원시,권선구청,2023-03-04 15:46,서둔동 롯데몰9번출구앞주변,고정형,2023-12-01,,,
2023,수원시,팔달구청,2023-03-04 15:54,매산동 팅스몰 주차장 출구 옆,고정형,2023-12-01,,,
2023,수원시,영통구청,2023-03-04 15:59,광교동 광교더사랑교회뒷길,고정형,2023-12-01,,,
2023,수원시,권선구청,2023-03-04 16:05,서둔동 가온팰리스옆2,고정형,2023-12-01,,,
2023,수원시,팔달구청,2023-03-04 16:05,경기도수원시팔달구고등동 수원시 팔달구 팔달로 120번길 6,보행,2023-12-01,,,
2023,수원시,팔달구청,2023-03-04 16:06,경기도수원시팔달구고등동 수원시 팔달구 팔달로 120번길 6,보행,2023-12-01,,,
2023,수원시,팔달구청,2023-03-04 16:06,경기도수원시팔달구고등동 수원시 팔달구 팔달로 120번길 6,보행,2023-12-01,,,
2023,수원시,팔달구청,2023-03-04 16:06,경기도수원시팔달구고등동 수원시 팔달구 팔달로 120번길 6,보행,2023-12-01,,,
2023,수원시,팔달구청,2023-03-04 16:07,경기도수원시팔달구고등동 수원시 팔달구 팔달로 120번길 6,보행,2023-12-01,,,
2023,수원시,권선구청,2023-03-04 16:08,서둔동 수원역한라비발디퍼스트 앞2,고정형,2023-12-01,,,
2023,수원시,권선구청,2023-03-04 16:10,서둔동 가온팰리스옆1,고정형,2023-12-01,,,
2023,수원시,권선구청,2023-03-04 16:11,서둔동 수원역한라비발디퍼스트 앞2,고정형,2023-12-01,,,
2023,수원시,권선구청,2023-03-04 16:11,서둔동 롯데몰9번출구앞주변,고정형,2023-12-01,,,
2023,수원시,권선구청,2023-03-04 16:13,서둔동 수원역한라비발디퍼스트 앞2,고정형,2023-12-01,,,
2023,수원시,팔달구청,2023-03-04 16:15,화서1동 수원역푸르지오자이 북문 우측,고정형,2023-12-01,,,
2023,수원시,권선구청,2023-03-04 16:18,서둔동 수원역한라비발디퍼스트 앞2,고정형,2023-12-01,,,
2023,수원시,권선구청,2023-03-04 16:25,서둔동 수원역한라비발디퍼스트 앞1,고정형,2023-12-01,,,
2023,수원시,팔달구청,2023-03-04 16:29,화서1동 수원역푸르지오자이 북문 우측,고정형,2023-12-01,,,
2023,수원시,팔달구청,2023-03-04 16:29,매산동 팅스몰 주차장 출구 옆,고정형,2023-12-01,,,
2023,수원시,권선구청,2023-03-04 16:32,평동 수원역고가밑 (애경뒷길),고정형,2023-12-01,,,
2023,수원시,권선구청,2023-03-04 16:39,서둔동 수원역한라비발디퍼스트 앞2,고정형,2023-12-01,,,
2023,수원시,권선구청,2023-03-04 16:42,서둔동 수원역한라비발디퍼스트 앞1,고정형,2023-12-01,,,
2023,수원시,팔달구청,2023-03-04 16:52,화서1동 수원역푸르지오자이 북문 우측,고정형,2023-12-01,,,
2023,수원시,권선구청,2023-03-04 16:52,서둔동 롯데몰9번출구앞주변,고정형,2023-12-01,,,
2023,수원시,권선구청,2023-03-04 17:04,곡반정동 하나로마트한국빌딩앞,고정형,2023-12-01,,,
2023,수원시,권선구청,2023-03-04 17:06,곡반정동 하나로마트한국빌딩앞,고정형,2023-12-01,,,
2023,수원시,팔달구청,2023-03-04 17:07,행궁동 화홍사랑채,고정형,2023-12-01,,,
2023,수원시,권선구청,2023-03-04 17:07,서둔동 수원역한라비발디퍼스트 앞1,고정형,2023-12-01,,,
2023,수원시,권선구청,2023-03-04 17:08,서둔동 수원역한라비발디퍼스트 앞1,고정형,2023-12-01,,,
2023,수원시,팔달구청,2023-03-04 17:12,경기도수원시팔달구남창동 수원시 팔달구 남창동 134,보행,2023-12-01,,,
2023,수원시,팔달구청,2023-03-04 17:12,경기도수원시팔달구남창동 수원시 팔달구 남창동 134,보행,2023-12-01,,,
2023,수원시,권선구청,2023-03-04 17:13,서둔동 수원역한라비발디퍼스트 앞1,고정형,2023-12-01,,,
2023,수원시,팔달구청,2023-03-04 17:13,경기도수원시팔달구남창동 수원시 팔달구 남창동 134,보행,2023-12-01,,,
2023,수원시,권선구청,2023-03-04 17:14,서둔동 수원역한라비발디퍼스트 앞1,고정형,2023-12-01,,,
2023,수원시,권선구청,2023-03-04 17:14,서둔동 수원역한라비발디퍼스트 앞1,고정형,2023-12-01,,,
2023,수원시,권선구청,2023-03-04 17:15,서둔동 수원역한라비발디퍼스트 앞1,고정형,2023-12-01,,,
2023,수원시,팔달구청,2023-03-04 17:18,인계동 한국씨티은행,고정형,2023-12-01,,,
2023,수원시,팔달구청,2023-03-04 17:21,인계동 드림캐슬주상복합,고정형,2023-12-01,,,
2023,수원시,권선구청,2023-03-04 17:30,서둔동 수원역한라비발디퍼스트 앞2,고정형,2023-12-01,,,
2023,수원시,영통구청,2023-03-04 17:30,이의동 광교가재울마을사거리,고정형,2023-12-01,,,
2023,수원시,권선구청,2023-03-04 17:31,서둔동 수원역한라비발디퍼스트 앞2,고정형,2023-12-01,,,
2023,수원시,팔달구청,2023-03-04 17:47,화서1동 수원역푸르지오자이 북문 우측,고정형,2023-12-01,,,
2023,수원시,팔달구청,2023-03-04 17:54,매산동 팅스몰 주차장 출구 옆,고정형,2023-12-01,,,
2023,수원시,팔달구청,2023-03-04 18:01,매산동 팅스몰 주차장 출구 옆,고정형,2023-12-01,,,
2023,수원시,팔달구청,2023-03-04 18:29,인계동 드림캐슬주상복합,고정형,2023-12-01,,,
2023,수원시,팔달구청,2023-03-04 18:45,화서1동 수원역푸르지오자이 북문 우측,고정형,2023-12-01,,,
2023,수원시,팔달구청,2023-03-04 18:45,화서1동 수원역푸르지오자이 북문 우측,고정형,2023-12-01,,,
2023,수원시,팔달구청,2023-03-04 18:48,매산동 팅스몰 주차장 출구 옆,고정형,2023-12-01,,,
2023,수원시,팔달구청,2023-03-04 18:51,매산동 팅스몰 주차장 출구 옆,고정형,2023-12-01,,,
2023,수원시,팔달구청,2023-03-04 18:51,인계동 드림캐슬주상복합,고정형,2023-12-01,,,
2023,수원시,팔달구청,2023-03-04 19:06,매산동 팅스몰 주차장 출구 옆,고정형,2023-12-01,,,
2023,수원시,팔달구청,2023-03-04 19:09,인계동 드림캐슬주상복합,고정형,2023-12-01,,,
2023,수원시,팔달구청,2023-03-04 19:11,인계동 드림캐슬주상복합,고정형,2023-12-01,,,
2023,수원시,팔달구청,2023-03-04 19:32,화서1동 수원역푸르지오자이 북문 우측,고정형,2023-12-01,,,
2023,수원시,팔달구청,2023-03-04 19:32,화서1동 수원역푸르지오자이 북문 우측,고정형,2023-12-01,,,
2023,수원시,팔달구청,2023-03-04 19:40,화서1동 수원역푸르지오자이 북문 우측,고정형,2023-12-01,,,
2023,수원시,팔달구청,2023-03-04 19:59,매산동 역전농협,고정형,2023-12-01,,,
2023,수원시,팔달구청,2023-03-04 20:02,인계동 드림캐슬주상복합,고정형,2023-12-01,,,
2023,수원시,팔달구청,2023-03-04 20:05,매산동 역전농협,고정형,2023-12-01,,,
2023,수원시,권선구청,2023-03-05 9:02,곡반정동 하나로마트한국빌딩앞,고정형,2023-12-01,,,
2023,수원시,권선구청,2023-03-05 9:02,곡반정동 하나로마트한국빌딩앞,고정형,2023-12-01,,,
2023,수원시,권선구청,2023-03-05 9:02,곡반정동 하나로마트한국빌딩앞,고정형,2023-12-01,,,
2023,수원시,권선구청,2023-03-05 9:03,서둔동 수원역한라비발디퍼스트 앞1,고정형,2023-12-01,,,
2023,수원시,권선구청,2023-03-05 9:03,서둔동 가온팰리스옆2,고정형,2023-12-01,,,
2023,수원시,팔달구청,2023-03-05 9:03,화서1동 수원역푸르지오자이 북문 우측,고정형,2023-12-01,,,
2023,수원시,팔달구청,2023-03-05 9:04,매산동 팅스몰 주차장 출구 옆,고정형,2023-12-01,,,
2023,수원시,팔달구청,2023-03-05 9:04,인계동 드림캐슬주상복합,고정형,2023-12-01,,,
2023,수원시,팔달구청,2023-03-05 9:04,매산동 팅스몰 주차장 출구 옆,고정형,2023-12-01,,,
2023,수원시,팔달구청,2023-03-05 9:04,인계동 드림캐슬주상복합,고정형,2023-12-01,,,
2023,수원시,팔달구청,2023-03-05 9:05,인계동 드림캐슬주상복합,고정형,2023-12-01,,,
2023,수원시,팔달구청,2023-03-05 9:07,인계동 드림캐슬주상복합,고정형,2023-12-01,,,
2023,수원시,팔달구청,2023-03-05 9:31,매산동 팅스몰 주차장 출구 옆,고정형,2023-12-01,,,
2023,수원시,권선구청,2023-03-05 9:42,평동 수원역고가밑 (애경뒷길),고정형,2023-12-01,,,
2023,수원시,팔달구청,2023-03-05 9:45,화서1동 수원역푸르지오자이 북문 우측,고정형,2023-12-01,,,
2023,수원시,권선구청,2023-03-05 9:49,곡반정동 하나로마트한국빌딩앞,고정형,2023-12-01,,,
2023,수원시,팔달구청,2023-03-05 10:53,경기도수원시팔달구우만동 수원시 팔달구 우만동 136,보행,2023-12-01,,,
2023,수원시,팔달구청,2023-03-05 10:58,화서1동 푸르지오자이 북문 CU 앞 횡단보도,고정형,2023-12-01,,,
2023,수원시,팔달구청,2023-03-05 11:07,화서1동 수원역푸르지오자이 북문 우측,고정형,2023-12-01,,,
2023,수원시,팔달구청,2023-03-05 11:26,화서1동 수원역푸르지오자이 북문 우측,고정형,2023-12-01,,,
2023,수원시,팔달구청,2023-03-05 12:21,화서1동 수원역푸르지오자이 북문 우측,고정형,2023-12-01,,,
2023,수원시,팔달구청,2023-03-05 12:28,매교동 매교동 287-66 횡단보도,국민신문고,2023-12-01,,,
2023,수원시,영통구청,2023-03-05 12:52,영통동 마사회뒷길,고정형,2023-12-01,,,
2023,수원시,권선구청,2023-03-05 13:04,오목천동 527-5,국민신문고,2023-12-01,,,
2023,수원시,팔달구청,2023-03-05 13:15,화서1동 수원역푸르지오자이 북문 우측,고정형,2023-12-01,,,
2023,수원시,영통구청,2023-03-05 14:12,영통동 롯데마트 뒤,고정형,2023-12-01,37.27220279535416,127.10856729001851,
2023,수원시,팔달구청,2023-03-05 14:32,매산동 팅스몰 주차장 출구 옆,고정형,2023-12-01,,,
2023,수원시,권선구청,2023-03-05 14:32,곡반정동 하나로마트한국빌딩앞,고정형,2023-12-01,,,
2023,수원시,영통구청,2023-03-05 14:33,이의동 드림스퀘어Ⅱ 앞,고정형,2023-12-01,,,
2023,수원시,팔달구청,2023-03-05 14:33,인계동 경인통계청,고정형,2023-12-01,,,
2023,수원시,팔달구청,2023-03-05 14:33,행궁동 화홍사랑채,고정형,2023-12-01,,,
2023,수원시,팔달구청,2023-03-05 14:34,인계동 경인통계청,고정형,2023-12-01,,,
2023,수원시,권선구청,2023-03-05 14:34,서둔동 수원역한라비발디퍼스트 앞1,고정형,2023-12-01,,,
2023,수원시,권선구청,2023-03-05 14:34,서둔동 수원역한라비발디퍼스트 앞1,고정형,2023-12-01,,,
2023,수원시,팔달구청,2023-03-05 14:35,인계동 드림캐슬주상복합,고정형,2023-12-01,,,
2023,수원시,권선구청,2023-03-05 14:35,서둔동 수원역한라비발디퍼스트 앞1,고정형,2023-12-01,,,
2023,수원시,권선구청,2023-03-05 14:35,서둔동 수원역한라비발디퍼스트 앞1,고정형,2023-12-01,,,
2023,수원시,팔달구청,2023-03-05 14:36,인계동 드림캐슬주상복합,고정형,2023-12-01,,,
2023,수원시,권선구청,2023-03-05 14:36,서둔동 수원역한라비발디퍼스트 앞1,고정형,2023-12-01,,,
2023,수원시,팔달구청,2023-03-05 14:36,인계동 경인통계청,고정형,2023-12-01,,,
2023,수원시,영통구청,2023-03-05 14:39,이의동 드림스퀘어Ⅱ 앞,고정형,2023-12-01,,,
2023,수원시,권선구청,2023-03-05 14:39,서둔동 수원역한라비발디퍼스트 앞2,고정형,2023-12-01,,,
2023,수원시,권선구청,2023-03-05 14:40,서둔동 수원역한라비발디퍼스트 앞2,고정형,2023-12-01,,,
2023,수원시,권선구청,2023-03-05 14:40,서둔동 수원역한라비발디퍼스트 앞1,고정형,2023-12-01,,,
2023,수원시,권선구청,2023-03-05 14:40,서둔동 수원역한라비발디퍼스트 앞1,고정형,2023-12-01,,,
2023,수원시,권선구청,2023-03-05 14:40,서둔동 수원역한라비발디퍼스트 앞2,고정형,2023-12-01,,,
2023,수원시,권선구청,2023-03-05 14:40,서둔동 수원역한라비발디퍼스트 앞2,고정형,2023-12-01,,,
2023,수원시,팔달구청,2023-03-05 14:41,인계동 한국씨티은행,고정형,2023-12-01,,,
2023,수원시,팔달구청,2023-03-05 14:41,인계동 경인통계청,고정형,2023-12-01,,,
2023,수원시,권선구청,2023-03-05 14:50,곡반정동 하나로마트한국빌딩앞,고정형,2023-12-01,,,
2023,수원시,팔달구청,2023-03-05 14:55,인계동 드림캐슬주상복합,고정형,2023-12-01,,,
2023,수원시,팔달구청,2023-03-05 14:58,신풍동 미술관로터리,고정형,2023-12-01,,,
2023,수원시,권선구청,2023-03-05 15:00,서둔동 수원역한라비발디퍼스트 앞2,고정형,2023-12-01,,,
2023,수원시,영통구청,2023-03-05 15:03,이의동 드림스퀘어Ⅱ 앞,고정형,2023-12-01,,,
2023,수원시,팔달구청,2023-03-05 15:05,인계동 한국씨티은행,고정형,2023-12-01,,,
2023,수원시,팔달구청,2023-03-05 15:06,인계동 드림캐슬주상복합,고정형,2023-12-01,,,
2023,수원시,팔달구청,2023-03-05 15:06,인계동 드림캐슬주상복합,고정형,2023-12-01,,,
2023,수원시,권선구청,2023-03-05 15:12,서둔동 수원역한라비발디퍼스트 앞1,고정형,2023-12-01,,,
2023,수원시,팔달구청,2023-03-05 15:14,화서1동 푸르지오자이 북문 CU 앞 횡단보도,고정형,2023-12-01,,,
2023,수원시,팔달구청,2023-03-05 15:14,행궁동 팔달문 버스정류장,고정형,2023-12-01,,,
2023,수원시,권선구청,2023-03-05 15:15,서둔동 롯데몰9번출구앞주변,고정형,2023-12-01,,,
2023,수원시,팔달구청,2023-03-05 15:16,인계동 경인통계청,고정형,2023-12-01,,,
2023,수원시,권선구청,2023-03-05 15:17,서둔동 수원역한라비발디퍼스트 앞1,고정형,2023-12-01,,,
2023,수원시,권선구청,2023-03-05 15:22,서둔동 수원역한라비발디퍼스트 앞1,고정형,2023-12-01,,,
2023,수원시,권선구청,2023-03-05 15:24,평동 수원역고가밑 (애경뒷길),고정형,2023-12-01,,,
2023,수원시,팔달구청,2023-03-05 15:27,인계동 드림캐슬주상복합,고정형,2023-12-01,,,
2023,수원시,팔달구청,2023-03-05 15:32,화서1동 푸르지오자이 북문 CU 앞 횡단보도,고정형,2023-12-01,,,
2023,수원시,팔달구청,2023-03-05 15:32,화서1동 푸르지오자이 북문 CU 앞 횡단보도,고정형,2023-12-01,,,
2023,수원시,권선구청,2023-03-05 15:34,호매실동 금호프라자 대각 맞은편,고정형,2023-12-01,,,
2023,수원시,영통구청,2023-03-05 15:35,이의동 드림스퀘어Ⅱ 앞,고정형,2023-12-01,,,
2023,수원시,권선구청,2023-03-05 15:37,서둔동 롯데몰9번출구앞주변,고정형,2023-12-01,,,
2023,수원시,권선구청,2023-03-05 15:39,서둔동 수원역한라비발디퍼스트 앞1,고정형,2023-12-01,,,
2023,수원시,권선구청,2023-03-05 15:42,평동 수원역고가밑 (애경뒷길),고정형,2023-12-01,,,
2023,수원시,권선구청,2023-03-05 15:49,서둔동 수원역한라비발디퍼스트 앞2,고정형,2023-12-01,,,
2023,수원시,팔달구청,2023-03-05 15:50,행궁동 화홍사랑채,고정형,2023-12-01,,,
2023,수원시,팔달구청,2023-03-05 15:51,매산동 팅스몰 주차장 출구 옆,고정형,2023-12-01,,,
2023,수원시,권선구청,2023-03-05 15:53,서둔동 수원역한라비발디퍼스트 앞1,고정형,2023-12-01,,,
2023,수원시,권선구청,2023-03-05 16:00,호매실동 금호프라자 대각 맞은편,고정형,2023-12-01,,,
2023,수원시,권선구청,2023-03-05 16:00,호매실동 금호프라자 대각 맞은편,고정형,2023-12-01,,,
2023,수원시,권선구청,2023-03-05 16:00,호매실동 금호프라자 대각 맞은편,고정형,2023-12-01,,,
2023,수원시,권선구청,2023-03-05 16:02,서둔동 수원역한라비발디퍼스트 앞1,고정형,2023-12-01,,,
2023,수원시,권선구청,2023-03-05 16:06,서둔동 롯데몰9번출구앞주변,고정형,2023-12-01,,,
2023,수원시,권선구청,2023-03-05 16:07,서둔동 롯데몰9번출구앞주변,고정형,2023-12-01,,,
2023,수원시,권선구청,2023-03-05 16:07,서둔동 수원역한라비발디퍼스트 앞1,고정형,2023-12-01,,,
2023,수원시,팔달구청,2023-03-05 16:12,인계동 경인통계청,고정형,2023-12-01,,,
2023,수원시,권선구청,2023-03-05 16:12,서둔동 수원역한라비발디퍼스트 앞2,고정형,2023-12-01,,,
2023,수원시,권선구청,2023-03-05 16:18,서둔동 롯데몰9번출구앞주변,고정형,2023-12-01,,,
2023,수원시,권선구청,2023-03-05 16:24,서둔동 수원역한라비발디퍼스트 앞2,고정형,2023-12-01,,,
2023,수원시,권선구청,2023-03-05 16:24,서둔동 수원역한라비발디퍼스트 앞1,고정형,2023-12-01,,,
2023,수원시,권선구청,2023-03-05 16:25,오목천동 한화꿈에그린아파트 209동앞,고정형,2023-12-01,,,
2023,수원시,팔달구청,2023-03-05 16:26,매산동 팅스몰 주차장 출구 옆,고정형,2023-12-01,,,
2023,수원시,팔달구청,2023-03-05 16:32,인계동 드림캐슬주상복합,고정형,2023-12-01,,,
2023,수원시,팔달구청,2023-03-05 16:33,화서1동 푸르지오자이 북문 CU 앞 횡단보도,고정형,2023-12-01,,,
2023,수원시,팔달구청,2023-03-05 16:33,신풍동 미술관로터리,고정형,2023-12-01,,,
2023,수원시,팔달구청,2023-03-05 16:36,행궁동 화홍사랑채,고정형,2023-12-01,,,
2023,수원시,팔달구청,2023-03-05 16:38,경기도수원시팔달구고등동 수원시 팔달구 팔달로 120번길 6,보행,2023-12-01,,,
2023,수원시,권선구청,2023-03-05 16:39,서둔동 수원역한라비발디퍼스트 앞2,고정형,2023-12-01,,,
2023,수원시,팔달구청,2023-03-05 16:41,인계동 경인통계청,고정형,2023-12-01,,,
2023,수원시,팔달구청,2023-03-05 16:45,경기도수원시팔달구화서동 수원시 팔달구 화서동 202,보행,2023-12-01,,,
2023,수원시,팔달구청,2023-03-05 16:46,매산동 팅스몰 주차장 출구 옆,고정형,2023-12-01,,,
2023,수원시,권선구청,2023-03-05 16:47,평동 수원역고가밑 (애경뒷길),고정형,2023-12-01,,,
2023,수원시,권선구청,2023-03-05 16:48,곡반정동 하나로마트한국빌딩앞,고정형,2023-12-01,,,
2023,수원시,권선구청,2023-03-05 16:48,곡반정동 하나로마트한국빌딩앞,고정형,2023-12-01,,,
2023,수원시,권선구청,2023-03-05 16:49,서둔동 롯데몰9번출구앞주변,고정형,2023-12-01,,,
2023,수원시,권선구청,2023-03-05 16:54,서둔동 수원역한라비발디퍼스트 앞1,고정형,2023-12-01,,,
2023,수원시,권선구청,2023-03-05 17:07,서둔동 수원역한라비발디퍼스트 앞1,고정형,2023-12-01,,,
2023,수원시,팔달구청,2023-03-05 17:08,고등동 역전농협,고정형,2023-12-01,,,
2023,수원시,권선구청,2023-03-05 17:14,곡반정동 하나로마트한국빌딩앞,고정형,2023-12-01,,,
2023,수원시,권선구청,2023-03-05 17:21,서둔동 수원역한라비발디퍼스트 앞1,고정형,2023-12-01,,,
2023,수원시,팔달구청,2023-03-05 17:25,인계동 경인통계청,고정형,2023-12-01,,,
2023,수원시,팔달구청,2023-03-05 17:28,매산동 팅스몰 주차장 출구 옆,고정형,2023-12-01,,,
2023,수원시,팔달구청,2023-03-05 17:28,매산동 팅스몰 주차장 출구 옆,고정형,2023-12-01,,,
2023,수원시,팔달구청,2023-03-05 17:31,행궁동 화홍사랑채,고정형,2023-12-01,,,
2023,수원시,권선구청,2023-03-05 17:34,서둔동 수원역한라비발디퍼스트 앞2,고정형,2023-12-01,,,
2023,수원시,권선구청,2023-03-05 17:34,서둔동 수원역한라비발디퍼스트 앞2,고정형,2023-12-01,,,
2023,수원시,권선구청,2023-03-05 17:41,서둔동 수원역한라비발디퍼스트 앞2,고정형,2023-12-01,,,
2023,수원시,팔달구청,2023-03-05 17:41,매산동 팅스몰 주차장 출구 옆,고정형,2023-12-01,,,
2023,수원시,팔달구청,2023-03-05 17:48,인계동 경인통계청,고정형,2023-12-01,,,
2023,수원시,팔달구청,2023-03-05 18:09,화서1동 수원역푸르지오자이 북문 우측,고정형,2023-12-01,,,
2023,수원시,팔달구청,2023-03-05 18:26,인계동 드림캐슬주상복합,고정형,2023-12-01,,,
2023,수원시,팔달구청,2023-03-05 18:39,매산동 팅스몰 주차장 출구 옆,고정형,2023-12-01,,,
2023,수원시,팔달구청,2023-03-05 19:02,매산동 팅스몰 주차장 출구 옆,고정형,2023-12-01,,,
2023,수원시,팔달구청,2023-03-05 19:21,매산동 팅스몰 주차장 출구 옆,고정형,2023-12-01,,,
2023,수원시,팔달구청,2023-03-05 19:55,매산동 팅스몰 주차장 출구 옆,고정형,2023-12-01,,,
2023,수원시,팔달구청,2023-03-05 19:59,매산동 팅스몰 주차장 출구 옆,고정형,2023-12-01,,,
2023,수원시,팔달구청,2023-03-05 19:59,매산동 팅스몰 주차장 출구 옆,고정형,2023-12-01,,,
2023,수원시,팔달구청,2023-03-05 20:18,인계동 역전농협,고정형,2023-12-01,,,
2023,수원시,팔달구청,2023-03-05 20:43,매산동 역전농협,고정형,2023-12-01,,,
2023,수원시,권선구청,2023-03-06 6:01,곡반정동 156-9,국민신문고,2023-12-01,,,
2023,수원시,권선구청,2023-03-06 6:03,곡반정동 562-9,국민신문고,2023-12-01,,,
2023,수원시,팔달구청,2023-03-06 7:02,화서1동 수원역푸르지오자이 북문 우측,고정형,2023-12-01,,,
2023,수원시,팔달구청,2023-03-06 7:33,인계동 드림캐슬주상복합,고정형,2023-12-01,,,
2023,수원시,팔달구청,2023-03-06 7:34,인계동 드림캐슬주상복합,고정형,2023-12-01,,,
2023,수원시,팔달구청,2023-03-06 7:36,매산동 팅스몰 주차장 출구 옆,고정형,2023-12-01,,,
2023,수원시,권선구청,2023-03-06 8:03,서둔동 가온팰리스옆1,고정형,2023-12-01,,,
2023,수원시,권선구청,2023-03-06 8:03,서둔동 가온팰리스옆1,고정형,2023-12-01,,,
2023,수원시,권선구청,2023-03-06 8:04,곡반정동 하나로마트한국빌딩앞,고정형,2023-12-01,,,
2023,수원시,권선구청,2023-03-06 8:07,권선2동 곡정초교 정문 좌측 사거리,고정형,2023-12-01,,,
2023,수원시,권선구청,2023-03-06 8:59,서둔동 225-31,국민신문고,2023-12-01,,,
2023,수원시,권선구청,2023-03-06 9:06,서둔동 가온팰리스옆1,고정형,2023-12-01,,,
2023,수원시,팔달구청,2023-03-06 9:26,화서1동 화서초등학교 둘레길 중간지점,고정형,2023-12-01,,,
2023,수원시,팔달구청,2023-03-06 9:29,인계동 드림캐슬주상복합,고정형,2023-12-01,,,
2023,수원시,팔달구청,2023-03-06 9:37,인계동 드림캐슬주상복합,고정형,2023-12-01,,,
2023,수원시,권선구청,2023-03-06 10:04,서둔동 가온팰리스옆1,고정형,2023-12-01,,,
2023,수원시,권선구청,2023-03-06 10:04,서둔동 가온팰리스옆1,고정형,2023-12-01,,,
2023,수원시,권선구청,2023-03-06 10:08,서둔동 가온팰리스옆1,고정형,2023-12-01,,,
2023,수원시,권선구청,2023-03-06 10:12,곡반정동 하나로마트한국빌딩앞,고정형,2023-12-01,,,
2023,수원시,팔달구청,2023-03-06 10:17,지동 지동 팔달문로32번길,주행형,2023-12-01,,,
2023,수원시,팔달구청,2023-03-06 10:17,지동 지동 팔달문로32번길,주행형,2023-12-01,,,
2023,수원시,영통구청,2023-03-06 10:24,경기도수원시영통구매탄동 수원시 영통구 매탄동 164,보행,2023-12-01,,,
2023,수원시,영통구청,2023-03-06 10:25,경기도수원시영통구매탄동 수원시 영통구 매탄동 164,보행,2023-12-01,,,
2023,수원시,권선구청,2023-03-06 10:26,서둔동 롯데쇼핑몰 주차장입구,고정형,2023-12-01,,,
2023,수원시,영통구청,2023-03-06 10:26,경기도수원시영통구매탄동 수원시 영통구 매탄동 164,보행,2023-12-01,,,
2023,수원시,영통구청,2023-03-06 10:27,경기도수원시영통구매탄동 수원시 영통구 매탄동 164,보행,2023-12-01,,,
2023,수원시,영통구청,2023-03-06 11:14,광교동 광교더사랑교회뒷길,고정형,2023-12-01,,,
2023,수원시,영통구청,2023-03-06 12:29,망포동 국민은행신영통지점(태장동),고정형,2023-12-01,,,
2023,수원시,팔달구청,2023-03-06 12:32,행궁동 팔달문 버스정류장,고정형,2023-12-01,,,
2023,수원시,권선구청,2023-03-06 12:35,구운동 구운초교 정문 우측 삼거리,고정형,2023-12-01,,,
2023,수원시,팔달구청,2023-03-06 12:43,화서1동 수원역푸르지오자이 북문 우측,고정형,2023-12-01,,,
2023,수원시,영통구청,2023-03-06 13:19,이의동 도청예정부지,고정형,2023-12-01,,,
2023,수원시,팔달구청,2023-03-06 13:41,화서1동 수원역푸르지오자이 북문 우측,고정형,2023-12-01,,,
2023,수원시,팔달구청,2023-03-06 14:10,장안동 장안동 화서문로17번길,주행형,2023-12-01,,,
2023,수원시,팔달구청,2023-03-06 14:10,장안동 장안동 화서문로17번길,주행형,2023-12-01,,,
2023,수원시,팔달구청,2023-03-06 14:10,장안동 장안동 화서문로17번길,주행형,2023-12-01,,,
2023,수원시,팔달구청,2023-03-06 14:10,장안동 장안동 화서문로17번길,주행형,2023-12-01,,,
2023,수원시,팔달구청,2023-03-06 14:11,장안동 장안동 화서문로17번길,주행형,2023-12-01,,,
2023,수원시,팔달구청,2023-03-06 14:11,장안동 장안동 화서문로17번길,주행형,2023-12-01,,,
2023,수원시,영통구청,2023-03-06 14:18,망포동 E-마트 에브리데이 앞,고정형,2023-12-01,37.2361017468141,127.060345496536,
2023,수원시,팔달구청,2023-03-06 14:29,경기도수원시팔달구화서동 수원시 팔달구 팔달로3가 98-3,보행,2023-12-01,,,
2023,수원시,팔달구청,2023-03-06 14:30,경기도수원시팔달구화서동 수원시 팔달구 팔달로3가 98-3,보행,2023-12-01,,,
2023,수원시,권선구청,2023-03-06 14:34,서둔동 가온팰리스옆2,고정형,2023-12-01,,,
2023,수원시,팔달구청,2023-03-06 14:35,인계동 드림캐슬주상복합,고정형,2023-12-01,,,
2023,수원시,팔달구청,2023-03-06 14:35,인계동 드림캐슬주상복합,고정형,2023-12-01,,,
2023,수원시,권선구청,2023-03-06 14:41,세류3동 신곡초교 후문 좌측 사거리,고정형,2023-12-01,,,
2023,수원시,팔달구청,2023-03-06 14:42,행궁동 팔달문 버스정류장,고정형,2023-12-01,,,
2023,수원시,팔달구청,2023-03-06 14:45,인계동 드림캐슬주상복합,고정형,2023-12-01,,,
2023,수원시,팔달구청,2023-03-06 14:45,매교동 매교동 77,보행,2023-12-01,,,
2023,수원시,팔달구청,2023-03-06 14:45,경기도수원시팔달구매교동 수원시 팔달구 매교동 77,보행,2023-12-01,,,
2023,수원시,권선구청,2023-03-06 14:46,곡반정동 하나로마트한국빌딩앞,고정형,2023-12-01,,,
2023,수원시,권선구청,2023-03-06 14:52,금곡동 수원문산고속도로,주행형,2023-12-01,,,
2023,수원시,권선구청,2023-03-06 14:52,금곡동 수원문산고속도로,주행형,2023-12-01,,,
2023,수원시,권선구청,2023-03-06 14:52,금곡동 수원문산고속도로,주행형,2023-12-01,,,
2023,수원시,팔달구청,2023-03-06 14:53,매산동 팅스몰 주차장 출구 옆,고정형,2023-12-01,,,
2023,수원시,팔달구청,2023-03-06 14:53,매산동 팅스몰 주차장 출구 옆,고정형,2023-12-01,,,
2023,수원시,팔달구청,2023-03-06 14:53,경기도수원시팔달구매교동 수원시 팔달구 고화로39번길 10,보행,2023-12-01,,,
2023,수원시,권선구청,2023-03-06 14:54,서둔동 가온팰리스옆2,고정형,2023-12-01,,,
2023,수원시,팔달구청,2023-03-06 14:54,경기도수원시팔달구매교동 수원시 팔달구 고화로39번길 11,보행,2023-12-01,,,
2023,수원시,팔달구청,2023-03-06 14:55,경기도수원시팔달구매교동 수원시 팔달구 고화로39번길 11,보행,2023-12-01,,,
2023,수원시,팔달구청,2023-03-06 14:58,경기도수원시팔달구매교동 수원시 팔달구 갓매산로56번길,보행,2023-12-01,,,
2023,수원시,팔달구청,2023-03-06 14:59,경기도수원시팔달구매교동 수원시 팔달구 갓매산로56번길,보행,2023-12-01,,,
2023,수원시,팔달구청,2023-03-06 15:24,매산동 팅스몰 주차장 출구 옆,고정형,2023-12-01,,,
2023,수원시,팔달구청,2023-03-06 15:40,고등동 수원초등학교 정문 좌측 사거리,고정형,2023-12-01,,,
2023,수원시,권선구청,2023-03-06 15:54,서둔동 롯데쇼핑몰 주차장입구,고정형,2023-12-01,,,
2023,수원시,권선구청,2023-03-06 15:54,서둔동 롯데쇼핑몰 주차장입구,고정형,2023-12-01,,,
2023,수원시,팔달구청,2023-03-06 15:57,매산동 팅스몰 주차장 출구 옆,고정형,2023-12-01,,,
2023,수원시,팔달구청,2023-03-06 16:00,매산동 팅스몰 주차장 출구 옆,고정형,2023-12-01,,,
2023,수원시,권선구청,2023-03-06 16:01,서둔동 가온팰리스옆2,고정형,2023-12-01,,,
2023,수원시,권선구청,2023-03-06 16:01,서둔동 가온팰리스옆2,고정형,2023-12-01,,,
2023,수원시,팔달구청,2023-03-06 16:06,고등동 수원초등학교 정문 좌측 사거리,고정형,2023-12-01,,,
2023,수원시,팔달구청,2023-03-06 16:27,인계동 드림캐슬주상복합,고정형,2023-12-01,,,
2023,수원시,팔달구청,2023-03-06 16:41,화서1동 화서초등학교 둘레길 중간지점,고정형,2023-12-01,,,
2023,수원시,팔달구청,2023-03-06 16:56,매산동 팅스몰 주차장 출구 옆,고정형,2023-12-01,,,
2023,수원시,권선구청,2023-03-06 17:01,서둔동 가온팰리스옆2,고정형,2023-12-01,,,
2023,수원시,권선구청,2023-03-06 17:07,평동 오목초교 정문 우측 삼거리,고정형,2023-12-01,,,
2023,수원시,팔달구청,2023-03-06 17:13,고등동 수원초등학교 정문 좌측 사거리,고정형,2023-12-01,,,
2023,수원시,영통구청,2023-03-06 17:17,원천동 광교매원초등학교,고정형,2023-12-01,,,
2023,수원시,영통구청,2023-03-06 17:17,원천동 광교매원초등학교,고정형,2023-12-01,,,
2023,수원시,권선구청,2023-03-06 17:46,평동 오목초교 정문 우측 삼거리,고정형,2023-12-01,,,
2023,수원시,팔달구청,2023-03-06 17:49,화서1동 화서초등학교 둘레길 중간지점,고정형,2023-12-01,,,
2023,수원시,팔달구청,2023-03-06 17:57,매산동 팅스몰 주차장 출구 옆,고정형,2023-12-01,,,
2023,수원시,팔달구청,2023-03-06 18:32,인계동 드림캐슬주상복합,고정형,2023-12-01,,,
2023,수원시,팔달구청,2023-03-06 19:20,매산동 역전농협,고정형,2023-12-01,,,
2023,수원시,팔달구청,2023-03-06 19:20,매산동 역전농협,고정형,2023-12-01,,,
2023,수원시,팔달구청,2023-03-06 19:51,매산동 팅스몰 주차장 출구 옆,고정형,2023-12-01,,,
2023,수원시,영통구청,2023-03-06 20:04,경기도수원시영통구망포동 수원시 영통구 망포동 688,보행,2023-12-01,,,
2023,수원시,영통구청,2023-03-06 20:05,경기도수원시영통구망포동 수원시 영통구 망포동 688,보행,2023-12-01,,,
2023,수원시,영통구청,2023-03-06 20:13,영통동 롯데마트 뒤,고정형,2023-12-01,37.27220279535416,127.10856729001851,
2023,수원시,영통구청,2023-03-06 20:13,영통동 롯데마트 뒤,고정형,2023-12-01,37.27220279535416,127.10856729001851,
2023,수원시,팔달구청,2023-03-06 21:08,화서1동 수원역푸르지오자이 북문 우측,고정형,2023-12-01,,,
2023,수원시,권선구청,2023-03-06 23:21,오목천동 527-5,국민신문고,2023-12-01,,,
2023,수원시,장안구청,2023-03-06 23:58,율전동 영화동 452-2,국민신문고,2023-12-01,,,
2023,수원시,권선구청,2023-03-07 6:38,곡반정동 562-2,주민신고제,2023-12-01,,,
2023,수원시,팔달구청,2023-03-07 7:03,화서1동 수원역푸르지오자이 북문 우측,고정형,2023-12-01,,,
2023,수원시,팔달구청,2023-03-07 7:03,인계동 수원역푸르지오자이 북문 우측,고정형,2023-12-01,,,
2023,수원시,영통구청,2023-03-07 7:05,망포동 힐스테이트 119동 ~방죽공원 삼거리,고정형,2023-12-01,,,
2023,수원시,영통구청,2023-03-07 7:14,영통동 롯데마트 뒤,고정형,2023-12-01,37.27220279535416,127.10856729001851,
2023,수원시,팔달구청,2023-03-07 7:33,인계동 드림캐슬주상복합,고정형,2023-12-01,,,
2023,수원시,권선구청,2023-03-07 8:03,곡반정동 하나로마트한국빌딩앞,고정형,2023-12-01,,,
2023,수원시,권선구청,2023-03-07 8:03,곡반정동 하나로마트한국빌딩앞,고정형,2023-12-01,,,
2023,수원시,권선구청,2023-03-07 8:03,곡반정동 하나로마트한국빌딩앞,고정형,2023-12-01,,,
2023,수원시,권선구청,2023-03-07 8:03,곡반정동 하나로마트한국빌딩앞,고정형,2023-12-01,,,
2023,수원시,권선구청,2023-03-07 8:03,서둔동 가온팰리스옆2,고정형,2023-12-01,,,
2023,수원시,권선구청,2023-03-07 8:05,서둔동 가온팰리스옆1,고정형,2023-12-01,,,
2023,수원시,권선구청,2023-03-07 8:12,서둔동 가온팰리스옆2,고정형,2023-12-01,,,
2023,수원시,권선구청,2023-03-07 8:13,권선2동 곡정초교 정문 좌측 사거리,고정형,2023-12-01,,,
2023,수원시,권선구청,2023-03-07 8:56,서둔동 가온팰리스옆2,고정형,2023-12-01,,,
2023,수원시,권선구청,2023-03-07 8:56,서둔동 가온팰리스옆2,고정형,2023-12-01,,,
2023,수원시,팔달구청,2023-03-07 9:31,화서1동 수원역푸르지오자이 북문 우측,고정형,2023-12-01,,,
2023,수원시,권선구청,2023-03-07 9:43,서둔동 가온팰리스옆1,고정형,2023-12-01,,,
2023,수원시,팔달구청,2023-03-07 9:44,인계동 드림캐슬주상복합,고정형,2023-12-01,,,
2023,수원시,팔달구청,2023-03-07 9:44,인계동 드림캐슬주상복합,고정형,2023-12-01,,,
2023,수원시,팔달구청,2023-03-07 10:15,팔달로2가 팔달로2가 정조로796번길,주행형,2023-12-01,,,
2023,수원시,권선구청,2023-03-07 10:16,호매실동 금호프라자 대각 맞은편,고정형,2023-12-01,,,
2023,수원시,권선구청,2023-03-07 10:23,평동 고현초교 정문 좌측 삼거리,고정형,2023-12-01,,,
2023,수원시,권선구청,2023-03-07 10:24,서둔동 가온팰리스옆2,고정형,2023-12-01,,,
2023,수원시,권선구청,2023-03-07 10:26,반정동 경기대로,주행형,2023-12-01,37.2274584226284,127.034561624404,
2023,수원시,영통구청,2023-03-07 10:29,망포동 힐스테이트 119동 ~방죽공원 삼거리,고정형,2023-12-01,,,
2023,수원시,권선구청,2023-03-07 10:32,호매실동 금호프라자 대각 맞은편,고정형,2023-12-01,,,
2023,수원시,팔달구청,2023-03-07 10:32,매산동 팅스몰 주차장 출구 옆,고정형,2023-12-01,,,
2023,수원시,팔달구청,2023-03-07 10:37,인계동 드림캐슬주상복합,고정형,2023-12-01,,,
2023,수원시,영통구청,2023-03-07 10:42,망포동 힐스테이트 119동 ~방죽공원 삼거리,고정형,2023-12-01,,,
2023,수원시,팔달구청,2023-03-07 10:50,지동 지동 팔달문로32번길,주행형,2023-12-01,,,
2023,수원시,영통구청,2023-03-07 11:20,망포동 힐스테이트 119동 ~방죽공원 삼거리,고정형,2023-12-01,,,
2023,수원시,팔달구청,2023-03-07 11:38,구천동 북수동 421-1 소화전,국민신문고,2023-12-01,,,
2023,수원시,권선구청,2023-03-07 12:31,구운동 구운초교 정문 우측 삼거리,고정형,2023-12-01,,,
2023,수원시,팔달구청,2023-03-07 12:34,고등동 수원초등학교 정문 좌측 사거리,고정형,2023-12-01,,,
2023,수원시,영통구청,2023-03-07 12:58,망포동 E-마트 에브리데이 앞,고정형,2023-12-01,37.2361017468141,127.060345496536,
2023,수원시,팔달구청,2023-03-07 14:13,장안동 장안동 화서문로17번길,주행형,2023-12-01,,,
2023,수원시,팔달구청,2023-03-07 14:13,장안동 장안동 화서문로17번길,주행형,2023-12-01,,,
2023,수원시,팔달구청,2023-03-07 14:13,장안동 장안동 화서문로17번길,주행형,2023-12-01,,,
2023,수원시,팔달구청,2023-03-07 14:13,장안동 장안동 화서문로17번길,주행형,2023-12-01,,,
2023,수원시,팔달구청,2023-03-07 14:13,장안동 장안동 화서문로17번길,주행형,2023-12-01,,,
2023,수원시,권선구청,2023-03-07 14:18,입북동 당수초교 정문 우측 사거리,고정형,2023-12-01,,,
2023,수원시,영통구청,2023-03-07 14:32,이의동 광교가재울마을사거리,고정형,2023-12-01,,,
2023,수원시,권선구청,2023-03-07 14:33,서둔동 가온팰리스옆2,고정형,2023-12-01,,,
2023,수원시,팔달구청,2023-03-07 14:34,인계동 경인통계청,고정형,2023-12-01,,,
2023,수원시,팔달구청,2023-03-07 14:34,인계동 경인통계청,고정형,2023-12-01,,,
2023,수원시,팔달구청,2023-03-07 14:35,매산동 팅스몰 주차장 출구 옆,고정형,2023-12-01,,,
2023,수원시,팔달구청,2023-03-07 14:35,경기도수원시팔달구매교동 수원시 팔달구 매교동 88,보행,2023-12-01,,,
2023,수원시,팔달구청,2023-03-07 14:36,경기도수원시팔달구매교동 수원시 팔달구 매교동 88,보행,2023-12-01,,,
2023,수원시,팔달구청,2023-03-07 14:37,매교동 수원시 팔달구 매교동 88,보행,2023-12-01,,,
2023,수원시,팔달구청,2023-03-07 14:38,인계동 경인통계청,고정형,2023-12-01,,,
2023,수원시,팔달구청,2023-03-07 14:38,경기도수원시팔달구매교동 수원시 팔달구 매교동 77,보행,2023-12-01,,,
2023,수원시,권선구청,2023-03-07 14:39,평동 고현초교 정문 좌측 삼거리,고정형,2023-12-01,,,
2023,수원시,팔달구청,2023-03-07 14:40,경기도수원시팔달구매교동 수원시 팔달구 매교동 77,보행,2023-12-01,,,
2023,수원시,권선구청,2023-03-07 14:42,곡선동 휴먼푸드 인근,고정형,2023-12-01,,,
2023,수원시,영통구청,2023-03-07 14:47,광교동 광교더사랑교회뒷길,고정형,2023-12-01,,,
2023,수원시,권선구청,2023-03-07 14:48,세류3동 신곡초교 후문 좌측 사거리,고정형,2023-12-01,,,
2023,수원시,팔달구청,2023-03-07 15:07,경기도수원시팔달구지동 수원시 팔달구 지동 309,보행,2023-12-01,,,
2023,수원시,팔달구청,2023-03-07 15:08,경기도수원시팔달구지동 수원시 팔달구 지동 307,보행,2023-12-01,,,
2023,수원시,팔달구청,2023-03-07 15:08,경기도수원시팔달구지동 수원시 팔달구 지동 309,보행,2023-12-01,,,
2023,수원시,팔달구청,2023-03-07 15:09,경기도수원시팔달구지동 수원시 팔달구 지동 307,보행,2023-12-01,,,
2023,수원시,팔달구청,2023-03-07 15:10,경기도수원시팔달구지동 수원시 팔달구 지동 307,보행,2023-12-01,,,
2023,수원시,팔달구청,2023-03-07 15:11,지동 수원시 팔달구 지동 307,보행,2023-12-01,,,
2023,수원시,권선구청,2023-03-07 15:16,세류3동 신곡초교 후문 좌측 사거리,고정형,2023-12-01,,,
2023,수원시,팔달구청,2023-03-07 15:18,인계동 드림캐슬주상복합,고정형,2023-12-01,,,
2023,수원시,팔달구청,2023-03-07 15:21,인계동 한국씨티은행,고정형,2023-12-01,,,
2023,수원시,권선구청,2023-03-07 15:32,금곡동 수원문산고속도로,주행형,2023-12-01,,,
2023,수원시,영통구청,2023-03-07 15:32,원천동 광교매원초등학교,고정형,2023-12-01,,,
2023,수원시,영통구청,2023-03-07 16:09,이의동 광교가재울마을사거리,고정형,2023-12-01,,,
2023,수원시,팔달구청,2023-03-07 16:10,인계동 드림캐슬주상복합,고정형,2023-12-01,,,
2023,수원시,팔달구청,2023-03-07 16:13,인계동 드림캐슬주상복합,고정형,2023-12-01,,,
2023,수원시,권선구청,2023-03-07 16:39,권선2동 곡정초교 정문 좌측 사거리,고정형,2023-12-01,,,
2023,수원시,팔달구청,2023-03-07 17:08,매산동 팅스몰 주차장 출구 옆,고정형,2023-12-01,,,
2023,수원시,영통구청,2023-03-07 17:13,이의동 광교호반베르디움 103동 앞,고정형,2023-12-01,,,
2023,수원시,팔달구청,2023-03-07 17:23,인계동 한국씨티은행,고정형,2023-12-01,,,
2023,수원시,팔달구청,2023-03-07 17:37,화서1동 수원역푸르지오자이 북문 우측,고정형,2023-12-01,,,
2023,수원시,팔달구청,2023-03-07 17:47,화서1동 화서초등학교 둘레길 중간지점,고정형,2023-12-01,,,
2023,수원시,팔달구청,2023-03-07 18:31,매산동 팅스몰 주차장 출구 옆,고정형,2023-12-01,,,
2023,수원시,팔달구청,2023-03-07 18:44,고등동 수원초등학교 정문 좌측 사거리,고정형,2023-12-01,,,
2023,수원시,팔달구청,2023-03-07 19:04,매산동 팅스몰 주차장 출구 옆,고정형,2023-12-01,,,
2023,수원시,팔달구청,2023-03-07 19:11,교동 수원향교 앞 팔달보건소 뒤,고정형,2023-12-01,,,
2023,수원시,팔달구청,2023-03-07 19:24,인계동 드림캐슬주상복합,고정형,2023-12-01,,,
2023,수원시,팔달구청,2023-03-07 19:25,화서1동 수원역푸르지오자이 북문 우측,고정형,2023-12-01,,,
2023,수원시,권선구청,2023-03-07 19:34,경기도수원시권선구고색동 수원시 권선구 고색동 357-5,보행,2023-12-01,,,
2023,수원시,팔달구청,2023-03-07 19:37,매산동 팅스몰 주차장 출구 옆,고정형,2023-12-01,,,
2023,수원시,팔달구청,2023-03-07 19:51,매산동 팅스몰 주차장 출구 옆,고정형,2023-12-01,,,
2023,수원시,팔달구청,2023-03-07 20:03,매산동 팅스몰 주차장 출구 옆,고정형,2023-12-01,,,
2023,수원시,팔달구청,2023-03-07 20:17,화서1동 수원역푸르지오자이 북문 우측,고정형,2023-12-01,,,
2023,수원시,팔달구청,2023-03-07 21:10,화서1동 수원역푸르지오자이 북문 우측,고정형,2023-12-01,,,
2023,수원시,팔달구청,2023-03-07 21:24,인계동 드림캐슬주상복합,고정형,2023-12-01,,,
2023,수원시,팔달구청,2023-03-07 21:29,인계동 드림캐슬주상복합,고정형,2023-12-01,,,
2023,수원시,권선구청,2023-03-07 21:32,오목천동 527-5,국민신문고,2023-12-01,,,
2023,수원시,권선구청,2023-03-07 22:34,곡반정동 562-2,국민신문고,2023-12-01,,,
2023,수원시,팔달구청,2023-03-08 7:32,인계동 드림캐슬주상복합,고정형,2023-12-01,,,
2023,수원시,권선구청,2023-03-08 7:32,오목천동 966-6,국민신문고,2023-12-01,,,
2023,수원시,팔달구청,2023-03-08 7:33,인계동 드림캐슬주상복합,고정형,2023-12-01,,,
2023,수원시,팔달구청,2023-03-08 7:36,인계동 드림캐슬주상복합,고정형,2023-12-01,,,
2023,수원시,팔달구청,2023-03-08 7:36,인계동 드림캐슬주상복합,고정형,2023-12-01,,,
2023,수원시,팔달구청,2023-03-08 7:46,인계동 한국씨티은행,고정형,2023-12-01,,,
2023,수원시,권선구청,2023-03-08 8:02,서둔동 가온팰리스옆2,고정형,2023-12-01,,,
2023,수원시,권선구청,2023-03-08 8:03,세류3동 신곡초교 후문 좌측 사거리,고정형,2023-12-01,,,
2023,수원시,권선구청,2023-03-08 8:04,권선2동 곡정초교 정문 좌측 사거리,고정형,2023-12-01,,,
2023,수원시,권선구청,2023-03-08 8:04,곡반정동 하나로마트한국빌딩앞,고정형,2023-12-01,,,
2023,수원시,권선구청,2023-03-08 8:04,구운동 구운초교 정문 우측 삼거리,고정형,2023-12-01,,,
2023,수원시,권선구청,2023-03-08 8:04,곡반정동 하나로마트한국빌딩앞,고정형,2023-12-01,,,
2023,수원시,권선구청,2023-03-08 8:04,곡반정동 하나로마트한국빌딩앞,고정형,2023-12-01,,,
2023,수원시,권선구청,2023-03-08 8:05,서둔동 가온팰리스옆1,고정형,2023-12-01,,,
2023,수원시,권선구청,2023-03-08 8:05,-1 권선파출소,고정형,2023-12-01,,,
2023,수원시,권선구청,2023-03-08 8:14,서둔동 가온팰리스옆2,고정형,2023-12-01,,,
2023,수원시,권선구청,2023-03-08 8:15,서둔동 가온팰리스옆2,고정형,2023-12-01,,,
2023,수원시,권선구청,2023-03-08 8:15,서둔동 가온팰리스옆2,고정형,2023-12-01,,,
2023,수원시,권선구청,2023-03-08 8:45,입북동 당수초교 정문 우측 사거리,고정형,2023-12-01,,,
2023,수원시,권선구청,2023-03-08 8:54,서둔동 225-36,국민신문고,2023-12-01,,,
2023,수원시,권선구청,2023-03-08 8:54,서둔동 225-36,국민신문고,2023-12-01,,,
2023,수원시,팔달구청,2023-03-08 9:13,고등동 고등동 180-17 교차로모퉁이,국민신문고,2023-12-01,,,
2023,수원시,팔달구청,2023-03-08 9:24,행궁동 팔달문 버스정류장,고정형,2023-12-01,,,
2023,수원시,권선구청,2023-03-08 9:31,서둔동 225-31,국민신문고,2023-12-01,,,
2023,수원시,권선구청,2023-03-08 9:31,서둔동 225-31,국민신문고,2023-12-01,,,
2023,수원시,권선구청,2023-03-08 9:33,서둔동 225-31,국민신문고,2023-12-01,,,
2023,수원시,권선구청,2023-03-08 9:34,서둔동 수원역한라비발디퍼스트 앞1,고정형,2023-12-01,,,
2023,수원시,권선구청,2023-03-08 9:40,서둔동 225-31,국민신문고,2023-12-01,,,
2023,수원시,팔달구청,2023-03-08 9:55,인계동 드림캐슬주상복합,고정형,2023-12-01,,,
2023,수원시,팔달구청,2023-03-08 9:55,인계동 드림캐슬주상복합,고정형,2023-12-01,,,
2023,수원시,팔달구청,2023-03-08 10:12,인계동 경인통계청,고정형,2023-12-01,,,
2023,수원시,팔달구청,2023-03-08 10:23,인계동 드림캐슬주상복합,고정형,2023-12-01,,,
2023,수원시,팔달구청,2023-03-08 10:47,인계동 한국씨티은행,고정형,2023-12-01,,,
2023,수원시,팔달구청,2023-03-08 10:47,인계동 한국씨티은행,고정형,2023-12-01,,,
2023,수원시,팔달구청,2023-03-08 10:49,영동 영동 수원천로275,주행형,2023-12-01,,,
2023,수원시,권선구청,2023-03-08 10:53,금곡동 가온초교 정문 우측 사거리,고정형,2023-12-01,,,
2023,수원시,권선구청,2023-03-08 11:01,곡선동 휴먼푸드 인근,고정형,2023-12-01,,,
2023,수원시,팔달구청,2023-03-08 11:12,고등동 수원초등학교 정문 좌측 사거리,고정형,2023-12-01,,,
2023,수원시,권선구청,2023-03-08 12:27,권선동 NC터미널점 버스정류장 앞,고정형,2023-12-01,,,
2023,수원시,팔달구청,2023-03-08 13:27,화서1동 수원역푸르지오자이 북문 우측,고정형,2023-12-01,,,
2023,수원시,팔달구청,2023-03-08 13:27,화서1동 수원역푸르지오자이 북문 우측,고정형,2023-12-01,,,
2023,수원시,팔달구청,2023-03-08 14:32,인계동 드림캐슬주상복합,고정형,2023-12-01,,,
2023,수원시,팔달구청,2023-03-08 14:39,경기도수원시팔달구매교동 수원시 팔달구 매교동 91,보행,2023-12-01,,,
2023,수원시,팔달구청,2023-03-08 14:41,경기도수원시팔달구매교동 수원시 팔달구 매교동 287,보행,2023-12-01,,,
2023,수원시,권선구청,2023-03-08 14:43,서둔동 가온팰리스옆2,고정형,2023-12-01,,,
2023,수원시,권선구청,2023-03-08 14:45,서둔동 가온팰리스옆1,고정형,2023-12-01,,,
2023,수원시,팔달구청,2023-03-08 14:48,경기도수원시팔달구매교동 수원시 팔달구 고화로 39번길 8,보행,2023-12-01,,,
2023,수원시,팔달구청,2023-03-08 15:14,인계동 드림캐슬주상복합,고정형,2023-12-01,,,
2023,수원시,팔달구청,2023-03-08 15:19,고등동 수원초등학교 정문 좌측 사거리,고정형,2023-12-01,,,
2023,수원시,권선구청,2023-03-08 15:20,서둔동 서둔로256번길,주행형,2023-12-01,,,
2023,수원시,권선구청,2023-03-08 15:27,곡선동 휴먼푸드 인근,고정형,2023-12-01,,,
2023,수원시,팔달구청,2023-03-08 15:57,인계동 드림캐슬주상복합,고정형,2023-12-01,,,
2023,수원시,팔달구청,2023-03-08 16:00,인계동 드림캐슬주상복합,고정형,2023-12-01,,,
2023,수원시,팔달구청,2023-03-08 16:24,인계동 드림캐슬주상복합,고정형,2023-12-01,,,
2023,수원시,권선구청,2023-03-08 16:32,호매실동 금호프라자 대각 맞은편,고정형,2023-12-01,,,
2023,수원시,권선구청,2023-03-08 16:39,서둔동 가온팰리스옆2,고정형,2023-12-01,,,
2023,수원시,팔달구청,2023-03-08 17:07,인계동 드림캐슬주상복합,고정형,2023-12-01,,,
2023,수원시,권선구청,2023-03-08 17:21,곡반정동 하나로마트한국빌딩앞,고정형,2023-12-01,,,
2023,수원시,권선구청,2023-03-08 17:21,곡반정동 하나로마트한국빌딩앞,고정형,2023-12-01,,,
2023,수원시,팔달구청,2023-03-08 18:17,매산동 팅스몰 주차장 출구 옆,고정형,2023-12-01,,,
2023,수원시,팔달구청,2023-03-08 18:30,인계동 드림캐슬주상복합,고정형,2023-12-01,,,
2023,수원시,팔달구청,2023-03-08 18:58,인계동 드림캐슬주상복합,고정형,2023-12-01,,,
2023,수원시,팔달구청,2023-03-08 19:03,인계동 드림캐슬주상복합,고정형,2023-12-01,,,
2023,수원시,팔달구청,2023-03-08 19:03,인계동 드림캐슬주상복합,고정형,2023-12-01,,,
2023,수원시,팔달구청,2023-03-08 19:31,매산동 팅스몰 주차장 출구 옆,고정형,2023-12-01,,,
2023,수원시,팔달구청,2023-03-08 19:40,매산동 팅스몰 주차장 출구 옆,고정형,2023-12-01,,,
2023,수원시,팔달구청,2023-03-08 20:05,행궁동 팔달문 버스정류장,고정형,2023-12-01,,,
2023,수원시,팔달구청,2023-03-08 20:18,화서1동 수원역푸르지오자이 북문 우측,고정형,2023-12-01,,,
2023,수원시,팔달구청,2023-03-08 20:18,매산동 역전농협,고정형,2023-12-01,,,
2023,수원시,팔달구청,2023-03-08 20:23,인계동 드림캐슬주상복합,고정형,2023-12-01,,,
2023,수원시,팔달구청,2023-03-08 20:35,매산동 팅스몰 주차장 출구 옆,고정형,2023-12-01,,,
2023,수원시,팔달구청,2023-03-08 20:47,인계동 드림캐슬주상복합,고정형,2023-12-01,,,
2023,수원시,권선구청,2023-03-08 21:22,곡반정동 562-2,국민신문고,2023-12-01,,,
2023,수원시,권선구청,2023-03-08 21:22,곡반정동 562-2,국민신문고,2023-12-01,,,
2023,수원시,권선구청,2023-03-08 21:24,곡반정동 562-2,국민신문고,2023-12-01,,,
2023,수원시,권선구청,2023-03-08 21:28,곡반정동 562-2,국민신문고,2023-12-01,,,
2023,수원시,권선구청,2023-03-08 21:36,곡반정동 562-2,국민신문고,2023-12-01,,,
2023,수원시,권선구청,2023-03-08 22:40,금곡동 1367-9,국민신문고,2023-12-01,,,
2023,수원시,권선구청,2023-03-08 23:35,오목천동 527-5,국민신문고,2023-12-01,,,
2023,수원시,권선구청,2023-03-08 23:35,오목천동 527-5,국민신문고,2023-12-01,,,
2023,수원시,장안구청,2023-03-09 6:32,율전동 율전동 507,국민신문고,2023-12-01,,,
2023,수원시,팔달구청,2023-03-09 7:03,화서1동 수원역푸르지오자이 북문 우측,고정형,2023-12-01,,,
2023,수원시,영통구청,2023-03-09 7:31,망포동 E-마트 에브리데이 앞,고정형,2023-12-01,37.2361017468141,127.060345496536,
2023,수원시,팔달구청,2023-03-09 7:32,인계동 드림캐슬주상복합,고정형,2023-12-01,,,
2023,수원시,영통구청,2023-03-09 7:34,광교동 광교 덴티움지식산업센터 앞 사거리,고정형,2023-12-01,,,
2023,수원시,팔달구청,2023-03-09 7:35,인계동 경인통계청,고정형,2023-12-01,,,
2023,수원시,팔달구청,2023-03-09 7:36,인계동 경인통계청,고정형,2023-12-01,,,
2023,수원시,영통구청,2023-03-09 7:39,이의동 드림스퀘어Ⅱ 앞,고정형,2023-12-01,,,
2023,수원시,팔달구청,2023-03-09 7:40,인계동 경인통계청,고정형,2023-12-01,,,
2023,수원시,팔달구청,2023-03-09 7:43,인계동 경인통계청,고정형,2023-12-01,,,
2023,수원시,권선구청,2023-03-09 8:02,오목천동 한화꿈에그린아파트 209동앞,고정형,2023-12-01,,,
2023,수원시,권선구청,2023-03-09 8:03,권선2동 곡정초교 정문 좌측 사거리,고정형,2023-12-01,,,
2023,수원시,권선구청,2023-03-09 8:09,서둔동 가온팰리스옆2,고정형,2023-12-01,,,
2023,수원시,영통구청,2023-03-09 8:17,영통동 롯데마트 뒤,고정형,2023-12-01,37.27220279535416,127.10856729001851,
2023,수원시,권선구청,2023-03-09 8:44,오목천동 527-5,주민신고제,2023-12-01,,,
2023,수원시,권선구청,2023-03-09 9:13,서둔동 가온팰리스옆2,고정형,2023-12-01,,,
2023,수원시,팔달구청,2023-03-09 9:20,인계동 드림캐슬주상복합,고정형,2023-12-01,,,
2023,수원시,팔달구청,2023-03-09 9:20,인계동 드림캐슬주상복합,고정형,2023-12-01,,,
2023,수원시,팔달구청,2023-03-09 9:38,고등동 고등동 180-170 횡단보도,국민신문고,2023-12-01,,,
2023,수원시,팔달구청,2023-03-09 9:38,고등동 고등동 181-11 교차로모퉁이,국민신문고,2023-12-01,,,
2023,수원시,팔달구청,2023-03-09 9:40,인계동 드림캐슬주상복합,고정형,2023-12-01,,,
2023,수원시,팔달구청,2023-03-09 9:43,고등동 고등동 180-171 교차로모퉁이,국민신문고,2023-12-01,,,
2023,수원시,팔달구청,2023-03-09 9:46,고등동 고등동 180-171 교차로모퉁이,국민신문고,2023-12-01,,,
2023,수원시,팔달구청,2023-03-09 10:10,인계동 드림캐슬주상복합,고정형,2023-12-01,,,
2023,수원시,팔달구청,2023-03-09 10:10,인계동 드림캐슬주상복합,고정형,2023-12-01,,,
2023,수원시,권선구청,2023-03-09 10:12,경기도수원시권선구세류동 수원시 권선구 세류동 196,보행,2023-12-01,,,
2023,수원시,권선구청,2023-03-09 10:13,곡선동 휴먼푸드 인근,고정형,2023-12-01,,,
2023,수원시,팔달구청,2023-03-09 10:17,고등동 수원초등학교 정문 좌측 사거리,고정형,2023-12-01,,,
2023,수원시,영통구청,2023-03-09 10:18,이의동 창룡대로298번길,주행형,2023-12-01,,,
2023,수원시,영통구청,2023-03-09 10:18,이의동 창룡대로298번길,주행형,2023-12-01,,,
2023,수원시,팔달구청,2023-03-09 10:28,경기도수원시팔달구화서동 수원시 팔달구 향교로61,보행,2023-12-01,,,
2023,수원시,팔달구청,2023-03-09 10:31,경기도수원시팔달구화서동 수원시 팔달구 지동 477-2,보행,2023-12-01,,,
2023,수원시,영통구청,2023-03-09 10:35,망포동 E-마트 에브리데이 앞,고정형,2023-12-01,37.2361017468141,127.060345496536,
2023,수원시,팔달구청,2023-03-09 10:36,팔달로2가 팔달로2가 정조로796번길,주행형,2023-12-01,,,
2023,수원시,팔달구청,2023-03-09 10:36,남수동 남수동 정조로796번길,주행형,2023-12-01,,,
2023,수원시,팔달구청,2023-03-09 10:37,영동 영동 수원천로275,주행형,2023-12-01,,,
2023,수원시,팔달구청,2023-03-09 10:37,영동 영동 수원천로275,주행형,2023-12-01,,,
2023,수원시,팔달구청,2023-03-09 10:37,영동 영동 수원천로275,주행형,2023-12-01,,,
2023,수원시,팔달구청,2023-03-09 10:38,-1 수원시 팔달구 우만동 538,보행,2023-12-01,,,
2023,수원시,팔달구청,2023-03-09 10:43,인계동 드림캐슬주상복합,고정형,2023-12-01,,,
2023,수원시,영통구청,2023-03-09 10:57,영통동 롯데마트 뒤,고정형,2023-12-01,37.27220279535416,127.10856729001851,
2023,수원시,팔달구청,2023-03-09 11:07,고등동 고등동 180-19 교차로모퉁이,국민신문고,2023-12-01,,,
2023,수원시,팔달구청,2023-03-09 11:16,경기도수원시팔달구인계동 수원시 팔달구 세지로 379,보행,2023-12-01,,,
2023,수원시,팔달구청,2023-03-09 12:06,고등동 고등동 180-31 인도,국민신문고,2023-12-01,,,
2023,수원시,권선구청,2023-03-09 12:18,고색동 도이치 고객주차장 출입구,고정형,2023-12-01,,,
2023,수원시,영통구청,2023-03-09 12:52,원천동 광교 한화겔러리아 앞,고정형,2023-12-01,,,
2023,수원시,팔달구청,2023-03-09 13:18,화서1동 수원역푸르지오자이 북문 우측,고정형,2023-12-01,,,
2023,수원시,팔달구청,2023-03-09 14:23,남수동 남수동 정조로800번길,주행형,2023-12-01,,,
2023,수원시,팔달구청,2023-03-09 14:23,남수동 남수동 정조로800번길,주행형,2023-12-01,,,
2023,수원시,팔달구청,2023-03-09 14:23,남수동 남수동 정조로800번길,주행형,2023-12-01,,,
2023,수원시,팔달구청,2023-03-09 14:23,남수동 남수동 정조로800번길,주행형,2023-12-01,,,
2023,수원시,팔달구청,2023-03-09 14:25,남수동 남수동 정조로796번길,주행형,2023-12-01,,,
2023,수원시,팔달구청,2023-03-09 14:26,영동 영동 팔달문로275,주행형,2023-12-01,,,
2023,수원시,팔달구청,2023-03-09 14:26,영동 영동 수원천로275,주행형,2023-12-01,,,
2023,수원시,팔달구청,2023-03-09 14:26,영동 영동 수원천로275,주행형,2023-12-01,,,
2023,수원시,팔달구청,2023-03-09 14:28,화서1동 수원역푸르지오자이 북문 우측,고정형,2023-12-01,,,
2023,수원시,팔달구청,2023-03-09 14:31,인계동 인계동 수원천로231번길,주행형,2023-12-01,,,
2023,수원시,팔달구청,2023-03-09 14:31,인계동 인계동 수원천로231번길,주행형,2023-12-01,,,
2023,수원시,영통구청,2023-03-09 14:31,이의동 광교호반베르디움 103동 앞,고정형,2023-12-01,,,
2023,수원시,팔달구청,2023-03-09 14:32,구천동 인계동 매산로169,주행형,2023-12-01,,,
2023,수원시,영통구청,2023-03-09 14:33,이의동 드림스퀘어Ⅱ 앞,고정형,2023-12-01,,,
2023,수원시,권선구청,2023-03-09 14:33,서둔동 가온팰리스옆2,고정형,2023-12-01,,,
2023,수원시,영통구청,2023-03-09 14:34,이의동 드림스퀘어Ⅱ 앞,고정형,2023-12-01,,,
2023,수원시,권선구청,2023-03-09 14:34,서둔동 수원역한라비발디퍼스트 앞1,고정형,2023-12-01,,,
2023,수원시,영통구청,2023-03-09 14:34,이의동 드림스퀘어Ⅱ 앞,고정형,2023-12-01,,,
2023,수원시,팔달구청,2023-03-09 14:34,인계동 경인통계청,고정형,2023-12-01,,,
2023,수원시,권선구청,2023-03-09 14:35,서둔동 수원역한라비발디퍼스트 앞1,고정형,2023-12-01,,,
2023,수원시,권선구청,2023-03-09 14:35,서둔동 수원역한라비발디퍼스트 앞1,고정형,2023-12-01,,,
2023,수원시,영통구청,2023-03-09 14:40,이의동 드림스퀘어Ⅱ 앞,고정형,2023-12-01,,,
2023,수원시,권선구청,2023-03-09 14:45,서둔동 수원역한라비발디퍼스트 앞1,고정형,2023-12-01,,,
2023,수원시,팔달구청,2023-03-09 14:45,인계동 드림캐슬주상복합,고정형,2023-12-01,,,
2023,수원시,영통구청,2023-03-09 14:48,광교동 광교더사랑교회뒷길,고정형,2023-12-01,,,
2023,수원시,팔달구청,2023-03-09 14:57,인계동 드림캐슬주상복합,고정형,2023-12-01,,,
2023,수원시,팔달구청,2023-03-09 15:02,인계동 드림캐슬주상복합,고정형,2023-12-01,,,
2023,수원시,팔달구청,2023-03-09 15:08,인계동 경인통계청,고정형,2023-12-01,,,
2023,수원시,팔달구청,2023-03-09 15:08,경기도수원시팔달구매교동 수원시 팔달구 고화로39번길 13,보행,2023-12-01,,,
2023,수원시,팔달구청,2023-03-09 15:10,경기도수원시팔달구매교동 수원시 팔달구 고화로39번길 13,보행,2023-12-01,,,
2023,수원시,팔달구청,2023-03-09 15:10,경기도수원시팔달구매교동 수원시 팔달구 고화로39번길 13,보행,2023-12-01,,,
2023,수원시,권선구청,2023-03-09 15:21,권선2동 곡정초교 정문 좌측 사거리,고정형,2023-12-01,,,
2023,수원시,권선구청,2023-03-09 16:09,오목천동 한화꿈에그린아파트 209동앞,고정형,2023-12-01,,,
2023,수원시,팔달구청,2023-03-09 16:12,인계동 드림캐슬주상복합,고정형,2023-12-01,,,
2023,수원시,팔달구청,2023-03-09 16:13,인계동 경인통계청,고정형,2023-12-01,,,
2023,수원시,권선구청,2023-03-09 16:15,세류3동 신곡초교 후문 좌측 사거리,고정형,2023-12-01,,,
2023,수원시,팔달구청,2023-03-09 16:29,인계동 드림캐슬주상복합,고정형,2023-12-01,,,
2023,수원시,팔달구청,2023-03-09 16:38,화서1동 푸르지오자이 북문 CU 앞 횡단보도,고정형,2023-12-01,,,
2023,수원시,권선구청,2023-03-09 16:42,서둔동 가온팰리스옆2,고정형,2023-12-01,,,
2023,수원시,영통구청,2023-03-09 16:58,이의동 드림스퀘어Ⅱ 앞,고정형,2023-12-01,,,
2023,수원시,권선구청,2023-03-09 17:03,구운동 구운초교 정문 우측 삼거리,고정형,2023-12-01,,,
2023,수원시,권선구청,2023-03-09 17:30,세류3동 신곡초교 후문 좌측 사거리,고정형,2023-12-01,,,
2023,수원시,팔달구청,2023-03-09 17:48,인계동 드림캐슬주상복합,고정형,2023-12-01,,,
2023,수원시,팔달구청,2023-03-09 17:49,인계동 경인통계청,고정형,2023-12-01,,,
2023,수원시,팔달구청,2023-03-09 18:17,매산동 역전농협,고정형,2023-12-01,,,
2023,수원시,팔달구청,2023-03-09 18:29,인계동 드림캐슬주상복합,고정형,2023-12-01,,,
2023,수원시,팔달구청,2023-03-09 19:09,매산동 팅스몰 주차장 출구 옆,고정형,2023-12-01,,,
2023,수원시,팔달구청,2023-03-09 19:16,인계동 드림캐슬주상복합,고정형,2023-12-01,,,
2023,수원시,팔달구청,2023-03-09 19:16,인계동 드림캐슬주상복합,고정형,2023-12-01,,,
2023,수원시,팔달구청,2023-03-09 19:24,고등동 수원초등학교 정문 좌측 사거리,고정형,2023-12-01,,,
2023,수원시,팔달구청,2023-03-09 19:26,인계동 수원시 팔달구 화서문로 22번길 18,보행,2023-12-01,,,
2023,수원시,팔달구청,2023-03-09 19:34,경기도수원시팔달구남창동 수원시 팔달구 남창동 119,보행,2023-12-01,,,
2023,수원시,영통구청,2023-03-09 20:07,원천동 광교매원초등학교,고정형,2023-12-01,,,
2023,수원시,팔달구청,2023-03-09 20:38,인계동 드림캐슬주상복합,고정형,2023-12-01,,,
2023,수원시,권선구청,2023-03-10 6:09,곡반정동 562-2,국민신문고,2023-12-01,,,
2023,수원시,권선구청,2023-03-10 6:13,곡반정동 156-7,국민신문고,2023-12-01,,,
2023,수원시,영통구청,2023-03-10 7:03,영통동 롯데마트 뒤,고정형,2023-12-01,37.27220279535416,127.10856729001851,
2023,수원시,영통구청,2023-03-10 7:03,영통동 롯데마트 뒤,고정형,2023-12-01,37.27220279535416,127.10856729001851,
2023,수원시,팔달구청,2023-03-10 7:04,화서1동 수원역푸르지오자이 북문 우측,고정형,2023-12-01,,,
2023,수원시,팔달구청,2023-03-10 7:33,인계동 드림캐슬주상복합,고정형,2023-12-01,,,
2023,수원시,팔달구청,2023-03-10 7:34,인계동 경인통계청,고정형,2023-12-01,,,
2023,수원시,권선구청,2023-03-10 8:02,곡반정동 하나로마트한국빌딩앞,고정형,2023-12-01,,,
2023,수원시,권선구청,2023-03-10 8:02,서둔동 가온팰리스옆1,고정형,2023-12-01,,,
2023,수원시,권선구청,2023-03-10 8:08,금곡동 가온초교 정문 우측 사거리,고정형,2023-12-01,,,
2023,수원시,권선구청,2023-03-10 8:16,권선2동 곡정초교 정문 좌측 사거리,고정형,2023-12-01,,,
2023,수원시,권선구청,2023-03-10 8:21,서둔동 가온팰리스옆2,고정형,2023-12-01,,,
2023,수원시,권선구청,2023-03-10 8:21,서둔동 가온팰리스옆2,고정형,2023-12-01,,,
2023,수원시,장안구청,2023-03-10 9:28,경기도수원시장안구정자동 수원시 장안구 정자동 386,보행,2023-12-01,,,
2023,수원시,권선구청,2023-03-10 9:44,서둔동 가온팰리스옆2,고정형,2023-12-01,,,
2023,수원시,팔달구청,2023-03-10 10:07,매산동 팅스몰 주차장 출구 옆,고정형,2023-12-01,,,
2023,수원시,팔달구청,2023-03-10 10:16,남수동 남수동 창룡대로 59,주행형,2023-12-01,,,
2023,수원시,팔달구청,2023-03-10 10:16,남수동 남수동 정조로796번길,주행형,2023-12-01,,,
2023,수원시,팔달구청,2023-03-10 10:19,인계동 인계동 수원천로229,주행형,2023-12-01,,,
2023,수원시,팔달구청,2023-03-10 10:19,인계동 인계동 수원천로229번길,주행형,2023-12-01,,,
2023,수원시,팔달구청,2023-03-10 10:19,인계동 인계동 수원천로229번길,주행형,2023-12-01,,,
2023,수원시,팔달구청,2023-03-10 10:19,인계동 인계동 수원천로229번길,주행형,2023-12-01,,,
2023,수원시,팔달구청,2023-03-10 10:19,인계동 인계동 수원천로229번길,주행형,2023-12-01,,,
2023,수원시,권선구청,2023-03-10 10:21,서둔동 수원역한라비발디퍼스트 앞1,고정형,2023-12-01,,,
2023,수원시,권선구청,2023-03-10 10:21,서둔동 수원역한라비발디퍼스트 앞1,고정형,2023-12-01,,,
2023,수원시,팔달구청,2023-03-10 10:26,인계동 인계동 중부대로 61,주행형,2023-12-01,,,
2023,수원시,영통구청,2023-03-10 10:29,경기도수원시영통구매탄동 수원시 영통구 매탄동 409,보행,2023-12-01,,,
2023,수원시,영통구청,2023-03-10 10:30,경기도수원시영통구매탄동 수원시 영통구 매탄동 409,보행,2023-12-01,,,
2023,수원시,영통구청,2023-03-10 10:31,경기도수원시영통구매탄동 수원시 영통구 매탄동 409,보행,2023-12-01,,,
2023,수원시,영통구청,2023-03-10 10:32,영통동 롯데마트 뒤,고정형,2023-12-01,37.27220279535416,127.10856729001851,
2023,수원시,영통구청,2023-03-10 10:32,경기도수원시영통구매탄동 수원시 영통구 매탄동 409,보행,2023-12-01,,,
2023,수원시,영통구청,2023-03-10 10:32,경기도수원시영통구매탄동 수원시 영통구 매탄동 409,보행,2023-12-01,,,
2023,수원시,영통구청,2023-03-10 10:32,경기도수원시영통구매탄동 수원시 영통구 매탄동 409,보행,2023-12-01,,,
2023,수원시,영통구청,2023-03-10 10:33,경기도수원시영통구매탄동 수원시 영통구 매탄동 409,보행,2023-12-01,,,
2023,수원시,팔달구청,2023-03-10 10:42,고등동 수원초등학교 정문 좌측 사거리,고정형,2023-12-01,,,
2023,수원시,권선구청,2023-03-10 11:00,구운동 구운초교 정문 우측 삼거리,고정형,2023-12-01,,,
2023,수원시,팔달구청,2023-03-10 11:11,인계동 수원시 팔달구 중부대로 223번길 27선경아파트,보행,2023-12-01,,,
2023,수원시,팔달구청,2023-03-10 11:49,고등동 수원초등학교 정문 좌측 사거리,고정형,2023-12-01,,,
2023,수원시,영통구청,2023-03-10 12:06,망포동 힐스테이트 119동 ~방죽공원 삼거리,고정형,2023-12-01,,,
2023,수원시,권선구청,2023-03-10 12:19,금곡동 가온초교 정문 우측 사거리,고정형,2023-12-01,,,
2023,수원시,권선구청,2023-03-10 12:20,고색동 도이치 고객주차장 출입구,고정형,2023-12-01,,,
2023,수원시,팔달구청,2023-03-10 13:10,고등동 수원초등학교 정문 좌측 사거리,고정형,2023-12-01,,,
2023,수원시,영통구청,2023-03-10 13:11,이의동 도청예정부지,고정형,2023-12-01,,,
2023,수원시,영통구청,2023-03-10 13:44,망포동 힐스테이트 119동 ~방죽공원 삼거리,고정형,2023-12-01,,,
2023,수원시,팔달구청,2023-03-10 13:49,영동 팔달로2가 48-1 횡단보도,국민신문고,2023-12-01,,,
2023,수원시,장안구청,2023-03-10 14:03,천천동 화산로163번길,주행형,2023-12-01,,,
2023,수원시,장안구청,2023-03-10 14:04,천천동 화산로163번길,주행형,2023-12-01,,,
2023,수원시,팔달구청,2023-03-10 14:15,남수동 남수동 정조로800번길,주행형,2023-12-01,,,
2023,수원시,팔달구청,2023-03-10 14:16,남수동 남수동 창룡대로8번길,주행형,2023-12-01,,,
2023,수원시,팔달구청,2023-03-10 14:17,팔달로2가 팔달로2가 정조로796번길,주행형,2023-12-01,,,
2023,수원시,팔달구청,2023-03-10 14:17,남수동 남수동 정조로796번길,주행형,2023-12-01,,,
2023,수원시,팔달구청,2023-03-10 14:18,영동 영동 팔달문로9,주행형,2023-12-01,,,
2023,수원시,팔달구청,2023-03-10 14:18,영동 영동 수원천로275,주행형,2023-12-01,,,
2023,수원시,팔달구청,2023-03-10 14:18,영동 영동 수원천로275,주행형,2023-12-01,,,
2023,수원시,팔달구청,2023-03-10 14:22,인계동 인계동 수원천로229,주행형,2023-12-01,,,
2023,수원시,팔달구청,2023-03-10 14:22,인계동 인계동 수원천로229,주행형,2023-12-01,,,
2023,수원시,팔달구청,2023-03-10 14:22,인계동 인계동 수원천로229,주행형,2023-12-01,,,
2023,수원시,팔달구청,2023-03-10 14:22,인계동 인계동 수원천로229,주행형,2023-12-01,,,
2023,수원시,팔달구청,2023-03-10 14:22,구천동 구천동 수원천로229,주행형,2023-12-01,,,
2023,수원시,팔달구청,2023-03-10 14:22,구천동 구천동 수원천로229,주행형,2023-12-01,,,
2023,수원시,팔달구청,2023-03-10 14:22,구천동 구천동 수원천로229,주행형,2023-12-01,,,
2023,수원시,팔달구청,2023-03-10 14:23,인계동 인계동 수원천로229,주행형,2023-12-01,,,
2023,수원시,영통구청,2023-03-10 14:33,이의동 드림스퀘어Ⅱ 앞,고정형,2023-12-01,,,
2023,수원시,권선구청,2023-03-10 14:33,서둔동 수원역한라비발디퍼스트 앞2,고정형,2023-12-01,,,
2023,수원시,팔달구청,2023-03-10 14:36,인계동 드림캐슬주상복합,고정형,2023-12-01,,,
2023,수원시,권선구청,2023-03-10 14:43,세류3동 신곡초교 후문 좌측 사거리,고정형,2023-12-01,,,
2023,수원시,팔달구청,2023-03-10 14:48,교동 수원시 팔달구 정조로 767-12,보행,2023-12-01,,,
2023,수원시,팔달구청,2023-03-10 15:00,경기도수원시팔달구매교동 수원시 팔달구 매교동 77,보행,2023-12-01,,,
2023,수원시,팔달구청,2023-03-10 15:03,인계동 드림캐슬주상복합,고정형,2023-12-01,,,
2023,수원시,팔달구청,2023-03-10 15:08,경기도수원시팔달구매산로2가 수원시 팔달구 고화로39번길8,보행,2023-12-01,,,
2023,수원시,팔달구청,2023-03-10 15:09,경기도수원시팔달구매산로2가 수원시 팔달구 고화로31번길17,보행,2023-12-01,,,
2023,수원시,권선구청,2023-03-10 15:15,고색동 도이치 고객주차장 출입구,고정형,2023-12-01,,,
2023,수원시,권선구청,2023-03-10 15:16,평동 오목초교 정문 우측 삼거리,고정형,2023-12-01,,,
2023,수원시,권선구청,2023-03-10 15:20,세류3동 신곡초교 후문 좌측 사거리,고정형,2023-12-01,,,
2023,수원시,팔달구청,2023-03-10 15:21,경기도수원시팔달구화서동 수원시 팔달구 화서동 184,보행,2023-12-01,,,
2023,수원시,영통구청,2023-03-10 15:31,이의동 드림스퀘어Ⅱ 앞,고정형,2023-12-01,,,
2023,수원시,팔달구청,2023-03-10 15:46,매산동 팅스몰 주차장 출구 옆,고정형,2023-12-01,,,
2023,수원시,팔달구청,2023-03-10 15:59,경기도수원시팔달구인계동 수원시 팔달구 인계로 118,보행,2023-12-01,,,
2023,수원시,팔달구청,2023-03-10 16:00,경기도수원시팔달구인계동 수원시 팔달구 인계로 118,보행,2023-12-01,,,
2023,수원시,영통구청,2023-03-10 16:04,망포동 E-마트 에브리데이 앞,고정형,2023-12-01,37.2361017468141,127.060345496536,
2023,수원시,권선구청,2023-03-10 16:04,곡선동 권선중앙약국 건너편,고정형,2023-12-01,,,
2023,수원시,팔달구청,2023-03-10 16:30,인계동 한국씨티은행,고정형,2023-12-01,,,
2023,수원시,영통구청,2023-03-10 16:47,원천동 삼성전자중문,고정형,2023-12-01,,,
2023,수원시,팔달구청,2023-03-10 16:49,매산동 팅스몰 주차장 출구 옆,고정형,2023-12-01,,,
2023,수원시,팔달구청,2023-03-10 16:49,매산동 팅스몰 주차장 출구 옆,고정형,2023-12-01,,,
2023,수원시,팔달구청,2023-03-10 17:27,매산동 팅스몰 주차장 출구 옆,고정형,2023-12-01,,,
2023,수원시,팔달구청,2023-03-10 17:33,매산동 팅스몰 주차장 출구 옆,고정형,2023-12-01,,,
2023,수원시,팔달구청,2023-03-10 17:44,인계동 드림캐슬주상복합,고정형,2023-12-01,,,
2023,수원시,팔달구청,2023-03-10 17:48,인계동 경인통계청,고정형,2023-12-01,,,
2023,수원시,영통구청,2023-03-10 17:49,광교동 광교더사랑교회뒷길,고정형,2023-12-01,,,
2023,수원시,영통구청,2023-03-10 17:49,광교동 광교더사랑교회뒷길,고정형,2023-12-01,,,
2023,수원시,팔달구청,2023-03-10 18:04,인계동 드림캐슬주상복합,고정형,2023-12-01,,,
2023,수원시,팔달구청,2023-03-10 18:05,매산동 팅스몰 주차장 출구 옆,고정형,2023-12-01,,,
2023,수원시,팔달구청,2023-03-10 18:07,매산동 팅스몰 주차장 출구 옆,고정형,2023-12-01,,,
2023,수원시,영통구청,2023-03-10 18:25,망포동 힐스테이트 119동 ~방죽공원 삼거리,고정형,2023-12-01,,,
2023,수원시,팔달구청,2023-03-10 18:33,매산동 팅스몰 주차장 출구 옆,고정형,2023-12-01,,,
2023,수원시,팔달구청,2023-03-10 19:04,매산동 팅스몰 주차장 출구 옆,고정형,2023-12-01,,,
2023,수원시,팔달구청,2023-03-10 19:25,경기도수원시팔달구화서동 수원시 팔달구 팔달로 120,보행,2023-12-01,,,
2023,수원시,팔달구청,2023-03-10 19:26,경기도수원시팔달구화서동 수원시 팔달구 팔달로 120,보행,2023-12-01,,,
2023,수원시,팔달구청,2023-03-10 19:27,인계동 드림캐슬주상복합,고정형,2023-12-01,,,
2023,수원시,팔달구청,2023-03-10 19:34,매산동 팅스몰 주차장 출구 옆,고정형,2023-12-01,,,
2023,수원시,팔달구청,2023-03-10 19:49,인계동 드림캐슬주상복합,고정형,2023-12-01,,,
2023,수원시,팔달구청,2023-03-10 19:54,인계동 드림캐슬주상복합,고정형,2023-12-01,,,
2023,수원시,팔달구청,2023-03-10 19:54,인계동 드림캐슬주상복합,고정형,2023-12-01,,,
2023,수원시,팔달구청,2023-03-10 20:02,매산동 역전농협,고정형,2023-12-01,,,
2023,수원시,영통구청,2023-03-10 20:07,영통동 마사회뒷길,고정형,2023-12-01,,,
2023,수원시,장안구청,2023-03-10 20:07,율전동 서부로2105번길,주행형,2023-12-01,37.2968179671568,126.969374998131,
2023,수원시,팔달구청,2023-03-10 20:11,인계동 드림캐슬주상복합,고정형,2023-12-01,,,
2023,수원시,팔달구청,2023-03-10 20:30,매산동 팅스몰 주차장 출구 옆,고정형,2023-12-01,,,
2023,수원시,권선구청,2023-03-11 9:02,곡반정동 궁촌육교앞,고정형,2023-12-01,,,
2023,수원시,권선구청,2023-03-11 9:03,곡반정동 하나로마트한국빌딩앞,고정형,2023-12-01,,,
2023,수원시,권선구청,2023-03-11 9:03,곡반정동 하나로마트한국빌딩앞,고정형,2023-12-01,,,
2023,수원시,팔달구청,2023-03-11 9:04,인계동 드림캐슬주상복합,고정형,2023-12-01,,,
2023,수원시,권선구청,2023-03-11 9:04,서둔동 가온팰리스옆2,고정형,2023-12-01,,,
2023,수원시,권선구청,2023-03-11 9:04,서둔동 가온팰리스옆1,고정형,2023-12-01,,,
2023,수원시,권선구청,2023-03-11 9:04,서둔동 가온팰리스옆1,고정형,2023-12-01,,,
2023,수원시,권선구청,2023-03-11 9:04,서둔동 수원역한라비발디퍼스트 앞1,고정형,2023-12-01,,,
2023,수원시,권선구청,2023-03-11 9:05,금곡동 일신건영아파트 앞 놀이터,고정형,2023-12-01,,,
2023,수원시,팔달구청,2023-03-11 9:07,인계동 경인통계청,고정형,2023-12-01,,,
2023,수원시,팔달구청,2023-03-11 9:09,인계동 드림캐슬주상복합,고정형,2023-12-01,,,
2023,수원시,팔달구청,2023-03-11 9:27,교동 수원향교 앞 팔달보건소 뒤,고정형,2023-12-01,,,
2023,수원시,팔달구청,2023-03-11 9:45,매산동 역전농협,고정형,2023-12-01,,,
2023,수원시,팔달구청,2023-03-11 9:45,매산동 역전농협,고정형,2023-12-01,,,
2023,수원시,팔달구청,2023-03-11 9:51,인계동 경인통계청,고정형,2023-12-01,,,
2023,수원시,권선구청,2023-03-11 9:54,서둔동 수원역한라비발디퍼스트 앞1,고정형,2023-12-01,,,
2023,수원시,영통구청,2023-03-11 9:59,원천동 광교 한화겔러리아 앞,고정형,2023-12-01,,,
2023,수원시,영통구청,2023-03-11 10:02,망포동 힐스테이트 119동 ~방죽공원 삼거리,고정형,2023-12-01,,,
2023,수원시,팔달구청,2023-03-11 10:05,화서1동 푸르지오자이 북문 CU 앞 횡단보도,고정형,2023-12-01,,,
2023,수원시,권선구청,2023-03-11 10:06,곡선동 권선중앙약국 건너편,고정형,2023-12-01,,,
2023,수원시,영통구청,2023-03-11 10:11,영통동 마사회뒷길,고정형,2023-12-01,,,
2023,수원시,권선구청,2023-03-11 10:23,서둔동 가온팰리스옆2,고정형,2023-12-01,,,
2023,수원시,팔달구청,2023-03-11 10:29,인계동 경인통계청,고정형,2023-12-01,,,
2023,수원시,영통구청,2023-03-11 10:33,영통동 롯데마트 뒤,고정형,2023-12-01,37.27220279535416,127.10856729001851,
2023,수원시,권선구청,2023-03-11 10:34,곡반정동 하나로마트한국빌딩앞,고정형,2023-12-01,,,
2023,수원시,영통구청,2023-03-11 10:35,망포동 힐스테이트 119동 ~방죽공원 삼거리,고정형,2023-12-01,,,
2023,수원시,팔달구청,2023-03-11 10:48,경기도수원시팔달구인계동 수원시 팔달구 우만동559-16,보행,2023-12-01,,,
2023,수원시,영통구청,2023-03-11 11:08,망포동 힐스테이트 119동 ~방죽공원 삼거리,고정형,2023-12-01,,,
2023,수원시,팔달구청,2023-03-11 11:09,화서1동 푸르지오자이 북문 CU 앞 횡단보도,고정형,2023-12-01,,,
2023,수원시,팔달구청,2023-03-11 11:11,경기도수원시팔달구우만동 수원시 팔달구 우만동 고가 밑,보행,2023-12-01,,,
2023,수원시,팔달구청,2023-03-11 11:20,화서1동 수원역푸르지오자이 북문 우측,고정형,2023-12-01,,,
2023,수원시,권선구청,2023-03-11 11:22,오목천동 527-5,국민신문고,2023-12-01,,,
2023,수원시,영통구청,2023-03-11 11:34,망포동 E-마트 에브리데이 앞,고정형,2023-12-01,37.2361017468141,127.060345496536,
2023,수원시,팔달구청,2023-03-11 11:56,행궁동 팔달문 버스정류장,고정형,2023-12-01,,,
2023,수원시,영통구청,2023-03-11 12:02,망포동 힐스테이트 119동 ~방죽공원 삼거리,고정형,2023-12-01,,,
2023,수원시,영통구청,2023-03-11 12:26,하동 광교호반마을한양수자인,고정형,2023-12-01,,,
2023,수원시,팔달구청,2023-03-11 12:37,화서1동 수원역푸르지오자이 북문 우측,고정형,2023-12-01,,,
2023,수원시,팔달구청,2023-03-11 13:03,화서1동 수원역푸르지오자이 북문 우측,고정형,2023-12-01,,,
2023,수원시,팔달구청,2023-03-11 13:05,화서1동 수원역푸르지오자이 북문 우측,고정형,2023-12-01,,,
2023,수원시,팔달구청,2023-03-11 13:19,화서1동 수원역푸르지오자이 북문 우측,고정형,2023-12-01,,,
2023,수원시,영통구청,2023-03-11 13:41,망포동 힐스테이트 119동 ~방죽공원 삼거리,고정형,2023-12-01,,,
2023,수원시,영통구청,2023-03-11 13:47,망포동 힐스테이트 119동 ~방죽공원 삼거리,고정형,2023-12-01,,,
2023,수원시,권선구청,2023-03-11 14:30,서둔동 롯데몰9번출구앞주변,고정형,2023-12-01,,,
2023,수원시,권선구청,2023-03-11 14:30,서둔동 롯데몰9번출구앞주변,고정형,2023-12-01,,,
2023,수원시,권선구청,2023-03-11 14:33,서둔동 가온팰리스옆2,고정형,2023-12-01,,,
2023,수원시,영통구청,2023-03-11 14:33,영통동 매영로365번길,주행형,2023-12-01,,,
2023,수원시,영통구청,2023-03-11 14:33,영통동 매영로365번길,주행형,2023-12-01,,,
2023,수원시,영통구청,2023-03-11 14:33,영통동 매영로365번길,주행형,2023-12-01,,,
2023,수원시,영통구청,2023-03-11 14:33,영통동 매영로365번길,주행형,2023-12-01,,,
2023,수원시,영통구청,2023-03-11 14:33,영통동 매영로365번길,주행형,2023-12-01,,,
2023,수원시,영통구청,2023-03-11 14:33,영통동 매영로365번길,주행형,2023-12-01,,,
2023,수원시,팔달구청,2023-03-11 14:33,인계동 경인통계청,고정형,2023-12-01,,,
2023,수원시,영통구청,2023-03-11 14:34,영통동 매영로365번길,주행형,2023-12-01,,,
2023,수원시,영통구청,2023-03-11 14:34,영통동 매영로365번길,주행형,2023-12-01,,,
2023,수원시,영통구청,2023-03-11 14:34,영통동 매영로365번길,주행형,2023-12-01,,,
2023,수원시,영통구청,2023-03-11 14:34,영통동 매영로365번길,주행형,2023-12-01,,,
2023,수원시,영통구청,2023-03-11 14:34,영통동 매영로365번길,주행형,2023-12-01,,,
2023,수원시,영통구청,2023-03-11 14:34,영통동 매영로365번길,주행형,2023-12-01,,,
2023,수원시,영통구청,2023-03-11 14:34,영통동 매영로365번길,주행형,2023-12-01,,,
2023,수원시,팔달구청,2023-03-11 14:34,인계동 경인통계청,고정형,2023-12-01,,,
2023,수원시,권선구청,2023-03-11 14:34,곡반정동 하나로마트한국빌딩앞,고정형,2023-12-01,,,
2023,수원시,팔달구청,2023-03-11 14:34,매산동 팅스몰 주차장 출구 옆,고정형,2023-12-01,,,
2023,수원시,권선구청,2023-03-11 14:35,서둔동 가온팰리스옆1,고정형,2023-12-01,,,
2023,수원시,영통구청,2023-03-11 14:35,영통동 매영로365번길,주행형,2023-12-01,,,
2023,수원시,영통구청,2023-03-11 14:35,영통동 매영로365번길,주행형,2023-12-01,,,
2023,수원시,영통구청,2023-03-11 14:35,영통동 매영로365번길,주행형,2023-12-01,,,
2023,수원시,영통구청,2023-03-11 14:35,영통동 매영로365번길,주행형,2023-12-01,,,
2023,수원시,팔달구청,2023-03-11 14:44,경기도수원시팔달구신풍동 수원시 팔달구 화서문로 32번길 14,보행,2023-12-01,,,
2023,수원시,권선구청,2023-03-11 14:49,서둔동 롯데몰9번출구앞주변,고정형,2023-12-01,,,
2023,수원시,팔달구청,2023-03-11 14:50,행궁동 화홍사랑채,고정형,2023-12-01,,,
2023,수원시,팔달구청,2023-03-11 14:52,인계동 경인통계청,고정형,2023-12-01,,,
2023,수원시,권선구청,2023-03-11 14:52,서둔동 가온팰리스옆2,고정형,2023-12-01,,,
2023,수원시,권선구청,2023-03-11 14:53,서둔동 가온팰리스옆1,고정형,2023-12-01,,,
2023,수원시,영통구청,2023-03-11 14:53,원천동 광교 한화겔러리아 앞,고정형,2023-12-01,,,
2023,수원시,권선구청,2023-03-11 15:02,서둔동 롯데몰9번출구앞주변,고정형,2023-12-01,,,
2023,수원시,영통구청,2023-03-11 15:02,하동 광교호반마을한양수자인,고정형,2023-12-01,,,
2023,수원시,팔달구청,2023-03-11 15:03,화서1동 수원역푸르지오자이 북문 우측,고정형,2023-12-01,,,
2023,수원시,권선구청,2023-03-11 15:05,서둔동 수원역한라비발디퍼스트 앞2,고정형,2023-12-01,,,
2023,수원시,권선구청,2023-03-11 15:08,서둔동 가온팰리스옆1,고정형,2023-12-01,,,
2023,수원시,팔달구청,2023-03-11 15:15,남수동 남수동 창룡대로8번길,주행형,2023-12-01,,,
2023,수원시,권선구청,2023-03-11 15:16,곡반정동 궁촌육교앞,고정형,2023-12-01,,,
2023,수원시,팔달구청,2023-03-11 15:16,남수동 남수동 정조로800번길,주행형,2023-12-01,,,
2023,수원시,팔달구청,2023-03-11 15:17,영동 영동 수원천로275,주행형,2023-12-01,,,
2023,수원시,팔달구청,2023-03-11 15:18,영동 영동 팔달문로9,주행형,2023-12-01,,,
2023,수원시,팔달구청,2023-03-11 15:18,영동 영동 수원천로275,주행형,2023-12-01,,,
2023,수원시,영통구청,2023-03-11 15:23,영통동 마사회뒷길,고정형,2023-12-01,,,
2023,수원시,권선구청,2023-03-11 15:30,곡반정동 하나로마트한국빌딩앞,고정형,2023-12-01,,,
2023,수원시,권선구청,2023-03-11 15:32,서둔동 가온팰리스옆1,고정형,2023-12-01,,,
2023,수원시,팔달구청,2023-03-11 15:34,행궁동 화홍사랑채,고정형,2023-12-01,,,
2023,수원시,팔달구청,2023-03-11 15:40,인계동 한국씨티은행,고정형,2023-12-01,,,
2023,수원시,팔달구청,2023-03-11 15:44,매산동 팅스몰 주차장 출구 옆,고정형,2023-12-01,,,
2023,수원시,팔달구청,2023-03-11 15:55,인계동 드림캐슬주상복합,고정형,2023-12-01,,,
2023,수원시,영통구청,2023-03-11 15:57,망포동 힐스테이트 119동 ~방죽공원 삼거리,고정형,2023-12-01,,,
2023,수원시,팔달구청,2023-03-11 15:59,화서1동 수원역푸르지오자이 북문 우측,고정형,2023-12-01,,,
2023,수원시,권선구청,2023-03-11 15:59,서둔동 가온팰리스옆2,고정형,2023-12-01,,,
2023,수원시,팔달구청,2023-03-11 16:06,인계동 한국씨티은행,고정형,2023-12-01,,,
2023,수원시,권선구청,2023-03-11 16:13,곡반정동 하나로마트한국빌딩앞,고정형,2023-12-01,,,
2023,수원시,팔달구청,2023-03-11 16:19,행궁동 화홍사랑채,고정형,2023-12-01,,,
2023,수원시,권선구청,2023-03-11 16:27,서둔동 수원역한라비발디퍼스트 앞1,고정형,2023-12-01,,,
2023,수원시,권선구청,2023-03-11 16:30,서둔동 가온팰리스옆2,고정형,2023-12-01,,,
2023,수원시,권선구청,2023-03-11 16:31,곡반정동 하나로마트한국빌딩앞,고정형,2023-12-01,,,
2023,수원시,팔달구청,2023-03-11 16:44,인계동 한국씨티은행,고정형,2023-12-01,,,
2023,수원시,권선구청,2023-03-11 16:45,호매실동 금호프라자 대각 맞은편,고정형,2023-12-01,,,
2023,수원시,권선구청,2023-03-11 16:55,평동 수원역고가밑 (애경뒷길),고정형,2023-12-01,,,
2023,수원시,팔달구청,2023-03-11 17:05,매산동 역전농협,고정형,2023-12-01,,,
2023,수원시,팔달구청,2023-03-11 17:05,화서1동 수원역푸르지오자이 북문 우측,고정형,2023-12-01,,,
2023,수원시,권선구청,2023-03-11 17:10,서둔동 가온팰리스옆1,고정형,2023-12-01,,,
2023,수원시,권선구청,2023-03-11 17:13,서둔동 롯데몰9번출구앞주변,고정형,2023-12-01,,,
2023,수원시,팔달구청,2023-03-11 17:23,화서1동 수원역푸르지오자이 북문 우측,고정형,2023-12-01,,,
2023,수원시,팔달구청,2023-03-11 17:31,화서1동 푸르지오자이 북문 CU 앞 횡단보도,고정형,2023-12-01,,,
2023,수원시,팔달구청,2023-03-11 17:41,매산동 팅스몰 주차장 출구 옆,고정형,2023-12-01,,,
2023,수원시,팔달구청,2023-03-11 17:54,화서1동 수원역푸르지오자이 북문 우측,고정형,2023-12-01,,,
2023,수원시,팔달구청,2023-03-11 18:27,화서1동 수원역푸르지오자이 북문 우측,고정형,2023-12-01,,,
2023,수원시,팔달구청,2023-03-11 18:30,화서1동 수원역푸르지오자이 북문 우측,고정형,2023-12-01,,,
2023,수원시,팔달구청,2023-03-11 18:30,화서1동 수원역푸르지오자이 북문 우측,고정형,2023-12-01,,,
2023,수원시,팔달구청,2023-03-11 18:37,화서1동 수원역푸르지오자이 북문 우측,고정형,2023-12-01,,,
2023,수원시,팔달구청,2023-03-11 18:38,행궁동 팔달문 버스정류장,고정형,2023-12-01,,,
2023,수원시,팔달구청,2023-03-11 18:44,인계동 드림캐슬주상복합,고정형,2023-12-01,,,
2023,수원시,팔달구청,2023-03-11 18:52,인계동 드림캐슬주상복합,고정형,2023-12-01,,,
2023,수원시,팔달구청,2023-03-11 18:56,매산동 팅스몰 주차장 출구 옆,고정형,2023-12-01,,,
2023,수원시,팔달구청,2023-03-11 19:01,인계동 드림캐슬주상복합,고정형,2023-12-01,,,
2023,수원시,팔달구청,2023-03-11 19:22,화서1동 수원역푸르지오자이 북문 우측,고정형,2023-12-01,,,
2023,수원시,팔달구청,2023-03-11 20:05,화서1동 수원역푸르지오자이 북문 우측,고정형,2023-12-01,,,
2023,수원시,팔달구청,2023-03-11 20:09,매산동 역전농협,고정형,2023-12-01,,,
2023,수원시,팔달구청,2023-03-11 20:26,인계동 드림캐슬주상복합,고정형,2023-12-01,,,
2023,수원시,팔달구청,2023-03-11 20:29,매산동 팅스몰 주차장 출구 옆,고정형,2023-12-01,,,
2023,수원시,팔달구청,2023-03-11 20:39,인계동 드림캐슬주상복합,고정형,2023-12-01,,,
2023,수원시,팔달구청,2023-03-11 20:39,인계동 드림캐슬주상복합,고정형,2023-12-01,,,
2023,수원시,권선구청,2023-03-12 2:39,오목천동 527-5,국민신문고,2023-12-01,,,
2023,수원시,권선구청,2023-03-12 9:02,서둔동 가온팰리스옆2,고정형,2023-12-01,,,
2023,수원시,팔달구청,2023-03-12 9:03,매산동 팅스몰 주차장 출구 옆,고정형,2023-12-01,,,
2023,수원시,팔달구청,2023-03-12 9:03,인계동 경인통계청,고정형,2023-12-01,,,
2023,수원시,팔달구청,2023-03-12 9:03,인계동 경인통계청,고정형,2023-12-01,,,
2023,수원시,권선구청,2023-03-12 9:03,서둔동 가온팰리스옆2,고정형,2023-12-01,,,
2023,수원시,팔달구청,2023-03-12 9:04,매산동 팅스몰 주차장 출구 옆,고정형,2023-12-01,,,
2023,수원시,팔달구청,2023-03-12 9:04,인계동 드림캐슬주상복합,고정형,2023-12-01,,,
2023,수원시,팔달구청,2023-03-12 9:05,인계동 드림캐슬주상복합,고정형,2023-12-01,,,
2023,수원시,팔달구청,2023-03-12 9:05,행궁동 화홍사랑채,고정형,2023-12-01,,,
2023,수원시,권선구청,2023-03-12 9:06,서둔동 가온팰리스옆2,고정형,2023-12-01,,,
2023,수원시,팔달구청,2023-03-12 9:17,인계동 한국씨티은행,고정형,2023-12-01,,,
2023,수원시,팔달구청,2023-03-12 9:19,매산동 팅스몰 주차장 출구 옆,고정형,2023-12-01,,,
2023,수원시,영통구청,2023-03-12 9:26,영통동 보보스스포츠센터앞,고정형,2023-12-01,,,
2023,수원시,팔달구청,2023-03-12 9:33,매산동 팅스몰 주차장 출구 옆,고정형,2023-12-01,,,
2023,수원시,팔달구청,2023-03-12 9:51,인계동 한국씨티은행,고정형,2023-12-01,,,
2023,수원시,팔달구청,2023-03-12 10:00,매산동 팅스몰 주차장 출구 옆,고정형,2023-12-01,,,
2023,수원시,권선구청,2023-03-12 10:16,서둔동 롯데몰 육교건너,고정형,2023-12-01,,,
2023,수원시,팔달구청,2023-03-12 10:41,인계동 드림캐슬주상복합,고정형,2023-12-01,,,
2023,수원시,팔달구청,2023-03-12 11:00,화서1동 수원역푸르지오자이 북문 우측,고정형,2023-12-01,,,
2023,수원시,팔달구청,2023-03-12 12:02,화서1동 수원역푸르지오자이 북문 우측,고정형,2023-12-01,,,
2023,수원시,권선구청,2023-03-12 12:07,곡반정동 562-2,국민신문고,2023-12-01,,,
2023,수원시,권선구청,2023-03-12 12:07,곡반정동 562-2,국민신문고,2023-12-01,,,
2023,수원시,영통구청,2023-03-12 12:56,영통동 마사회뒷길,고정형,2023-12-01,,,
2023,수원시,팔달구청,2023-03-12 13:14,매산동 역전농협,고정형,2023-12-01,,,
2023,수원시,팔달구청,2023-03-12 13:35,화서1동 수원역푸르지오자이 북문 우측,고정형,2023-12-01,,,
2023,수원시,팔달구청,2023-03-12 14:04,매산동 역전농협,고정형,2023-12-01,,,
2023,수원시,팔달구청,2023-03-12 14:32,매산동 팅스몰 주차장 출구 옆,고정형,2023-12-01,,,
2023,수원시,팔달구청,2023-03-12 14:32,인계동 경인통계청,고정형,2023-12-01,,,
2023,수원시,팔달구청,2023-03-12 14:32,경기도수원시팔달구고등동 수원시 팔달구 고등동 141,보행,2023-12-01,,,
2023,수원시,권선구청,2023-03-12 14:33,곡반정동 궁촌육교앞,고정형,2023-12-01,,,
2023,수원시,팔달구청,2023-03-12 14:33,매산동 팅스몰 주차장 출구 옆,고정형,2023-12-01,,,
2023,수원시,팔달구청,2023-03-12 14:33,경기도수원시팔달구고등동 수원시 팔달구 고등동 141,보행,2023-12-01,,,
2023,수원시,권선구청,2023-03-12 14:34,서둔동 수원역한라비발디퍼스트 앞1,고정형,2023-12-01,,,
2023,수원시,팔달구청,2023-03-12 14:35,인계동 드림캐슬주상복합,고정형,2023-12-01,,,
2023,수원시,영통구청,2023-03-12 14:35,이의동 드림스퀘어Ⅱ 앞,고정형,2023-12-01,,,
2023,수원시,팔달구청,2023-03-12 14:35,인계동 드림캐슬주상복합,고정형,2023-12-01,,,
2023,수원시,팔달구청,2023-03-12 14:35,인계동 드림캐슬주상복합,고정형,2023-12-01,,,
2023,수원시,팔달구청,2023-03-12 14:36,인계동 드림캐슬주상복합,고정형,2023-12-01,,,
2023,수원시,팔달구청,2023-03-12 14:37,매산동 팅스몰 주차장 출구 옆,고정형,2023-12-01,,,
2023,수원시,팔달구청,2023-03-12 14:38,매산동 팅스몰 주차장 출구 옆,고정형,2023-12-01,,,
2023,수원시,권선구청,2023-03-12 14:39,서둔동 가온팰리스옆2,고정형,2023-12-01,,,
2023,수원시,권선구청,2023-03-12 14:40,평동 수원역고가밑 (애경뒷길),고정형,2023-12-01,,,
2023,수원시,영통구청,2023-03-12 14:42,영통동 마사회뒷길,고정형,2023-12-01,,,
2023,수원시,권선구청,2023-03-12 14:44,서둔동 롯데몰9번출구앞주변,고정형,2023-12-01,,,
2023,수원시,팔달구청,2023-03-12 14:46,행궁동 화홍사랑채,고정형,2023-12-01,,,
2023,수원시,권선구청,2023-03-12 14:47,서둔동 가온팰리스옆1,고정형,2023-12-01,,,
2023,수원시,팔달구청,2023-03-12 14:49,매산동 팅스몰 주차장 출구 옆,고정형,2023-12-01,,,
2023,수원시,팔달구청,2023-03-12 14:50,매산동 팅스몰 주차장 출구 옆,고정형,2023-12-01,,,
2023,수원시,팔달구청,2023-03-12 15:01,행궁동 팔달문 버스정류장,고정형,2023-12-01,,,
2023,수원시,팔달구청,2023-03-12 15:10,신풍동 미술관로터리,고정형,2023-12-01,,,
2023,수원시,팔달구청,2023-03-12 15:11,매산동 팅스몰 주차장 출구 옆,고정형,2023-12-01,,,
2023,수원시,권선구청,2023-03-12 15:16,서둔동 가온팰리스옆2,고정형,2023-12-01,,,
2023,수원시,팔달구청,2023-03-12 15:20,화서1동 수원역푸르지오자이 북문 우측,고정형,2023-12-01,,,
2023,수원시,팔달구청,2023-03-12 15:23,지동 지동 팔달문로32번길,주행형,2023-12-01,,,
2023,수원시,권선구청,2023-03-12 15:37,서둔동 가온팰리스옆1,고정형,2023-12-01,,,
2023,수원시,장안구청,2023-03-12 15:38,상광교동 광교버스정류장종점,고정형,2023-12-01,,,
2023,수원시,팔달구청,2023-03-12 15:42,인계동 드림캐슬주상복합,고정형,2023-12-01,,,
2023,수원시,권선구청,2023-03-12 15:47,곡반정동 하나로마트한국빌딩앞,고정형,2023-12-01,,,
2023,수원시,권선구청,2023-03-12 15:51,곡반정동 하나로마트한국빌딩앞,고정형,2023-12-01,,,
2023,수원시,영통구청,2023-03-12 15:57,영통동 롯데마트 뒤,고정형,2023-12-01,37.27220279535416,127.10856729001851,
2023,수원시,팔달구청,2023-03-12 16:01,행궁동 화홍사랑채,고정형,2023-12-01,,,
2023,수원시,권선구청,2023-03-12 16:07,서둔동 가온팰리스옆2,고정형,2023-12-01,,,
2023,수원시,팔달구청,2023-03-12 16:09,신풍동 신풍동 화서문로 32,주행형,2023-12-01,,,
2023,수원시,영통구청,2023-03-12 16:12,이의동 드림스퀘어Ⅱ 앞,고정형,2023-12-01,,,
2023,수원시,팔달구청,2023-03-12 16:30,매산동 팅스몰 주차장 출구 옆,고정형,2023-12-01,,,
2023,수원시,팔달구청,2023-03-12 16:31,매산동 팅스몰 주차장 출구 옆,고정형,2023-12-01,,,
2023,수원시,영통구청,2023-03-12 16:38,영통동 마사회뒷길,고정형,2023-12-01,,,
2023,수원시,영통구청,2023-03-12 16:38,영통동 마사회뒷길,고정형,2023-12-01,,,
2023,수원시,팔달구청,2023-03-12 16:39,인계동 드림캐슬주상복합,고정형,2023-12-01,,,
2023,수원시,권선구청,2023-03-12 16:44,오목천동 한화꿈에그린아파트 209동앞,고정형,2023-12-01,,,
2023,수원시,팔달구청,2023-03-12 16:50,매산동 팅스몰 주차장 출구 옆,고정형,2023-12-01,,,
2023,수원시,팔달구청,2023-03-12 16:53,인계동 한국씨티은행,고정형,2023-12-01,,,
2023,수원시,팔달구청,2023-03-12 17:01,화서1동 수원역푸르지오자이 북문 우측,고정형,2023-12-01,,,
2023,수원시,영통구청,2023-03-12 17:01,이의동 도청예정부지,고정형,2023-12-01,,,
2023,수원시,영통구청,2023-03-12 17:02,원천동 삼성전자중문,고정형,2023-12-01,,,
2023,수원시,영통구청,2023-03-12 17:17,광교동 광교 덴티움지식산업센터 앞 사거리,고정형,2023-12-01,,,
2023,수원시,팔달구청,2023-03-12 17:33,인계동 경인통계청,고정형,2023-12-01,,,
2023,수원시,팔달구청,2023-03-12 17:33,인계동 경인통계청,고정형,2023-12-01,,,
2023,수원시,팔달구청,2023-03-12 17:34,인계동 한국씨티은행,고정형,2023-12-01,,,
2023,수원시,팔달구청,2023-03-12 17:42,인계동 드림캐슬주상복합,고정형,2023-12-01,,,
2023,수원시,팔달구청,2023-03-12 18:22,매산동 팅스몰 주차장 출구 옆,고정형,2023-12-01,,,
2023,수원시,팔달구청,2023-03-12 18:36,매산동 역전농협,고정형,2023-12-01,,,
2023,수원시,팔달구청,2023-03-12 19:13,매산동 팅스몰 주차장 출구 옆,고정형,2023-12-01,,,
2023,수원시,팔달구청,2023-03-12 19:27,매산동 팅스몰 주차장 출구 옆,고정형,2023-12-01,,,
2023,수원시,팔달구청,2023-03-12 20:09,고등동 고등동 215-47 소화전,국민신문고,2023-12-01,,,
2023,수원시,팔달구청,2023-03-12 20:27,매산동 팅스몰 주차장 출구 옆,고정형,2023-12-01,,,
2023,수원시,장안구청,2023-03-13 6:18,조원동 조원동 550-3,국민신문고,2023-12-01,,,
2023,수원시,영통구청,2023-03-13 7:26,망포동 E-마트 에브리데이 앞,고정형,2023-12-01,37.2361017468141,127.060345496536,
2023,수원시,팔달구청,2023-03-13 7:33,인계동 드림캐슬주상복합,고정형,2023-12-01,,,
2023,수원시,팔달구청,2023-03-13 7:34,인계동 한국씨티은행,고정형,2023-12-01,,,
2023,수원시,권선구청,2023-03-13 8:03,곡반정동 하나로마트한국빌딩앞,고정형,2023-12-01,,,
2023,수원시,권선구청,2023-03-13 8:03,곡반정동 하나로마트한국빌딩앞,고정형,2023-12-01,,,
2023,수원시,권선구청,2023-03-13 8:04,곡반정동 하나로마트한국빌딩앞,고정형,2023-12-01,,,
2023,수원시,권선구청,2023-03-13 8:06,곡반정동 하나로마트한국빌딩앞,고정형,2023-12-01,,,
2023,수원시,팔달구청,2023-03-13 8:38,고등동 수원초등학교 정문 좌측 사거리,고정형,2023-12-01,,,
2023,수원시,권선구청,2023-03-13 8:41,입북동 당수초교 정문 우측 사거리,고정형,2023-12-01,,,
2023,수원시,팔달구청,2023-03-13 9:30,인계동 드림캐슬주상복합,고정형,2023-12-01,,,
2023,수원시,팔달구청,2023-03-13 9:31,인계동 경인통계청,고정형,2023-12-01,,,
2023,수원시,팔달구청,2023-03-13 9:49,인계동 드림캐슬주상복합,고정형,2023-12-01,,,
2023,수원시,팔달구청,2023-03-13 9:51,인계동 드림캐슬주상복합,고정형,2023-12-01,,,
2023,수원시,팔달구청,2023-03-13 9:51,인계동 드림캐슬주상복합,고정형,2023-12-01,,,
2023,수원시,권선구청,2023-03-13 10:12,호매실동 금호프라자 대각 맞은편,고정형,2023-12-01,,,
2023,수원시,팔달구청,2023-03-13 10:16,매산동 역전농협,고정형,2023-12-01,,,
2023,수원시,영통구청,2023-03-13 10:17,경기도수원시영통구망포동 수원시 영통구 망포동 11,보행,2023-12-01,,,
2023,수원시,영통구청,2023-03-13 10:18,이의동 창룡대로298번길,주행형,2023-12-01,,,
2023,수원시,영통구청,2023-03-13 10:18,이의동 창룡대로298번길,주행형,2023-12-01,,,
2023,수원시,영통구청,2023-03-13 10:18,이의동 창룡대로298번길,주행형,2023-12-01,,,
2023,수원시,권선구청,2023-03-13 10:30,구운동 구운초교 정문 우측 삼거리,고정형,2023-12-01,,,
2023,수원시,팔달구청,2023-03-13 10:40,인계동 드림캐슬주상복합,고정형,2023-12-01,,,
2023,수원시,팔달구청,2023-03-13 10:44,인계동 드림캐슬주상복합,고정형,2023-12-01,,,
2023,수원시,팔달구청,2023-03-13 11:53,화서1동 수원역푸르지오자이 북문 우측,고정형,2023-12-01,,,
2023,수원시,영통구청,2023-03-13 12:03,이의동 광교가재울마을사거리,고정형,2023-12-01,,,
2023,수원시,권선구청,2023-03-13 12:12,금곡동 가온초교 정문 우측 사거리,고정형,2023-12-01,,,
2023,수원시,영통구청,2023-03-13 13:32,매탄동 원천동 77-89,국민신문고,2023-12-01,,,
2023,수원시,영통구청,2023-03-13 13:33,영통동 마사회뒷길,고정형,2023-12-01,,,
2023,수원시,영통구청,2023-03-13 13:46,망포동 힐스테이트 119동 ~방죽공원 삼거리,고정형,2023-12-01,,,
2023,수원시,영통구청,2023-03-13 14:14,우만동 중부대로271번길,주행형,2023-12-01,,,
2023,수원시,영통구청,2023-03-13 14:20,영통동 매영로365번길,주행형,2023-12-01,,,
2023,수원시,영통구청,2023-03-13 14:20,영통동 매영로365번길,주행형,2023-12-01,,,
2023,수원시,영통구청,2023-03-13 14:21,영통동 매영로365번길,주행형,2023-12-01,,,
2023,수원시,영통구청,2023-03-13 14:21,영통동 매영로365번길,주행형,2023-12-01,,,
2023,수원시,영통구청,2023-03-13 14:21,영통동 매영로365번길,주행형,2023-12-01,,,
2023,수원시,영통구청,2023-03-13 14:21,영통동 매영로365번길,주행형,2023-12-01,,,
2023,수원시,영통구청,2023-03-13 14:21,영통동 매영로365번길,주행형,2023-12-01,,,
2023,수원시,영통구청,2023-03-13 14:21,영통동 매영로365번길,주행형,2023-12-01,,,
2023,수원시,영통구청,2023-03-13 14:22,영통동 매영로365번길,주행형,2023-12-01,,,
2023,수원시,영통구청,2023-03-13 14:22,영통동 매영로365번길,주행형,2023-12-01,,,
2023,수원시,영통구청,2023-03-13 14:22,영통동 매영로365번길,주행형,2023-12-01,,,
2023,수원시,팔달구청,2023-03-13 14:33,매산동 팅스몰 주차장 출구 옆,고정형,2023-12-01,,,
2023,수원시,팔달구청,2023-03-13 14:34,인계동 경인통계청,고정형,2023-12-01,,,
2023,수원시,영통구청,2023-03-13 14:39,망포동 E-마트 에브리데이 앞,고정형,2023-12-01,37.2361017468141,127.060345496536,
2023,수원시,팔달구청,2023-03-13 14:40,인계동 드림캐슬주상복합,고정형,2023-12-01,,,
2023,수원시,팔달구청,2023-03-13 14:40,인계동 드림캐슬주상복합,고정형,2023-12-01,,,
2023,수원시,팔달구청,2023-03-13 14:40,인계동 드림캐슬주상복합,고정형,2023-12-01,,,
2023,수원시,팔달구청,2023-03-13 14:40,인계동 드림캐슬주상복합,고정형,2023-12-01,,,
2023,수원시,팔달구청,2023-03-13 14:50,인계동 드림캐슬주상복합,고정형,2023-12-01,,,
2023,수원시,팔달구청,2023-03-13 14:55,인계동 드림캐슬주상복합,고정형,2023-12-01,,,
2023,수원시,팔달구청,2023-03-13 14:58,팔달로2가 팔달로2가 정조로796번길,주행형,2023-12-01,,,
2023,수원시,팔달구청,2023-03-13 14:58,남수동 남수동 정조로796번길,주행형,2023-12-01,,,
2023,수원시,팔달구청,2023-03-13 14:58,남수동 남수동 정조로796번길,주행형,2023-12-01,,,
2023,수원시,영통구청,2023-03-13 15:05,광교동 광교이의119안전센터,고정형,2023-12-01,,,
2023,수원시,영통구청,2023-03-13 15:09,영통동 롯데마트 뒤,고정형,2023-12-01,37.27220279535416,127.10856729001851,
2023,수원시,권선구청,2023-03-13 16:02,구운동 구운초교 정문 우측 삼거리,고정형,2023-12-01,,,
2023,수원시,영통구청,2023-03-13 16:09,영통동 마사회뒷길,고정형,2023-12-01,,,
2023,수원시,권선구청,2023-03-13 16:09,권선동 덕영대로1246번길,주행형,2023-12-01,,,
2023,수원시,권선구청,2023-03-13 16:09,권선동 덕영대로1246번길,주행형,2023-12-01,,,
2023,수원시,권선구청,2023-03-13 16:10,권선동 덕영대로1246번길,주행형,2023-12-01,,,
2023,수원시,팔달구청,2023-03-13 17:05,인계동 드림캐슬주상복합,고정형,2023-12-01,,,
2023,수원시,영통구청,2023-03-13 17:14,원천동 삼성전자중문,고정형,2023-12-01,,,
2023,수원시,팔달구청,2023-03-13 17:15,행궁동 팔달문 버스정류장,고정형,2023-12-01,,,
2023,수원시,팔달구청,2023-03-13 17:54,인계동 드림캐슬주상복합,고정형,2023-12-01,,,
2023,수원시,팔달구청,2023-03-13 18:07,매산동 팅스몰 주차장 출구 옆,고정형,2023-12-01,,,
2023,수원시,영통구청,2023-03-13 18:30,영통구 매탄동 77-89,국민신문고,2023-12-01,,,
2023,수원시,팔달구청,2023-03-13 18:36,매산동 역전농협,고정형,2023-12-01,,,
2023,수원시,팔달구청,2023-03-13 18:55,인계동 드림캐슬주상복합,고정형,2023-12-01,,,
2023,수원시,팔달구청,2023-03-13 19:25,인계동 드림캐슬주상복합,고정형,2023-12-01,,,
2023,수원시,영통구청,2023-03-13 19:37,경기도수원시영통구원천동 수원시 영통구 원천동 90,보행,2023-12-01,,,
2023,수원시,영통구청,2023-03-13 19:38,경기도수원시영통구원천동 수원시 영통구 원천동 90,보행,2023-12-01,,,
2023,수원시,팔달구청,2023-03-13 19:39,인계동 수원역푸르지오자이 북문 우측,고정형,2023-12-01,,,
2023,수원시,팔달구청,2023-03-13 19:40,매산동 팅스몰 주차장 출구 옆,고정형,2023-12-01,,,
2023,수원시,팔달구청,2023-03-13 20:11,인계동 드림캐슬주상복합,고정형,2023-12-01,,,
2023,수원시,팔달구청,2023-03-13 20:25,매산동 역전농협,고정형,2023-12-01,,,
2023,수원시,팔달구청,2023-03-13 21:29,인계동 드림캐슬주상복합,고정형,2023-12-01,,,
2023,수원시,팔달구청,2023-03-13 21:33,인계동 드림캐슬주상복합,고정형,2023-12-01,,,
2023,수원시,팔달구청,2023-03-13 21:33,인계동 드림캐슬주상복합,고정형,2023-12-01,,,
2023,수원시,권선구청,2023-03-13 21:33,오목천동 520,국민신문고,2023-12-01,,,
2023,수원시,권선구청,2023-03-13 21:36,오목천동 527-21,국민신문고,2023-12-01,,,
2023,수원시,권선구청,2023-03-13 22:40,오목천동 527-5,국민신문고,2023-12-01,,,
2023,수원시,권선구청,2023-03-14 1:38,곡반정동 562-2,국민신문고,2023-12-01,,,
2023,수원시,권선구청,2023-03-14 1:38,곡반정동 562-2,국민신문고,2023-12-01,,,
2023,수원시,팔달구청,2023-03-14 7:03,화서1동 수원역푸르지오자이 북문 우측,고정형,2023-12-01,,,
2023,수원시,영통구청,2023-03-14 7:04,이의동 도청예정부지,고정형,2023-12-01,,,
2023,수원시,팔달구청,2023-03-14 7:33,인계동 드림캐슬주상복합,고정형,2023-12-01,,,
2023,수원시,권선구청,2023-03-14 8:06,곡반정동 하나로마트한국빌딩앞,고정형,2023-12-01,,,
2023,수원시,권선구청,2023-03-14 8:14,곡반정동 하나로마트한국빌딩앞,고정형,2023-12-01,,,
2023,수원시,권선구청,2023-03-14 8:17,곡반정동 하나로마트한국빌딩앞,고정형,2023-12-01,,,
2023,수원시,장안구청,2023-03-14 8:18,율전동 율전동 507,국민신문고,2023-12-01,,,
2023,수원시,팔달구청,2023-03-14 9:36,인계동 드림캐슬주상복합,고정형,2023-12-01,,,
2023,수원시,팔달구청,2023-03-14 9:46,인계동 드림캐슬주상복합,고정형,2023-12-01,,,
2023,수원시,영통구청,2023-03-14 10:12,광교동 광교이의119안전센터,고정형,2023-12-01,,,
2023,수원시,팔달구청,2023-03-14 10:13,화서1동 수원역푸르지오자이 북문 우측,고정형,2023-12-01,,,
2023,수원시,팔달구청,2023-03-14 10:16,인계동 인계동 수원천로235,주행형,2023-12-01,,,
2023,수원시,팔달구청,2023-03-14 10:16,인계동 인계동 수원천로235,주행형,2023-12-01,,,
2023,수원시,팔달구청,2023-03-14 10:16,인계동 인계동 수원천로235,주행형,2023-12-01,,,
2023,수원시,팔달구청,2023-03-14 10:16,인계동 인계동 수원천로235,주행형,2023-12-01,,,
2023,수원시,팔달구청,2023-03-14 10:20,인계동 드림캐슬주상복합,고정형,2023-12-01,,,
2023,수원시,팔달구청,2023-03-14 10:33,인계동 인계동 장다리로329,주행형,2023-12-01,,,
2023,수원시,팔달구청,2023-03-14 10:33,인계동 인계동 장다리로329,주행형,2023-12-01,,,
2023,수원시,팔달구청,2023-03-14 10:33,인계동 인계동 장다리로329,주행형,2023-12-01,,,
2023,수원시,팔달구청,2023-03-14 10:33,인계동 인계동 장다리로329,주행형,2023-12-01,,,
2023,수원시,팔달구청,2023-03-14 10:33,인계동 인계동 장다리로329,주행형,2023-12-01,,,
2023,수원시,팔달구청,2023-03-14 10:33,인계동 인계동 장다리로329,주행형,2023-12-01,,,
2023,수원시,팔달구청,2023-03-14 10:33,인계동 인계동 장다리로329,주행형,2023-12-01,,,
2023,수원시,팔달구청,2023-03-14 10:54,구천동 구천동 수원천로229,주행형,2023-12-01,,,
2023,수원시,영통구청,2023-03-14 12:07,영통동 롯데마트 뒤,고정형,2023-12-01,37.27220279535416,127.10856729001851,
2023,수원시,팔달구청,2023-03-14 12:53,교동 수원향교 앞 팔달보건소 뒤,고정형,2023-12-01,,,
2023,수원시,팔달구청,2023-03-14 14:14,영동 영동 팔달문로275,주행형,2023-12-01,,,
2023,수원시,팔달구청,2023-03-14 14:21,매산동 역전농협,고정형,2023-12-01,,,
2023,수원시,팔달구청,2023-03-14 14:27,구천동 구천동 수원천로229,주행형,2023-12-01,,,
2023,수원시,팔달구청,2023-03-14 14:28,인계동 인계동 수원천로229,주행형,2023-12-01,,,
2023,수원시,팔달구청,2023-03-14 14:28,인계동 인계동 수원천로229,주행형,2023-12-01,,,
2023,수원시,권선구청,2023-03-14 14:35,서둔동 수원역한라비발디퍼스트 앞1,고정형,2023-12-01,,,
2023,수원시,팔달구청,2023-03-14 14:35,인계동 드림캐슬주상복합,고정형,2023-12-01,,,
2023,수원시,팔달구청,2023-03-14 14:36,인계동 드림캐슬주상복합,고정형,2023-12-01,,,
2023,수원시,팔달구청,2023-03-14 14:54,화서1동 화서초등학교 둘레길 중간지점,고정형,2023-12-01,,,
2023,수원시,팔달구청,2023-03-14 14:55,매산동 팅스몰 주차장 출구 옆,고정형,2023-12-01,,,
2023,수원시,영통구청,2023-03-14 14:59,망포동 E-마트 에브리데이 앞,고정형,2023-12-01,37.2361017468141,127.060345496536,
2023,수원시,팔달구청,2023-03-14 15:01,교동 수원향교 앞 팔달보건소 뒤,고정형,2023-12-01,,,
2023,수원시,팔달구청,2023-03-14 15:01,교동 수원향교 앞 팔달보건소 뒤,고정형,2023-12-01,,,
2023,수원시,장안구청,2023-03-14 15:03,율전동 율전파출소,고정형,2023-12-01,,,
2023,수원시,팔달구청,2023-03-14 15:14,신풍동 미술관로터리,고정형,2023-12-01,,,
2023,수원시,팔달구청,2023-03-14 16:03,인계동 경인통계청,고정형,2023-12-01,,,
2023,수원시,팔달구청,2023-03-14 16:40,고등동 수원초등학교 정문 좌측 사거리,고정형,2023-12-01,,,
2023,수원시,팔달구청,2023-03-14 18:39,매산동 팅스몰 주차장 출구 옆,고정형,2023-12-01,,,
2023,수원시,영통구청,2023-03-14 18:58,원천동 삼성전자중문,고정형,2023-12-01,,,
2023,수원시,팔달구청,2023-03-14 19:31,매산동 팅스몰 주차장 출구 옆,고정형,2023-12-01,,,
2023,수원시,영통구청,2023-03-14 20:02,광교동 광교 덴티움지식산업센터 앞 사거리,고정형,2023-12-01,,,
2023,수원시,팔달구청,2023-03-14 20:07,매산동 팅스몰 주차장 출구 옆,고정형,2023-12-01,,,
2023,수원시,영통구청,2023-03-14 20:07,경기도수원시영통구매탄동 수원시 영통구 매탄동 400,보행,2023-12-01,,,
2023,수원시,영통구청,2023-03-14 20:07,경기도수원시영통구매탄동 수원시 영통구 매탄동 400,보행,2023-12-01,,,
2023,수원시,영통구청,2023-03-14 20:09,경기도수원시영통구매탄동 수원시 영통구 매탄동 404,보행,2023-12-01,,,
2023,수원시,영통구청,2023-03-14 20:10,경기도수원시영통구매탄동 수원시 영통구 매탄동 404,보행,2023-12-01,,,
2023,수원시,영통구청,2023-03-14 20:10,경기도수원시영통구매탄동 수원시 영통구 매탄동 404,보행,2023-12-01,,,
2023,수원시,영통구청,2023-03-14 20:11,경기도수원시영통구매탄동 수원시 영통구 매탄동 404,보행,2023-12-01,,,
2023,수원시,영통구청,2023-03-14 20:11,경기도수원시영통구매탄동 수원시 영통구 매탄동 404,보행,2023-12-01,,,
2023,수원시,영통구청,2023-03-14 20:12,경기도수원시영통구매탄동 수원시 영통구 매탄동 404,보행,2023-12-01,,,
2023,수원시,영통구청,2023-03-14 20:12,경기도수원시영통구매탄동 수원시 영통구 매탄동 404,보행,2023-12-01,,,
2023,수원시,팔달구청,2023-03-14 20:13,인계동 드림캐슬주상복합,고정형,2023-12-01,,,
2023,수원시,영통구청,2023-03-14 20:13,경기도수원시영통구매탄동 수원시 영통구 매탄동 404,보행,2023-12-01,,,
2023,수원시,팔달구청,2023-03-14 20:20,인계동 드림캐슬주상복합,고정형,2023-12-01,,,
2023,수원시,팔달구청,2023-03-14 20:34,매산동 팅스몰 주차장 출구 옆,고정형,2023-12-01,,,
2023,수원시,팔달구청,2023-03-14 21:06,화서1동 수원역푸르지오자이 북문 우측,고정형,2023-12-01,,,
2023,수원시,팔달구청,2023-03-14 21:08,화서1동 수원역푸르지오자이 북문 우측,고정형,2023-12-01,,,
2023,수원시,팔달구청,2023-03-14 21:25,인계동 드림캐슬주상복합,고정형,2023-12-01,,,
2023,수원시,팔달구청,2023-03-14 21:25,인계동 드림캐슬주상복합,고정형,2023-12-01,,,
2023,수원시,권선구청,2023-03-15 5:41,곡반정동 916,국민신문고,2023-12-01,,,
2023,수원시,영통구청,2023-03-15 7:03,영통동 마사회뒷길,고정형,2023-12-01,,,
2023,수원시,팔달구청,2023-03-15 7:03,화서1동 수원역푸르지오자이 북문 우측,고정형,2023-12-01,,,
2023,수원시,영통구청,2023-03-15 7:04,영통동 마사회뒷길,고정형,2023-12-01,,,
2023,수원시,팔달구청,2023-03-15 7:33,인계동 드림캐슬주상복합,고정형,2023-12-01,,,
2023,수원시,팔달구청,2023-03-15 7:35,인계동 경인통계청,고정형,2023-12-01,,,
2023,수원시,팔달구청,2023-03-15 7:43,인계동 경인통계청,고정형,2023-12-01,,,
2023,수원시,팔달구청,2023-03-15 7:58,인계동 한국씨티은행,고정형,2023-12-01,,,
2023,수원시,권선구청,2023-03-15 8:03,곡반정동 하나로마트한국빌딩앞,고정형,2023-12-01,,,
2023,수원시,권선구청,2023-03-15 8:03,오목천동 한화꿈에그린아파트 209동앞,고정형,2023-12-01,,,
2023,수원시,권선구청,2023-03-15 8:03,오목천동 한화꿈에그린아파트 209동앞,고정형,2023-12-01,,,
2023,수원시,권선구청,2023-03-15 8:04,곡반정동 하나로마트한국빌딩앞,고정형,2023-12-01,,,
2023,수원시,권선구청,2023-03-15 8:06,평동 오목초교 정문 우측 삼거리,고정형,2023-12-01,,,
2023,수원시,팔달구청,2023-03-15 8:32,화서1동 화서초등학교 둘레길 중간지점,고정형,2023-12-01,,,
2023,수원시,영통구청,2023-03-15 8:36,영통동 롯데마트 뒤,고정형,2023-12-01,37.27220279535416,127.10856729001851,
2023,수원시,권선구청,2023-03-15 8:53,곡반정동 하나로마트한국빌딩앞,고정형,2023-12-01,,,
2023,수원시,영통구청,2023-03-15 9:13,영통동 롯데마트 뒤,고정형,2023-12-01,37.27220279535416,127.10856729001851,
2023,수원시,권선구청,2023-03-15 9:17,서둔동 225-31,국민신문고,2023-12-01,,,
2023,수원시,팔달구청,2023-03-15 9:38,인계동 경인통계청,고정형,2023-12-01,,,
2023,수원시,영통구청,2023-03-15 9:44,망포동 힐스테이트 119동 ~방죽공원 삼거리,고정형,2023-12-01,,,
2023,수원시,팔달구청,2023-03-15 9:49,인계동 드림캐슬주상복합,고정형,2023-12-01,,,
2023,수원시,팔달구청,2023-03-15 9:53,인계동 드림캐슬주상복합,고정형,2023-12-01,,,
2023,수원시,팔달구청,2023-03-15 10:00,매산동 팅스몰 주차장 출구 옆,고정형,2023-12-01,,,
2023,수원시,팔달구청,2023-03-15 10:00,매산동 팅스몰 주차장 출구 옆,고정형,2023-12-01,,,
2023,수원시,영통구청,2023-03-15 10:12,이의동 드림스퀘어Ⅱ 앞,고정형,2023-12-01,,,
2023,수원시,팔달구청,2023-03-15 10:15,매산동 팅스몰 주차장 출구 옆,고정형,2023-12-01,,,
2023,수원시,권선구청,2023-03-15 10:55,오목천동 527-5,국민신문고,2023-12-01,,,
2023,수원시,영통구청,2023-03-15 10:57,광교동 광교더사랑교회뒷길,고정형,2023-12-01,,,
2023,수원시,권선구청,2023-03-15 11:17,곡선동 휴먼푸드 인근,고정형,2023-12-01,,,
2023,수원시,영통구청,2023-03-15 12:35,광교동 광교더사랑교회뒷길,고정형,2023-12-01,,,
2023,수원시,영통구청,2023-03-15 13:18,영통동 롯데마트 뒤,고정형,2023-12-01,37.27220279535416,127.10856729001851,
2023,수원시,팔달구청,2023-03-15 13:50,고등동 수원초등학교 정문 좌측 사거리,고정형,2023-12-01,,,
2023,수원시,영통구청,2023-03-15 14:18,망포동 영통로27번길,주행형,2023-12-01,,,
2023,수원시,영통구청,2023-03-15 14:18,망포동 영통로27번길,주행형,2023-12-01,,,
2023,수원시,영통구청,2023-03-15 14:18,망포동 영통로27번길,주행형,2023-12-01,,,
2023,수원시,영통구청,2023-03-15 14:18,망포동 영통로27번길,주행형,2023-12-01,,,
2023,수원시,영통구청,2023-03-15 14:18,반월동 영통로27번길,주행형,2023-12-01,,,
2023,수원시,팔달구청,2023-03-15 14:35,행궁동 화홍사랑채,고정형,2023-12-01,,,
2023,수원시,팔달구청,2023-03-15 14:36,매산동 팅스몰 주차장 출구 옆,고정형,2023-12-01,,,
2023,수원시,팔달구청,2023-03-15 14:37,인계동 경인통계청,고정형,2023-12-01,,,
2023,수원시,팔달구청,2023-03-15 14:37,인계동 경인통계청,고정형,2023-12-01,,,
2023,수원시,권선구청,2023-03-15 14:39,호매실동 금호프라자 대각 맞은편,고정형,2023-12-01,,,
2023,수원시,영통구청,2023-03-15 14:39,이의동 광교가재울마을사거리,고정형,2023-12-01,,,
2023,수원시,영통구청,2023-03-15 14:55,영통동 매영로365번길,주행형,2023-12-01,,,
2023,수원시,영통구청,2023-03-15 14:55,영통동 매영로365번길,주행형,2023-12-01,,,
2023,수원시,팔달구청,2023-03-15 14:59,화서1동 수원역푸르지오자이 북문 우측,고정형,2023-12-01,,,
2023,수원시,팔달구청,2023-03-15 15:10,화서1동 수원역푸르지오자이 북문 우측,고정형,2023-12-01,,,
2023,수원시,팔달구청,2023-03-15 15:10,화서1동 수원역푸르지오자이 북문 우측,고정형,2023-12-01,,,
2023,수원시,팔달구청,2023-03-15 15:19,매산로3가 매산로3가 향교로55,주행형,2023-12-01,,,
2023,수원시,팔달구청,2023-03-15 15:19,매산로3가 매산로3가 향교로55,주행형,2023-12-01,,,
2023,수원시,권선구청,2023-03-15 15:20,서둔동 수원역한라비발디퍼스트 앞1,고정형,2023-12-01,,,
2023,수원시,팔달구청,2023-03-15 15:43,인계동 경인통계청,고정형,2023-12-01,,,
2023,수원시,팔달구청,2023-03-15 15:45,인계동 드림캐슬주상복합,고정형,2023-12-01,,,
2023,수원시,팔달구청,2023-03-15 15:48,인계동 드림캐슬주상복합,고정형,2023-12-01,,,
2023,수원시,팔달구청,2023-03-15 15:59,인계동 경인통계청,고정형,2023-12-01,,,
2023,수원시,권선구청,2023-03-15 16:24,서둔동 수원역한라비발디퍼스트 앞1,고정형,2023-12-01,,,
2023,수원시,권선구청,2023-03-15 16:31,곡선동 휴먼푸드 인근,고정형,2023-12-01,,,
2023,수원시,팔달구청,2023-03-15 16:34,매산동 팅스몰 주차장 출구 옆,고정형,2023-12-01,,,
2023,수원시,영통구청,2023-03-15 16:42,망포동 힐스테이트 119동 ~방죽공원 삼거리,고정형,2023-12-01,,,
2023,수원시,팔달구청,2023-03-15 17:08,인계동 드림캐슬주상복합,고정형,2023-12-01,,,
2023,수원시,팔달구청,2023-03-15 17:08,인계동 드림캐슬주상복합,고정형,2023-12-01,,,
2023,수원시,팔달구청,2023-03-15 17:19,화서동 인계동 1097 횡단보도,국민신문고,2023-12-01,,,
2023,수원시,영통구청,2023-03-15 17:34,광교동 광교이의119안전센터,고정형,2023-12-01,,,
2023,수원시,팔달구청,2023-03-15 17:39,화서1동 화서초등학교 둘레길 중간지점,고정형,2023-12-01,,,
2023,수원시,영통구청,2023-03-15 17:43,원천동 삼성전자중문,고정형,2023-12-01,,,
2023,수원시,팔달구청,2023-03-15 17:51,고등동 수원초등학교 정문 좌측 사거리,고정형,2023-12-01,,,
2023,수원시,영통구청,2023-03-15 18:13,경기도수원시영통구원천동 수원시 영통구 원천동 32,보행,2023-12-01,,,
2023,수원시,영통구청,2023-03-15 18:13,경기도수원시영통구원천동 수원시 영통구 원천동 32,보행,2023-12-01,,,
2023,수원시,팔달구청,2023-03-15 18:19,인계동 드림캐슬주상복합,고정형,2023-12-01,,,
2023,수원시,영통구청,2023-03-15 19:26,원천동 광교 한화겔러리아 앞,고정형,2023-12-01,,,
2023,수원시,팔달구청,2023-03-15 19:50,매교동 매교동 264-5 교차로모퉁이,국민신문고,2023-12-01,,,
2023,수원시,영통구청,2023-03-15 19:58,영통동 롯데마트 뒤,고정형,2023-12-01,37.27220279535416,127.10856729001851,
2023,수원시,팔달구청,2023-03-15 20:08,인계동 드림캐슬주상복합,고정형,2023-12-01,,,
2023,수원시,팔달구청,2023-03-15 20:13,매교동 매교동 114-89 소화전,국민신문고,2023-12-01,,,
2023,수원시,팔달구청,2023-03-15 20:14,매교동 매교동 122-38 소화전,국민신문고,2023-12-01,,,
2023,수원시,팔달구청,2023-03-15 20:18,매산동 팅스몰 주차장 출구 옆,고정형,2023-12-01,,,
2023,수원시,팔달구청,2023-03-15 20:45,인계동 드림캐슬주상복합,고정형,2023-12-01,,,
2023,수원시,팔달구청,2023-03-15 20:49,인계동 드림캐슬주상복합,고정형,2023-12-01,,,
2023,수원시,팔달구청,2023-03-15 20:49,인계동 드림캐슬주상복합,고정형,2023-12-01,,,
2023,수원시,권선구청,2023-03-15 22:34,오목천동 527-5,국민신문고,2023-12-01,,,
2023,수원시,장안구청,2023-03-15 23:28,조원동 조원동 431-2,국민신문고,2023-12-01,,,
2023,수원시,권선구청,2023-03-16 6:00,곡반정동 562-2,국민신문고,2023-12-01,,,
2023,수원시,영통구청,2023-03-16 7:04,망포동 힐스테이트 119동 ~방죽공원 삼거리,고정형,2023-12-01,,,
2023,수원시,팔달구청,2023-03-16 7:32,인계동 경인통계청,고정형,2023-12-01,,,
2023,수원시,팔달구청,2023-03-16 7:33,인계동 드림캐슬주상복합,고정형,2023-12-01,,,
2023,수원시,팔달구청,2023-03-16 7:34,매산동 팅스몰 주차장 출구 옆,고정형,2023-12-01,,,
2023,수원시,팔달구청,2023-03-16 7:34,매산동 팅스몰 주차장 출구 옆,고정형,2023-12-01,,,
2023,수원시,팔달구청,2023-03-16 7:35,매산동 팅스몰 주차장 출구 옆,고정형,2023-12-01,,,
2023,수원시,팔달구청,2023-03-16 7:36,인계동 경인통계청,고정형,2023-12-01,,,
2023,수원시,영통구청,2023-03-16 7:41,영통동 롯데마트 뒤,고정형,2023-12-01,37.27220279535416,127.10856729001851,
2023,수원시,권선구청,2023-03-16 8:02,곡반정동 하나로마트한국빌딩앞,고정형,2023-12-01,,,
2023,수원시,권선구청,2023-03-16 8:05,곡반정동 하나로마트한국빌딩앞,고정형,2023-12-01,,,
2023,수원시,권선구청,2023-03-16 8:27,서둔동 가온팰리스옆1,고정형,2023-12-01,,,
2023,수원시,권선구청,2023-03-16 8:50,곡반정동 562-7,국민신문고,2023-12-01,,,
2023,수원시,권선구청,2023-03-16 8:50,곡반정동 562-7,국민신문고,2023-12-01,,,
2023,수원시,팔달구청,2023-03-16 9:52,인계동 드림캐슬주상복합,고정형,2023-12-01,,,
2023,수원시,영통구청,2023-03-16 10:24,이의동 창룡대로298번길,주행형,2023-12-01,,,
2023,수원시,영통구청,2023-03-16 10:24,이의동 창룡대로298번길,주행형,2023-12-01,,,
2023,수원시,영통구청,2023-03-16 10:25,원천동 광교매원초등학교,고정형,2023-12-01,,,
2023,수원시,팔달구청,2023-03-16 10:33,장안동 장안동 화서문로17번길,주행형,2023-12-01,,,
2023,수원시,팔달구청,2023-03-16 10:33,장안동 장안동 화서문로17번길,주행형,2023-12-01,,,
2023,수원시,팔달구청,2023-03-16 10:33,장안동 장안동 화서문로17번길,주행형,2023-12-01,,,
2023,수원시,팔달구청,2023-03-16 10:33,장안동 장안동 화서문로17번길,주행형,2023-12-01,,,
2023,수원시,팔달구청,2023-03-16 10:37,매산동 팅스몰 주차장 출구 옆,고정형,2023-12-01,,,
2023,수원시,팔달구청,2023-03-16 11:18,화서1동 푸르지오자이 북문 CU 앞 횡단보도,고정형,2023-12-01,,,
2023,수원시,영통구청,2023-03-16 11:47,광교동 광교 덴티움지식산업센터 앞 사거리,고정형,2023-12-01,,,
2023,수원시,영통구청,2023-03-16 12:20,이의동 광교호반베르디움 103동 앞,고정형,2023-12-01,,,
2023,수원시,팔달구청,2023-03-16 12:44,고등동 수원초등학교 정문 좌측 사거리,고정형,2023-12-01,,,
2023,수원시,팔달구청,2023-03-16 13:02,고등동 수원초등학교 정문 좌측 사거리,고정형,2023-12-01,,,
2023,수원시,영통구청,2023-03-16 13:40,광교동 광교 덴티움지식산업센터 앞 사거리,고정형,2023-12-01,,,
2023,수원시,영통구청,2023-03-16 13:44,광교동 광교 덴티움지식산업센터 앞 사거리,고정형,2023-12-01,,,
2023,수원시,영통구청,2023-03-16 13:47,광교동 광교 덴티움지식산업센터 앞 사거리,고정형,2023-12-01,,,
2023,수원시,권선구청,2023-03-16 13:56,고색동 도이치 고객주차장 출입구,고정형,2023-12-01,,,
2023,수원시,팔달구청,2023-03-16 14:25,경기도수원시팔달구우만동 수원시 팔달구 경수대로 653,보행,2023-12-01,,,
2023,수원시,팔달구청,2023-03-16 14:25,경기도수원시팔달구우만동 수원시 팔달구 경수대로 653,보행,2023-12-01,,,
2023,수원시,영통구청,2023-03-16 14:34,이의동 드림스퀘어Ⅱ 앞,고정형,2023-12-01,,,
2023,수원시,팔달구청,2023-03-16 14:36,매산동 팅스몰 주차장 출구 옆,고정형,2023-12-01,,,
2023,수원시,팔달구청,2023-03-16 14:37,인계동 경인통계청,고정형,2023-12-01,,,
2023,수원시,권선구청,2023-03-16 14:40,평동 고현초교 정문 좌측 삼거리,고정형,2023-12-01,,,
2023,수원시,영통구청,2023-03-16 14:48,이의동 부함식당 앞,고정형,2023-12-01,,,
2023,수원시,영통구청,2023-03-16 14:48,경기도수원시영통구원천동 수원시 영통구 원천동 331,보행,2023-12-01,,,
2023,수원시,영통구청,2023-03-16 14:49,이의동 드림스퀘어Ⅱ 앞,고정형,2023-12-01,,,
2023,수원시,영통구청,2023-03-16 14:49,경기도수원시영통구원천동 수원시 영통구 원천동 331,보행,2023-12-01,,,
2023,수원시,팔달구청,2023-03-16 14:57,장안동 장안동 화서문로17번길,주행형,2023-12-01,,,
2023,수원시,권선구청,2023-03-16 15:01,세류3동 신곡초교 후문 좌측 사거리,고정형,2023-12-01,,,
2023,수원시,팔달구청,2023-03-16 15:13,매산동 팅스몰 주차장 출구 옆,고정형,2023-12-01,,,
2023,수원시,장안구청,2023-03-16 15:17,천천동 화산로163번길,주행형,2023-12-01,,,
2023,수원시,장안구청,2023-03-16 15:17,천천동 화산로163번길,주행형,2023-12-01,,,
2023,수원시,장안구청,2023-03-16 15:17,천천동 화산로163번길,주행형,2023-12-01,,,
2023,수원시,팔달구청,2023-03-16 15:28,팔달로1가 팔달로1가 정조로 790,주행형,2023-12-01,,,
2023,수원시,팔달구청,2023-03-16 15:28,팔달로1가 팔달로1가 정조로 790,주행형,2023-12-01,,,
2023,수원시,팔달구청,2023-03-16 15:37,매산로3가 매산로3가 향교로61,주행형,2023-12-01,,,
2023,수원시,팔달구청,2023-03-16 15:37,신풍동 미술관로터리,고정형,2023-12-01,,,
2023,수원시,권선구청,2023-03-16 15:38,평동 수원역고가밑 (애경뒷길),고정형,2023-12-01,,,
2023,수원시,팔달구청,2023-03-16 16:07,북수동 쌈지공원 앞,고정형,2023-12-01,,,
2023,수원시,팔달구청,2023-03-16 16:09,인계동 경인통계청,고정형,2023-12-01,,,
2023,수원시,권선구청,2023-03-16 16:14,세류3동 신곡초교 후문 좌측 사거리,고정형,2023-12-01,,,
2023,수원시,팔달구청,2023-03-16 16:27,인계동 드림캐슬주상복합,고정형,2023-12-01,,,
2023,수원시,팔달구청,2023-03-16 16:27,화서1동 수원역푸르지오자이 북문 우측,고정형,2023-12-01,,,
2023,수원시,팔달구청,2023-03-16 16:41,인계동 드림캐슬주상복합,고정형,2023-12-01,,,
2023,수원시,팔달구청,2023-03-16 17:08,인계동 드림캐슬주상복합,고정형,2023-12-01,,,
2023,수원시,팔달구청,2023-03-16 17:18,인계동 드림캐슬주상복합,고정형,2023-12-01,,,
2023,수원시,영통구청,2023-03-16 17:24,원천동 삼성전자중문,고정형,2023-12-01,,,
2023,수원시,팔달구청,2023-03-16 17:24,인계동 경인통계청,고정형,2023-12-01,,,
2023,수원시,영통구청,2023-03-16 17:38,이의동 드림스퀘어Ⅱ 앞,고정형,2023-12-01,,,
2023,수원시,영통구청,2023-03-16 17:38,영통동 롯데마트 뒤,고정형,2023-12-01,37.27220279535416,127.10856729001851,
2023,수원시,팔달구청,2023-03-16 18:11,화서1동 수원역푸르지오자이 북문 우측,고정형,2023-12-01,,,
2023,수원시,팔달구청,2023-03-16 18:25,매산동 팅스몰 주차장 출구 옆,고정형,2023-12-01,,,
2023,수원시,팔달구청,2023-03-16 18:41,매산동 역전농협,고정형,2023-12-01,,,
2023,수원시,팔달구청,2023-03-16 18:46,화서1동 수원역푸르지오자이 북문 우측,고정형,2023-12-01,,,
2023,수원시,팔달구청,2023-03-16 19:02,고등동 수원초등학교 정문 좌측 사거리,고정형,2023-12-01,,,
2023,수원시,영통구청,2023-03-16 19:04,망포동 힐스테이트 119동 ~방죽공원 삼거리,고정형,2023-12-01,,,
2023,수원시,영통구청,2023-03-16 19:27,원천동 광교 한화겔러리아 앞,고정형,2023-12-01,,,
2023,수원시,팔달구청,2023-03-16 19:31,286.1,주행형,2023-12-01,,,
2023,수원시,팔달구청,2023-03-16 19:59,매산동 팅스몰 주차장 출구 옆,고정형,2023-12-01,,,
2023,수원시,권선구청,2023-03-16 20:03,경기도수원시권선구금곡동 수원시 권선구 금곡동 339,보행,2023-12-01,,,
2023,수원시,권선구청,2023-03-16 20:04,경기도수원시권선구금곡동 수원시 권선구 금곡동 339,보행,2023-12-01,,,
2023,수원시,권선구청,2023-03-16 20:04,경기도수원시권선구금곡동 수원시 권선구 금곡동 328-4,보행,2023-12-01,,,
2023,수원시,권선구청,2023-03-16 20:07,경기도수원시권선구금곡동 수원시 권선구 금곡동 334-5,보행,2023-12-01,,,
2023,수원시,팔달구청,2023-03-16 20:36,매산동 팅스몰 주차장 출구 옆,고정형,2023-12-01,,,
2023,수원시,팔달구청,2023-03-16 20:51,인계동 드림캐슬주상복합,고정형,2023-12-01,,,
2023,수원시,팔달구청,2023-03-16 21:26,매교동 매교동 114-89 횡단보도,국민신문고,2023-12-01,,,
2023,수원시,팔달구청,2023-03-16 21:33,인계동 드림캐슬주상복합,고정형,2023-12-01,,,
2023,수원시,팔달구청,2023-03-16 21:33,인계동 드림캐슬주상복합,고정형,2023-12-01,,,
2023,수원시,영통구청,2023-03-17 7:03,영통동 보보스스포츠센터앞,고정형,2023-12-01,,,
2023,수원시,권선구청,2023-03-17 7:08,곡반정동 562-2,국민신문고,2023-12-01,,,
2023,수원시,팔달구청,2023-03-17 7:34,인계동 드림캐슬주상복합,고정형,2023-12-01,,,
2023,수원시,팔달구청,2023-03-17 7:41,인계동 경인통계청,고정형,2023-12-01,,,
2023,수원시,팔달구청,2023-03-17 8:22,인계동 경인통계청,고정형,2023-12-01,,,
2023,수원시,팔달구청,2023-03-17 8:22,인계동 경인통계청,고정형,2023-12-01,,,
2023,수원시,영통구청,2023-03-17 8:30,광교동 광교이의119안전센터,고정형,2023-12-01,,,
2023,수원시,영통구청,2023-03-17 8:31,영통동 롯데마트 뒤,고정형,2023-12-01,37.27220279535416,127.10856729001851,
2023,수원시,팔달구청,2023-03-17 9:26,인계동 드림캐슬주상복합,고정형,2023-12-01,,,
2023,수원시,팔달구청,2023-03-17 9:32,인계동 경인통계청,고정형,2023-12-01,,,
2023,수원시,영통구청,2023-03-17 9:37,원천동 광교매원초등학교,고정형,2023-12-01,,,
2023,수원시,권선구청,2023-03-17 9:40,서둔동 가온팰리스옆2,고정형,2023-12-01,,,
2023,수원시,권선구청,2023-03-17 9:40,서둔동 가온팰리스옆2,고정형,2023-12-01,,,
2023,수원시,팔달구청,2023-03-17 9:49,고등동 수원초등학교 정문 좌측 사거리,고정형,2023-12-01,,,
2023,수원시,영통구청,2023-03-17 9:57,경기도수원시영통구매탄동 수원시 영통구 매탄동 1188,보행,2023-12-01,,,
2023,수원시,영통구청,2023-03-17 9:59,경기도수원시영통구매탄동 수원시 영통구 매탄동 1188,보행,2023-12-01,,,
2023,수원시,영통구청,2023-03-17 10:00,경기도수원시영통구매탄동 수원시 영통구 매탄동 1188,보행,2023-12-01,,,
2023,수원시,권선구청,2023-03-17 10:15,서둔동 가온팰리스옆2,고정형,2023-12-01,,,
2023,수원시,권선구청,2023-03-17 10:15,서둔동 가온팰리스옆2,고정형,2023-12-01,,,
2023,수원시,팔달구청,2023-03-17 10:17,지동 지동 팔달문로32번길,주행형,2023-12-01,,,
2023,수원시,권선구청,2023-03-17 10:20,평동 수원역고가밑 (애경뒷길),고정형,2023-12-01,,,
2023,수원시,권선구청,2023-03-17 10:20,평동 수원역고가밑 (애경뒷길),고정형,2023-12-01,,,
2023,수원시,팔달구청,2023-03-17 10:20,인계동 드림캐슬주상복합,고정형,2023-12-01,,,
2023,수원시,팔달구청,2023-03-17 10:42,인계동 인계동 매산로169,주행형,2023-12-01,,,
2023,수원시,팔달구청,2023-03-17 10:42,인계동 인계동 매산로169,주행형,2023-12-01,,,
2023,수원시,팔달구청,2023-03-17 10:45,화서동 수원시 팔달구 고화로39번길 10,보행,2023-12-01,,,
2023,수원시,영통구청,2023-03-17 11:36,망포동 힐스테이트 119동 ~방죽공원 삼거리,고정형,2023-12-01,,,
2023,수원시,권선구청,2023-03-17 11:53,곡선동 휴먼푸드 인근,고정형,2023-12-01,,,
2023,수원시,영통구청,2023-03-17 11:53,원천동 광교에일린의뜰 북측,고정형,2023-12-01,,,
2023,수원시,권선구청,2023-03-17 12:15,곡선동 휴먼푸드 인근,고정형,2023-12-01,,,
2023,수원시,팔달구청,2023-03-17 12:27,교동 수원향교 앞 팔달보건소 뒤,고정형,2023-12-01,,,
2023,수원시,팔달구청,2023-03-17 12:29,매산동 역전농협,고정형,2023-12-01,,,
2023,수원시,권선구청,2023-03-17 12:36,곡선동 휴먼푸드 인근,고정형,2023-12-01,,,
2023,수원시,영통구청,2023-03-17 12:53,이의동 광교가재울마을사거리,고정형,2023-12-01,,,
2023,수원시,영통구청,2023-03-17 13:13,영통동 롯데마트 뒤,고정형,2023-12-01,37.27220279535416,127.10856729001851,
2023,수원시,영통구청,2023-03-17 13:47,영통동 마사회뒷길,고정형,2023-12-01,,,
2023,수원시,영통구청,2023-03-17 13:53,영통동 롯데마트 뒤,고정형,2023-12-01,37.27220279535416,127.10856729001851,
2023,수원시,영통구청,2023-03-17 13:53,영통동 롯데마트 뒤,고정형,2023-12-01,37.27220279535416,127.10856729001851,
2023,수원시,영통구청,2023-03-17 13:54,광교동 광교더사랑교회뒷길,고정형,2023-12-01,,,
2023,수원시,팔달구청,2023-03-17 14:31,교동 수원향교 앞 팔달보건소 뒤,고정형,2023-12-01,,,
2023,수원시,팔달구청,2023-03-17 14:33,장안동 장안동 화서문로17번길 4,주행형,2023-12-01,,,
2023,수원시,팔달구청,2023-03-17 14:34,장안동 장안동 화서문로17번길,주행형,2023-12-01,,,
2023,수원시,팔달구청,2023-03-17 14:34,장안동 장안동 화서문로17번길,주행형,2023-12-01,,,
2023,수원시,팔달구청,2023-03-17 14:34,장안동 장안동 화서문로17번길,주행형,2023-12-01,,,
2023,수원시,영통구청,2023-03-17 14:34,이의동 드림스퀘어Ⅱ 앞,고정형,2023-12-01,,,
2023,수원시,팔달구청,2023-03-17 14:35,장안동 장안동 화서문로17번길,주행형,2023-12-01,,,
2023,수원시,팔달구청,2023-03-17 14:35,장안동 장안동 화서문로17번길,주행형,2023-12-01,,,
2023,수원시,팔달구청,2023-03-17 14:35,장안동 장안동 화서문로17번길,주행형,2023-12-01,,,
2023,수원시,영통구청,2023-03-17 14:38,이의동 드림스퀘어Ⅱ 앞,고정형,2023-12-01,,,
2023,수원시,영통구청,2023-03-17 14:38,영통구 영통돋 1061,국민신문고,2023-12-01,,,
2023,수원시,팔달구청,2023-03-17 14:51,인계동 한국씨티은행,고정형,2023-12-01,,,
2023,수원시,팔달구청,2023-03-17 14:52,매향동 매향동 창룡대로 78,주행형,2023-12-01,,,
2023,수원시,팔달구청,2023-03-17 14:52,매향동 매향동 창룡대로 78,주행형,2023-12-01,,,
2023,수원시,팔달구청,2023-03-17 14:52,매향동 매향동 창룡대로 70,주행형,2023-12-01,,,
2023,수원시,팔달구청,2023-03-17 14:52,매향동 매향동 창룡대로 56,주행형,2023-12-01,,,
2023,수원시,팔달구청,2023-03-17 14:52,매향동 매향동 창룡대로 56,주행형,2023-12-01,,,
2023,수원시,팔달구청,2023-03-17 14:52,매향동 매향동 창룡대로 56,주행형,2023-12-01,,,
2023,수원시,팔달구청,2023-03-17 14:52,매향동 매향동 창룡대로 56,주행형,2023-12-01,,,
2023,수원시,팔달구청,2023-03-17 14:52,매향동 매향동 창룡대로 56,주행형,2023-12-01,,,
2023,수원시,권선구청,2023-03-17 14:53,서둔동 가온팰리스옆2,고정형,2023-12-01,,,
2023,수원시,팔달구청,2023-03-17 14:53,매향동 매향동 창룡대로 86,주행형,2023-12-01,,,
2023,수원시,팔달구청,2023-03-17 15:14,화서1동 수원역푸르지오자이 북문 우측,고정형,2023-12-01,,,
2023,수원시,영통구청,2023-03-17 15:21,광교동 광교이의119안전센터,고정형,2023-12-01,,,
2023,수원시,팔달구청,2023-03-17 15:23,신풍동 미술관로터리,고정형,2023-12-01,,,
2023,수원시,권선구청,2023-03-17 15:27,서둔동 롯데몰9번출구앞주변,고정형,2023-12-01,,,
2023,수원시,팔달구청,2023-03-17 15:30,인계동 드림캐슬주상복합,고정형,2023-12-01,,,
2023,수원시,팔달구청,2023-03-17 15:35,인계동 경인통계청,고정형,2023-12-01,,,
2023,수원시,팔달구청,2023-03-17 15:37,인계동 한국씨티은행,고정형,2023-12-01,,,
2023,수원시,권선구청,2023-03-17 15:45,금곡동 수원문산고속도로,주행형,2023-12-01,,,
2023,수원시,팔달구청,2023-03-17 15:55,매산동 팅스몰 주차장 출구 옆,고정형,2023-12-01,,,
2023,수원시,영통구청,2023-03-17 16:00,광교동 광교이의119안전센터,고정형,2023-12-01,,,
2023,수원시,팔달구청,2023-03-17 16:12,화서1동 푸르지오자이 북문 CU 앞 횡단보도,고정형,2023-12-01,,,
2023,수원시,팔달구청,2023-03-17 16:24,인계동 한국씨티은행,고정형,2023-12-01,,,
2023,수원시,팔달구청,2023-03-17 16:35,인계동 드림캐슬주상복합,고정형,2023-12-01,,,
2023,수원시,팔달구청,2023-03-17 16:45,매산동 팅스몰 주차장 출구 옆,고정형,2023-12-01,,,
2023,수원시,팔달구청,2023-03-17 17:34,인계동 한국씨티은행,고정형,2023-12-01,,,
2023,수원시,영통구청,2023-03-17 17:55,망포동 힐스테이트 119동 ~방죽공원 삼거리,고정형,2023-12-01,,,
2023,수원시,팔달구청,2023-03-17 18:04,매산동 팅스몰 주차장 출구 옆,고정형,2023-12-01,,,
2023,수원시,팔달구청,2023-03-17 18:18,화서1동 수원역푸르지오자이 북문 우측,고정형,2023-12-01,,,
2023,수원시,팔달구청,2023-03-17 18:22,고등동 수원초등학교 정문 좌측 사거리,고정형,2023-12-01,,,
2023,수원시,팔달구청,2023-03-17 18:33,인계동 드림캐슬주상복합,고정형,2023-12-01,,,
2023,수원시,팔달구청,2023-03-17 18:42,매산동 팅스몰 주차장 출구 옆,고정형,2023-12-01,,,
2023,수원시,팔달구청,2023-03-17 18:42,인계동 드림캐슬주상복합,고정형,2023-12-01,,,
2023,수원시,팔달구청,2023-03-17 18:47,인계동 드림캐슬주상복합,고정형,2023-12-01,,,
2023,수원시,팔달구청,2023-03-17 18:49,인계동 드림캐슬주상복합,고정형,2023-12-01,,,
2023,수원시,영통구청,2023-03-17 19:17,원천동 삼성전자중문,고정형,2023-12-01,,,
2023,수원시,팔달구청,2023-03-17 19:36,인계동 드림캐슬주상복합,고정형,2023-12-01,,,
2023,수원시,팔달구청,2023-03-17 19:40,매산동 팅스몰 주차장 출구 옆,고정형,2023-12-01,,,
2023,수원시,팔달구청,2023-03-17 19:40,매산동 팅스몰 주차장 출구 옆,고정형,2023-12-01,,,
2023,수원시,팔달구청,2023-03-17 19:54,인계동 드림캐슬주상복합,고정형,2023-12-01,,,
2023,수원시,팔달구청,2023-03-17 20:04,매산동 팅스몰 주차장 출구 옆,고정형,2023-12-01,,,
2023,수원시,팔달구청,2023-03-17 20:27,인계동 드림캐슬주상복합,고정형,2023-12-01,,,
2023,수원시,팔달구청,2023-03-17 20:29,인계동 드림캐슬주상복합,고정형,2023-12-01,,,
2023,수원시,팔달구청,2023-03-17 20:29,인계동 드림캐슬주상복합,고정형,2023-12-01,,,
2023,수원시,팔달구청,2023-03-17 20:37,인계동 드림캐슬주상복합,고정형,2023-12-01,,,
2023,수원시,팔달구청,2023-03-17 21:37,인계동 드림캐슬주상복합,고정형,2023-12-01,,,
2023,수원시,팔달구청,2023-03-18 0:38,매교동 매교동 287-480 횡단보도,국민신문고,2023-12-01,,,
2023,수원시,권선구청,2023-03-18 9:02,곡반정동 궁촌육교앞,고정형,2023-12-01,,,
2023,수원시,권선구청,2023-03-18 9:03,곡반정동 하나로마트한국빌딩앞,고정형,2023-12-01,,,
2023,수원시,권선구청,2023-03-18 9:04,서둔동 가온팰리스옆1,고정형,2023-12-01,,,
2023,수원시,팔달구청,2023-03-18 9:04,인계동 드림캐슬주상복합,고정형,2023-12-01,,,
2023,수원시,권선구청,2023-03-18 9:04,곡반정동 하나로마트한국빌딩앞,고정형,2023-12-01,,,
2023,수원시,팔달구청,2023-03-18 9:04,매산동 팅스몰 주차장 출구 옆,고정형,2023-12-01,,,
2023,수원시,팔달구청,2023-03-18 9:05,인계동 드림캐슬주상복합,고정형,2023-12-01,,,
2023,수원시,팔달구청,2023-03-18 9:06,인계동 드림캐슬주상복합,고정형,2023-12-01,,,
2023,수원시,권선구청,2023-03-18 9:08,서둔동 가온팰리스옆1,고정형,2023-12-01,,,
2023,수원시,권선구청,2023-03-18 9:09,서둔동 가온팰리스옆2,고정형,2023-12-01,,,
2023,수원시,영통구청,2023-03-18 9:11,영통동 롯데마트 뒤,고정형,2023-12-01,37.27220279535416,127.10856729001851,
2023,수원시,영통구청,2023-03-18 9:11,영통동 롯데마트 뒤,고정형,2023-12-01,37.27220279535416,127.10856729001851,
2023,수원시,팔달구청,2023-03-18 9:30,인계동 한국씨티은행,고정형,2023-12-01,,,
2023,수원시,팔달구청,2023-03-18 9:32,매산동 팅스몰 주차장 출구 옆,고정형,2023-12-01,,,
2023,수원시,영통구청,2023-03-18 9:36,영통동 롯데마트 뒤,고정형,2023-12-01,37.27220279535416,127.10856729001851,
2023,수원시,팔달구청,2023-03-18 9:42,인계동 드림캐슬주상복합,고정형,2023-12-01,,,
2023,수원시,팔달구청,2023-03-18 9:46,인계동 드림캐슬주상복합,고정형,2023-12-01,,,
2023,수원시,팔달구청,2023-03-18 9:51,인계동 한국씨티은행,고정형,2023-12-01,,,
2023,수원시,팔달구청,2023-03-18 10:02,신풍동 미술관로터리,고정형,2023-12-01,,,
2023,수원시,권선구청,2023-03-18 10:12,곡반정동 하나로마트한국빌딩앞,고정형,2023-12-01,,,
2023,수원시,팔달구청,2023-03-18 10:13,화서1동 푸르지오자이 북문 CU 앞 횡단보도,고정형,2023-12-01,,,
2023,수원시,팔달구청,2023-03-18 10:18,인계동 경인통계청,고정형,2023-12-01,,,
2023,수원시,팔달구청,2023-03-18 11:11,null 수원시 팔달구 인계동 1126,보행,2023-12-01,,,
2023,수원시,팔달구청,2023-03-18 11:11,null 수원시 팔달구 인계동 1126,보행,2023-12-01,,,
2023,수원시,팔달구청,2023-03-18 11:12,null 수원시 팔달구 인계동 1126,보행,2023-12-01,,,
2023,수원시,팔달구청,2023-03-18 11:12,null 수원시 팔달구 인계동 1126,보행,2023-12-01,,,
2023,수원시,팔달구청,2023-03-18 11:13,null 수원시 팔달구 인계동 1126,보행,2023-12-01,,,
2023,수원시,팔달구청,2023-03-18 11:13,null 수원시 팔달구 인계동 1126,보행,2023-12-01,,,
2023,수원시,팔달구청,2023-03-18 11:13,null 수원시 팔달구 인계동 1126,보행,2023-12-01,,,
2023,수원시,팔달구청,2023-03-18 11:14,null 수원시 팔달구 인계동 1126,보행,2023-12-01,,,
2023,수원시,팔달구청,2023-03-18 11:14,null 수원시 팔달구 인계동 1126,보행,2023-12-01,,,
2023,수원시,팔달구청,2023-03-18 11:14,null 수원시 팔달구 인계동 1126,보행,2023-12-01,,,
2023,수원시,팔달구청,2023-03-18 11:15,null 수원시 팔달구 인계동 1126,보행,2023-12-01,,,
2023,수원시,팔달구청,2023-03-18 11:15,null 수원시 팔달구 인계동 1126,보행,2023-12-01,,,
2023,수원시,팔달구청,2023-03-18 11:19,null 수원시 팔달구 효원로 292번길 33-22,보행,2023-12-01,,,
2023,수원시,팔달구청,2023-03-18 11:19,null 수원시 팔달구 효원로 292번길 33-22,보행,2023-12-01,,,
2023,수원시,팔달구청,2023-03-18 11:54,지동 지동 팔달문로32번길,주행형,2023-12-01,,,
2023,수원시,영통구청,2023-03-18 12:26,원천동 광교매원초등학교,고정형,2023-12-01,,,
2023,수원시,영통구청,2023-03-18 13:05,영통동 마사회뒷길,고정형,2023-12-01,,,
2023,수원시,팔달구청,2023-03-18 13:14,화서1동 푸르지오자이 북문 CU 앞 횡단보도,고정형,2023-12-01,,,
2023,수원시,영통구청,2023-03-18 13:37,영통동 마사회뒷길,고정형,2023-12-01,,,
2023,수원시,영통구청,2023-03-18 13:49,영통동 마사회뒷길,고정형,2023-12-01,,,
2023,수원시,영통구청,2023-03-18 13:49,영통동 마사회뒷길,고정형,2023-12-01,,,
2023,수원시,영통구청,2023-03-18 13:49,망포동 힐스테이트 119동 ~방죽공원 삼거리,고정형,2023-12-01,,,
2023,수원시,팔달구청,2023-03-18 14:05,화서1동 수원역푸르지오자이 북문 우측,고정형,2023-12-01,,,
2023,수원시,영통구청,2023-03-18 14:10,광교동 광교이의119안전센터,고정형,2023-12-01,,,
2023,수원시,권선구청,2023-03-18 14:34,곡반정동 562-2,국민신문고,2023-12-01,,,
2023,수원시,팔달구청,2023-03-18 14:37,인계동 한국씨티은행,고정형,2023-12-01,,,
2023,수원시,팔달구청,2023-03-18 14:37,null 수원시 팔달구 팔달문로163번길77,보행,2023-12-01,,,
2023,수원시,팔달구청,2023-03-18 14:37,null 수원시 팔달구 팔달문로163번길77,보행,2023-12-01,,,
2023,수원시,팔달구청,2023-03-18 14:51,인계동 드림캐슬주상복합,고정형,2023-12-01,,,
2023,수원시,팔달구청,2023-03-18 14:53,화서1동 수원역푸르지오자이 북문 우측,고정형,2023-12-01,,,
2023,수원시,팔달구청,2023-03-18 14:57,인계동 경인통계청,고정형,2023-12-01,,,
2023,수원시,팔달구청,2023-03-18 15:03,인계동 드림캐슬주상복합,고정형,2023-12-01,,,
2023,수원시,팔달구청,2023-03-18 15:05,인계동 경인통계청,고정형,2023-12-01,,,
2023,수원시,팔달구청,2023-03-18 15:08,인계동 경인통계청,고정형,2023-12-01,,,
2023,수원시,팔달구청,2023-03-18 15:09,인계동 드림캐슬주상복합,고정형,2023-12-01,,,
2023,수원시,팔달구청,2023-03-18 15:18,인계동 한국씨티은행,고정형,2023-12-01,,,
2023,수원시,영통구청,2023-03-18 15:24,망포동 힐스테이트 119동 ~방죽공원 삼거리,고정형,2023-12-01,,,
2023,수원시,팔달구청,2023-03-18 15:55,경기도수원시팔달구남창동 수원시 팔달구 행궁로55,보행,2023-12-01,,,
2023,수원시,팔달구청,2023-03-18 15:55,경기도수원시팔달구남창동 수원시 팔달구 행궁로55,보행,2023-12-01,,,
2023,수원시,팔달구청,2023-03-18 15:56,경기도수원시팔달구남창동 수원시 팔달구 행궁로55,보행,2023-12-01,,,
2023,수원시,팔달구청,2023-03-18 15:56,경기도수원시팔달구남창동 수원시 팔달구 행궁로55,보행,2023-12-01,,,
2023,수원시,팔달구청,2023-03-18 15:56,경기도수원시팔달구남창동 수원시 팔달구 행궁로55,보행,2023-12-01,,,
2023,수원시,팔달구청,2023-03-18 15:57,경기도수원시팔달구남창동 수원시 팔달구 행궁로55,보행,2023-12-01,,,
2023,수원시,팔달구청,2023-03-18 15:58,매산동 팅스몰 주차장 출구 옆,고정형,2023-12-01,,,
2023,수원시,팔달구청,2023-03-18 15:58,경기도수원시팔달구남창동 수원시 팔달구 행궁로55,보행,2023-12-01,,,
2023,수원시,팔달구청,2023-03-18 15:58,경기도수원시팔달구남창동 수원시 팔달구 행궁로55,보행,2023-12-01,,,
2023,수원시,팔달구청,2023-03-18 16:07,인계동 한국씨티은행,고정형,2023-12-01,,,
2023,수원시,팔달구청,2023-03-18 16:11,경기도수원시팔달구팔달로2가 수원시 팔달구 창룡대로41번길4,보행,2023-12-01,,,
2023,수원시,팔달구청,2023-03-18 16:11,경기도수원시팔달구팔달로2가 수원시 팔달구 창룡대로41번길4,보행,2023-12-01,,,
2023,수원시,팔달구청,2023-03-18 16:12,경기도수원시팔달구팔달로2가 수원시 팔달구 창룡대로41번길4,보행,2023-12-01,,,
2023,수원시,팔달구청,2023-03-18 16:18,매산동 팅스몰 주차장 출구 옆,고정형,2023-12-01,,,
2023,수원시,팔달구청,2023-03-18 16:28,화서1동 수원역푸르지오자이 북문 우측,고정형,2023-12-01,,,
2023,수원시,영통구청,2023-03-18 16:39,영통동 마사회뒷길,고정형,2023-12-01,,,
2023,수원시,팔달구청,2023-03-18 16:57,인계동 드림캐슬주상복합,고정형,2023-12-01,,,
2023,수원시,팔달구청,2023-03-18 17:02,인계동 한국씨티은행,고정형,2023-12-01,,,
2023,수원시,팔달구청,2023-03-18 17:03,화서1동 수원역푸르지오자이 북문 우측,고정형,2023-12-01,,,
2023,수원시,팔달구청,2023-03-18 17:08,매산동 팅스몰 주차장 출구 옆,고정형,2023-12-01,,,
2023,수원시,팔달구청,2023-03-18 17:17,화서1동 수원역푸르지오자이 북문 우측,고정형,2023-12-01,,,
2023,수원시,영통구청,2023-03-18 17:20,광교동 광교이의119안전센터,고정형,2023-12-01,,,
2023,수원시,팔달구청,2023-03-18 17:31,화서1동 수원역푸르지오자이 북문 우측,고정형,2023-12-01,,,
2023,수원시,영통구청,2023-03-18 17:33,이의동 광교호반베르디움 103동 앞,고정형,2023-12-01,,,
2023,수원시,영통구청,2023-03-18 17:33,이의동 광교호반베르디움 103동 앞,고정형,2023-12-01,,,
2023,수원시,팔달구청,2023-03-18 17:36,매산동 팅스몰 주차장 출구 옆,고정형,2023-12-01,,,
2023,수원시,팔달구청,2023-03-18 17:45,화서1동 수원역푸르지오자이 북문 우측,고정형,2023-12-01,,,
2023,수원시,팔달구청,2023-03-18 17:53,화서1동 푸르지오자이 북문 CU 앞 횡단보도,고정형,2023-12-01,,,
2023,수원시,팔달구청,2023-03-18 18:14,매산동 팅스몰 주차장 출구 옆,고정형,2023-12-01,,,
2023,수원시,팔달구청,2023-03-18 18:22,인계동 드림캐슬주상복합,고정형,2023-12-01,,,
2023,수원시,팔달구청,2023-03-18 18:52,인계동 드림캐슬주상복합,고정형,2023-12-01,,,
2023,수원시,팔달구청,2023-03-18 19:04,매산동 역전농협,고정형,2023-12-01,,,
2023,수원시,팔달구청,2023-03-18 19:15,매산동 팅스몰 주차장 출구 옆,고정형,2023-12-01,,,
2023,수원시,팔달구청,2023-03-18 19:49,화서1동 수원역푸르지오자이 북문 우측,고정형,2023-12-01,,,
2023,수원시,팔달구청,2023-03-18 19:51,인계동 드림캐슬주상복합,고정형,2023-12-01,,,
2023,수원시,팔달구청,2023-03-18 20:23,인계동 드림캐슬주상복합,고정형,2023-12-01,,,
2023,수원시,팔달구청,2023-03-18 20:23,인계동 드림캐슬주상복합,고정형,2023-12-01,,,
2023,수원시,팔달구청,2023-03-18 20:29,인계동 드림캐슬주상복합,고정형,2023-12-01,,,
2023,수원시,팔달구청,2023-03-18 20:44,매교동 매교동 114-9 횡단보도,국민신문고,2023-12-01,,,
2023,수원시,팔달구청,2023-03-18 20:44,매교동 매교동 114-9 횡단보도,국민신문고,2023-12-01,,,
2023,수원시,권선구청,2023-03-19 9:02,곡반정동 하나로마트한국빌딩앞,고정형,2023-12-01,,,
2023,수원시,권선구청,2023-03-19 9:03,서둔동 가온팰리스옆1,고정형,2023-12-01,,,
2023,수원시,팔달구청,2023-03-19 9:04,인계동 드림캐슬주상복합,고정형,2023-12-01,,,
2023,수원시,팔달구청,2023-03-19 9:04,매산동 팅스몰 주차장 출구 옆,고정형,2023-12-01,,,
2023,수원시,팔달구청,2023-03-19 9:04,인계동 드림캐슬주상복합,고정형,2023-12-01,,,
2023,수원시,팔달구청,2023-03-19 9:06,인계동 드림캐슬주상복합,고정형,2023-12-01,,,
2023,수원시,권선구청,2023-03-19 9:08,곡반정동 하나로마트한국빌딩앞,고정형,2023-12-01,,,
2023,수원시,팔달구청,2023-03-19 9:09,인계동 한국씨티은행,고정형,2023-12-01,,,
2023,수원시,팔달구청,2023-03-19 9:39,매산동 역전농협,고정형,2023-12-01,,,
2023,수원시,팔달구청,2023-03-19 9:42,인계동 한국씨티은행,고정형,2023-12-01,,,
2023,수원시,팔달구청,2023-03-19 9:42,인계동 한국씨티은행,고정형,2023-12-01,,,
2023,수원시,팔달구청,2023-03-19 9:55,매교동 매교동 287-110 횡단보도,국민신문고,2023-12-01,,,
2023,수원시,팔달구청,2023-03-19 10:00,매교동 매교동 84-6 소화전,국민신문고,2023-12-01,,,
2023,수원시,팔달구청,2023-03-19 10:01,매교동 매교동 114-89 횡단보도,국민신문고,2023-12-01,,,
2023,수원시,팔달구청,2023-03-19 10:04,인계동 한국씨티은행,고정형,2023-12-01,,,
2023,수원시,팔달구청,2023-03-19 10:11,인계동 드림캐슬주상복합,고정형,2023-12-01,,,
2023,수원시,팔달구청,2023-03-19 10:13,매산동 팅스몰 주차장 출구 옆,고정형,2023-12-01,,,
2023,수원시,팔달구청,2023-03-19 10:36,화서1동 수원역푸르지오자이 북문 우측,고정형,2023-12-01,,,
2023,수원시,팔달구청,2023-03-19 10:44,화서1동 수원역푸르지오자이 북문 우측,고정형,2023-12-01,,,
2023,수원시,팔달구청,2023-03-19 10:54,매산동 역전농협,고정형,2023-12-01,,,
2023,수원시,영통구청,2023-03-19 11:22,영통동 마사회뒷길,고정형,2023-12-01,,,
2023,수원시,권선구청,2023-03-19 11:35,고색동 도이치 고객주차장 출입구,고정형,2023-12-01,,,
2023,수원시,권선구청,2023-03-19 11:35,고색동 도이치 고객주차장 출입구,고정형,2023-12-01,,,
2023,수원시,팔달구청,2023-03-19 11:43,화서1동 수원역푸르지오자이 북문 우측,고정형,2023-12-01,,,
2023,수원시,팔달구청,2023-03-19 12:27,화서1동 수원역푸르지오자이 북문 우측,고정형,2023-12-01,,,
2023,수원시,영통구청,2023-03-19 12:57,망포동 E-마트 에브리데이 앞,고정형,2023-12-01,37.2361017468141,127.060345496536,
2023,수원시,영통구청,2023-03-19 13:04,영통동 마사회뒷길,고정형,2023-12-01,,,
2023,수원시,영통구청,2023-03-19 13:11,이의동 광교호반베르디움 103동 앞,고정형,2023-12-01,,,
2023,수원시,팔달구청,2023-03-19 13:14,화서1동 수원역푸르지오자이 북문 우측,고정형,2023-12-01,,,
2023,수원시,팔달구청,2023-03-19 13:20,화서1동 수원역푸르지오자이 북문 우측,고정형,2023-12-01,,,
2023,수원시,팔달구청,2023-03-19 13:20,화서1동 수원역푸르지오자이 북문 우측,고정형,2023-12-01,,,
2023,수원시,영통구청,2023-03-19 13:25,영통동 마사회뒷길,고정형,2023-12-01,,,
2023,수원시,팔달구청,2023-03-19 13:34,화서1동 수원역푸르지오자이 북문 우측,고정형,2023-12-01,,,
2023,수원시,영통구청,2023-03-19 13:43,우만동 광교로42번길,주행형,2023-12-01,,,
2023,수원시,장안구청,2023-03-19 14:11,D_Name 금당로9번길,주행형,2023-12-01,,,
2023,수원시,장안구청,2023-03-19 14:11,D_Name 금당로9번길,주행형,2023-12-01,,,
2023,수원시,팔달구청,2023-03-19 14:15,화서1동 수원역푸르지오자이 북문 우측,고정형,2023-12-01,,,
2023,수원시,영통구청,2023-03-19 14:35,영통동 마사회뒷길,고정형,2023-12-01,,,
2023,수원시,팔달구청,2023-03-19 14:40,매산동 팅스몰 주차장 출구 옆,고정형,2023-12-01,,,
2023,수원시,권선구청,2023-03-19 14:41,서둔동 수원역한라비발디퍼스트 앞1,고정형,2023-12-01,,,
2023,수원시,팔달구청,2023-03-19 14:41,매산동 팅스몰 주차장 출구 옆,고정형,2023-12-01,,,
2023,수원시,팔달구청,2023-03-19 14:42,행궁동 화홍사랑채,고정형,2023-12-01,,,
2023,수원시,팔달구청,2023-03-19 14:42,매산동 팅스몰 주차장 출구 옆,고정형,2023-12-01,,,
2023,수원시,팔달구청,2023-03-19 14:47,매산동 팅스몰 주차장 출구 옆,고정형,2023-12-01,,,
2023,수원시,팔달구청,2023-03-19 14:48,화서1동 수원역푸르지오자이 북문 우측,고정형,2023-12-01,,,
2023,수원시,영통구청,2023-03-19 14:51,경기도수원시영통구영통동 수원시 영통구 영통동 1057,보행,2023-12-01,,,
2023,수원시,권선구청,2023-03-19 15:05,서둔동 수원역한라비발디퍼스트 앞1,고정형,2023-12-01,,,
2023,수원시,권선구청,2023-03-19 15:10,서둔동 가온팰리스옆1,고정형,2023-12-01,,,
2023,수원시,팔달구청,2023-03-19 15:11,행궁동 화홍사랑채,고정형,2023-12-01,,,
2023,수원시,팔달구청,2023-03-19 15:12,인계동 경인통계청,고정형,2023-12-01,,,
2023,수원시,영통구청,2023-03-19 15:16,망포동 힐스테이트 119동 ~방죽공원 삼거리,고정형,2023-12-01,,,
2023,수원시,팔달구청,2023-03-19 15:21,매산동 팅스몰 주차장 출구 옆,고정형,2023-12-01,,,
2023,수원시,권선구청,2023-03-19 15:24,서둔동 가온팰리스옆1,고정형,2023-12-01,,,
2023,수원시,팔달구청,2023-03-19 15:30,인계동 경인통계청,고정형,2023-12-01,,,
2023,수원시,팔달구청,2023-03-19 15:34,매산동 팅스몰 주차장 출구 옆,고정형,2023-12-01,,,
2023,수원시,팔달구청,2023-03-19 15:35,인계동 경인통계청,고정형,2023-12-01,,,
2023,수원시,영통구청,2023-03-19 15:54,망포동 힐스테이트 119동 ~방죽공원 삼거리,고정형,2023-12-01,,,
2023,수원시,영통구청,2023-03-19 16:02,영통동 보보스스포츠센터앞,고정형,2023-12-01,,,
2023,수원시,팔달구청,2023-03-19 16:08,화서1동 수원역푸르지오자이 북문 우측,고정형,2023-12-01,,,
2023,수원시,팔달구청,2023-03-19 16:13,행궁동 화홍사랑채,고정형,2023-12-01,,,
2023,수원시,팔달구청,2023-03-19 16:28,인계동 경인통계청,고정형,2023-12-01,,,
2023,수원시,권선구청,2023-03-19 16:40,곡반정동 하나로마트한국빌딩앞,고정형,2023-12-01,,,
2023,수원시,권선구청,2023-03-19 16:55,서둔동 수원역한라비발디퍼스트 앞1,고정형,2023-12-01,,,
2023,수원시,팔달구청,2023-03-19 16:57,인계동 한국씨티은행,고정형,2023-12-01,,,
2023,수원시,영통구청,2023-03-19 16:59,경기도수원시영통구원천동 수원시 영통구 원천동 255,보행,2023-12-01,,,
2023,수원시,영통구청,2023-03-19 17:00,경기도수원시영통구원천동 수원시 영통구 원천동 255,보행,2023-12-01,,,
2023,수원시,팔달구청,2023-03-19 17:01,인계동 경인통계청,고정형,2023-12-01,,,
2023,수원시,권선구청,2023-03-19 17:01,서둔동 수원역한라비발디퍼스트 앞1,고정형,2023-12-01,,,
2023,수원시,영통구청,2023-03-19 17:02,경기도수원시영통구원천동 수원시 영통구 원천동 250,보행,2023-12-01,,,
2023,수원시,팔달구청,2023-03-19 17:03,화서1동 수원역푸르지오자이 북문 우측,고정형,2023-12-01,,,
2023,수원시,권선구청,2023-03-19 17:03,호매실동 금호프라자 대각 맞은편,고정형,2023-12-01,,,
2023,수원시,권선구청,2023-03-19 17:07,곡선동 휴먼푸드 인근,고정형,2023-12-01,,,
2023,수원시,권선구청,2023-03-19 17:07,곡선동 휴먼푸드 인근,고정형,2023-12-01,,,
2023,수원시,팔달구청,2023-03-19 17:12,행궁동 화홍사랑채,고정형,2023-12-01,,,
2023,수원시,팔달구청,2023-03-19 17:12,인계동 드림캐슬주상복합,고정형,2023-12-01,,,
2023,수원시,권선구청,2023-03-19 17:13,곡반정동 하나로마트한국빌딩앞,고정형,2023-12-01,,,
2023,수원시,권선구청,2023-03-19 17:19,곡선동 권선중앙약국 건너편,고정형,2023-12-01,,,
2023,수원시,팔달구청,2023-03-19 17:19,인계동 한국씨티은행,고정형,2023-12-01,,,
2023,수원시,팔달구청,2023-03-19 17:19,인계동 한국씨티은행,고정형,2023-12-01,,,
2023,수원시,팔달구청,2023-03-19 17:20,매산동 팅스몰 주차장 출구 옆,고정형,2023-12-01,,,
2023,수원시,권선구청,2023-03-19 17:27,서둔동 수원역한라비발디퍼스트 앞1,고정형,2023-12-01,,,
2023,수원시,권선구청,2023-03-19 17:38,서둔동 수원역한라비발디퍼스트 앞1,고정형,2023-12-01,,,
2023,수원시,권선구청,2023-03-19 17:39,구운동 구운동 명품닭갈비,고정형,2023-12-01,,,
2023,수원시,팔달구청,2023-03-19 18:06,매산동 역전농협,고정형,2023-12-01,,,
2023,수원시,팔달구청,2023-03-19 18:11,매산동 팅스몰 주차장 출구 옆,고정형,2023-12-01,,,
2023,수원시,팔달구청,2023-03-19 18:11,인계동 드림캐슬주상복합,고정형,2023-12-01,,,
2023,수원시,팔달구청,2023-03-19 18:20,인계동 드림캐슬주상복합,고정형,2023-12-01,,,
2023,수원시,팔달구청,2023-03-19 18:27,화서1동 수원역푸르지오자이 북문 우측,고정형,2023-12-01,,,
2023,수원시,팔달구청,2023-03-19 19:09,화서1동 수원역푸르지오자이 북문 우측,고정형,2023-12-01,,,
2023,수원시,팔달구청,2023-03-19 19:20,매산동 팅스몰 주차장 출구 옆,고정형,2023-12-01,,,
2023,수원시,팔달구청,2023-03-19 19:20,매산동 팅스몰 주차장 출구 옆,고정형,2023-12-01,,,
2023,수원시,팔달구청,2023-03-19 19:23,매산동 팅스몰 주차장 출구 옆,고정형,2023-12-01,,,
2023,수원시,팔달구청,2023-03-19 19:54,매산동 팅스몰 주차장 출구 옆,고정형,2023-12-01,,,
2023,수원시,팔달구청,2023-03-19 20:34,매산동 팅스몰 주차장 출구 옆,고정형,2023-12-01,,,
2023,수원시,팔달구청,2023-03-19 23:01,매교동 매교동 288-721 소화전,국민신문고,2023-12-01,,,
2023,수원시,장안구청,2023-03-20 6:04,조원동 조원동 431-2,국민신문고,2023-12-01,,,
2023,수원시,영통구청,2023-03-20 7:07,광교동 광교 덴티움지식산업센터 앞 사거리,고정형,2023-12-01,,,
2023,수원시,팔달구청,2023-03-20 7:33,매산동 팅스몰 주차장 출구 옆,고정형,2023-12-01,,,
2023,수원시,팔달구청,2023-03-20 7:35,매산동 팅스몰 주차장 출구 옆,고정형,2023-12-01,,,
2023,수원시,권선구청,2023-03-20 7:56,권선동 경수대로190번길,주행형,2023-12-01,,,
2023,수원시,권선구청,2023-03-20 7:56,권선동 경수대로190번길,주행형,2023-12-01,,,
2023,수원시,권선구청,2023-03-20 8:02,곡반정동 하나로마트한국빌딩앞,고정형,2023-12-01,,,
2023,수원시,팔달구청,2023-03-20 8:02,매산동 팅스몰 주차장 출구 옆,고정형,2023-12-01,,,
2023,수원시,권선구청,2023-03-20 8:04,서둔동 가온팰리스옆2,고정형,2023-12-01,,,
2023,수원시,권선구청,2023-03-20 8:05,곡반정동 하나로마트한국빌딩앞,고정형,2023-12-01,,,
2023,수원시,권선구청,2023-03-20 8:05,서둔동 수원역한라비발디퍼스트 앞1,고정형,2023-12-01,,,
2023,수원시,권선구청,2023-03-20 8:05,평동 오목초교 정문 우측 삼거리,고정형,2023-12-01,,,
2023,수원시,권선구청,2023-03-20 8:06,곡반정동 하나로마트한국빌딩앞,고정형,2023-12-01,,,
2023,수원시,영통구청,2023-03-20 8:34,경기도수원시영통구매탄동 수원시 영통구 매탄동 414,보행,2023-12-01,,,
2023,수원시,팔달구청,2023-03-20 8:35,화서1동 화서초등학교 둘레길 중간지점,고정형,2023-12-01,,,
2023,수원시,영통구청,2023-03-20 8:36,경기도수원시영통구매탄동 수원시 영통구 매탄동 414,보행,2023-12-01,,,
2023,수원시,영통구청,2023-03-20 8:37,경기도수원시영통구매탄동 수원시 영통구 매탄동 414,보행,2023-12-01,,,
2023,수원시,영통구청,2023-03-20 8:37,경기도수원시영통구매탄동 수원시 영통구 매탄동 415,보행,2023-12-01,,,
2023,수원시,영통구청,2023-03-20 8:37,경기도수원시영통구매탄동 수원시 영통구 매탄동 414,보행,2023-12-01,,,
2023,수원시,권선구청,2023-03-20 8:38,곡반정동 하나로마트한국빌딩앞,고정형,2023-12-01,,,
2023,수원시,권선구청,2023-03-20 9:05,금곡동 금곡로222번길,주행형,2023-12-01,,,
2023,수원시,영통구청,2023-03-20 9:08,이의동 드림스퀘어Ⅱ 앞,고정형,2023-12-01,,,
2023,수원시,팔달구청,2023-03-20 9:10,인계동 드림캐슬주상복합,고정형,2023-12-01,,,
2023,수원시,영통구청,2023-03-20 9:12,광교동 광교 덴티움지식산업센터 앞 사거리,고정형,2023-12-01,,,
2023,수원시,팔달구청,2023-03-20 9:30,인계동 드림캐슬주상복합,고정형,2023-12-01,,,
2023,수원시,영통구청,2023-03-20 9:54,원천동 삼성전자중문,고정형,2023-12-01,,,
2023,수원시,팔달구청,2023-03-20 10:03,인계동 드림캐슬주상복합,고정형,2023-12-01,,,
2023,수원시,팔달구청,2023-03-20 10:09,화서동 화서동 수성로189번길,주행형,2023-12-01,,,
2023,수원시,팔달구청,2023-03-20 10:19,지동 지동 팔달문로32번길,주행형,2023-12-01,,,
2023,수원시,팔달구청,2023-03-20 10:21,인계동 드림캐슬주상복합,고정형,2023-12-01,,,
2023,수원시,영통구청,2023-03-20 10:26,망포동 힐스테이트 119동 ~방죽공원 삼거리,고정형,2023-12-01,,,
2023,수원시,팔달구청,2023-03-20 10:26,매산로2가 매산로2가 향교로 56,주행형,2023-12-01,,,
2023,수원시,팔달구청,2023-03-20 10:27,매산로3가 매산로3가 향교로61,주행형,2023-12-01,,,
2023,수원시,권선구청,2023-03-20 10:33,입북동 율전로37번길,주행형,2023-12-01,,,
2023,수원시,권선구청,2023-03-20 10:33,입북동 율전로37번길,주행형,2023-12-01,,,
2023,수원시,권선구청,2023-03-20 10:33,입북동 율전로37번길,주행형,2023-12-01,,,
2023,수원시,권선구청,2023-03-20 10:34,입북동 율전로37번길,주행형,2023-12-01,,,
2023,수원시,영통구청,2023-03-20 10:35,영통동 매영로365번길,주행형,2023-12-01,,,
2023,수원시,영통구청,2023-03-20 10:35,영통동 매영로365번길,주행형,2023-12-01,,,
2023,수원시,영통구청,2023-03-20 10:35,영통동 매영로365번길,주행형,2023-12-01,,,
2023,수원시,영통구청,2023-03-20 10:35,영통동 매영로365번길,주행형,2023-12-01,,,
2023,수원시,영통구청,2023-03-20 10:35,영통동 매영로365번길,주행형,2023-12-01,,,
2023,수원시,팔달구청,2023-03-20 10:35,인계동 드림캐슬주상복합,고정형,2023-12-01,,,
2023,수원시,팔달구청,2023-03-20 10:43,인계동 드림캐슬주상복합,고정형,2023-12-01,,,
2023,수원시,영통구청,2023-03-20 10:47,영통구 원천동 7739,국민신문고,2023-12-01,,,
2023,수원시,팔달구청,2023-03-20 10:57,고등동 수원초등학교 정문 좌측 사거리,고정형,2023-12-01,,,
2023,수원시,팔달구청,2023-03-20 10:57,고등동 수원초등학교 정문 좌측 사거리,고정형,2023-12-01,,,
2023,수원시,팔달구청,2023-03-20 13:37,화서1동 푸르지오자이 북문 CU 앞 횡단보도,고정형,2023-12-01,,,
2023,수원시,장안구청,2023-03-20 13:37,천천동 화산로163번길,주행형,2023-12-01,,,
2023,수원시,장안구청,2023-03-20 13:37,천천동 화산로163번길,주행형,2023-12-01,,,
2023,수원시,장안구청,2023-03-20 13:37,천천동 화산로163번길,주행형,2023-12-01,,,
2023,수원시,팔달구청,2023-03-20 14:19,고등동 수원초등학교 정문 좌측 사거리,고정형,2023-12-01,,,
2023,수원시,팔달구청,2023-03-20 14:36,인계동 드림캐슬주상복합,고정형,2023-12-01,,,
2023,수원시,팔달구청,2023-03-20 14:38,매산동 팅스몰 주차장 출구 옆,고정형,2023-12-01,,,
2023,수원시,팔달구청,2023-03-20 14:46,인계동 드림캐슬주상복합,고정형,2023-12-01,,,
2023,수원시,권선구청,2023-03-20 14:58,서둔동 롯데몰9번출구앞주변,고정형,2023-12-01,,,
2023,수원시,권선구청,2023-03-20 14:58,서둔동 롯데몰9번출구앞주변,고정형,2023-12-01,,,
2023,수원시,영통구청,2023-03-20 15:09,원천동 광교매원초등학교,고정형,2023-12-01,,,
2023,수원시,영통구청,2023-03-20 15:22,이의동 광교가재울마을사거리,고정형,2023-12-01,,,
2023,수원시,팔달구청,2023-03-20 15:28,인계동 드림캐슬주상복합,고정형,2023-12-01,,,
2023,수원시,팔달구청,2023-03-20 15:39,인계동 한국씨티은행,고정형,2023-12-01,,,
2023,수원시,팔달구청,2023-03-20 15:47,화서1동 수원역푸르지오자이 북문 우측,고정형,2023-12-01,,,
2023,수원시,영통구청,2023-03-20 15:59,이의동 드림스퀘어Ⅱ 앞,고정형,2023-12-01,,,
2023,수원시,팔달구청,2023-03-20 16:02,인계동 한국씨티은행,고정형,2023-12-01,,,
2023,수원시,팔달구청,2023-03-20 16:02,인계동 한국씨티은행,고정형,2023-12-01,,,
2023,수원시,권선구청,2023-03-20 16:03,서둔동 가온팰리스옆1,고정형,2023-12-01,,,
2023,수원시,팔달구청,2023-03-20 16:19,인계동 경인통계청,고정형,2023-12-01,,,
2023,수원시,권선구청,2023-03-20 16:23,세류3동 신곡초교 후문 좌측 사거리,고정형,2023-12-01,,,
2023,수원시,팔달구청,2023-03-20 16:36,인계동 경인통계청,고정형,2023-12-01,,,
2023,수원시,팔달구청,2023-03-20 16:36,인계동 경인통계청,고정형,2023-12-01,,,
2023,수원시,팔달구청,2023-03-20 16:50,인계동 한국씨티은행,고정형,2023-12-01,,,
2023,수원시,권선구청,2023-03-20 16:50,세류3동 신곡초교 후문 좌측 사거리,고정형,2023-12-01,,,
2023,수원시,팔달구청,2023-03-20 16:58,인계동 경인통계청,고정형,2023-12-01,,,
2023,수원시,권선구청,2023-03-20 17:05,곡선동 휴먼푸드 인근,고정형,2023-12-01,,,
2023,수원시,팔달구청,2023-03-20 17:08,매산동 팅스몰 주차장 출구 옆,고정형,2023-12-01,,,
2023,수원시,팔달구청,2023-03-20 17:08,매산동 팅스몰 주차장 출구 옆,고정형,2023-12-01,,,
2023,수원시,영통구청,2023-03-20 17:19,망포동 E-마트 에브리데이 앞,고정형,2023-12-01,37.2361017468141,127.060345496536,
2023,수원시,권선구청,2023-03-20 17:42,입북동 당수초교 정문 우측 사거리,고정형,2023-12-01,,,
2023,수원시,팔달구청,2023-03-20 17:51,인계동 드림캐슬주상복합,고정형,2023-12-01,,,
2023,수원시,영통구청,2023-03-20 18:02,광교동 광교웰빙타운한양수자인,고정형,2023-12-01,,,
2023,수원시,팔달구청,2023-03-20 18:06,매산동 팅스몰 주차장 출구 옆,고정형,2023-12-01,,,
2023,수원시,팔달구청,2023-03-20 18:14,인계동 팅스몰 주차장 출구 옆,고정형,2023-12-01,,,
2023,수원시,팔달구청,2023-03-20 19:42,인계동 드림캐슬주상복합,고정형,2023-12-01,,,
2023,수원시,팔달구청,2023-03-20 19:42,인계동 드림캐슬주상복합,고정형,2023-12-01,,,
2023,수원시,영통구청,2023-03-20 20:00,원천동 삼성전자중문,고정형,2023-12-01,,,
2023,수원시,팔달구청,2023-03-20 20:04,매산동 팅스몰 주차장 출구 옆,고정형,2023-12-01,,,
2023,수원시,팔달구청,2023-03-20 20:08,인계동 드림캐슬주상복합,고정형,2023-12-01,,,
2023,수원시,팔달구청,2023-03-20 20:25,인계동 드림캐슬주상복합,고정형,2023-12-01,,,
2023,수원시,팔달구청,2023-03-20 20:25,인계동 드림캐슬주상복합,고정형,2023-12-01,,,
2023,수원시,팔달구청,2023-03-20 20:33,인계동 드림캐슬주상복합,고정형,2023-12-01,,,
2023,수원시,팔달구청,2023-03-20 20:33,인계동 드림캐슬주상복합,고정형,2023-12-01,,,
2023,수원시,팔달구청,2023-03-20 20:36,매산동 역전농협,고정형,2023-12-01,,,
2023,수원시,권선구청,2023-03-20 20:38,곡반정동 562-2,국민신문고,2023-12-01,,,
2023,수원시,권선구청,2023-03-20 20:42,곡반정동 562-2,국민신문고,2023-12-01,,,
2023,수원시,권선구청,2023-03-21 6:02,곡반정동 562-2,국민신문고,2023-12-01,,,
2023,수원시,영통구청,2023-03-21 7:03,영통동 마사회뒷길,고정형,2023-12-01,,,
2023,수원시,영통구청,2023-03-21 7:20,영통동 마사회뒷길,고정형,2023-12-01,,,
2023,수원시,팔달구청,2023-03-21 7:34,인계동 드림캐슬주상복합,고정형,2023-12-01,,,
2023,수원시,팔달구청,2023-03-21 7:35,인계동 경인통계청,고정형,2023-12-01,,,
2023,수원시,권선구청,2023-03-21 8:02,곡반정동 하나로마트한국빌딩앞,고정형,2023-12-01,,,
2023,수원시,권선구청,2023-03-21 8:03,곡선동 권선중앙약국 건너편,고정형,2023-12-01,,,
2023,수원시,권선구청,2023-03-21 8:03,서둔동 가온팰리스옆2,고정형,2023-12-01,,,
2023,수원시,팔달구청,2023-03-21 8:27,인계동 경인통계청,고정형,2023-12-01,,,
2023,수원시,팔달구청,2023-03-21 8:33,화서1동 화서초등학교 둘레길 중간지점,고정형,2023-12-01,,,
2023,수원시,권선구청,2023-03-21 8:48,서둔동 가온팰리스옆2,고정형,2023-12-01,,,
2023,수원시,권선구청,2023-03-21 8:48,서둔동 가온팰리스옆2,고정형,2023-12-01,,,
2023,수원시,팔달구청,2023-03-21 9:12,인계동 드림캐슬주상복합,고정형,2023-12-01,,,
2023,수원시,팔달구청,2023-03-21 9:29,고등동 수원초등학교 정문 좌측 사거리,고정형,2023-12-01,,,
2023,수원시,권선구청,2023-03-21 9:34,권선동 경기80아2337,국민신문고,2023-12-01,,,
2023,수원시,팔달구청,2023-03-21 9:45,인계동 경인통계청,고정형,2023-12-01,,,
2023,수원시,영통구청,2023-03-21 9:51,망포동 E-마트 에브리데이 앞,고정형,2023-12-01,37.2361017468141,127.060345496536,
2023,수원시,팔달구청,2023-03-21 10:09,인계동 드림캐슬주상복합,고정형,2023-12-01,,,
2023,수원시,팔달구청,2023-03-21 10:19,지동 지동 팔달문로32번길,주행형,2023-12-01,,,
2023,수원시,팔달구청,2023-03-21 10:29,인계동 경인통계청,고정형,2023-12-01,,,
2023,수원시,팔달구청,2023-03-21 10:33,장안동 장안동 화서문로17번길,주행형,2023-12-01,,,
2023,수원시,팔달구청,2023-03-21 10:33,신풍동 신풍동 화서문로17번길,주행형,2023-12-01,,,
2023,수원시,팔달구청,2023-03-21 10:34,장안동 장안동 화서문로17번길,주행형,2023-12-01,,,
2023,수원시,팔달구청,2023-03-21 10:37,인계동 경인통계청,고정형,2023-12-01,,,
2023,수원시,팔달구청,2023-03-21 11:12,고등동 수원초등학교 정문 좌측 사거리,고정형,2023-12-01,,,
2023,수원시,팔달구청,2023-03-21 11:40,매산동 역전농협,고정형,2023-12-01,,,
2023,수원시,팔달구청,2023-03-21 11:43,화서1동 수원역푸르지오자이 북문 우측,고정형,2023-12-01,,,
2023,수원시,영통구청,2023-03-21 12:17,광교동 광교이의119안전센터,고정형,2023-12-01,,,
2023,수원시,권선구청,2023-03-21 12:30,금곡동 가온초교 정문 우측 사거리,고정형,2023-12-01,,,
2023,수원시,영통구청,2023-03-21 13:44,원천동 광교 한화겔러리아 앞,고정형,2023-12-01,,,
2023,수원시,영통구청,2023-03-21 14:08,이의동 도청예정부지,고정형,2023-12-01,,,
2023,수원시,권선구청,2023-03-21 14:29,입북동 당수초교 정문 우측 사거리,고정형,2023-12-01,,,
2023,수원시,영통구청,2023-03-21 14:34,영통동 보보스스포츠센터앞,고정형,2023-12-01,,,
2023,수원시,팔달구청,2023-03-21 14:35,행궁동 화홍사랑채,고정형,2023-12-01,,,
2023,수원시,권선구청,2023-03-21 14:36,금곡동 가온초교 정문 우측 사거리,고정형,2023-12-01,,,
2023,수원시,권선구청,2023-03-21 14:37,서둔동 가온팰리스옆2,고정형,2023-12-01,,,
2023,수원시,영통구청,2023-03-21 14:42,망포동 힐스테이트 119동 ~방죽공원 삼거리,고정형,2023-12-01,,,
2023,수원시,권선구청,2023-03-21 14:48,서둔동 가온팰리스옆1,고정형,2023-12-01,,,
2023,수원시,권선구청,2023-03-21 14:48,서둔동 가온팰리스옆1,고정형,2023-12-01,,,
2023,수원시,팔달구청,2023-03-21 14:50,화서1동 수원역푸르지오자이 북문 우측,고정형,2023-12-01,,,
2023,수원시,권선구청,2023-03-21 14:54,서둔동 수원역한라비발디퍼스트 앞1,고정형,2023-12-01,,,
2023,수원시,권선구청,2023-03-21 14:54,서둔동 수원역한라비발디퍼스트 앞1,고정형,2023-12-01,,,
2023,수원시,팔달구청,2023-03-21 15:08,매산동 팅스몰 주차장 출구 옆,고정형,2023-12-01,,,
2023,수원시,팔달구청,2023-03-21 15:08,매산동 팅스몰 주차장 출구 옆,고정형,2023-12-01,,,
2023,수원시,영통구청,2023-03-21 15:36,영통동 롯데마트 뒤,고정형,2023-12-01,37.27220279535416,127.10856729001851,
2023,수원시,영통구청,2023-03-21 15:36,영통동 롯데마트 뒤,고정형,2023-12-01,37.27220279535416,127.10856729001851,
2023,수원시,팔달구청,2023-03-21 15:40,행궁동 화홍사랑채,고정형,2023-12-01,,,
2023,수원시,팔달구청,2023-03-21 15:49,매산동 팅스몰 주차장 출구 옆,고정형,2023-12-01,,,
2023,수원시,영통구청,2023-03-21 15:53,망포동 힐스테이트 119동 ~방죽공원 삼거리,고정형,2023-12-01,,,
2023,수원시,팔달구청,2023-03-21 16:03,인계동 드림캐슬주상복합,고정형,2023-12-01,,,
2023,수원시,팔달구청,2023-03-21 16:04,인계동 경인통계청,고정형,2023-12-01,,,
2023,수원시,권선구청,2023-03-21 16:23,세류3동 신곡초교 후문 좌측 사거리,고정형,2023-12-01,,,
2023,수원시,권선구청,2023-03-21 16:23,세류3동 신곡초교 후문 좌측 사거리,고정형,2023-12-01,,,
2023,수원시,팔달구청,2023-03-21 16:29,매교동 매교동 287-110 인도,국민신문고,2023-12-01,,,
2023,수원시,권선구청,2023-03-21 16:36,서둔동 수원역한라비발디퍼스트 앞1,고정형,2023-12-01,,,
2023,수원시,팔달구청,2023-03-21 16:50,인계동 경인통계청,고정형,2023-12-01,,,
2023,수원시,팔달구청,2023-03-21 16:57,화서1동 수원역푸르지오자이 북문 우측,고정형,2023-12-01,,,
2023,수원시,권선구청,2023-03-21 17:06,세류3동 신곡초교 후문 좌측 사거리,고정형,2023-12-01,,,
2023,수원시,팔달구청,2023-03-21 17:54,매산동 팅스몰 주차장 출구 옆,고정형,2023-12-01,,,
2023,수원시,팔달구청,2023-03-21 17:55,매산동 팅스몰 주차장 출구 옆,고정형,2023-12-01,,,
2023,수원시,팔달구청,2023-03-21 18:05,인계동 드림캐슬주상복합,고정형,2023-12-01,,,
2023,수원시,팔달구청,2023-03-21 19:17,인계동 드림캐슬주상복합,고정형,2023-12-01,,,
2023,수원시,팔달구청,2023-03-21 19:22,매산동 팅스몰 주차장 출구 옆,고정형,2023-12-01,,,
2023,수원시,팔달구청,2023-03-21 19:22,매산동 팅스몰 주차장 출구 옆,고정형,2023-12-01,,,
2023,수원시,팔달구청,2023-03-21 19:22,매산동 팅스몰 주차장 출구 옆,고정형,2023-12-01,,,
2023,수원시,팔달구청,2023-03-21 19:29,인계동 드림캐슬주상복합,고정형,2023-12-01,,,
2023,수원시,팔달구청,2023-03-21 20:03,매산동 팅스몰 주차장 출구 옆,고정형,2023-12-01,,,
2023,수원시,권선구청,2023-03-21 20:03,곡반정동 149-9,국민신문고,2023-12-01,,,
2023,수원시,팔달구청,2023-03-21 20:04,매산동 팅스몰 주차장 출구 옆,고정형,2023-12-01,,,
2023,수원시,영통구청,2023-03-21 20:14,영통동 마사회뒷길,고정형,2023-12-01,,,
2023,수원시,팔달구청,2023-03-21 20:20,인계동 드림캐슬주상복합,고정형,2023-12-01,,,
2023,수원시,팔달구청,2023-03-21 20:26,매교동 매교동 114-11 횡단보도,국민신문고,2023-12-01,,,
2023,수원시,팔달구청,2023-03-21 20:31,인계동 드림캐슬주상복합,고정형,2023-12-01,,,
2023,수원시,팔달구청,2023-03-21 20:35,인계동 드림캐슬주상복합,고정형,2023-12-01,,,
2023,수원시,팔달구청,2023-03-21 20:56,매교동 매교동 77-125 교차로모퉁이,국민신문고,2023-12-01,,,
2023,수원시,팔달구청,2023-03-21 21:01,매산동 역전농협,고정형,2023-12-01,,,
2023,수원시,권선구청,2023-03-21 22:50,곡반정동 562-2,국민신문고,2023-12-01,,,
2023,수원시,권선구청,2023-03-22 0:25,곡반정동 562-2,국민신문고,2023-12-01,,,
2023,수원시,권선구청,2023-03-22 0:28,곡반정동 562-2,국민신문고,2023-12-01,,,
2023,수원시,장안구청,2023-03-22 6:15,조원동 조원동 530-14,국민신문고,2023-12-01,,,
2023,수원시,영통구청,2023-03-22 7:04,망포동 힐스테이트 119동 ~방죽공원 삼거리,고정형,2023-12-01,,,
2023,수원시,팔달구청,2023-03-22 7:33,매산동 팅스몰 주차장 출구 옆,고정형,2023-12-01,,,
2023,수원시,팔달구청,2023-03-22 7:34,인계동 드림캐슬주상복합,고정형,2023-12-01,,,
2023,수원시,권선구청,2023-03-22 8:02,곡반정동 하나로마트한국빌딩앞,고정형,2023-12-01,,,
2023,수원시,권선구청,2023-03-22 8:03,서둔동 가온팰리스옆2,고정형,2023-12-01,,,
2023,수원시,권선구청,2023-03-22 8:03,곡반정동 하나로마트한국빌딩앞,고정형,2023-12-01,,,
2023,수원시,권선구청,2023-03-22 8:03,서둔동 가온팰리스옆2,고정형,2023-12-01,,,
2023,수원시,권선구청,2023-03-22 8:03,서둔동 가온팰리스옆2,고정형,2023-12-01,,,
2023,수원시,권선구청,2023-03-22 8:04,세류3동 신곡초교 후문 좌측 사거리,고정형,2023-12-01,,,
2023,수원시,권선구청,2023-03-22 8:04,세류3동 신곡초교 후문 좌측 사거리,고정형,2023-12-01,,,
2023,수원시,권선구청,2023-03-22 8:07,권선2동 곡정초교 정문 좌측 사거리,고정형,2023-12-01,,,
2023,수원시,권선구청,2023-03-22 8:09,서둔동 수원역한라비발디퍼스트 앞1,고정형,2023-12-01,,,
2023,수원시,권선구청,2023-03-22 8:12,서둔동 가온팰리스옆2,고정형,2023-12-01,,,
2023,수원시,권선구청,2023-03-22 8:16,곡반정동 하나로마트한국빌딩앞,고정형,2023-12-01,,,
2023,수원시,권선구청,2023-03-22 9:00,권선2동 곡정초교 정문 좌측 사거리,고정형,2023-12-01,,,
2023,수원시,영통구청,2023-03-22 9:13,광교동 광교이의119안전센터,고정형,2023-12-01,,,
2023,수원시,팔달구청,2023-03-22 9:17,인계동 드림캐슬주상복합,고정형,2023-12-01,,,
2023,수원시,팔달구청,2023-03-22 9:54,매산동 팅스몰 주차장 출구 옆,고정형,2023-12-01,,,
2023,수원시,영통구청,2023-03-22 9:58,광교동 광교 덴티움지식산업센터 앞 사거리,고정형,2023-12-01,,,
2023,수원시,영통구청,2023-03-22 10:04,경기도수원시영통구매탄동 수원시 영통구 신원로 277,보행,2023-12-01,,,
2023,수원시,팔달구청,2023-03-22 10:13,영동 영동 수원천로 275,주행형,2023-12-01,,,
2023,수원시,팔달구청,2023-03-22 10:13,영동 영동 수원천로 275,주행형,2023-12-01,,,
2023,수원시,팔달구청,2023-03-22 10:16,인계동 인계동 매산로169,주행형,2023-12-01,,,
