집계년도,시군명,관리기관명,단속일시정보,단속장소,단속방법,데이터기준일자,위도,경도,행정동
2023,수원시,팔달구청,2023-09-04 10:46,화서1동 푸르지오자이 북문 CU 앞 횡단보도,고정형,2023-12-01,,,
2023,수원시,권선구청,2023-09-04 10:53,권선동 528-13,국민신문고,2023-12-01,,,
2023,수원시,팔달구청,2023-09-04 10:57,영동 영동 수원천로 246,주행형,2023-12-01,,,
2023,수원시,영통구청,2023-09-04 11:20,망포동 힐스테이트 119동 ~방죽공원 삼거리,고정형,2023-12-01,,,
2023,수원시,권선구청,2023-09-04 13:37,입북동 당수초교 정문 우측 사거리,고정형,2023-12-01,,,
2023,수원시,팔달구청,2023-09-04 13:49,화서1동 푸르지오자이 북문 CU 앞 횡단보도,고정형,2023-12-01,,,
2023,수원시,영통구청,2023-09-04 14:07,영통동 롯데마트 뒤,고정형,2023-12-01,37.27220279535416,127.10856729001851,
2023,수원시,팔달구청,2023-09-04 14:12,남수동 남수동 정조로800번길,주행형,2023-12-01,,,
2023,수원시,팔달구청,2023-09-04 14:12,남수동 남수동 정조로800번길,주행형,2023-12-01,,,
2023,수원시,팔달구청,2023-09-04 14:13,남수동 남수동 정조로800번길,주행형,2023-12-01,,,
2023,수원시,팔달구청,2023-09-04 14:14,팔달로2가 팔달로2가 정조로796번길,주행형,2023-12-01,,,
2023,수원시,팔달구청,2023-09-04 14:14,남수동 남수동 정조로796번길,주행형,2023-12-01,,,
2023,수원시,팔달구청,2023-09-04 14:14,남수동 남수동 정조로796번길,주행형,2023-12-01,,,
2023,수원시,팔달구청,2023-09-04 14:14,남수동 남수동 정조로796번길,주행형,2023-12-01,,,
2023,수원시,팔달구청,2023-09-04 14:14,남수동 남수동 정조로796번길,주행형,2023-12-01,,,
2023,수원시,팔달구청,2023-09-04 14:15,영동 영동 수원천로275,주행형,2023-12-01,,,
2023,수원시,팔달구청,2023-09-04 14:19,인계동 인계동 수원천로229번길,주행형,2023-12-01,,,
2023,수원시,팔달구청,2023-09-04 14:19,인계동 인계동 수원천로229번길,주행형,2023-12-01,,,
2023,수원시,팔달구청,2023-09-04 14:19,인계동 인계동 수원천로229번길,주행형,2023-12-01,,,
2023,수원시,팔달구청,2023-09-04 14:19,인계동 인계동 수원천로229번길,주행형,2023-12-01,,,
2023,수원시,팔달구청,2023-09-04 14:19,인계동 인계동 수원천로229번길,주행형,2023-12-01,,,
2023,수원시,팔달구청,2023-09-04 14:33,매산동 팔달로 10번길 8,고정형,2023-12-01,,,
2023,수원시,팔달구청,2023-09-04 14:33,매산동 팔달로 10번길 8,고정형,2023-12-01,,,
2023,수원시,권선구청,2023-09-04 14:45,곡반정동 하나로마트한국빌딩앞,고정형,2023-12-01,,,
2023,수원시,팔달구청,2023-09-04 14:52,인계동 경인통계청,고정형,2023-12-01,,,
2023,수원시,권선구청,2023-09-04 15:03,입북동 당수초교 정문 우측 사거리,고정형,2023-12-01,,,
2023,수원시,팔달구청,2023-09-04 15:04,경기도수원시팔달구매산로2가 수원시 팔달구 매산로2가 62-53,보행,2023-12-01,,,
2023,수원시,팔달구청,2023-09-04 15:04,경기도수원시팔달구매산로2가 수원시 팔달구 매산로2가 62-53,보행,2023-12-01,,,
2023,수원시,팔달구청,2023-09-04 15:05,경기도수원시팔달구매산로2가 수원시 팔달구 매산로2가 62-53,보행,2023-12-01,,,
2023,수원시,팔달구청,2023-09-04 15:05,경기도수원시팔달구매산로2가 수원시 팔달구 매산로2가 62-53,보행,2023-12-01,,,
2023,수원시,팔달구청,2023-09-04 15:06,경기도수원시팔달구매산로2가 수원시 팔달구 매산로2가 62-53,보행,2023-12-01,,,
2023,수원시,팔달구청,2023-09-04 15:15,화서동 화서동 팔달로99번길,주행형,2023-12-01,,,
2023,수원시,팔달구청,2023-09-04 15:36,행궁동 화홍사랑채,고정형,2023-12-01,,,
2023,수원시,팔달구청,2023-09-04 15:48,인계동 드림캐슬주상복합,고정형,2023-12-01,,,
2023,수원시,권선구청,2023-09-04 15:50,오목천동 527-57,국민신문고,2023-12-01,,,
2023,수원시,팔달구청,2023-09-04 16:05,매산동 팅스몰 주차장 출구 옆,고정형,2023-12-01,,,
2023,수원시,팔달구청,2023-09-04 16:09,인계동 경인통계청,고정형,2023-12-01,,,
2023,수원시,영통구청,2023-09-04 16:10,이의동 드림스퀘어Ⅱ 앞,고정형,2023-12-01,,,
2023,수원시,팔달구청,2023-09-04 16:24,인계동 드림캐슬주상복합,고정형,2023-12-01,,,
2023,수원시,권선구청,2023-09-04 16:26,평동 오목초교 정문 우측 삼거리,고정형,2023-12-01,,,
2023,수원시,권선구청,2023-09-04 16:29,서둔동 가온팰리스옆2,고정형,2023-12-01,,,
2023,수원시,권선구청,2023-09-04 16:29,서둔동 가온팰리스옆2,고정형,2023-12-01,,,
2023,수원시,권선구청,2023-09-04 16:56,호매실동 금호프라자 대각 맞은편,고정형,2023-12-01,,,
2023,수원시,팔달구청,2023-09-04 16:59,인계동 한국씨티은행,고정형,2023-12-01,,,
2023,수원시,권선구청,2023-09-04 17:03,곡반정동 하나로마트한국빌딩앞,고정형,2023-12-01,,,
2023,수원시,팔달구청,2023-09-04 17:09,인계동 드림캐슬주상복합,고정형,2023-12-01,,,
2023,수원시,팔달구청,2023-09-04 17:14,매산동 팅스몰 주차장 출구 옆,고정형,2023-12-01,,,
2023,수원시,권선구청,2023-09-04 17:15,서둔동 가온팰리스옆2,고정형,2023-12-01,,,
2023,수원시,팔달구청,2023-09-04 17:26,행궁동 화홍사랑채,고정형,2023-12-01,,,
2023,수원시,권선구청,2023-09-04 17:28,곡반정동 하나로마트한국빌딩앞,고정형,2023-12-01,,,
2023,수원시,팔달구청,2023-09-04 17:33,인계동 경인통계청,고정형,2023-12-01,,,
2023,수원시,팔달구청,2023-09-04 17:35,인계동 드림캐슬주상복합,고정형,2023-12-01,,,
2023,수원시,팔달구청,2023-09-04 17:35,인계동 드림캐슬주상복합,고정형,2023-12-01,,,
2023,수원시,장안구청,2023-09-04 18:09,상광교동 광교버스정류장종점,고정형,2023-12-01,,,
2023,수원시,장안구청,2023-09-04 18:09,상광교동 광교버스정류장종점,고정형,2023-12-01,,,
2023,수원시,팔달구청,2023-09-04 18:26,매산동 팅스몰 주차장 출구 옆,고정형,2023-12-01,,,
2023,수원시,장안구청,2023-09-04 18:27,상광교동 광교버스정류장종점,고정형,2023-12-01,,,
2023,수원시,팔달구청,2023-09-04 18:31,화서1동 수원역푸르지오자이 북문 우측,고정형,2023-12-01,,,
2023,수원시,팔달구청,2023-09-04 18:43,인계동 드림캐슬주상복합,고정형,2023-12-01,,,
2023,수원시,팔달구청,2023-09-04 18:47,인계동 드림캐슬주상복합,고정형,2023-12-01,,,
2023,수원시,권선구청,2023-09-04 18:48,곡반정동 478-5 소화전,국민신문고,2023-12-01,,,
2023,수원시,팔달구청,2023-09-04 18:56,고등동 고등동 156-117 횡단보도,국민신문고,2023-12-01,,,
2023,수원시,팔달구청,2023-09-04 19:15,매산동 팔달로 10번길 8,고정형,2023-12-01,,,
2023,수원시,팔달구청,2023-09-04 19:15,매산동 팔달로 10번길 8,고정형,2023-12-01,,,
2023,수원시,팔달구청,2023-09-04 19:21,매산동 팅스몰 주차장 출구 옆,고정형,2023-12-01,,,
2023,수원시,팔달구청,2023-09-04 19:35,매산동 팅스몰 주차장 출구 옆,고정형,2023-12-01,,,
2023,수원시,팔달구청,2023-09-04 19:35,매산동 팅스몰 주차장 출구 옆,고정형,2023-12-01,,,
2023,수원시,영통구청,2023-09-04 20:41,원천동 광교매원초등학교,고정형,2023-12-01,,,
2023,수원시,팔달구청,2023-09-04 21:06,인계동 드림캐슬주상복합,고정형,2023-12-01,,,
2023,수원시,권선구청,2023-09-05 0:41,곡반정동 562-2,국민신문고,2023-12-01,,,
2023,수원시,팔달구청,2023-09-05 7:03,화서1동 푸르지오자이 북문 CU 앞 횡단보도,고정형,2023-12-01,,,
2023,수원시,팔달구청,2023-09-05 7:34,인계동 경인통계청,고정형,2023-12-01,,,
2023,수원시,팔달구청,2023-09-05 7:34,인계동 경인통계청,고정형,2023-12-01,,,
2023,수원시,팔달구청,2023-09-05 7:39,인계동 한국씨티은행,고정형,2023-12-01,,,
2023,수원시,권선구청,2023-09-05 8:02,서둔동 가온팰리스옆2,고정형,2023-12-01,,,
2023,수원시,권선구청,2023-09-05 8:04,곡반정동 하나로마트한국빌딩앞,고정형,2023-12-01,,,
2023,수원시,권선구청,2023-09-05 8:06,오목천동 한화꿈에그린아파트 209동앞,고정형,2023-12-01,,,
2023,수원시,권선구청,2023-09-05 8:07,서둔동 가온팰리스옆2,고정형,2023-12-01,,,
2023,수원시,팔달구청,2023-09-05 8:19,매산동 역전농협,고정형,2023-12-01,,,
2023,수원시,권선구청,2023-09-05 8:31,서둔동 서둔로256번길,주행형,2023-12-01,,,
2023,수원시,권선구청,2023-09-05 8:31,서둔동 서둔로256번길,주행형,2023-12-01,,,
2023,수원시,권선구청,2023-09-05 8:33,서둔동 가온팰리스옆2,고정형,2023-12-01,,,
2023,수원시,팔달구청,2023-09-05 8:40,북수동 쌈지공원 앞,고정형,2023-12-01,,,
2023,수원시,권선구청,2023-09-05 9:05,서둔동 가온팰리스옆2,고정형,2023-12-01,,,
2023,수원시,권선구청,2023-09-05 9:05,서둔동 가온팰리스옆2,고정형,2023-12-01,,,
2023,수원시,권선구청,2023-09-05 9:33,서둔동 가온팰리스옆2,고정형,2023-12-01,,,
2023,수원시,권선구청,2023-09-05 9:51,세류3동 신곡초교 후문 좌측 사거리,고정형,2023-12-01,,,
2023,수원시,권선구청,2023-09-05 10:14,곡반정동 562-2,국민신문고,2023-12-01,,,
2023,수원시,팔달구청,2023-09-05 10:22,고등동 고등동 180-170 교차로모퉁이,국민신문고,2023-12-01,,,
2023,수원시,팔달구청,2023-09-05 10:22,고등동 고등동 180-170 교차로모퉁이,국민신문고,2023-12-01,,,
2023,수원시,권선구청,2023-09-05 10:35,오목천동 한화꿈에그린아파트 214동앞,고정형,2023-12-01,,,
2023,수원시,권선구청,2023-09-05 10:35,오목천동 한화꿈에그린아파트 214동앞,고정형,2023-12-01,,,
2023,수원시,권선구청,2023-09-05 10:38,서둔동 가온팰리스옆2,고정형,2023-12-01,,,
2023,수원시,권선구청,2023-09-05 11:26,입북동 율전로37번길,주행형,2023-12-01,,,
2023,수원시,권선구청,2023-09-05 11:26,입북동 율전로37번길,주행형,2023-12-01,,,
2023,수원시,권선구청,2023-09-05 11:26,입북동 율전로37번길,주행형,2023-12-01,,,
2023,수원시,권선구청,2023-09-05 11:27,입북동 율전로37번길,주행형,2023-12-01,,,
2023,수원시,권선구청,2023-09-05 11:27,입북동 율전로37번길,주행형,2023-12-01,,,
2023,수원시,권선구청,2023-09-05 11:28,입북동 율전로37번길,주행형,2023-12-01,,,
2023,수원시,권선구청,2023-09-05 11:28,입북동 율전로37번길,주행형,2023-12-01,,,
2023,수원시,권선구청,2023-09-05 11:28,입북동 율전로37번길,주행형,2023-12-01,,,
2023,수원시,권선구청,2023-09-05 11:36,입북동 당수초교 정문 우측 사거리,고정형,2023-12-01,,,
2023,수원시,팔달구청,2023-09-05 12:27,화서1동 수원역푸르지오자이 북문 우측,고정형,2023-12-01,,,
2023,수원시,영통구청,2023-09-05 13:25,이의동 광교호반베르디움 103동 앞,고정형,2023-12-01,,,
2023,수원시,영통구청,2023-09-05 13:25,이의동 광교호반베르디움 103동 앞,고정형,2023-12-01,,,
2023,수원시,권선구청,2023-09-05 14:16,구운동 구운초교 정문 우측 삼거리,고정형,2023-12-01,,,
2023,수원시,영통구청,2023-09-05 14:33,원천동 광교 한화겔러리아 앞,고정형,2023-12-01,,,
2023,수원시,팔달구청,2023-09-05 14:34,인계동 경인통계청,고정형,2023-12-01,,,
2023,수원시,팔달구청,2023-09-05 14:38,남수동 남수동 팔달문로3번길,주행형,2023-12-01,,,
2023,수원시,팔달구청,2023-09-05 14:38,남수동 남수동 정조로800번길,주행형,2023-12-01,,,
2023,수원시,팔달구청,2023-09-05 14:38,남수동 남수동 정조로800번길,주행형,2023-12-01,,,
2023,수원시,팔달구청,2023-09-05 14:41,팔달로2가 팔달로2가 정조로796번길,주행형,2023-12-01,,,
2023,수원시,팔달구청,2023-09-05 14:41,남수동 남수동 정조로796번길,주행형,2023-12-01,,,
2023,수원시,팔달구청,2023-09-05 14:47,매산동 팅스몰 주차장 출구 옆,고정형,2023-12-01,,,
2023,수원시,팔달구청,2023-09-05 15:07,인계동 드림캐슬주상복합,고정형,2023-12-01,,,
2023,수원시,팔달구청,2023-09-05 15:07,인계동 드림캐슬주상복합,고정형,2023-12-01,,,
2023,수원시,팔달구청,2023-09-05 15:17,북수동 쌈지공원 앞,고정형,2023-12-01,,,
2023,수원시,팔달구청,2023-09-05 15:29,인계동 드림캐슬주상복합,고정형,2023-12-01,,,
2023,수원시,권선구청,2023-09-05 15:48,호매실동 금호프라자 대각 맞은편,고정형,2023-12-01,,,
2023,수원시,영통구청,2023-09-05 15:49,영통동 롯데마트 뒤,고정형,2023-12-01,37.27220279535416,127.10856729001851,
2023,수원시,영통구청,2023-09-05 15:49,영통동 롯데마트 뒤,고정형,2023-12-01,37.27220279535416,127.10856729001851,
2023,수원시,권선구청,2023-09-05 16:01,서둔동 롯데몰9번출구앞주변,고정형,2023-12-01,,,
2023,수원시,권선구청,2023-09-05 16:07,세류3동 신곡초교 후문 좌측 사거리,고정형,2023-12-01,,,
2023,수원시,팔달구청,2023-09-05 16:15,인계동 드림캐슬주상복합,고정형,2023-12-01,,,
2023,수원시,팔달구청,2023-09-05 16:53,화서1동 수원역푸르지오자이 북문 우측,고정형,2023-12-01,,,
2023,수원시,팔달구청,2023-09-05 16:55,화서동 푸르지오자이 북문 CU 앞 횡단보도,고정형,2023-12-01,,,
2023,수원시,팔달구청,2023-09-05 17:00,북수동 42-1 (인도),국민신문고,2023-12-01,,,
2023,수원시,팔달구청,2023-09-05 17:06,인계동 한국씨티은행,고정형,2023-12-01,,,
2023,수원시,팔달구청,2023-09-05 17:17,인계동 드림캐슬주상복합,고정형,2023-12-01,,,
2023,수원시,권선구청,2023-09-05 17:20,서둔동 가온팰리스옆2,고정형,2023-12-01,,,
2023,수원시,권선구청,2023-09-05 17:33,입북동 당수초교 정문 우측 사거리,고정형,2023-12-01,,,
2023,수원시,팔달구청,2023-09-05 17:33,인계동 한국씨티은행,고정형,2023-12-01,,,
2023,수원시,영통구청,2023-09-05 17:37,원천동 삼성전자중문,고정형,2023-12-01,,,
2023,수원시,팔달구청,2023-09-05 17:39,인계동 드림캐슬주상복합,고정형,2023-12-01,,,
2023,수원시,팔달구청,2023-09-05 17:44,매산동 팅스몰 주차장 출구 옆,고정형,2023-12-01,,,
2023,수원시,팔달구청,2023-09-05 18:05,인계동 드림캐슬주상복합,고정형,2023-12-01,,,
2023,수원시,영통구청,2023-09-05 18:06,이의동 도청예정부지,고정형,2023-12-01,,,
2023,수원시,팔달구청,2023-09-05 18:13,매산동 팅스몰 주차장 출구 옆,고정형,2023-12-01,,,
2023,수원시,팔달구청,2023-09-05 18:35,매산동 팅스몰 주차장 출구 옆,고정형,2023-12-01,,,
2023,수원시,팔달구청,2023-09-05 18:57,인계동 드림캐슬주상복합,고정형,2023-12-01,,,
2023,수원시,팔달구청,2023-09-05 19:04,매산동 팅스몰 주차장 출구 옆,고정형,2023-12-01,,,
2023,수원시,팔달구청,2023-09-05 19:09,인계동 드림캐슬주상복합,고정형,2023-12-01,,,
2023,수원시,팔달구청,2023-09-05 19:09,인계동 드림캐슬주상복합,고정형,2023-12-01,,,
2023,수원시,영통구청,2023-09-05 19:21,망포동 힐스테이트 119동 ~방죽공원 삼거리,고정형,2023-12-01,,,
2023,수원시,팔달구청,2023-09-05 19:55,매산동 팔달로 10번길 8,고정형,2023-12-01,,,
2023,수원시,팔달구청,2023-09-05 20:09,인계동 드림캐슬주상복합,고정형,2023-12-01,,,
2023,수원시,팔달구청,2023-09-05 20:17,인계동 드림캐슬주상복합,고정형,2023-12-01,,,
2023,수원시,팔달구청,2023-09-05 20:23,매산동 팔달로 10번길 8,고정형,2023-12-01,,,
2023,수원시,팔달구청,2023-09-05 20:49,인계동 드림캐슬주상복합,고정형,2023-12-01,,,
2023,수원시,팔달구청,2023-09-05 20:49,인계동 드림캐슬주상복합,고정형,2023-12-01,,,
2023,수원시,팔달구청,2023-09-05 21:14,인계동 드림캐슬주상복합,고정형,2023-12-01,,,
2023,수원시,팔달구청,2023-09-05 21:29,인계동 드림캐슬주상복합,고정형,2023-12-01,,,
2023,수원시,권선구청,2023-09-05 23:09,곡반정동 562-2 버스정류소,국민신문고,2023-12-01,,,
2023,수원시,권선구청,2023-09-05 23:10,곡반정동 562-2 소화전,국민신문고,2023-12-01,,,
2023,수원시,권선구청,2023-09-06 5:55,곡반정동 562-9 횡단보도,국민신문고,2023-12-01,,,
2023,수원시,영통구청,2023-09-06 7:03,망포동 E-마트 에브리데이 앞,고정형,2023-12-01,37.2361017468141,127.060345496536,
2023,수원시,팔달구청,2023-09-06 7:03,화서1동 수원역푸르지오자이 북문 우측,고정형,2023-12-01,,,
2023,수원시,팔달구청,2023-09-06 7:03,화서1동 수원역푸르지오자이 북문 우측,고정형,2023-12-01,,,
2023,수원시,영통구청,2023-09-06 7:03,영통동 마사회뒷길,고정형,2023-12-01,,,
2023,수원시,팔달구청,2023-09-06 7:03,화서1동 푸르지오자이 북문 CU 앞 횡단보도,고정형,2023-12-01,,,
2023,수원시,팔달구청,2023-09-06 7:35,인계동 경인통계청,고정형,2023-12-01,,,
2023,수원시,팔달구청,2023-09-06 7:45,인계동 경인통계청,고정형,2023-12-01,,,
2023,수원시,권선구청,2023-09-06 8:02,서둔동 가온팰리스옆2,고정형,2023-12-01,,,
2023,수원시,팔달구청,2023-09-06 8:07,인계동 드림캐슬주상복합,고정형,2023-12-01,,,
2023,수원시,권선구청,2023-09-06 8:07,서둔동 가온팰리스옆2,고정형,2023-12-01,,,
2023,수원시,팔달구청,2023-09-06 8:35,북수동 쌈지공원 앞,고정형,2023-12-01,,,
2023,수원시,장안구청,2023-09-06 8:48,경기도수원시장안구정자동 수원시 장안구 정자동 434,보행,2023-12-01,,,
2023,수원시,권선구청,2023-09-06 9:02,세류3동 신곡초교 후문 좌측 사거리,고정형,2023-12-01,,,
2023,수원시,권선구청,2023-09-06 9:05,서둔동 가온팰리스옆2,고정형,2023-12-01,,,
2023,수원시,팔달구청,2023-09-06 9:12,화서1동 수원역푸르지오자이 북문 우측,고정형,2023-12-01,,,
2023,수원시,권선구청,2023-09-06 9:25,오목천동 한화꿈에그린아파트 209동앞,고정형,2023-12-01,,,
2023,수원시,팔달구청,2023-09-06 9:32,인계동 드림캐슬주상복합,고정형,2023-12-01,,,
2023,수원시,권선구청,2023-09-06 9:43,호매실동 금호프라자 대각 맞은편,고정형,2023-12-01,,,
2023,수원시,권선구청,2023-09-06 9:43,호매실동 금호프라자 대각 맞은편(고정형),보행,2023-12-01,,,
2023,수원시,권선구청,2023-09-06 9:46,곡반정동 하나로마트한국빌딩앞,고정형,2023-12-01,,,
2023,수원시,장안구청,2023-09-06 10:04,경기도수원시장안구영화동 수원시 장안구 영화동 292,보행,2023-12-01,,,
2023,수원시,영통구청,2023-09-06 10:17,영통동 마사회뒷길,고정형,2023-12-01,,,
2023,수원시,영통구청,2023-09-06 10:17,영통동 마사회뒷길,고정형,2023-12-01,,,
2023,수원시,팔달구청,2023-09-06 10:27,영동 영동 팔달문로275,주행형,2023-12-01,,,
2023,수원시,팔달구청,2023-09-06 10:27,영동 영동 수원천로275,주행형,2023-12-01,,,
2023,수원시,팔달구청,2023-09-06 10:27,영동 영동 수원천로275,주행형,2023-12-01,,,
2023,수원시,팔달구청,2023-09-06 10:27,영동 영동 수원천로275,주행형,2023-12-01,,,
2023,수원시,팔달구청,2023-09-06 10:27,팔달로2가 팔달로2가 정조로796번길,주행형,2023-12-01,,,
2023,수원시,팔달구청,2023-09-06 10:27,팔달로2가 팔달로2가 정조로796번길,주행형,2023-12-01,,,
2023,수원시,팔달구청,2023-09-06 10:27,남수동 남수동 정조로796번길,주행형,2023-12-01,,,
2023,수원시,팔달구청,2023-09-06 10:29,지동 지동 수원천로 245,주행형,2023-12-01,,,
2023,수원시,팔달구청,2023-09-06 10:32,북수동 쌈지공원 앞,고정형,2023-12-01,,,
2023,수원시,팔달구청,2023-09-06 10:38,매산동 팅스몰 주차장 출구 옆,고정형,2023-12-01,,,
2023,수원시,팔달구청,2023-09-06 11:35,행궁동 팔달문 버스정류장,고정형,2023-12-01,,,
2023,수원시,팔달구청,2023-09-06 11:35,행궁동 팔달문 버스정류장,고정형,2023-12-01,,,
2023,수원시,권선구청,2023-09-06 12:26,입북동 당수초교 정문 우측 사거리,고정형,2023-12-01,,,
2023,수원시,권선구청,2023-09-06 12:31,입북동 당수초교 정문 우측 사거리,고정형,2023-12-01,,,
2023,수원시,장안구청,2023-09-06 13:03,상광교동 광교버스정류장종점,고정형,2023-12-01,,,
2023,수원시,팔달구청,2023-09-06 13:22,화서1동 푸르지오자이 북문 CU 앞 횡단보도,고정형,2023-12-01,,,
2023,수원시,팔달구청,2023-09-06 14:16,인계동 수원시 팔달구 효원로 26,보행,2023-12-01,,,
2023,수원시,팔달구청,2023-09-06 14:20,화서1동 수원역푸르지오자이 북문 우측,고정형,2023-12-01,,,
2023,수원시,권선구청,2023-09-06 14:33,서둔동 가온팰리스옆2,고정형,2023-12-01,,,
2023,수원시,영통구청,2023-09-06 14:38,이의동 드림스퀘어Ⅱ 앞,고정형,2023-12-01,,,
2023,수원시,팔달구청,2023-09-06 14:42,매산동 팔달로 10번길 8,고정형,2023-12-01,,,
2023,수원시,팔달구청,2023-09-06 14:44,인계동 드림캐슬주상복합,고정형,2023-12-01,,,
2023,수원시,팔달구청,2023-09-06 14:45,영동 영동 수원천로 254,주행형,2023-12-01,,,
2023,수원시,팔달구청,2023-09-06 14:47,인계동 경인통계청,고정형,2023-12-01,,,
2023,수원시,팔달구청,2023-09-06 14:47,인계동 경인통계청,고정형,2023-12-01,,,
2023,수원시,팔달구청,2023-09-06 14:47,인계동 경인통계청,고정형,2023-12-01,,,
2023,수원시,팔달구청,2023-09-06 14:53,매산동 팔달로 10번길 8,고정형,2023-12-01,,,
2023,수원시,팔달구청,2023-09-06 14:53,매향동 수원시 팔달구 창룡대로 66,보행,2023-12-01,,,
2023,수원시,권선구청,2023-09-06 14:55,금곡동 수원문산고속도로,주행형,2023-12-01,,,
2023,수원시,권선구청,2023-09-06 14:55,금곡동 수원문산고속도로,주행형,2023-12-01,,,
2023,수원시,권선구청,2023-09-06 14:55,금곡동 수원문산고속도로,주행형,2023-12-01,,,
2023,수원시,권선구청,2023-09-06 14:55,금곡동 수원문산고속도로,주행형,2023-12-01,,,
2023,수원시,팔달구청,2023-09-06 14:56,장안동 장안동 화서문로17번길,주행형,2023-12-01,,,
2023,수원시,팔달구청,2023-09-06 14:56,장안동 장안동 화서문로17번길,주행형,2023-12-01,,,
2023,수원시,팔달구청,2023-09-06 14:56,화서1동 수원역푸르지오자이 북문 우측,고정형,2023-12-01,,,
2023,수원시,팔달구청,2023-09-06 14:56,장안동 장안동 화서문로17번길,주행형,2023-12-01,,,
2023,수원시,팔달구청,2023-09-06 14:56,장안동 장안동 화서문로17번길,주행형,2023-12-01,,,
2023,수원시,팔달구청,2023-09-06 14:56,장안동 장안동 화서문로17번길,주행형,2023-12-01,,,
2023,수원시,팔달구청,2023-09-06 14:56,장안동 장안동 화서문로17번길,주행형,2023-12-01,,,
2023,수원시,팔달구청,2023-09-06 14:56,장안동 장안동 화서문로17번길,주행형,2023-12-01,,,
2023,수원시,팔달구청,2023-09-06 14:56,신풍동 신풍동 화서문로17번길 4,주행형,2023-12-01,,,
2023,수원시,팔달구청,2023-09-06 14:59,매산동 팅스몰 주차장 출구 옆,고정형,2023-12-01,,,
2023,수원시,팔달구청,2023-09-06 14:59,매산동 팅스몰 주차장 출구 옆,고정형,2023-12-01,,,
2023,수원시,팔달구청,2023-09-06 14:59,인계동 한국씨티은행,고정형,2023-12-01,,,
2023,수원시,팔달구청,2023-09-06 15:09,인계동 드림캐슬주상복합,고정형,2023-12-01,,,
2023,수원시,권선구청,2023-09-06 15:11,서둔동 가온팰리스옆2,고정형,2023-12-01,,,
2023,수원시,권선구청,2023-09-06 15:11,서둔동 가온팰리스옆2,고정형,2023-12-01,,,
2023,수원시,권선구청,2023-09-06 15:12,서둔동 가온팰리스옆2,고정형,2023-12-01,,,
2023,수원시,팔달구청,2023-09-06 15:28,화서동 수원시 팔달구 팔달로120번길 22,보행,2023-12-01,,,
2023,수원시,팔달구청,2023-09-06 16:06,북수동 쌈지공원 앞,고정형,2023-12-01,,,
2023,수원시,팔달구청,2023-09-06 16:30,인계동 한국씨티은행,고정형,2023-12-01,,,
2023,수원시,권선구청,2023-09-06 16:57,서둔동 가온팰리스옆2,고정형,2023-12-01,,,
2023,수원시,권선구청,2023-09-06 17:01,구운동 구운초교 정문 우측 삼거리,고정형,2023-12-01,,,
2023,수원시,팔달구청,2023-09-06 17:01,매산동 팔달로 10번길 8,고정형,2023-12-01,,,
2023,수원시,팔달구청,2023-09-06 17:01,매산동 팔달로 10번길 8,고정형,2023-12-01,,,
2023,수원시,권선구청,2023-09-06 17:06,세류3동 신곡초교 후문 좌측 사거리,고정형,2023-12-01,,,
2023,수원시,영통구청,2023-09-06 17:08,이의동 광교가재울마을사거리,고정형,2023-12-01,,,
2023,수원시,영통구청,2023-09-06 17:08,이의동 광교가재울마을사거리,고정형,2023-12-01,,,
2023,수원시,팔달구청,2023-09-06 17:16,인계동 경인통계청,고정형,2023-12-01,,,
2023,수원시,팔달구청,2023-09-06 18:13,매산동 팅스몰 주차장 출구 옆,고정형,2023-12-01,,,
2023,수원시,팔달구청,2023-09-06 18:44,화서1동 수원역푸르지오자이 북문 우측,고정형,2023-12-01,,,
2023,수원시,영통구청,2023-09-06 18:47,망포동 힐스테이트 119동 ~방죽공원 삼거리,고정형,2023-12-01,,,
2023,수원시,팔달구청,2023-09-06 18:53,인계동 드림캐슬주상복합,고정형,2023-12-01,,,
2023,수원시,팔달구청,2023-09-06 19:00,인계동 드림캐슬주상복합,고정형,2023-12-01,,,
2023,수원시,팔달구청,2023-09-06 19:41,인계동 드림캐슬주상복합,고정형,2023-12-01,,,
2023,수원시,팔달구청,2023-09-06 19:47,인계동 드림캐슬주상복합,고정형,2023-12-01,,,
2023,수원시,권선구청,2023-09-06 20:02,권선동 덕영대로1246번길,주행형,2023-12-01,,,
2023,수원시,권선구청,2023-09-06 20:02,권선동 덕영대로1246번길,주행형,2023-12-01,,,
2023,수원시,권선구청,2023-09-06 20:02,권선동 덕영대로1246번길,주행형,2023-12-01,,,
2023,수원시,권선구청,2023-09-06 20:02,권선동 덕영대로1246번길,주행형,2023-12-01,,,
2023,수원시,권선구청,2023-09-06 20:03,권선동 덕영대로1246번길,주행형,2023-12-01,,,
2023,수원시,권선구청,2023-09-06 20:03,권선동 덕영대로1246번길,주행형,2023-12-01,,,
2023,수원시,권선구청,2023-09-06 20:03,권선동 덕영대로1246번길,주행형,2023-12-01,,,
2023,수원시,권선구청,2023-09-06 20:03,권선동 덕영대로1246번길,주행형,2023-12-01,,,
2023,수원시,팔달구청,2023-09-06 20:06,인계동 드림캐슬주상복합,고정형,2023-12-01,,,
2023,수원시,영통구청,2023-09-06 20:07,영통동 마사회뒷길,고정형,2023-12-01,,,
2023,수원시,장안구청,2023-09-06 20:09,연무동 연무동 242-5,국민신문고,2023-12-01,,,
2023,수원시,장안구청,2023-09-06 20:10,연무동 연무동 243-6,국민신문고,2023-12-01,,,
2023,수원시,장안구청,2023-09-06 20:10,연무동 연무동 244-9,국민신문고,2023-12-01,,,
2023,수원시,영통구청,2023-09-06 20:40,경기도수원시영통구이의동 수원시 영통구 에듀타운로 43,보행,2023-12-01,,,
2023,수원시,팔달구청,2023-09-06 20:54,인계동 드림캐슬주상복합,고정형,2023-12-01,,,
2023,수원시,팔달구청,2023-09-06 21:02,매산동 역전농협,고정형,2023-12-01,,,
2023,수원시,팔달구청,2023-09-06 21:20,화서1동 수원역푸르지오자이 북문 우측,고정형,2023-12-01,,,
2023,수원시,권선구청,2023-09-06 21:55,곡반정동 562-2,국민신문고,2023-12-01,,,
2023,수원시,권선구청,2023-09-07 5:40,곡반정동 562-2 소화전,국민신문고,2023-12-01,,,
2023,수원시,권선구청,2023-09-07 5:42,곡반정동 40누7199,국민신문고,2023-12-01,,,
2023,수원시,권선구청,2023-09-07 5:53,곡반정동 562-2,국민신문고,2023-12-01,,,
2023,수원시,팔달구청,2023-09-07 7:10,화서1동 푸르지오자이 북문 CU 앞 횡단보도,고정형,2023-12-01,,,
2023,수원시,팔달구청,2023-09-07 7:32,인계동 드림캐슬주상복합,고정형,2023-12-01,,,
2023,수원시,팔달구청,2023-09-07 7:33,인계동 경인통계청,고정형,2023-12-01,,,
2023,수원시,팔달구청,2023-09-07 7:35,매산동 팅스몰 주차장 출구 옆,고정형,2023-12-01,,,
2023,수원시,권선구청,2023-09-07 7:38,서둔동 1189,국민신문고,2023-12-01,,,
2023,수원시,권선구청,2023-09-07 8:03,서둔동 가온팰리스옆2,고정형,2023-12-01,,,
2023,수원시,권선구청,2023-09-07 8:05,권선2동 곡정초교 정문 좌측 사거리,고정형,2023-12-01,,,
2023,수원시,권선구청,2023-09-07 8:06,권선2동 곡정초교 정문 좌측 사거리,고정형,2023-12-01,,,
2023,수원시,팔달구청,2023-09-07 8:07,인계동 드림캐슬주상복합,고정형,2023-12-01,,,
2023,수원시,권선구청,2023-09-07 8:10,권선2동 곡정초교 정문 좌측 사거리,고정형,2023-12-01,,,
2023,수원시,권선구청,2023-09-07 8:13,서둔동 가온팰리스옆2,고정형,2023-12-01,,,
2023,수원시,영통구청,2023-09-07 8:24,이의동 드림스퀘어Ⅱ 앞,고정형,2023-12-01,,,
2023,수원시,팔달구청,2023-09-07 8:54,매산동 팅스몰 주차장 출구 옆,고정형,2023-12-01,,,
2023,수원시,팔달구청,2023-09-07 9:04,인계동 경인통계청,고정형,2023-12-01,,,
2023,수원시,권선구청,2023-09-07 9:20,세류3동 신곡초교 후문 좌측 사거리,고정형,2023-12-01,,,
2023,수원시,권선구청,2023-09-07 9:20,세류3동 신곡초교 후문 좌측 사거리,고정형,2023-12-01,,,
2023,수원시,권선구청,2023-09-07 9:29,서둔동 가온팰리스옆2,고정형,2023-12-01,,,
2023,수원시,권선구청,2023-09-07 9:29,서둔동 롯데몰 육교건너,고정형,2023-12-01,,,
2023,수원시,권선구청,2023-09-07 9:33,서둔동 서둔로256번길,주행형,2023-12-01,,,
2023,수원시,권선구청,2023-09-07 9:33,서둔동 서둔로256번길,주행형,2023-12-01,,,
2023,수원시,권선구청,2023-09-07 9:34,서둔동 서둔로256번길,주행형,2023-12-01,,,
2023,수원시,팔달구청,2023-09-07 9:39,매산동 팅스몰 주차장 출구 옆,고정형,2023-12-01,,,
2023,수원시,장안구청,2023-09-07 10:06,경기도수원시장안구영화동 수원시 장안구 영화동 292,보행,2023-12-01,,,
2023,수원시,팔달구청,2023-09-07 10:11,영동 영동 수원천로275,주행형,2023-12-01,,,
2023,수원시,팔달구청,2023-09-07 10:11,영동 영동 수원천로275,주행형,2023-12-01,,,
2023,수원시,팔달구청,2023-09-07 10:11,영동 영동 수원천로275,주행형,2023-12-01,,,
2023,수원시,팔달구청,2023-09-07 10:11,남수동 남수동 정조로796번길,주행형,2023-12-01,,,
2023,수원시,팔달구청,2023-09-07 10:11,남수동 남수동 정조로796번길,주행형,2023-12-01,,,
2023,수원시,팔달구청,2023-09-07 10:11,남수동 남수동 정조로796번길,주행형,2023-12-01,,,
2023,수원시,팔달구청,2023-09-07 10:11,남수동 남수동 정조로796번길,주행형,2023-12-01,,,
2023,수원시,팔달구청,2023-09-07 10:11,남수동 남수동 정조로796번길,주행형,2023-12-01,,,
2023,수원시,팔달구청,2023-09-07 10:12,영동 영동 팔달문로275,주행형,2023-12-01,,,
2023,수원시,팔달구청,2023-09-07 10:12,영동 영동 수원천로275,주행형,2023-12-01,,,
2023,수원시,팔달구청,2023-09-07 10:14,지동 지동 수원천로 245,주행형,2023-12-01,,,
2023,수원시,팔달구청,2023-09-07 10:24,인계동 드림캐슬주상복합,고정형,2023-12-01,,,
2023,수원시,영통구청,2023-09-07 10:26,이의동 창룡대로298번길,주행형,2023-12-01,,,
2023,수원시,팔달구청,2023-09-07 10:39,팔달로2가 팔달로2가 정조로796번길,주행형,2023-12-01,,,
2023,수원시,팔달구청,2023-09-07 10:40,영동 영동 수원천로275,주행형,2023-12-01,,,
2023,수원시,팔달구청,2023-09-07 10:40,영동 영동 수원천로275,주행형,2023-12-01,,,
2023,수원시,영통구청,2023-09-07 11:13,망포동 힐스테이트 119동 ~방죽공원 삼거리,고정형,2023-12-01,,,
2023,수원시,권선구청,2023-09-07 12:12,입북동 당수초교 정문 우측 사거리,고정형,2023-12-01,,,
2023,수원시,영통구청,2023-09-07 12:18,원천동 광교매원초등학교,고정형,2023-12-01,,,
2023,수원시,팔달구청,2023-09-07 13:19,매산동 역전농협,고정형,2023-12-01,,,
2023,수원시,팔달구청,2023-09-07 14:16,경기도수원시팔달구매산로2가 수원시 팔달구 매산로2가 76-5,보행,2023-12-01,,,
2023,수원시,팔달구청,2023-09-07 14:17,경기도수원시팔달구매산로2가 수원시 팔달구 매산로2가 76-5,보행,2023-12-01,,,
2023,수원시,팔달구청,2023-09-07 14:18,경기도수원시팔달구매산로2가 수원시 팔달구 매산로2가 76-5,보행,2023-12-01,,,
2023,수원시,팔달구청,2023-09-07 14:19,경기도수원시팔달구매산로2가 수원시 팔달구 매산로2가 76-5,보행,2023-12-01,,,
2023,수원시,팔달구청,2023-09-07 14:32,매산동 팔달로 10번길 8,고정형,2023-12-01,,,
2023,수원시,권선구청,2023-09-07 14:32,서둔동 가온팰리스옆2,고정형,2023-12-01,,,
2023,수원시,권선구청,2023-09-07 14:33,서둔동 가온팰리스옆2,고정형,2023-12-01,,,
2023,수원시,팔달구청,2023-09-07 14:33,북수동 쌈지공원 앞,고정형,2023-12-01,,,
2023,수원시,팔달구청,2023-09-07 14:35,인계동 드림캐슬주상복합,고정형,2023-12-01,,,
2023,수원시,팔달구청,2023-09-07 14:36,매산동 팅스몰 주차장 출구 옆,고정형,2023-12-01,,,
2023,수원시,팔달구청,2023-09-07 14:38,인계동 경인통계청,고정형,2023-12-01,,,
2023,수원시,팔달구청,2023-09-07 14:39,인계동 드림캐슬주상복합,고정형,2023-12-01,,,
2023,수원시,팔달구청,2023-09-07 14:40,남수동 남수동 정조로796번길,주행형,2023-12-01,,,
2023,수원시,팔달구청,2023-09-07 14:40,남수동 남수동 정조로796,주행형,2023-12-01,,,
2023,수원시,팔달구청,2023-09-07 14:40,남수동 남수동 정조로796,주행형,2023-12-01,,,
2023,수원시,팔달구청,2023-09-07 14:40,남수동 남수동 정조로800번길,주행형,2023-12-01,,,
2023,수원시,영통구청,2023-09-07 14:43,망포동 E-마트 에브리데이 앞,고정형,2023-12-01,37.2361017468141,127.060345496536,
2023,수원시,권선구청,2023-09-07 14:44,서둔동 서둔로256번길,주행형,2023-12-01,,,
2023,수원시,권선구청,2023-09-07 14:44,서둔동 서둔로256번길,주행형,2023-12-01,,,
2023,수원시,영통구청,2023-09-07 14:44,이의동 광교가재울마을사거리,고정형,2023-12-01,,,
2023,수원시,팔달구청,2023-09-07 14:52,매산동 팅스몰 주차장 출구 옆,고정형,2023-12-01,,,
2023,수원시,권선구청,2023-09-07 14:52,곡반정동 궁촌육교앞,고정형,2023-12-01,,,
2023,수원시,영통구청,2023-09-07 15:00,이의동 드림스퀘어Ⅱ 앞,고정형,2023-12-01,,,
2023,수원시,팔달구청,2023-09-07 15:04,장안동 장안동 화서문로17번길,주행형,2023-12-01,,,
2023,수원시,팔달구청,2023-09-07 15:04,장안동 장안동 화서문로17번길,주행형,2023-12-01,,,
2023,수원시,팔달구청,2023-09-07 15:04,신풍동 신풍동 화서문로17번길 4,주행형,2023-12-01,,,
2023,수원시,팔달구청,2023-09-07 15:32,인계동 경인통계청,고정형,2023-12-01,,,
2023,수원시,팔달구청,2023-09-07 15:37,인계동 경인통계청,고정형,2023-12-01,,,
2023,수원시,팔달구청,2023-09-07 15:37,인계동 경인통계청,고정형,2023-12-01,,,
2023,수원시,팔달구청,2023-09-07 15:38,고등동 역전농협,고정형,2023-12-01,,,
2023,수원시,팔달구청,2023-09-07 16:20,매산동 팔달로 10번길 8,고정형,2023-12-01,,,
2023,수원시,팔달구청,2023-09-07 16:29,매산동 역전농협,고정형,2023-12-01,,,
2023,수원시,팔달구청,2023-09-07 16:37,북수동 쌈지공원 앞,고정형,2023-12-01,,,
2023,수원시,팔달구청,2023-09-07 16:54,매산동 팅스몰 주차장 출구 옆,고정형,2023-12-01,,,
2023,수원시,권선구청,2023-09-07 17:06,곡반정동 하나로마트한국빌딩앞,고정형,2023-12-01,,,
2023,수원시,권선구청,2023-09-07 17:06,곡반정동 하나로마트한국빌딩앞,고정형,2023-12-01,,,
2023,수원시,권선구청,2023-09-07 17:25,호매실동 금호프라자 대각 맞은편,고정형,2023-12-01,,,
2023,수원시,영통구청,2023-09-07 17:34,망포동 힐스테이트 119동 ~방죽공원 삼거리,고정형,2023-12-01,,,
2023,수원시,팔달구청,2023-09-07 17:49,고등동 수원초등학교 정문 좌측 사거리,고정형,2023-12-01,,,
2023,수원시,팔달구청,2023-09-07 18:13,인계동 드림캐슬주상복합,고정형,2023-12-01,,,
2023,수원시,영통구청,2023-09-07 18:51,광교동 광교이의119안전센터,고정형,2023-12-01,,,
2023,수원시,팔달구청,2023-09-07 18:57,매산동 팅스몰 주차장 출구 옆,고정형,2023-12-01,,,
2023,수원시,영통구청,2023-09-07 19:25,원천동 광교매원초등학교,고정형,2023-12-01,,,
2023,수원시,영통구청,2023-09-07 19:34,망포동 힐스테이트 119동 ~방죽공원 삼거리,고정형,2023-12-01,,,
2023,수원시,영통구청,2023-09-07 19:42,망포동 힐스테이트 119동 ~방죽공원 삼거리,고정형,2023-12-01,,,
2023,수원시,팔달구청,2023-09-07 19:45,인계동 드림캐슬주상복합,고정형,2023-12-01,,,
2023,수원시,영통구청,2023-09-07 19:54,원천동 광교매원초등학교,고정형,2023-12-01,,,
2023,수원시,팔달구청,2023-09-07 20:09,인계동 드림캐슬주상복합,고정형,2023-12-01,,,
2023,수원시,팔달구청,2023-09-07 20:22,매산동 팅스몰 주차장 출구 옆,고정형,2023-12-01,,,
2023,수원시,권선구청,2023-09-07 20:27,곡반정동 562-2,국민신문고,2023-12-01,,,
2023,수원시,장안구청,2023-09-07 20:46,연무동 연무동 281-3,국민신문고,2023-12-01,,,
2023,수원시,영통구청,2023-09-07 20:48,원천동 광교매원초등학교,고정형,2023-12-01,,,
2023,수원시,권선구청,2023-09-07 21:01,곡반정동 562-2,국민신문고,2023-12-01,,,
2023,수원시,팔달구청,2023-09-07 21:29,인계동 드림캐슬주상복합,고정형,2023-12-01,,,
2023,수원시,팔달구청,2023-09-07 21:29,인계동 드림캐슬주상복합,고정형,2023-12-01,,,
2023,수원시,팔달구청,2023-09-07 21:42,매산동 역전농협,고정형,2023-12-01,,,
2023,수원시,팔달구청,2023-09-07 22:10,매교동 91-25 (교차로모퉁이),국민신문고,2023-12-01,,,
2023,수원시,팔달구청,2023-09-08 7:03,화서1동 푸르지오자이 북문 CU 앞 횡단보도,고정형,2023-12-01,,,
2023,수원시,팔달구청,2023-09-08 7:33,매산동 팔달로 10번길 8,고정형,2023-12-01,,,
2023,수원시,팔달구청,2023-09-08 7:33,인계동 드림캐슬주상복합,고정형,2023-12-01,,,
2023,수원시,팔달구청,2023-09-08 7:34,인계동 드림캐슬주상복합,고정형,2023-12-01,,,
2023,수원시,팔달구청,2023-09-08 7:42,매산동 팅스몰 주차장 출구 옆,고정형,2023-12-01,,,
2023,수원시,권선구청,2023-09-08 8:03,세류3동 신곡초교 후문 좌측 사거리,고정형,2023-12-01,,,
2023,수원시,권선구청,2023-09-08 8:04,곡반정동 하나로마트한국빌딩앞,고정형,2023-12-01,,,
2023,수원시,권선구청,2023-09-08 8:04,세류3동 신곡초교 후문 좌측 사거리,고정형,2023-12-01,,,
2023,수원시,권선구청,2023-09-08 8:05,곡반정동 하나로마트한국빌딩앞,고정형,2023-12-01,,,
2023,수원시,팔달구청,2023-09-08 8:18,고등동 수원초등학교 정문 좌측 사거리,고정형,2023-12-01,,,
2023,수원시,팔달구청,2023-09-08 8:33,화서1동 화서초등학교 둘레길 중간지점,고정형,2023-12-01,,,
2023,수원시,영통구청,2023-09-08 8:33,이의동 드림스퀘어Ⅱ 앞,고정형,2023-12-01,,,
2023,수원시,권선구청,2023-09-08 8:37,평동 고현초교 정문 좌측 삼거리,고정형,2023-12-01,,,
2023,수원시,권선구청,2023-09-08 8:58,경기도수원시권선구고색동 수원시 권선구 고색동 627-5,보행,2023-12-01,,,
2023,수원시,권선구청,2023-09-08 9:00,경기도수원시권선구고색동 수원시 권선구 고색동 629-4,보행,2023-12-01,,,
2023,수원시,팔달구청,2023-09-08 9:18,인계동 경인통계청,고정형,2023-12-01,,,
2023,수원시,영통구청,2023-09-08 9:21,원천동 광교매원초등학교,고정형,2023-12-01,,,
2023,수원시,팔달구청,2023-09-08 9:58,인계동 드림캐슬주상복합,고정형,2023-12-01,,,
2023,수원시,영통구청,2023-09-08 10:02,경기도수원시영통구매탄동 수원시 영통구 매탄동 549,보행,2023-12-01,,,
2023,수원시,영통구청,2023-09-08 10:04,경기도수원시영통구매탄동 수원시 영통구 매탄동 549,보행,2023-12-01,,,
2023,수원시,영통구청,2023-09-08 10:05,경기도수원시영통구매탄동 수원시 영통구 매탄동 549,보행,2023-12-01,,,
2023,수원시,영통구청,2023-09-08 10:05,경기도수원시영통구매탄동 수원시 영통구 매탄동 549,보행,2023-12-01,,,
2023,수원시,영통구청,2023-09-08 11:56,이의동 광교가재울마을사거리,고정형,2023-12-01,,,
2023,수원시,장안구청,2023-09-08 13:21,상광교동 광교버스정류장종점,고정형,2023-12-01,,,
2023,수원시,팔달구청,2023-09-08 13:35,고등동 수원초등학교 정문 좌측 사거리,고정형,2023-12-01,,,
2023,수원시,팔달구청,2023-09-08 14:11,화서1동 푸르지오자이 북문 CU 앞 횡단보도,고정형,2023-12-01,,,
2023,수원시,팔달구청,2023-09-08 14:30,장안동 장안동 화서문로17번길,주행형,2023-12-01,,,
2023,수원시,팔달구청,2023-09-08 14:30,장안동 장안동 화서문로17번길,주행형,2023-12-01,,,
2023,수원시,팔달구청,2023-09-08 14:30,장안동 장안동 화서문로17번길,주행형,2023-12-01,,,
2023,수원시,팔달구청,2023-09-08 14:30,장안동 장안동 화서문로17번길,주행형,2023-12-01,,,
2023,수원시,팔달구청,2023-09-08 14:32,매산동 팅스몰 주차장 출구 옆,고정형,2023-12-01,,,
2023,수원시,영통구청,2023-09-08 14:33,이의동 창룡대로298번길,주행형,2023-12-01,,,
2023,수원시,영통구청,2023-09-08 14:33,이의동 창룡대로298번길,주행형,2023-12-01,,,
2023,수원시,팔달구청,2023-09-08 14:44,남수동 남수동 정조로796번길,주행형,2023-12-01,,,
2023,수원시,팔달구청,2023-09-08 14:44,남수동 남수동 정조로796번길,주행형,2023-12-01,,,
2023,수원시,팔달구청,2023-09-08 14:44,남수동 남수동 정조로796번길,주행형,2023-12-01,,,
2023,수원시,팔달구청,2023-09-08 14:44,남수동 남수동 정조로796번길,주행형,2023-12-01,,,
2023,수원시,팔달구청,2023-09-08 14:44,화서1동 수원역푸르지오자이 북문 우측,고정형,2023-12-01,,,
2023,수원시,팔달구청,2023-09-08 14:45,지동 지동 수원천로255번길 6,주행형,2023-12-01,,,
2023,수원시,팔달구청,2023-09-08 14:45,지동 지동 수원천로255번길 6,주행형,2023-12-01,,,
2023,수원시,팔달구청,2023-09-08 14:45,영동 영동 수원천로275,주행형,2023-12-01,,,
2023,수원시,팔달구청,2023-09-08 14:45,영동 영동 수원천로275,주행형,2023-12-01,,,
2023,수원시,영통구청,2023-09-08 14:51,망포동 망포동 80-15,주행형,2023-12-01,,,
2023,수원시,영통구청,2023-09-08 14:51,망포동 망포동 123-19,주행형,2023-12-01,,,
2023,수원시,영통구청,2023-09-08 14:51,반정동 반정동 638,주행형,2023-12-01,,,
2023,수원시,영통구청,2023-09-08 14:52,망포동 망포동 123-19,주행형,2023-12-01,,,
2023,수원시,영통구청,2023-09-08 14:52,망포동 망포동 123-19,주행형,2023-12-01,,,
2023,수원시,팔달구청,2023-09-08 15:01,화서1동 수원역푸르지오자이 북문 우측,고정형,2023-12-01,,,
2023,수원시,팔달구청,2023-09-08 15:03,화서1동 수원역푸르지오자이 북문 우측,고정형,2023-12-01,,,
2023,수원시,권선구청,2023-09-08 15:19,입북동 당수초교 정문 우측 사거리,고정형,2023-12-01,,,
2023,수원시,팔달구청,2023-09-08 15:28,화서1동 수원역푸르지오자이 북문 우측,고정형,2023-12-01,,,
2023,수원시,권선구청,2023-09-08 15:40,서둔동 가온팰리스옆2,고정형,2023-12-01,,,
2023,수원시,영통구청,2023-09-08 15:58,광교동 광교더사랑교회뒷길,고정형,2023-12-01,,,
2023,수원시,팔달구청,2023-09-08 16:16,매산동 팅스몰 주차장 출구 옆,고정형,2023-12-01,,,
2023,수원시,팔달구청,2023-09-08 16:16,매산동 팅스몰 주차장 출구 옆,고정형,2023-12-01,,,
2023,수원시,팔달구청,2023-09-08 16:19,인계동 경인통계청,고정형,2023-12-01,,,
2023,수원시,팔달구청,2023-09-08 16:44,고등동 수원초등학교 정문 좌측 사거리,고정형,2023-12-01,,,
2023,수원시,권선구청,2023-09-08 16:46,곡반정동 562-2 교차로모퉁이,국민신문고,2023-12-01,,,
2023,수원시,팔달구청,2023-09-08 16:51,북수동 쌈지공원 앞,고정형,2023-12-01,,,
2023,수원시,권선구청,2023-09-08 17:03,권선2동 곡정초교 정문 좌측 사거리,고정형,2023-12-01,,,
2023,수원시,팔달구청,2023-09-08 17:08,매산동 덕영대로 895번길 9-8,고정형,2023-12-01,,,
2023,수원시,팔달구청,2023-09-08 17:08,매산동 덕영대로 895번길 9-8,고정형,2023-12-01,,,
2023,수원시,권선구청,2023-09-08 17:12,곡반정동 하나로마트한국빌딩앞,고정형,2023-12-01,,,
2023,수원시,팔달구청,2023-09-08 17:14,매산동 팅스몰 주차장 출구 옆,고정형,2023-12-01,,,
2023,수원시,권선구청,2023-09-08 17:21,세류3동 신곡초교 후문 좌측 사거리,고정형,2023-12-01,,,
2023,수원시,권선구청,2023-09-08 17:25,곡반정동 139-6 교차로모퉁이,국민신문고,2023-12-01,,,
2023,수원시,영통구청,2023-09-08 17:35,영통동 롯데마트 뒤,고정형,2023-12-01,37.27220279535416,127.10856729001851,
2023,수원시,팔달구청,2023-09-08 18:12,매산동 팔달로 10번길 8,고정형,2023-12-01,,,
2023,수원시,팔달구청,2023-09-08 18:27,매산동 팅스몰 주차장 출구 옆,고정형,2023-12-01,,,
2023,수원시,팔달구청,2023-09-08 19:10,매산동 팅스몰 주차장 출구 옆,고정형,2023-12-01,,,
2023,수원시,팔달구청,2023-09-08 19:12,인계동 드림캐슬주상복합,고정형,2023-12-01,,,
2023,수원시,팔달구청,2023-09-08 19:19,매산동 팔달로 10번길 8,고정형,2023-12-01,,,
2023,수원시,권선구청,2023-09-08 20:17,곡반정동 105-11,국민신문고,2023-12-01,,,
2023,수원시,장안구청,2023-09-08 20:19,연무동 연무동 245-13,국민신문고,2023-12-01,,,
2023,수원시,장안구청,2023-09-08 20:23,연무동 연무동 281-2,국민신문고,2023-12-01,,,
2023,수원시,영통구청,2023-09-08 20:28,원천동 광교매원초등학교,고정형,2023-12-01,,,
2023,수원시,영통구청,2023-09-08 20:34,망포동 E-마트 에브리데이 앞,고정형,2023-12-01,37.2361017468141,127.060345496536,
2023,수원시,팔달구청,2023-09-08 20:57,인계동 드림캐슬주상복합,고정형,2023-12-01,,,
2023,수원시,권선구청,2023-09-08 21:31,곡반정동 478-5 횡단보도,국민신문고,2023-12-01,,,
2023,수원시,권선구청,2023-09-08 23:26,곡반정동 562-2,국민신문고,2023-12-01,,,
2023,수원시,권선구청,2023-09-08 23:26,곡반정동 562-2,국민신문고,2023-12-01,,,
2023,수원시,권선구청,2023-09-08 23:28,곡반정동 562-2 횡단보도,국민신문고,2023-12-01,,,
2023,수원시,권선구청,2023-09-08 23:30,곡반정동 562-2 버스정류소,국민신문고,2023-12-01,,,
2023,수원시,권선구청,2023-09-08 23:32,곡반정동 562-2,국민신문고,2023-12-01,,,
2023,수원시,권선구청,2023-09-09 9:02,서둔동 가온팰리스옆2,고정형,2023-12-01,,,
2023,수원시,권선구청,2023-09-09 9:03,서둔동 가온팰리스옆2,고정형,2023-12-01,,,
2023,수원시,팔달구청,2023-09-09 9:03,북수동 쌈지공원 앞,고정형,2023-12-01,,,
2023,수원시,팔달구청,2023-09-09 9:04,화서1동 푸르지오자이 북문 CU 앞 횡단보도,고정형,2023-12-01,,,
2023,수원시,권선구청,2023-09-09 9:05,곡반정동 하나로마트한국빌딩앞,고정형,2023-12-01,,,
2023,수원시,권선구청,2023-09-09 9:05,곡반정동 하나로마트한국빌딩앞,고정형,2023-12-01,,,
2023,수원시,권선구청,2023-09-09 9:05,곡반정동 하나로마트한국빌딩앞,고정형,2023-12-01,,,
2023,수원시,영통구청,2023-09-09 9:30,이의동 드림스퀘어Ⅱ 앞,고정형,2023-12-01,,,
2023,수원시,영통구청,2023-09-09 9:32,이의동 드림스퀘어Ⅱ 앞,고정형,2023-12-01,,,
2023,수원시,팔달구청,2023-09-09 9:48,화서1동 수원역푸르지오자이 북문 우측,고정형,2023-12-01,,,
2023,수원시,영통구청,2023-09-09 9:53,이의동 드림스퀘어Ⅱ 앞,고정형,2023-12-01,,,
2023,수원시,팔달구청,2023-09-09 9:54,인계동 경인통계청,고정형,2023-12-01,,,
2023,수원시,팔달구청,2023-09-09 10:00,인계동 한국씨티은행,고정형,2023-12-01,,,
2023,수원시,장안구청,2023-09-09 10:04,상광교동 광교버스정류장종점,고정형,2023-12-01,,,
2023,수원시,영통구청,2023-09-09 10:18,망포동 망포동 123-19,주행형,2023-12-01,,,
2023,수원시,영통구청,2023-09-09 10:18,망포동 망포동 81-4,주행형,2023-12-01,,,
2023,수원시,영통구청,2023-09-09 10:18,망포동 망포동 81-4,주행형,2023-12-01,,,
2023,수원시,영통구청,2023-09-09 10:18,망포동 망포동 80-15,주행형,2023-12-01,,,
2023,수원시,팔달구청,2023-09-09 10:37,매산동 팅스몰 주차장 출구 옆,고정형,2023-12-01,,,
2023,수원시,팔달구청,2023-09-09 10:45,화서1동 수원역푸르지오자이 북문 우측,고정형,2023-12-01,,,
2023,수원시,팔달구청,2023-09-09 11:57,화서1동 수원역푸르지오자이 북문 우측,고정형,2023-12-01,,,
2023,수원시,영통구청,2023-09-09 12:08,하동 광교호반마을한양수자인,고정형,2023-12-01,,,
2023,수원시,팔달구청,2023-09-09 12:45,화서1동 수원역푸르지오자이 북문 우측,고정형,2023-12-01,,,
2023,수원시,팔달구청,2023-09-09 12:45,화서1동 수원역푸르지오자이 북문 우측,고정형,2023-12-01,,,
2023,수원시,팔달구청,2023-09-09 12:53,고등동 고등동 161-11 횡단보도,주민신고제,2023-12-01,,,
2023,수원시,팔달구청,2023-09-09 12:53,고등동 고등동 161-11 횡단보도,주민신고제,2023-12-01,,,
2023,수원시,영통구청,2023-09-09 13:55,이의동 광교호반베르디움 103동 앞,고정형,2023-12-01,,,
2023,수원시,영통구청,2023-09-09 13:55,이의동 광교호반베르디움 103동 앞,고정형,2023-12-01,,,
2023,수원시,팔달구청,2023-09-09 13:55,화서1동 푸르지오자이 북문 CU 앞 횡단보도,고정형,2023-12-01,,,
2023,수원시,권선구청,2023-09-09 14:31,평동 수원역고가밑 (애경뒷길),고정형,2023-12-01,,,
2023,수원시,권선구청,2023-09-09 14:33,곡반정동 하나로마트한국빌딩앞,고정형,2023-12-01,,,
2023,수원시,권선구청,2023-09-09 14:33,서둔동 가온팰리스옆2,고정형,2023-12-01,,,
2023,수원시,팔달구청,2023-09-09 14:33,북수동 쌈지공원 앞,고정형,2023-12-01,,,
2023,수원시,권선구청,2023-09-09 14:33,호매실동 금호프라자 대각 맞은편,고정형,2023-12-01,,,
2023,수원시,팔달구청,2023-09-09 14:35,신풍동 미술관로터리,고정형,2023-12-01,,,
2023,수원시,팔달구청,2023-09-09 14:35,북수동 쌈지공원 앞,고정형,2023-12-01,,,
2023,수원시,팔달구청,2023-09-09 14:38,매산동 팅스몰 주차장 출구 옆,고정형,2023-12-01,,,
2023,수원시,권선구청,2023-09-09 14:39,곡반정동 하나로마트한국빌딩앞,고정형,2023-12-01,,,
2023,수원시,권선구청,2023-09-09 14:41,서둔동 가온팰리스옆1,고정형,2023-12-01,,,
2023,수원시,장안구청,2023-09-09 14:41,천천동 화산로163번길,주행형,2023-12-01,,,
2023,수원시,장안구청,2023-09-09 14:41,천천동 화산로163번길,주행형,2023-12-01,,,
2023,수원시,영통구청,2023-09-09 14:48,이의동 드림스퀘어Ⅱ 앞,고정형,2023-12-01,,,
2023,수원시,팔달구청,2023-09-09 15:03,인계동 경인통계청,고정형,2023-12-01,,,
2023,수원시,팔달구청,2023-09-09 15:07,매산동 팅스몰 주차장 출구 옆,고정형,2023-12-01,,,
2023,수원시,팔달구청,2023-09-09 15:09,인계동 한국씨티은행,고정형,2023-12-01,,,
2023,수원시,팔달구청,2023-09-09 15:10,매산동 팔달로 10번길 8,고정형,2023-12-01,,,
2023,수원시,팔달구청,2023-09-09 15:15,북수동 쌈지공원 앞,고정형,2023-12-01,,,
2023,수원시,권선구청,2023-09-09 15:36,서둔동 가온팰리스옆2,고정형,2023-12-01,,,
2023,수원시,팔달구청,2023-09-09 15:37,인계동 경인통계청,고정형,2023-12-01,,,
2023,수원시,영통구청,2023-09-09 15:41,영통동 마사회뒷길,고정형,2023-12-01,,,
2023,수원시,권선구청,2023-09-09 15:52,평동 수원역고가밑 (애경뒷길),고정형,2023-12-01,,,
2023,수원시,팔달구청,2023-09-09 16:08,매산동 팅스몰 주차장 출구 옆,고정형,2023-12-01,,,
2023,수원시,권선구청,2023-09-09 16:10,오목천동 한화꿈에그린아파트 214동앞,고정형,2023-12-01,,,
2023,수원시,권선구청,2023-09-09 16:15,서둔동 가온팰리스옆2,고정형,2023-12-01,,,
2023,수원시,팔달구청,2023-09-09 16:19,인계동 한국씨티은행,고정형,2023-12-01,,,
2023,수원시,팔달구청,2023-09-09 16:31,북수동 쌈지공원 앞,고정형,2023-12-01,,,
2023,수원시,팔달구청,2023-09-09 16:46,북수동 쌈지공원 앞,고정형,2023-12-01,,,
2023,수원시,팔달구청,2023-09-09 16:59,인계동 경인통계청,고정형,2023-12-01,,,
2023,수원시,권선구청,2023-09-09 17:07,곡선동 권선중앙약국 건너편,고정형,2023-12-01,,,
2023,수원시,권선구청,2023-09-09 17:14,곡반정동 궁촌육교앞,고정형,2023-12-01,,,
2023,수원시,권선구청,2023-09-09 17:34,서둔동 가온팰리스옆2,고정형,2023-12-01,,,
2023,수원시,팔달구청,2023-09-09 17:34,인계동 드림캐슬주상복합,고정형,2023-12-01,,,
2023,수원시,팔달구청,2023-09-09 17:34,매산동 팅스몰 주차장 출구 옆,고정형,2023-12-01,,,
2023,수원시,팔달구청,2023-09-09 17:45,인계동 경인통계청,고정형,2023-12-01,,,
2023,수원시,장안구청,2023-09-09 18:09,영화동 영화동1474-3,국민신문고,2023-12-01,,,
2023,수원시,장안구청,2023-09-09 18:09,영화동 영화동1474-3,국민신문고,2023-12-01,,,
2023,수원시,팔달구청,2023-09-09 18:14,인계동 드림캐슬주상복합,고정형,2023-12-01,,,
2023,수원시,팔달구청,2023-09-09 18:15,매산동 팅스몰 주차장 출구 옆,고정형,2023-12-01,,,
2023,수원시,팔달구청,2023-09-09 18:20,매산동 팅스몰 주차장 출구 옆,고정형,2023-12-01,,,
2023,수원시,팔달구청,2023-09-09 18:30,화서1동 수원역푸르지오자이 북문 우측,고정형,2023-12-01,,,
2023,수원시,팔달구청,2023-09-09 18:31,매산동 팔달로 10번길 8,고정형,2023-12-01,,,
2023,수원시,팔달구청,2023-09-09 18:31,매산동 팅스몰 주차장 출구 옆,고정형,2023-12-01,,,
2023,수원시,팔달구청,2023-09-09 18:31,매산동 팅스몰 주차장 출구 옆,고정형,2023-12-01,,,
2023,수원시,팔달구청,2023-09-09 19:05,매산동 팅스몰 주차장 출구 옆,고정형,2023-12-01,,,
2023,수원시,팔달구청,2023-09-09 19:16,화서1동 푸르지오자이 북문 CU 앞 횡단보도,고정형,2023-12-01,,,
2023,수원시,팔달구청,2023-09-09 19:24,인계동 드림캐슬주상복합,고정형,2023-12-01,,,
2023,수원시,권선구청,2023-09-09 19:29,곡반정동 191-4,국민신문고,2023-12-01,,,
2023,수원시,팔달구청,2023-09-09 19:33,매산동 팅스몰 주차장 출구 옆,고정형,2023-12-01,,,
2023,수원시,팔달구청,2023-09-09 19:37,인계동 드림캐슬주상복합,고정형,2023-12-01,,,
2023,수원시,팔달구청,2023-09-09 20:01,매산동 팅스몰 주차장 출구 옆,고정형,2023-12-01,,,
2023,수원시,팔달구청,2023-09-09 20:37,매산동 역전농협,고정형,2023-12-01,,,
2023,수원시,팔달구청,2023-09-09 20:40,인계동 드림캐슬주상복합,고정형,2023-12-01,,,
2023,수원시,권선구청,2023-09-09 21:42,곡반정동 562-2,국민신문고,2023-12-01,,,
2023,수원시,권선구청,2023-09-09 21:49,곡반정동 562-2,국민신문고,2023-12-01,,,
2023,수원시,권선구청,2023-09-10 6:28,곡반정동 985,국민신문고,2023-12-01,,,
2023,수원시,팔달구청,2023-09-10 9:03,화서1동 푸르지오자이 북문 CU 앞 횡단보도,고정형,2023-12-01,,,
2023,수원시,권선구청,2023-09-10 9:03,곡반정동 궁촌육교앞,고정형,2023-12-01,,,
2023,수원시,팔달구청,2023-09-10 9:03,인계동 경인통계청,고정형,2023-12-01,,,
2023,수원시,팔달구청,2023-09-10 9:03,화서1동 수원역푸르지오자이 북문 우측,고정형,2023-12-01,,,
2023,수원시,팔달구청,2023-09-10 9:03,매산동 팅스몰 주차장 출구 옆,고정형,2023-12-01,,,
2023,수원시,팔달구청,2023-09-10 9:03,인계동 경인통계청,고정형,2023-12-01,,,
2023,수원시,권선구청,2023-09-10 9:04,곡반정동 하나로마트한국빌딩앞,고정형,2023-12-01,,,
2023,수원시,팔달구청,2023-09-10 9:04,화서1동 수원역푸르지오자이 북문 우측,고정형,2023-12-01,,,
2023,수원시,권선구청,2023-09-10 9:04,곡반정동 하나로마트한국빌딩앞,고정형,2023-12-01,,,
2023,수원시,팔달구청,2023-09-10 9:04,인계동 드림캐슬주상복합,고정형,2023-12-01,,,
2023,수원시,팔달구청,2023-09-10 9:05,매산동 팔달로 10번길 8,고정형,2023-12-01,,,
2023,수원시,팔달구청,2023-09-10 9:06,매산동 팅스몰 주차장 출구 옆,고정형,2023-12-01,,,
2023,수원시,권선구청,2023-09-10 9:14,서둔동 수원역한라비발디퍼스트 앞2,고정형,2023-12-01,,,
2023,수원시,팔달구청,2023-09-10 9:18,인계동 경인통계청,고정형,2023-12-01,,,
2023,수원시,권선구청,2023-09-10 9:20,서둔동 가온팰리스옆2,고정형,2023-12-01,,,
2023,수원시,팔달구청,2023-09-10 9:30,신풍동 미술관로터리,고정형,2023-12-01,,,
2023,수원시,팔달구청,2023-09-10 9:30,신풍동 미술관로터리,고정형,2023-12-01,,,
2023,수원시,영통구청,2023-09-10 10:13,이의동 드림스퀘어Ⅱ 앞,고정형,2023-12-01,,,
2023,수원시,팔달구청,2023-09-10 10:17,매산동 팔달로 10번길 8,고정형,2023-12-01,,,
2023,수원시,팔달구청,2023-09-10 10:19,매산동 팅스몰 주차장 출구 옆,고정형,2023-12-01,,,
2023,수원시,팔달구청,2023-09-10 10:19,매산동 팅스몰 주차장 출구 옆,고정형,2023-12-01,,,
2023,수원시,권선구청,2023-09-10 10:20,서둔동 가온팰리스옆2,고정형,2023-12-01,,,
2023,수원시,권선구청,2023-09-10 10:34,곡반정동 하나로마트한국빌딩앞,고정형,2023-12-01,,,
2023,수원시,권선구청,2023-09-10 10:50,권선동 NC터미널점 버스정류장 앞,고정형,2023-12-01,,,
2023,수원시,권선구청,2023-09-10 10:57,권선동 NC터미널점 버스정류장 앞,고정형,2023-12-01,,,
2023,수원시,영통구청,2023-09-10 10:59,망포동 E-마트 에브리데이 앞,고정형,2023-12-01,37.2361017468141,127.060345496536,
2023,수원시,영통구청,2023-09-10 11:02,광교동 광교더사랑교회뒷길,고정형,2023-12-01,,,
2023,수원시,팔달구청,2023-09-10 11:07,화서1동 수원역푸르지오자이 북문 우측,고정형,2023-12-01,,,
2023,수원시,팔달구청,2023-09-10 11:13,화서1동 수원역푸르지오자이 북문 우측,고정형,2023-12-01,,,
2023,수원시,권선구청,2023-09-10 11:23,경기도수원시권선구곡반정동 수원시 권선구 곡반정동 106-1,보행,2023-12-01,,,
2023,수원시,권선구청,2023-09-10 11:46,고색동 도이치 고객주차장 출입구,고정형,2023-12-01,,,
2023,수원시,영통구청,2023-09-10 12:02,광교동 광교 덴티움지식산업센터 앞 사거리,고정형,2023-12-01,,,
2023,수원시,영통구청,2023-09-10 12:21,광교동 광교더사랑교회뒷길,고정형,2023-12-01,,,
2023,수원시,권선구청,2023-09-10 12:54,고색동 도이치 고객주차장 출입구,고정형,2023-12-01,,,
2023,수원시,팔달구청,2023-09-10 13:19,화서1동 수원역푸르지오자이 북문 우측,고정형,2023-12-01,,,
2023,수원시,권선구청,2023-09-10 13:35,고색동 도이치 고객주차장 출입구,고정형,2023-12-01,,,
2023,수원시,팔달구청,2023-09-10 13:43,화서1동 푸르지오자이 북문 CU 앞 횡단보도,고정형,2023-12-01,,,
2023,수원시,권선구청,2023-09-10 13:43,권선동 NC터미널점 버스정류장 앞,고정형,2023-12-01,,,
2023,수원시,영통구청,2023-09-10 14:07,망포동 힐스테이트 119동 ~방죽공원 삼거리,고정형,2023-12-01,,,
2023,수원시,팔달구청,2023-09-10 14:33,인계동 드림캐슬주상복합,고정형,2023-12-01,,,
2023,수원시,영통구청,2023-09-10 14:33,이의동 드림스퀘어Ⅱ 앞,고정형,2023-12-01,,,
2023,수원시,팔달구청,2023-09-10 14:33,북수동 쌈지공원 앞,고정형,2023-12-01,,,
2023,수원시,팔달구청,2023-09-10 14:33,매산동 팅스몰 주차장 출구 옆,고정형,2023-12-01,,,
2023,수원시,팔달구청,2023-09-10 14:34,매산동 팅스몰 주차장 출구 옆,고정형,2023-12-01,,,
2023,수원시,팔달구청,2023-09-10 14:35,행궁동 화홍사랑채,고정형,2023-12-01,,,
2023,수원시,팔달구청,2023-09-10 14:37,매산동 팅스몰 주차장 출구 옆,고정형,2023-12-01,,,
2023,수원시,권선구청,2023-09-10 14:38,곡선동 권선중앙약국 건너편,고정형,2023-12-01,,,
2023,수원시,권선구청,2023-09-10 14:38,곡선동 권선중앙약국 건너편,고정형,2023-12-01,,,
2023,수원시,팔달구청,2023-09-10 14:38,인계동 경인통계청,고정형,2023-12-01,,,
2023,수원시,팔달구청,2023-09-10 14:39,매산동 팅스몰 주차장 출구 옆,고정형,2023-12-01,,,
2023,수원시,권선구청,2023-09-10 14:42,곡선동 권선중앙약국 건너편,고정형,2023-12-01,,,
2023,수원시,권선구청,2023-09-10 14:44,곡반정동 하나로마트한국빌딩앞,고정형,2023-12-01,,,
2023,수원시,권선구청,2023-09-10 14:52,호매실동 금호프라자 대각 맞은편,고정형,2023-12-01,,,
2023,수원시,팔달구청,2023-09-10 14:55,인계동 경인통계청,고정형,2023-12-01,,,
2023,수원시,팔달구청,2023-09-10 14:58,매산동 팔달로 10번길 8,고정형,2023-12-01,,,
2023,수원시,팔달구청,2023-09-10 14:58,매산동 팔달로 10번길 8,고정형,2023-12-01,,,
2023,수원시,팔달구청,2023-09-10 15:00,인계동 드림캐슬주상복합,고정형,2023-12-01,,,
2023,수원시,팔달구청,2023-09-10 15:14,인계동 드림캐슬주상복합,고정형,2023-12-01,,,
2023,수원시,팔달구청,2023-09-10 15:20,인계동 한국씨티은행,고정형,2023-12-01,,,
2023,수원시,팔달구청,2023-09-10 15:25,매산동 팅스몰 주차장 출구 옆,고정형,2023-12-01,,,
2023,수원시,팔달구청,2023-09-10 15:26,매산동 팔달로 10번길 8,고정형,2023-12-01,,,
2023,수원시,팔달구청,2023-09-10 15:35,매산동 팅스몰 주차장 출구 옆,고정형,2023-12-01,,,
2023,수원시,팔달구청,2023-09-10 15:45,북수동 쌈지공원 앞,고정형,2023-12-01,,,
2023,수원시,권선구청,2023-09-10 15:59,매산로1가 수인로9번길,주행형,2023-12-01,,,
2023,수원시,팔달구청,2023-09-10 16:02,화서1동 수원역푸르지오자이 북문 우측,고정형,2023-12-01,,,
2023,수원시,권선구청,2023-09-10 16:03,평동 수원역고가밑 (애경뒷길),고정형,2023-12-01,,,
2023,수원시,장안구청,2023-09-10 16:04,상광교동 광교버스정류장종점,고정형,2023-12-01,,,
2023,수원시,팔달구청,2023-09-10 16:05,인계동 드림캐슬주상복합,고정형,2023-12-01,,,
2023,수원시,팔달구청,2023-09-10 16:13,인계동 한국씨티은행,고정형,2023-12-01,,,
2023,수원시,팔달구청,2023-09-10 16:16,매산동 팅스몰 주차장 출구 옆,고정형,2023-12-01,,,
2023,수원시,권선구청,2023-09-10 16:18,권선동 NC터미널점 버스정류장 앞,고정형,2023-12-01,,,
2023,수원시,영통구청,2023-09-10 16:23,영통동 롯데마트 뒤,고정형,2023-12-01,37.27220279535416,127.10856729001851,
2023,수원시,팔달구청,2023-09-10 16:24,인계동 한국씨티은행,고정형,2023-12-01,,,
2023,수원시,권선구청,2023-09-10 16:32,권선동 NC터미널점 버스정류장 앞,고정형,2023-12-01,,,
2023,수원시,팔달구청,2023-09-10 16:34,화서1동 수원역푸르지오자이 북문 우측,고정형,2023-12-01,,,
2023,수원시,팔달구청,2023-09-10 16:40,행궁동 화홍사랑채,고정형,2023-12-01,,,
2023,수원시,팔달구청,2023-09-10 16:41,인계동 경인통계청,고정형,2023-12-01,,,
2023,수원시,팔달구청,2023-09-10 16:41,인계동 경인통계청,고정형,2023-12-01,,,
2023,수원시,팔달구청,2023-09-10 16:42,화서1동 수원역푸르지오자이 북문 우측,고정형,2023-12-01,,,
2023,수원시,팔달구청,2023-09-10 16:43,행궁동 화홍사랑채,고정형,2023-12-01,,,
2023,수원시,팔달구청,2023-09-10 16:43,인계동 한국씨티은행,고정형,2023-12-01,,,
2023,수원시,영통구청,2023-09-10 16:44,이의동 드림스퀘어Ⅱ 앞,고정형,2023-12-01,,,
2023,수원시,영통구청,2023-09-10 16:44,이의동 드림스퀘어Ⅱ 앞,고정형,2023-12-01,,,
2023,수원시,팔달구청,2023-09-10 16:52,매산동 팅스몰 주차장 출구 옆,고정형,2023-12-01,,,
2023,수원시,영통구청,2023-09-10 16:52,매탄동 매영로45번길,주행형,2023-12-01,37.269742275459,127.048003830276,
2023,수원시,팔달구청,2023-09-10 16:55,행궁동 화홍사랑채,고정형,2023-12-01,,,
2023,수원시,권선구청,2023-09-10 16:57,서둔동 가온팰리스옆2,고정형,2023-12-01,,,
2023,수원시,영통구청,2023-09-10 17:03,영통동 마사회뒷길,고정형,2023-12-01,,,
2023,수원시,권선구청,2023-09-10 17:05,곡반정동 하나로마트한국빌딩앞,고정형,2023-12-01,,,
2023,수원시,팔달구청,2023-09-10 17:08,인계동 드림캐슬주상복합,고정형,2023-12-01,,,
2023,수원시,팔달구청,2023-09-10 17:12,화서1동 수원역푸르지오자이 북문 우측,고정형,2023-12-01,,,
2023,수원시,팔달구청,2023-09-10 17:20,행궁동 화홍사랑채,고정형,2023-12-01,,,
2023,수원시,팔달구청,2023-09-10 17:23,매산동 팔달로 10번길 8,고정형,2023-12-01,,,
2023,수원시,권선구청,2023-09-10 17:27,서둔동 수원역한라비발디퍼스트 앞2,고정형,2023-12-01,,,
2023,수원시,권선구청,2023-09-10 17:27,평동 수원역고가밑 (애경뒷길),고정형,2023-12-01,,,
2023,수원시,팔달구청,2023-09-10 17:29,매산동 팅스몰 주차장 출구 옆,고정형,2023-12-01,,,
2023,수원시,팔달구청,2023-09-10 17:36,행궁동 화홍사랑채,고정형,2023-12-01,,,
2023,수원시,팔달구청,2023-09-10 17:45,인계동 한국씨티은행,고정형,2023-12-01,,,
2023,수원시,팔달구청,2023-09-10 17:45,인계동 한국씨티은행,고정형,2023-12-01,,,
2023,수원시,팔달구청,2023-09-10 17:52,화서1동 수원역푸르지오자이 북문 우측,고정형,2023-12-01,,,
2023,수원시,팔달구청,2023-09-10 17:57,매산동 팅스몰 주차장 출구 옆,고정형,2023-12-01,,,
2023,수원시,팔달구청,2023-09-10 18:10,매산동 팔달로 10번길 8,고정형,2023-12-01,,,
2023,수원시,팔달구청,2023-09-10 18:41,인계동 드림캐슬주상복합,고정형,2023-12-01,,,
2023,수원시,팔달구청,2023-09-10 18:46,인계동 드림캐슬주상복합,고정형,2023-12-01,,,
2023,수원시,팔달구청,2023-09-10 18:46,인계동 드림캐슬주상복합,고정형,2023-12-01,,,
2023,수원시,팔달구청,2023-09-10 18:56,매산동 팔달로 10번길 8,고정형,2023-12-01,,,
2023,수원시,팔달구청,2023-09-10 18:58,매산동 팅스몰 주차장 출구 옆,고정형,2023-12-01,,,
2023,수원시,팔달구청,2023-09-10 19:08,매산동 팅스몰 주차장 출구 옆,고정형,2023-12-01,,,
2023,수원시,팔달구청,2023-09-10 19:12,매산동 팅스몰 주차장 출구 옆,고정형,2023-12-01,,,
2023,수원시,팔달구청,2023-09-10 19:33,인계동 드림캐슬주상복합,고정형,2023-12-01,,,
2023,수원시,팔달구청,2023-09-10 19:36,화서1동 수원역푸르지오자이 북문 우측,고정형,2023-12-01,,,
2023,수원시,팔달구청,2023-09-10 19:36,화서1동 수원역푸르지오자이 북문 우측,고정형,2023-12-01,,,
2023,수원시,팔달구청,2023-09-10 20:25,인계동 드림캐슬주상복합,고정형,2023-12-01,,,
2023,수원시,팔달구청,2023-09-10 20:26,인계동 드림캐슬주상복합,고정형,2023-12-01,,,
2023,수원시,권선구청,2023-09-10 20:31,오목천동 527-59,국민신문고,2023-12-01,,,
2023,수원시,권선구청,2023-09-10 21:53,곡반정동 562-8 버스정류소,국민신문고,2023-12-01,,,
2023,수원시,권선구청,2023-09-10 21:54,곡반정동 562-2,국민신문고,2023-12-01,,,
2023,수원시,권선구청,2023-09-10 22:40,오목천동 519-1 소화전,국민신문고,2023-12-01,,,
2023,수원시,팔달구청,2023-09-11 7:03,화서1동 푸르지오자이 북문 CU 앞 횡단보도,고정형,2023-12-01,,,
2023,수원시,팔달구청,2023-09-11 7:33,매산동 팅스몰 주차장 출구 옆,고정형,2023-12-01,,,
2023,수원시,팔달구청,2023-09-11 7:33,매산동 팔달로 10번길 8,고정형,2023-12-01,,,
2023,수원시,팔달구청,2023-09-11 7:34,인계동 경인통계청,고정형,2023-12-01,,,
2023,수원시,팔달구청,2023-09-11 7:34,인계동 경인통계청,고정형,2023-12-01,,,
2023,수원시,팔달구청,2023-09-11 7:34,인계동 경인통계청,고정형,2023-12-01,,,
2023,수원시,팔달구청,2023-09-11 7:35,인계동 드림캐슬주상복합,고정형,2023-12-01,,,
2023,수원시,팔달구청,2023-09-11 7:48,매산동 팅스몰 주차장 출구 옆,고정형,2023-12-01,,,
2023,수원시,권선구청,2023-09-11 8:03,서둔동 가온팰리스옆2,고정형,2023-12-01,,,
2023,수원시,권선구청,2023-09-11 8:03,서둔동 가온팰리스옆2,고정형,2023-12-01,,,
2023,수원시,권선구청,2023-09-11 8:03,곡반정동 궁촌육교앞,고정형,2023-12-01,,,
2023,수원시,팔달구청,2023-09-11 8:05,인계동 드림캐슬주상복합,고정형,2023-12-01,,,
2023,수원시,권선구청,2023-09-11 8:06,곡반정동 하나로마트한국빌딩앞,고정형,2023-12-01,,,
2023,수원시,팔달구청,2023-09-11 8:08,북수동 쌈지공원 앞,고정형,2023-12-01,,,
2023,수원시,권선구청,2023-09-11 8:08,서둔동 가온팰리스옆2,고정형,2023-12-01,,,
2023,수원시,팔달구청,2023-09-11 8:18,고등동 수원초등학교 정문 좌측 사거리,고정형,2023-12-01,,,
2023,수원시,영통구청,2023-09-11 8:31,영통동 롯데마트 뒤,고정형,2023-12-01,37.27220279535416,127.10856729001851,
2023,수원시,권선구청,2023-09-11 8:50,서둔동 가온팰리스옆2,고정형,2023-12-01,,,
2023,수원시,권선구청,2023-09-11 8:50,서둔동 가온팰리스옆2,고정형,2023-12-01,,,
2023,수원시,영통구청,2023-09-11 8:53,이의동 드림스퀘어Ⅱ 앞,고정형,2023-12-01,,,
2023,수원시,권선구청,2023-09-11 9:08,서둔동 가온팰리스옆2,고정형,2023-12-01,,,
2023,수원시,권선구청,2023-09-11 9:22,세류3동 신곡초교 후문 좌측 사거리,고정형,2023-12-01,,,
2023,수원시,팔달구청,2023-09-11 9:23,인계동 드림캐슬주상복합,고정형,2023-12-01,,,
2023,수원시,팔달구청,2023-09-11 9:23,인계동 드림캐슬주상복합,고정형,2023-12-01,,,
2023,수원시,팔달구청,2023-09-11 9:42,인계동 드림캐슬주상복합,고정형,2023-12-01,,,
2023,수원시,팔달구청,2023-09-11 10:02,화서1동 수원역푸르지오자이 북문 우측,고정형,2023-12-01,,,
2023,수원시,권선구청,2023-09-11 10:07,평동 고현초교 정문 좌측 삼거리,고정형,2023-12-01,,,
2023,수원시,팔달구청,2023-09-11 10:11,남수동 남수동 정조로796번길,주행형,2023-12-01,,,
2023,수원시,팔달구청,2023-09-11 10:11,남수동 남수동 정조로796번길,주행형,2023-12-01,,,
2023,수원시,팔달구청,2023-09-11 10:11,남수동 남수동 정조로796번길,주행형,2023-12-01,,,
2023,수원시,팔달구청,2023-09-11 10:11,남수동 남수동 정조로796번길,주행형,2023-12-01,,,
2023,수원시,팔달구청,2023-09-11 10:11,남수동 남수동 정조로796번길,주행형,2023-12-01,,,
2023,수원시,팔달구청,2023-09-11 10:11,남수동 남수동 정조로796번길,주행형,2023-12-01,,,
2023,수원시,팔달구청,2023-09-11 10:11,남수동 남수동 정조로796번길,주행형,2023-12-01,,,
2023,수원시,팔달구청,2023-09-11 10:12,지동 지동 수원천로255번길 6,주행형,2023-12-01,,,
2023,수원시,팔달구청,2023-09-11 10:12,영동 영동 수원천로275,주행형,2023-12-01,,,
2023,수원시,팔달구청,2023-09-11 10:12,영동 영동 수원천로275,주행형,2023-12-01,,,
2023,수원시,팔달구청,2023-09-11 10:12,영동 영동 수원천로275,주행형,2023-12-01,,,
2023,수원시,팔달구청,2023-09-11 10:12,영동 영동 수원천로275,주행형,2023-12-01,,,
2023,수원시,팔달구청,2023-09-11 10:12,영동 영동 수원천로281,주행형,2023-12-01,,,
2023,수원시,장안구청,2023-09-11 10:16,이목동 이목동 산28-12,국민신문고,2023-12-01,,,
2023,수원시,팔달구청,2023-09-11 10:17,인계동 드림캐슬주상복합,고정형,2023-12-01,,,
2023,수원시,팔달구청,2023-09-11 10:19,인계동 드림캐슬주상복합,고정형,2023-12-01,,,
2023,수원시,팔달구청,2023-09-11 11:17,화서1동 수원역푸르지오자이 북문 우측,고정형,2023-12-01,,,
2023,수원시,영통구청,2023-09-11 12:17,광교동 광교이의119안전센터,고정형,2023-12-01,,,
2023,수원시,영통구청,2023-09-11 14:33,이의동 드림스퀘어Ⅱ 앞,고정형,2023-12-01,,,
2023,수원시,팔달구청,2023-09-11 14:33,북수동 쌈지공원 앞,고정형,2023-12-01,,,
2023,수원시,권선구청,2023-09-11 14:34,구운동 일월초등학교앞,고정형,2023-12-01,37.284219258603386,126.9745600069003,
2023,수원시,팔달구청,2023-09-11 14:36,인계동 경인통계청,고정형,2023-12-01,,,
2023,수원시,팔달구청,2023-09-11 14:46,남수동 남수동 정조로796번길,주행형,2023-12-01,,,
2023,수원시,팔달구청,2023-09-11 14:46,남수동 남수동 정조로796번길,주행형,2023-12-01,,,
2023,수원시,팔달구청,2023-09-11 14:46,화서1동 수원역푸르지오자이 북문 우측,고정형,2023-12-01,,,
2023,수원시,팔달구청,2023-09-11 14:46,남수동 남수동 정조로800번길,주행형,2023-12-01,,,
2023,수원시,팔달구청,2023-09-11 14:46,남수동 남수동 정조로800번길,주행형,2023-12-01,,,
2023,수원시,팔달구청,2023-09-11 14:47,팔달로2가 팔달로2가 정조로796번길,주행형,2023-12-01,,,
2023,수원시,팔달구청,2023-09-11 14:47,남수동 남수동 정조로796번길,주행형,2023-12-01,,,
2023,수원시,팔달구청,2023-09-11 14:47,남수동 남수동 정조로796번길,주행형,2023-12-01,,,
2023,수원시,팔달구청,2023-09-11 14:47,남수동 남수동 정조로796번길,주행형,2023-12-01,,,
2023,수원시,팔달구청,2023-09-11 14:47,화서1동 수원역푸르지오자이 북문 우측,고정형,2023-12-01,,,
2023,수원시,팔달구청,2023-09-11 14:47,남수동 남수동 정조로796번길,주행형,2023-12-01,,,
2023,수원시,팔달구청,2023-09-11 15:12,인계동 경인통계청,고정형,2023-12-01,,,
2023,수원시,권선구청,2023-09-11 15:25,서둔동 서둔로256번길,주행형,2023-12-01,,,
2023,수원시,팔달구청,2023-09-11 15:56,매산동 팅스몰 주차장 출구 옆,고정형,2023-12-01,,,
2023,수원시,권선구청,2023-09-11 16:04,고색동 도이치 고객주차장 출입구,고정형,2023-12-01,,,
2023,수원시,팔달구청,2023-09-11 16:14,인계동 경인통계청,고정형,2023-12-01,,,
2023,수원시,팔달구청,2023-09-11 16:33,인계동 드림캐슬주상복합,고정형,2023-12-01,,,
2023,수원시,팔달구청,2023-09-11 16:50,인계동 경인통계청,고정형,2023-12-01,,,
2023,수원시,권선구청,2023-09-11 17:00,곡반정동 하나로마트한국빌딩앞,고정형,2023-12-01,,,
2023,수원시,권선구청,2023-09-11 17:00,곡반정동 하나로마트한국빌딩앞,고정형,2023-12-01,,,
2023,수원시,영통구청,2023-09-11 17:02,광교동 광교더사랑교회뒷길,고정형,2023-12-01,,,
2023,수원시,팔달구청,2023-09-11 17:05,매산동 팅스몰 주차장 출구 옆,고정형,2023-12-01,,,
2023,수원시,팔달구청,2023-09-11 17:20,화서1동 수원역푸르지오자이 북문 우측,고정형,2023-12-01,,,
2023,수원시,권선구청,2023-09-11 17:25,금곡동 금곡로222번길,주행형,2023-12-01,,,
2023,수원시,권선구청,2023-09-11 17:25,금곡동 금곡로222번길,주행형,2023-12-01,,,
2023,수원시,권선구청,2023-09-11 17:25,금곡동 금곡로222번길,주행형,2023-12-01,,,
2023,수원시,팔달구청,2023-09-11 17:39,인계동 드림캐슬주상복합,고정형,2023-12-01,,,
2023,수원시,팔달구청,2023-09-11 17:41,매산동 팔달로 10번길 8,고정형,2023-12-01,,,
2023,수원시,팔달구청,2023-09-11 18:02,화서1동 푸르지오자이 북문 CU 앞 횡단보도,고정형,2023-12-01,,,
2023,수원시,팔달구청,2023-09-11 18:11,매산동 팅스몰 주차장 출구 옆,고정형,2023-12-01,,,
2023,수원시,팔달구청,2023-09-11 18:52,매산동 팅스몰 주차장 출구 옆,고정형,2023-12-01,,,
2023,수원시,팔달구청,2023-09-11 19:07,인계동 드림캐슬주상복합,고정형,2023-12-01,,,
2023,수원시,팔달구청,2023-09-11 19:10,매산동 팅스몰 주차장 출구 옆,고정형,2023-12-01,,,
2023,수원시,팔달구청,2023-09-11 19:14,화서1동 수원역푸르지오자이 북문 우측,고정형,2023-12-01,,,
2023,수원시,영통구청,2023-09-11 19:15,권선동 권선로820번길,주행형,2023-12-01,,,
2023,수원시,영통구청,2023-09-11 19:15,권선동 권선로820번길,주행형,2023-12-01,,,
2023,수원시,영통구청,2023-09-11 19:33,망포동 힐스테이트 119동 ~방죽공원 삼거리,고정형,2023-12-01,,,
2023,수원시,팔달구청,2023-09-11 19:41,화서1동 푸르지오자이 북문 CU 앞 횡단보도,고정형,2023-12-01,,,
2023,수원시,영통구청,2023-09-11 19:44,원천동 광교 한화겔러리아 앞,고정형,2023-12-01,,,
2023,수원시,팔달구청,2023-09-11 19:44,매산동 팅스몰 주차장 출구 옆,고정형,2023-12-01,,,
2023,수원시,팔달구청,2023-09-11 19:45,매산동 팅스몰 주차장 출구 옆,고정형,2023-12-01,,,
2023,수원시,팔달구청,2023-09-11 20:10,매산동 팅스몰 주차장 출구 옆,고정형,2023-12-01,,,
2023,수원시,권선구청,2023-09-11 21:47,곡반정동 562-2,국민신문고,2023-12-01,,,
2023,수원시,권선구청,2023-09-11 21:47,곡반정동 562-2,국민신문고,2023-12-01,,,
2023,수원시,권선구청,2023-09-11 21:48,곡반정동 562-2,국민신문고,2023-12-01,,,
2023,수원시,권선구청,2023-09-11 22:32,곡반정동 149-1,국민신문고,2023-12-01,,,
2023,수원시,권선구청,2023-09-12 5:39,곡반정동 156-7,국민신문고,2023-12-01,,,
2023,수원시,영통구청,2023-09-12 7:03,이의동 드림스퀘어Ⅱ 앞,고정형,2023-12-01,,,
2023,수원시,팔달구청,2023-09-12 7:03,화서1동 수원역푸르지오자이 북문 우측,고정형,2023-12-01,,,
2023,수원시,팔달구청,2023-09-12 7:11,화서1동 푸르지오자이 북문 CU 앞 횡단보도,고정형,2023-12-01,,,
2023,수원시,팔달구청,2023-09-12 7:35,매산동 팅스몰 주차장 출구 옆,고정형,2023-12-01,,,
2023,수원시,팔달구청,2023-09-12 7:35,인계동 경인통계청,고정형,2023-12-01,,,
2023,수원시,권선구청,2023-09-12 8:02,평동 오목초교 정문 우측 삼거리,고정형,2023-12-01,,,
2023,수원시,팔달구청,2023-09-12 8:04,북수동 쌈지공원 앞,고정형,2023-12-01,,,
2023,수원시,권선구청,2023-09-12 8:05,곡반정동 하나로마트한국빌딩앞,고정형,2023-12-01,,,
2023,수원시,권선구청,2023-09-12 8:05,곡반정동 하나로마트한국빌딩앞,고정형,2023-12-01,,,
2023,수원시,권선구청,2023-09-12 8:05,서둔동 가온팰리스옆1,고정형,2023-12-01,,,
2023,수원시,권선구청,2023-09-12 8:11,서둔동 가온팰리스옆2,고정형,2023-12-01,,,
2023,수원시,팔달구청,2023-09-12 8:19,화서1동 수원역푸르지오자이 북문 우측,고정형,2023-12-01,,,
2023,수원시,팔달구청,2023-09-12 8:31,인계동 경인통계청,고정형,2023-12-01,,,
2023,수원시,팔달구청,2023-09-12 8:35,매산동 팅스몰 주차장 출구 옆,고정형,2023-12-01,,,
2023,수원시,권선구청,2023-09-12 9:06,서둔동 가온팰리스옆2,고정형,2023-12-01,,,
2023,수원시,권선구청,2023-09-12 9:18,서둔동 가온팰리스옆2,고정형,2023-12-01,,,
2023,수원시,팔달구청,2023-09-12 9:26,인계동 드림캐슬주상복합,고정형,2023-12-01,,,
2023,수원시,권선구청,2023-09-12 9:29,오목천동 한화꿈에그린아파트 209동앞,고정형,2023-12-01,,,
2023,수원시,권선구청,2023-09-12 9:33,평동 수원역고가밑 (애경뒷길),고정형,2023-12-01,,,
2023,수원시,팔달구청,2023-09-12 9:40,인계동 드림캐슬주상복합,고정형,2023-12-01,,,
2023,수원시,팔달구청,2023-09-12 9:41,인계동 드림캐슬주상복합,고정형,2023-12-01,,,
2023,수원시,권선구청,2023-09-12 10:03,세류3동 신곡초교 후문 좌측 사거리,고정형,2023-12-01,,,
2023,수원시,팔달구청,2023-09-12 10:11,영동 영동 수원천로275,주행형,2023-12-01,,,
2023,수원시,팔달구청,2023-09-12 10:11,영동 영동 수원천로275,주행형,2023-12-01,,,
2023,수원시,팔달구청,2023-09-12 10:11,영동 영동 수원천로275,주행형,2023-12-01,,,
2023,수원시,팔달구청,2023-09-12 10:11,남수동 남수동 정조로796번길,주행형,2023-12-01,,,
2023,수원시,팔달구청,2023-09-12 10:11,남수동 남수동 정조로796번길,주행형,2023-12-01,,,
2023,수원시,팔달구청,2023-09-12 10:11,남수동 남수동 정조로796번길,주행형,2023-12-01,,,
2023,수원시,팔달구청,2023-09-12 10:11,남수동 남수동 정조로796번길,주행형,2023-12-01,,,
2023,수원시,팔달구청,2023-09-12 10:36,인계동 경인통계청,고정형,2023-12-01,,,
2023,수원시,팔달구청,2023-09-12 10:39,경기도수원시팔달구화서동 수원시 팔달구 고화로110,보행,2023-12-01,,,
2023,수원시,장안구청,2023-09-12 11:05,정자동 정자동111-31,국민신문고,2023-12-01,,,
2023,수원시,팔달구청,2023-09-12 11:44,매산동 역전농협,고정형,2023-12-01,,,
2023,수원시,권선구청,2023-09-12 12:13,금곡동 가온초교 정문 우측 사거리,고정형,2023-12-01,,,
2023,수원시,권선구청,2023-09-12 12:47,입북동 당수초교 정문 우측 사거리,고정형,2023-12-01,,,
2023,수원시,팔달구청,2023-09-12 12:52,매산동 역전농협,고정형,2023-12-01,,,
2023,수원시,팔달구청,2023-09-12 13:02,화서1동 수원역푸르지오자이 북문 우측,고정형,2023-12-01,,,
2023,수원시,팔달구청,2023-09-12 13:06,매산동 역전농협,고정형,2023-12-01,,,
2023,수원시,팔달구청,2023-09-12 13:32,행궁동 팔달문 버스정류장,고정형,2023-12-01,,,
2023,수원시,권선구청,2023-09-12 14:03,평동 오현초교 정문 우측 사거리,고정형,2023-12-01,,,
2023,수원시,팔달구청,2023-09-12 14:09,팔달로2가 팔달로2가 정조로796번길,주행형,2023-12-01,,,
2023,수원시,팔달구청,2023-09-12 14:09,남수동 남수동 정조로796번길,주행형,2023-12-01,,,
2023,수원시,팔달구청,2023-09-12 14:09,남수동 남수동 정조로796번길,주행형,2023-12-01,,,
2023,수원시,팔달구청,2023-09-12 14:09,화서1동 수원역푸르지오자이 북문 우측,고정형,2023-12-01,,,
2023,수원시,팔달구청,2023-09-12 14:09,남수동 남수동 정조로796번길,주행형,2023-12-01,,,
2023,수원시,팔달구청,2023-09-12 14:09,남수동 남수동 정조로796번길,주행형,2023-12-01,,,
2023,수원시,팔달구청,2023-09-12 14:09,남수동 남수동 정조로796번길,주행형,2023-12-01,,,
2023,수원시,팔달구청,2023-09-12 14:09,남수동 남수동 정조로796번길,주행형,2023-12-01,,,
2023,수원시,팔달구청,2023-09-12 14:10,영동 영동 수원천로275,주행형,2023-12-01,,,
2023,수원시,팔달구청,2023-09-12 14:10,영동 영동 수원천로275,주행형,2023-12-01,,,
2023,수원시,팔달구청,2023-09-12 14:10,영동 영동 수원천로275,주행형,2023-12-01,,,
2023,수원시,팔달구청,2023-09-12 14:11,영동 영동 수원천로 250,주행형,2023-12-01,,,
2023,수원시,팔달구청,2023-09-12 14:11,영동 영동 수원천로 250,주행형,2023-12-01,,,
2023,수원시,팔달구청,2023-09-12 14:22,남수동 남수동 정조로796번길,주행형,2023-12-01,,,
2023,수원시,권선구청,2023-09-12 14:25,곡반정동 103-8,국민신문고,2023-12-01,,,
2023,수원시,영통구청,2023-09-12 14:34,이의동 드림스퀘어Ⅱ 앞,고정형,2023-12-01,,,
2023,수원시,팔달구청,2023-09-12 14:47,북수동 북수동 수원천로 372,주행형,2023-12-01,,,
2023,수원시,팔달구청,2023-09-12 14:47,북수동 북수동 수원천로 372,주행형,2023-12-01,,,
2023,수원시,팔달구청,2023-09-12 14:47,북수동 북수동 수원천로 372,주행형,2023-12-01,,,
2023,수원시,권선구청,2023-09-12 14:48,평동 고현초교 정문 좌측 삼거리,고정형,2023-12-01,,,
2023,수원시,팔달구청,2023-09-12 14:50,장안동 장안동 화서문로17번길,주행형,2023-12-01,,,
2023,수원시,팔달구청,2023-09-12 14:53,매산동 팅스몰 주차장 출구 옆,고정형,2023-12-01,,,
2023,수원시,팔달구청,2023-09-12 14:54,매산동 팅스몰 주차장 출구 옆,고정형,2023-12-01,,,
2023,수원시,권선구청,2023-09-12 14:55,경기도수원시권선구고색동 수원시 권선구 고색동 134-5,보행,2023-12-01,,,
2023,수원시,영통구청,2023-09-12 14:56,이의동 드림스퀘어Ⅱ 앞,고정형,2023-12-01,,,
2023,수원시,권선구청,2023-09-12 15:05,금곡동 일신건영아파트 앞 놀이터,고정형,2023-12-01,,,
2023,수원시,권선구청,2023-09-12 15:49,세류3동 신곡초교 후문 좌측 사거리,고정형,2023-12-01,,,
2023,수원시,팔달구청,2023-09-12 16:03,매산동 팅스몰 주차장 출구 옆,고정형,2023-12-01,,,
2023,수원시,권선구청,2023-09-12 16:17,반정동 경기대로,주행형,2023-12-01,37.2274584226284,127.034561624404,
2023,수원시,권선구청,2023-09-12 16:31,서둔동 가온팰리스옆2,고정형,2023-12-01,,,
2023,수원시,권선구청,2023-09-12 16:41,평동 고현초교 정문 좌측 삼거리,고정형,2023-12-01,,,
2023,수원시,팔달구청,2023-09-12 16:56,인계동 드림캐슬주상복합,고정형,2023-12-01,,,
2023,수원시,팔달구청,2023-09-12 17:33,북수동 쌈지공원 앞,고정형,2023-12-01,,,
2023,수원시,팔달구청,2023-09-12 17:36,인계동 드림캐슬주상복합,고정형,2023-12-01,,,
2023,수원시,팔달구청,2023-09-12 18:22,고등동 고등동 225-49 횡단보도,주민신고제,2023-12-01,,,
2023,수원시,팔달구청,2023-09-12 18:23,화서1동 푸르지오자이 북문 CU 앞 횡단보도,고정형,2023-12-01,,,
2023,수원시,장안구청,2023-09-12 18:34,연무동 연무동 243-7,국민신문고,2023-12-01,,,
2023,수원시,영통구청,2023-09-12 18:46,원천동 광교매원초등학교,고정형,2023-12-01,,,
2023,수원시,팔달구청,2023-09-12 18:47,인계동 우만동 33-3 (교차로모퉁이),국민신문고,2023-12-01,,,
2023,수원시,팔달구청,2023-09-12 18:47,인계동 우만동 33-3 (교차로모퉁이),국민신문고,2023-12-01,,,
2023,수원시,팔달구청,2023-09-12 19:02,매산동 팅스몰 주차장 출구 옆,고정형,2023-12-01,,,
2023,수원시,팔달구청,2023-09-12 19:16,매산동 팔달로 10번길 8,고정형,2023-12-01,,,
2023,수원시,팔달구청,2023-09-12 19:34,인계동 드림캐슬주상복합,고정형,2023-12-01,,,
2023,수원시,팔달구청,2023-09-12 19:34,인계동 드림캐슬주상복합,고정형,2023-12-01,,,
2023,수원시,팔달구청,2023-09-12 20:04,매산동 팅스몰 주차장 출구 옆,고정형,2023-12-01,,,
2023,수원시,팔달구청,2023-09-12 20:06,화서1동 수원역푸르지오자이 북문 우측,고정형,2023-12-01,,,
2023,수원시,권선구청,2023-09-13 4:46,곡반정동 88-40,국민신문고,2023-12-01,,,
2023,수원시,권선구청,2023-09-13 5:38,곡반정동 562-2,국민신문고,2023-12-01,,,
2023,수원시,권선구청,2023-09-13 5:38,곡반정동 562-2,국민신문고,2023-12-01,,,
2023,수원시,권선구청,2023-09-13 5:38,곡반정동 562-2,국민신문고,2023-12-01,,,
2023,수원시,권선구청,2023-09-13 5:40,곡반정동 156-1,국민신문고,2023-12-01,,,
2023,수원시,권선구청,2023-09-13 5:41,곡반정동 562-2,국민신문고,2023-12-01,,,
2023,수원시,권선구청,2023-09-13 5:42,곡반정동 562-2,국민신문고,2023-12-01,,,
2023,수원시,권선구청,2023-09-13 5:43,곡반정동 156-8,국민신문고,2023-12-01,,,
2023,수원시,권선구청,2023-09-13 6:43,곡반정동 100-10,국민신문고,2023-12-01,,,
2023,수원시,팔달구청,2023-09-13 7:04,화서1동 푸르지오자이 북문 CU 앞 횡단보도,고정형,2023-12-01,,,
2023,수원시,팔달구청,2023-09-13 7:34,매산동 팅스몰 주차장 출구 옆,고정형,2023-12-01,,,
2023,수원시,팔달구청,2023-09-13 7:35,인계동 경인통계청,고정형,2023-12-01,,,
2023,수원시,팔달구청,2023-09-13 7:35,인계동 경인통계청,고정형,2023-12-01,,,
2023,수원시,영통구청,2023-09-13 7:44,영통동 롯데마트 뒤,고정형,2023-12-01,37.27220279535416,127.10856729001851,
2023,수원시,팔달구청,2023-09-13 8:02,북수동 쌈지공원 앞,고정형,2023-12-01,,,
2023,수원시,권선구청,2023-09-13 8:04,곡반정동 하나로마트한국빌딩앞,고정형,2023-12-01,,,
2023,수원시,권선구청,2023-09-13 8:05,서둔동 가온팰리스옆1,고정형,2023-12-01,,,
2023,수원시,권선구청,2023-09-13 8:07,서둔동 가온팰리스옆1,고정형,2023-12-01,,,
2023,수원시,팔달구청,2023-09-13 8:53,인계동 드림캐슬주상복합,고정형,2023-12-01,,,
2023,수원시,권선구청,2023-09-13 9:04,서둔동 가온팰리스옆2,고정형,2023-12-01,,,
2023,수원시,팔달구청,2023-09-13 9:37,인계동 드림캐슬주상복합,고정형,2023-12-01,,,
2023,수원시,팔달구청,2023-09-13 9:40,화서1동 푸르지오자이 북문 CU 앞 횡단보도,고정형,2023-12-01,,,
2023,수원시,영통구청,2023-09-13 9:55,이의동 부함식당 앞,고정형,2023-12-01,,,
2023,수원시,팔달구청,2023-09-13 9:58,인계동 드림캐슬주상복합,고정형,2023-12-01,,,
2023,수원시,팔달구청,2023-09-13 10:10,화서1동 수원역푸르지오자이 북문 우측,고정형,2023-12-01,,,
2023,수원시,팔달구청,2023-09-13 10:10,경기도수원시팔달구신풍동 수원시 팔달구 남수동131-17,보행,2023-12-01,,,
2023,수원시,팔달구청,2023-09-13 10:12,팔달로2가 팔달로2가 정조로796번길,주행형,2023-12-01,,,
2023,수원시,팔달구청,2023-09-13 10:12,인계동 드림캐슬주상복합,고정형,2023-12-01,,,
2023,수원시,팔달구청,2023-09-13 10:12,팔달로2가 팔달로2가 정조로796번길,주행형,2023-12-01,,,
2023,수원시,팔달구청,2023-09-13 10:12,인계동 드림캐슬주상복합,고정형,2023-12-01,,,
2023,수원시,팔달구청,2023-09-13 10:12,남수동 남수동 정조로796번길,주행형,2023-12-01,,,
2023,수원시,팔달구청,2023-09-13 10:12,남수동 남수동 정조로796번길,주행형,2023-12-01,,,
2023,수원시,팔달구청,2023-09-13 10:12,남수동 남수동 정조로796번길,주행형,2023-12-01,,,
2023,수원시,팔달구청,2023-09-13 10:12,남수동 남수동 정조로796번길,주행형,2023-12-01,,,
2023,수원시,팔달구청,2023-09-13 10:12,남수동 남수동 정조로796번길,주행형,2023-12-01,,,
2023,수원시,팔달구청,2023-09-13 10:12,남수동 남수동 정조로796번길,주행형,2023-12-01,,,
2023,수원시,팔달구청,2023-09-13 10:13,영동 영동 수원천로275,주행형,2023-12-01,,,
2023,수원시,영통구청,2023-09-13 10:18,영통동 마사회뒷길,고정형,2023-12-01,,,
2023,수원시,팔달구청,2023-09-13 10:27,인계동 드림캐슬주상복합,고정형,2023-12-01,,,
2023,수원시,팔달구청,2023-09-13 10:27,인계동 드림캐슬주상복합,고정형,2023-12-01,,,
2023,수원시,팔달구청,2023-09-13 10:35,매산동 팅스몰 주차장 출구 옆,고정형,2023-12-01,,,
2023,수원시,영통구청,2023-09-13 10:53,이의동 도청예정부지,고정형,2023-12-01,,,
2023,수원시,팔달구청,2023-09-13 11:27,매산동 역전농협,고정형,2023-12-01,,,
2023,수원시,영통구청,2023-09-13 12:19,이의동 광교가재울마을사거리,고정형,2023-12-01,,,
2023,수원시,영통구청,2023-09-13 12:19,이의동 광교가재울마을사거리,고정형,2023-12-01,,,
2023,수원시,팔달구청,2023-09-13 13:14,화서1동 푸르지오자이 북문 CU 앞 횡단보도,고정형,2023-12-01,,,
2023,수원시,팔달구청,2023-09-13 13:24,화서동 수원역푸르지오자이 북문 우측,고정형,2023-12-01,,,
2023,수원시,영통구청,2023-09-13 13:48,원천동 광교에일린의뜰 북측,고정형,2023-12-01,,,
2023,수원시,팔달구청,2023-09-13 14:12,남수동 남수동 정조로810번길,주행형,2023-12-01,,,
2023,수원시,팔달구청,2023-09-13 14:13,남수동 남수동 정조로796번길,주행형,2023-12-01,,,
2023,수원시,팔달구청,2023-09-13 14:13,남수동 남수동 정조로796번길,주행형,2023-12-01,,,
2023,수원시,팔달구청,2023-09-13 14:13,남수동 남수동 정조로796번길,주행형,2023-12-01,,,
2023,수원시,팔달구청,2023-09-13 14:13,남수동 남수동 정조로796번길,주행형,2023-12-01,,,
2023,수원시,팔달구청,2023-09-13 14:13,남수동 남수동 정조로800번길,주행형,2023-12-01,,,
2023,수원시,팔달구청,2023-09-13 14:13,남수동 남수동 정조로800번길,주행형,2023-12-01,,,
2023,수원시,팔달구청,2023-09-13 14:27,고등동 고등동 갓매산로56번길,주행형,2023-12-01,,,
2023,수원시,팔달구청,2023-09-13 14:27,고등동 고등동 갓매산로56번길,주행형,2023-12-01,,,
2023,수원시,팔달구청,2023-09-13 14:32,매교동 수원시 팔달구 매산로2가 103,보행,2023-12-01,,,
2023,수원시,영통구청,2023-09-13 14:33,이의동 드림스퀘어Ⅱ 앞,고정형,2023-12-01,,,
2023,수원시,영통구청,2023-09-13 14:33,이의동 드림스퀘어Ⅱ 앞,고정형,2023-12-01,,,
2023,수원시,권선구청,2023-09-13 14:33,서둔동 가온팰리스옆2,고정형,2023-12-01,,,
2023,수원시,팔달구청,2023-09-13 14:39,매산동 팅스몰 주차장 출구 옆,고정형,2023-12-01,,,
2023,수원시,팔달구청,2023-09-13 14:40,매산동 팅스몰 주차장 출구 옆,고정형,2023-12-01,,,
2023,수원시,팔달구청,2023-09-13 14:42,매산동 팅스몰 주차장 출구 옆,고정형,2023-12-01,,,
2023,수원시,팔달구청,2023-09-13 15:23,매산동 역전농협,고정형,2023-12-01,,,
2023,수원시,팔달구청,2023-09-13 15:26,북수동 쌈지공원 앞,고정형,2023-12-01,,,
2023,수원시,팔달구청,2023-09-13 15:32,매산동 팅스몰 주차장 출구 옆,고정형,2023-12-01,,,
2023,수원시,권선구청,2023-09-13 15:39,평동 고현초교 정문 좌측 삼거리,고정형,2023-12-01,,,
2023,수원시,팔달구청,2023-09-13 15:40,북수동 쌈지공원 앞,고정형,2023-12-01,,,
2023,수원시,권선구청,2023-09-13 16:01,평동 오목초교 정문 우측 삼거리,고정형,2023-12-01,,,
2023,수원시,권선구청,2023-09-13 16:01,평동 오목초교 정문 우측 삼거리,고정형,2023-12-01,,,
2023,수원시,팔달구청,2023-09-13 16:03,인계동 경인통계청,고정형,2023-12-01,,,
2023,수원시,팔달구청,2023-09-13 16:33,매산동 팅스몰 주차장 출구 옆,고정형,2023-12-01,,,
2023,수원시,영통구청,2023-09-13 16:47,이의동 드림스퀘어Ⅱ 앞,고정형,2023-12-01,,,
2023,수원시,영통구청,2023-09-13 16:47,이의동 드림스퀘어Ⅱ 앞,고정형,2023-12-01,,,
2023,수원시,권선구청,2023-09-13 17:01,평동 오목초교 정문 우측 삼거리,고정형,2023-12-01,,,
2023,수원시,권선구청,2023-09-13 17:16,세류3동 신곡초교 후문 좌측 사거리,고정형,2023-12-01,,,
2023,수원시,권선구청,2023-09-13 17:16,세류3동 신곡초교 후문 좌측 사거리,고정형,2023-12-01,,,
2023,수원시,팔달구청,2023-09-13 17:27,인계동 한국씨티은행,고정형,2023-12-01,,,
2023,수원시,팔달구청,2023-09-13 17:59,인계동 드림캐슬주상복합,고정형,2023-12-01,,,
2023,수원시,팔달구청,2023-09-13 18:05,매산동 팅스몰 주차장 출구 옆,고정형,2023-12-01,,,
2023,수원시,영통구청,2023-09-13 18:22,영통동 마사회뒷길,고정형,2023-12-01,,,
2023,수원시,팔달구청,2023-09-13 19:06,인계동 드림캐슬주상복합,고정형,2023-12-01,,,
2023,수원시,팔달구청,2023-09-13 19:14,인계동 드림캐슬주상복합,고정형,2023-12-01,,,
2023,수원시,팔달구청,2023-09-13 20:46,인계동 드림캐슬주상복합,고정형,2023-12-01,,,
2023,수원시,팔달구청,2023-09-13 20:46,인계동 드림캐슬주상복합,고정형,2023-12-01,,,
2023,수원시,권선구청,2023-09-13 20:59,오목천동 519-1,국민신문고,2023-12-01,,,
2023,수원시,팔달구청,2023-09-13 21:45,인계동 드림캐슬주상복합,고정형,2023-12-01,,,
2023,수원시,영통구청,2023-09-14 7:02,이의동 드림스퀘어Ⅱ 앞,고정형,2023-12-01,,,
2023,수원시,팔달구청,2023-09-14 7:03,화서1동 푸르지오자이 북문 CU 앞 횡단보도,고정형,2023-12-01,,,
2023,수원시,팔달구청,2023-09-14 7:31,매산동 역전농협,고정형,2023-12-01,,,
2023,수원시,팔달구청,2023-09-14 7:33,매산동 팅스몰 주차장 출구 옆,고정형,2023-12-01,,,
2023,수원시,팔달구청,2023-09-14 7:34,매산동 팅스몰 주차장 출구 옆,고정형,2023-12-01,,,
2023,수원시,팔달구청,2023-09-14 7:35,인계동 드림캐슬주상복합,고정형,2023-12-01,,,
2023,수원시,팔달구청,2023-09-14 7:45,인계동 한국씨티은행,고정형,2023-12-01,,,
2023,수원시,팔달구청,2023-09-14 7:51,인계동 경인통계청,고정형,2023-12-01,,,
2023,수원시,팔달구청,2023-09-14 7:54,매산동 역전농협,고정형,2023-12-01,,,
2023,수원시,권선구청,2023-09-14 8:04,세류3동 신곡초교 후문 좌측 사거리,고정형,2023-12-01,,,
2023,수원시,권선구청,2023-09-14 8:05,곡반정동 하나로마트한국빌딩앞,고정형,2023-12-01,,,
2023,수원시,권선구청,2023-09-14 8:19,서둔동 가온팰리스옆2,고정형,2023-12-01,,,
2023,수원시,권선구청,2023-09-14 8:32,곡반정동 궁촌육교앞,고정형,2023-12-01,,,
2023,수원시,영통구청,2023-09-14 8:57,이의동 부함식당 앞,고정형,2023-12-01,,,
2023,수원시,권선구청,2023-09-14 9:00,서둔동 가온팰리스옆2,고정형,2023-12-01,,,
2023,수원시,팔달구청,2023-09-14 9:26,인계동 한국씨티은행,고정형,2023-12-01,,,
2023,수원시,팔달구청,2023-09-14 9:47,인계동 한국씨티은행,고정형,2023-12-01,,,
2023,수원시,팔달구청,2023-09-14 9:50,매산동 팅스몰 주차장 출구 옆,고정형,2023-12-01,,,
2023,수원시,영통구청,2023-09-14 10:15,이의동 창룡대로298번길,주행형,2023-12-01,,,
2023,수원시,영통구청,2023-09-14 10:15,이의동 창룡대로298번길,주행형,2023-12-01,,,
2023,수원시,권선구청,2023-09-14 10:16,오목천동 한화꿈에그린아파트 209동앞,고정형,2023-12-01,,,
2023,수원시,권선구청,2023-09-14 10:20,서둔동 가온팰리스옆2,고정형,2023-12-01,,,
2023,수원시,권선구청,2023-09-14 10:59,입북동 당수초교 정문 우측 사거리,고정형,2023-12-01,,,
2023,수원시,권선구청,2023-09-14 11:23,평동 오목초교 정문 우측 삼거리,고정형,2023-12-01,,,
2023,수원시,권선구청,2023-09-14 13:14,평동 오목초교 정문 우측 삼거리,고정형,2023-12-01,,,
2023,수원시,권선구청,2023-09-14 13:21,구운동 구운초교 정문 우측 삼거리,고정형,2023-12-01,,,
2023,수원시,팔달구청,2023-09-14 14:08,매산동 역전농협,고정형,2023-12-01,,,
2023,수원시,팔달구청,2023-09-14 14:15,영동 영동 팔달문로9,주행형,2023-12-01,,,
2023,수원시,팔달구청,2023-09-14 14:15,영동 영동 팔달문로9,주행형,2023-12-01,,,
2023,수원시,권선구청,2023-09-14 14:33,서둔동 가온팰리스옆2,고정형,2023-12-01,,,
2023,수원시,영통구청,2023-09-14 14:33,이의동 드림스퀘어Ⅱ 앞,고정형,2023-12-01,,,
2023,수원시,팔달구청,2023-09-14 14:35,인계동 드림캐슬주상복합,고정형,2023-12-01,,,
2023,수원시,팔달구청,2023-09-14 14:38,고등동 고등동 갓매산로56번길,주행형,2023-12-01,,,
2023,수원시,팔달구청,2023-09-14 14:38,고등동 고등동 갓매산로56번길,주행형,2023-12-01,,,
2023,수원시,권선구청,2023-09-14 14:41,서둔동 가온팰리스옆1,고정형,2023-12-01,,,
2023,수원시,장안구청,2023-09-14 14:47,상광교동 광교버스정류장종점,고정형,2023-12-01,,,
2023,수원시,팔달구청,2023-09-14 14:48,인계동 한국씨티은행,고정형,2023-12-01,,,
2023,수원시,팔달구청,2023-09-14 14:51,매산동 팅스몰 주차장 출구 옆,고정형,2023-12-01,,,
2023,수원시,장안구청,2023-09-14 14:53,상광교동 광교버스정류장종점,고정형,2023-12-01,,,
2023,수원시,팔달구청,2023-09-14 15:02,화서1동 푸르지오자이 북문 CU 앞 횡단보도,고정형,2023-12-01,,,
2023,수원시,권선구청,2023-09-14 15:03,세류3동 신곡초교 후문 좌측 사거리,고정형,2023-12-01,,,
2023,수원시,팔달구청,2023-09-14 15:24,인계동 드림캐슬주상복합,고정형,2023-12-01,,,
2023,수원시,팔달구청,2023-09-14 15:47,화서1동 수원역푸르지오자이 북문 우측,고정형,2023-12-01,,,
2023,수원시,팔달구청,2023-09-14 16:07,인계동 경인통계청,고정형,2023-12-01,,,
2023,수원시,권선구청,2023-09-14 16:25,서둔동 가온팰리스옆2,고정형,2023-12-01,,,
2023,수원시,권선구청,2023-09-14 16:25,서둔동 가온팰리스옆2,고정형,2023-12-01,,,
2023,수원시,팔달구청,2023-09-14 16:37,인계동 한국씨티은행,고정형,2023-12-01,,,
2023,수원시,권선구청,2023-09-14 16:43,서둔동 가온팰리스옆2,고정형,2023-12-01,,,
2023,수원시,팔달구청,2023-09-14 16:48,인계동 경인통계청,고정형,2023-12-01,,,
2023,수원시,권선구청,2023-09-14 16:57,입북동 당수초교 정문 우측 사거리,고정형,2023-12-01,,,
2023,수원시,권선구청,2023-09-14 16:58,서둔동 수원역한라비발디퍼스트 앞2,고정형,2023-12-01,,,
2023,수원시,팔달구청,2023-09-14 17:10,매산동 팅스몰 주차장 출구 옆,고정형,2023-12-01,,,
2023,수원시,팔달구청,2023-09-14 17:16,인계동 드림캐슬주상복합,고정형,2023-12-01,,,
2023,수원시,팔달구청,2023-09-14 17:16,인계동 드림캐슬주상복합,고정형,2023-12-01,,,
2023,수원시,팔달구청,2023-09-14 17:17,매산동 팔달로 10번길 8,고정형,2023-12-01,,,
2023,수원시,팔달구청,2023-09-14 17:18,인계동 드림캐슬주상복합,고정형,2023-12-01,,,
2023,수원시,팔달구청,2023-09-14 17:23,인계동 경인통계청,고정형,2023-12-01,,,
2023,수원시,팔달구청,2023-09-14 17:35,인계동 경인통계청,고정형,2023-12-01,,,
2023,수원시,팔달구청,2023-09-14 17:41,중동 225-107 (인도),국민신문고,2023-12-01,,,
2023,수원시,팔달구청,2023-09-14 18:01,고등동 217-28 (횡단보도),국민신문고,2023-12-01,,,
2023,수원시,팔달구청,2023-09-14 18:08,화서1동 푸르지오자이 북문 CU 앞 횡단보도,고정형,2023-12-01,,,
2023,수원시,팔달구청,2023-09-14 18:08,화서1동 푸르지오자이 북문 CU 앞 횡단보도,고정형,2023-12-01,,,
2023,수원시,팔달구청,2023-09-14 19:23,매산동 팅스몰 주차장 출구 옆,고정형,2023-12-01,,,
2023,수원시,팔달구청,2023-09-14 19:23,매산동 팅스몰 주차장 출구 옆,고정형,2023-12-01,,,
2023,수원시,팔달구청,2023-09-14 19:27,매산동 팅스몰 주차장 출구 옆,고정형,2023-12-01,,,
2023,수원시,팔달구청,2023-09-14 19:27,매산동 팅스몰 주차장 출구 옆,고정형,2023-12-01,,,
2023,수원시,팔달구청,2023-09-14 19:39,고등동 180-9 (횡단보도),국민신문고,2023-12-01,,,
2023,수원시,팔달구청,2023-09-14 20:05,인계동 드림캐슬주상복합,고정형,2023-12-01,,,
2023,수원시,팔달구청,2023-09-14 20:06,인계동 드림캐슬주상복합,고정형,2023-12-01,,,
2023,수원시,영통구청,2023-09-14 20:11,이의동 부함식당 앞,고정형,2023-12-01,,,
2023,수원시,권선구청,2023-09-14 20:25,곡반정동 562-2,국민신문고,2023-12-01,,,
2023,수원시,팔달구청,2023-09-14 20:31,매산동 역전농협,고정형,2023-12-01,,,
2023,수원시,팔달구청,2023-09-14 20:34,매산동 팔달로 10번길 8,고정형,2023-12-01,,,
2023,수원시,권선구청,2023-09-14 20:36,곡반정동 156-8,국민신문고,2023-12-01,,,
2023,수원시,권선구청,2023-09-14 20:39,곡반정동 156-8,국민신문고,2023-12-01,,,
2023,수원시,권선구청,2023-09-14 20:39,곡반정동 156-8,국민신문고,2023-12-01,,,
2023,수원시,권선구청,2023-09-14 20:43,곡반정동 117-2,국민신문고,2023-12-01,,,
2023,수원시,영통구청,2023-09-14 20:49,원천동 광교매원초등학교,고정형,2023-12-01,,,
2023,수원시,팔달구청,2023-09-14 20:52,매산동 역전농협,고정형,2023-12-01,,,
2023,수원시,팔달구청,2023-09-14 21:02,매산동 역전농협,고정형,2023-12-01,,,
2023,수원시,팔달구청,2023-09-14 21:02,매산동 역전농협,고정형,2023-12-01,,,
2023,수원시,팔달구청,2023-09-14 21:02,화서1동 푸르지오자이 북문 CU 앞 횡단보도,고정형,2023-12-01,,,
2023,수원시,팔달구청,2023-09-14 21:06,인계동 드림캐슬주상복합,고정형,2023-12-01,,,
2023,수원시,권선구청,2023-09-14 21:57,곡반정동 562-2 횡단보도 정지선,국민신문고,2023-12-01,,,
2023,수원시,권선구청,2023-09-14 22:14,곡반정동 562-2 횡단보도 정지선,국민신문고,2023-12-01,,,
2023,수원시,권선구청,2023-09-14 23:15,곡반정동 562-2,국민신문고,2023-12-01,,,
2023,수원시,권선구청,2023-09-15 2:00,곡반정동 191-4,국민신문고,2023-12-01,,,
2023,수원시,팔달구청,2023-09-15 7:03,화서1동 수원역푸르지오자이 북문 우측,고정형,2023-12-01,,,
2023,수원시,영통구청,2023-09-15 7:04,이의동 드림스퀘어Ⅱ 앞,고정형,2023-12-01,,,
2023,수원시,팔달구청,2023-09-15 7:04,화서1동 푸르지오자이 북문 CU 앞 횡단보도,고정형,2023-12-01,,,
2023,수원시,팔달구청,2023-09-15 7:33,매산동 팅스몰 주차장 출구 옆,고정형,2023-12-01,,,
2023,수원시,팔달구청,2023-09-15 7:35,인계동 경인통계청,고정형,2023-12-01,,,
2023,수원시,팔달구청,2023-09-15 7:55,인계동 드림캐슬주상복합,고정형,2023-12-01,,,
2023,수원시,영통구청,2023-09-15 7:55,망포동 힐스테이트 119동 ~방죽공원 삼거리,고정형,2023-12-01,,,
2023,수원시,권선구청,2023-09-15 8:05,곡반정동 하나로마트한국빌딩앞,고정형,2023-12-01,,,
2023,수원시,권선구청,2023-09-15 8:09,곡반정동 하나로마트한국빌딩앞,고정형,2023-12-01,,,
2023,수원시,권선구청,2023-09-15 8:13,서둔동 가온팰리스옆2,고정형,2023-12-01,,,
2023,수원시,팔달구청,2023-09-15 8:18,매산동 역전농협,고정형,2023-12-01,,,
2023,수원시,팔달구청,2023-09-15 8:37,인계동 드림캐슬주상복합,고정형,2023-12-01,,,
2023,수원시,영통구청,2023-09-15 8:57,이의동 드림스퀘어Ⅱ 앞,고정형,2023-12-01,,,
2023,수원시,권선구청,2023-09-15 9:05,서둔동 가온팰리스옆2,고정형,2023-12-01,,,
2023,수원시,권선구청,2023-09-15 9:05,서둔동 가온팰리스옆2,고정형,2023-12-01,,,
2023,수원시,권선구청,2023-09-15 9:11,평동 수원역고가밑 (애경뒷길),고정형,2023-12-01,,,
2023,수원시,권선구청,2023-09-15 9:11,서둔동 가온팰리스옆2,고정형,2023-12-01,,,
2023,수원시,권선구청,2023-09-15 9:23,입북동 당수초교 정문 우측 사거리,고정형,2023-12-01,,,
2023,수원시,팔달구청,2023-09-15 9:24,인계동 드림캐슬주상복합,고정형,2023-12-01,,,
2023,수원시,권선구청,2023-09-15 9:56,평동 고현초교 정문 좌측 삼거리,고정형,2023-12-01,,,
2023,수원시,팔달구청,2023-09-15 9:57,매산동 역전농협,고정형,2023-12-01,,,
2023,수원시,팔달구청,2023-09-15 9:57,매산동 역전농협,고정형,2023-12-01,,,
2023,수원시,권선구청,2023-09-15 9:59,서둔동 가온팰리스옆2,고정형,2023-12-01,,,
2023,수원시,팔달구청,2023-09-15 9:59,신풍동 미술관로터리,고정형,2023-12-01,,,
2023,수원시,팔달구청,2023-09-15 9:59,신풍동 미술관로터리,고정형,2023-12-01,,,
2023,수원시,권선구청,2023-09-15 10:09,서둔동 가온팰리스옆2,고정형,2023-12-01,,,
2023,수원시,팔달구청,2023-09-15 10:19,경기도수원시팔달구우만동 수원시 팔달구 중부대로206번길,보행,2023-12-01,,,
2023,수원시,팔달구청,2023-09-15 10:20,경기도수원시팔달구우만동 수원시 팔달구 중부대로206번길,보행,2023-12-01,,,
2023,수원시,팔달구청,2023-09-15 10:30,경기도수원시팔달구우만동 수원시 팔달구 인계동 1046-10,보행,2023-12-01,,,
2023,수원시,팔달구청,2023-09-15 10:33,매산동 팅스몰 주차장 출구 옆,고정형,2023-12-01,,,
2023,수원시,권선구청,2023-09-15 11:13,권선2동 곡정초교 정문 좌측 사거리,고정형,2023-12-01,,,
2023,수원시,권선구청,2023-09-15 11:13,권선2동 곡정초교 정문 좌측 사거리,고정형,2023-12-01,,,
2023,수원시,권선구청,2023-09-15 11:16,입북동 당수초교 정문 우측 사거리,고정형,2023-12-01,,,
2023,수원시,영통구청,2023-09-15 11:34,망포동 E-마트 에브리데이 앞,고정형,2023-12-01,37.2361017468141,127.060345496536,
2023,수원시,권선구청,2023-09-15 13:20,권선2동 곡정초교 정문 좌측 사거리,고정형,2023-12-01,,,
2023,수원시,팔달구청,2023-09-15 14:17,경기도수원시팔달구고등동 수원시 팔달구 고등동 215-54,보행,2023-12-01,,,
2023,수원시,팔달구청,2023-09-15 14:18,경기도수원시팔달구고등동 수원시 팔달구 고등동 215-54,보행,2023-12-01,,,
2023,수원시,팔달구청,2023-09-15 14:33,매산동 팔달로 10번길 8,고정형,2023-12-01,,,
2023,수원시,영통구청,2023-09-15 14:34,이의동 드림스퀘어Ⅱ 앞,고정형,2023-12-01,,,
2023,수원시,권선구청,2023-09-15 14:36,평동 고현초교 정문 좌측 삼거리,고정형,2023-12-01,,,
2023,수원시,팔달구청,2023-09-15 14:39,인계동 드림캐슬주상복합,고정형,2023-12-01,,,
2023,수원시,권선구청,2023-09-15 14:40,구운동 구운초교 정문 우측 삼거리,고정형,2023-12-01,,,
2023,수원시,팔달구청,2023-09-15 14:41,매산동 팅스몰 주차장 출구 옆,고정형,2023-12-01,,,
2023,수원시,팔달구청,2023-09-15 14:44,행궁동 화홍사랑채,고정형,2023-12-01,,,
2023,수원시,팔달구청,2023-09-15 14:45,인계동 드림캐슬주상복합,고정형,2023-12-01,,,
2023,수원시,팔달구청,2023-09-15 14:55,인계동 드림캐슬주상복합,고정형,2023-12-01,,,
2023,수원시,팔달구청,2023-09-15 14:55,인계동 드림캐슬주상복합,고정형,2023-12-01,,,
2023,수원시,권선구청,2023-09-15 15:08,서둔동 롯데몰9번출구앞주변,고정형,2023-12-01,,,
2023,수원시,권선구청,2023-09-15 15:08,서둔동 롯데몰9번출구앞주변,고정형,2023-12-01,,,
2023,수원시,팔달구청,2023-09-15 15:16,인계동 드림캐슬주상복합,고정형,2023-12-01,,,
2023,수원시,팔달구청,2023-09-15 15:39,화서1동 수원역푸르지오자이 북문 우측,고정형,2023-12-01,,,
2023,수원시,팔달구청,2023-09-15 15:43,인계동 경인통계청,고정형,2023-12-01,,,
2023,수원시,영통구청,2023-09-15 15:49,영덕동 봉영로1759번길,주행형,2023-12-01,,,
2023,수원시,영통구청,2023-09-15 15:49,영덕동 봉영로1759번길,주행형,2023-12-01,,,
2023,수원시,영통구청,2023-09-15 15:49,영덕동 봉영로1759번길,주행형,2023-12-01,,,
2023,수원시,권선구청,2023-09-15 15:54,평동 고현초교 정문 좌측 삼거리,고정형,2023-12-01,,,
2023,수원시,팔달구청,2023-09-15 16:04,매산동 팅스몰 주차장 출구 옆,고정형,2023-12-01,,,
2023,수원시,팔달구청,2023-09-15 16:20,인계동 드림캐슬주상복합,고정형,2023-12-01,,,
2023,수원시,팔달구청,2023-09-15 16:31,인계동 한국씨티은행,고정형,2023-12-01,,,
2023,수원시,영통구청,2023-09-15 16:37,이의동 도청예정부지,고정형,2023-12-01,,,
2023,수원시,권선구청,2023-09-15 16:49,곡반정동 하나로마트한국빌딩앞,고정형,2023-12-01,,,
2023,수원시,권선구청,2023-09-15 16:49,곡반정동 하나로마트한국빌딩앞,고정형,2023-12-01,,,
2023,수원시,영통구청,2023-09-15 16:55,영통동 마사회뒷길,고정형,2023-12-01,,,
2023,수원시,영통구청,2023-09-15 17:14,이의동 드림스퀘어Ⅱ 앞,고정형,2023-12-01,,,
2023,수원시,권선구청,2023-09-15 17:37,평동 고현초교 정문 좌측 삼거리,고정형,2023-12-01,,,
2023,수원시,팔달구청,2023-09-15 17:50,매산동 팅스몰 주차장 출구 옆,고정형,2023-12-01,,,
2023,수원시,팔달구청,2023-09-15 17:57,인계동 드림캐슬주상복합,고정형,2023-12-01,,,
2023,수원시,팔달구청,2023-09-15 18:00,매산동 팅스몰 주차장 출구 옆,고정형,2023-12-01,,,
2023,수원시,영통구청,2023-09-15 19:06,영통동 마사회뒷길,고정형,2023-12-01,,,
2023,수원시,영통구청,2023-09-15 19:29,원천동 광교매원초등학교,고정형,2023-12-01,,,
2023,수원시,권선구청,2023-09-15 19:33,경기도수원시권선구고색동 수원시 권선구 고색동 896-36,보행,2023-12-01,,,
2023,수원시,팔달구청,2023-09-15 19:38,매산동 팅스몰 주차장 출구 옆,고정형,2023-12-01,,,
2023,수원시,팔달구청,2023-09-15 19:45,매향동 매향동 창룡대로 48,주행형,2023-12-01,,,
2023,수원시,팔달구청,2023-09-15 19:45,매향동 매향동 창룡대로 48,주행형,2023-12-01,,,
2023,수원시,팔달구청,2023-09-15 19:46,인계동 드림캐슬주상복합,고정형,2023-12-01,,,
2023,수원시,영통구청,2023-09-15 19:55,이의동 광교가재울마을사거리,고정형,2023-12-01,,,
2023,수원시,팔달구청,2023-09-15 20:00,매산동 팔달로 10번길 8,고정형,2023-12-01,,,
2023,수원시,팔달구청,2023-09-15 20:00,매산동 팔달로 10번길 8,고정형,2023-12-01,,,
2023,수원시,권선구청,2023-09-15 20:15,곡반정동 562-2 버스정류소,국민신문고,2023-12-01,,,
2023,수원시,권선구청,2023-09-15 20:17,곡반정동 562-2,국민신문고,2023-12-01,,,
2023,수원시,권선구청,2023-09-15 20:17,곡반정동 562-2,국민신문고,2023-12-01,,,
2023,수원시,권선구청,2023-09-15 20:20,곡반정동 562-2,국민신문고,2023-12-01,,,
2023,수원시,팔달구청,2023-09-15 20:27,인계동 드림캐슬주상복합,고정형,2023-12-01,,,
2023,수원시,장안구청,2023-09-15 20:27,연무동 연무동242-6,국민신문고,2023-12-01,,,
2023,수원시,팔달구청,2023-09-15 20:51,인계동 드림캐슬주상복합,고정형,2023-12-01,,,
2023,수원시,장안구청,2023-09-15 20:54,조원동 정자동 21,국민신문고,2023-12-01,,,
2023,수원시,팔달구청,2023-09-15 21:21,인계동 드림캐슬주상복합,고정형,2023-12-01,,,
2023,수원시,권선구청,2023-09-15 22:42,"경기도 수원시 권선구 서둔로239번길 19-9, 19-9",국민신문고,2023-12-01,,,
2023,수원시,권선구청,2023-09-16 1:29,곡반정동 562-2,국민신문고,2023-12-01,,,
2023,수원시,권선구청,2023-09-16 1:32,곡반정동 562-2,국민신문고,2023-12-01,,,
2023,수원시,권선구청,2023-09-16 1:34,곡반정동 562-2,국민신문고,2023-12-01,,,
2023,수원시,권선구청,2023-09-16 1:35,곡반정동 156-8,국민신문고,2023-12-01,,,
2023,수원시,권선구청,2023-09-16 1:35,곡반정동 156-8,국민신문고,2023-12-01,,,
2023,수원시,권선구청,2023-09-16 1:40,곡반정동 562-2,국민신문고,2023-12-01,,,
2023,수원시,권선구청,2023-09-16 1:42,곡반정동 562-2 버스정류소,국민신문고,2023-12-01,,,
2023,수원시,팔달구청,2023-09-16 9:03,인계동 드림캐슬주상복합,고정형,2023-12-01,,,
2023,수원시,권선구청,2023-09-16 9:03,곡반정동 하나로마트한국빌딩앞,고정형,2023-12-01,,,
2023,수원시,영통구청,2023-09-16 9:03,이의동 드림스퀘어Ⅱ 앞,고정형,2023-12-01,,,
2023,수원시,권선구청,2023-09-16 9:04,곡반정동 하나로마트한국빌딩앞,고정형,2023-12-01,,,
2023,수원시,팔달구청,2023-09-16 9:04,매산동 팅스몰 주차장 출구 옆,고정형,2023-12-01,,,
2023,수원시,권선구청,2023-09-16 9:04,곡반정동 하나로마트한국빌딩앞,고정형,2023-12-01,,,
2023,수원시,팔달구청,2023-09-16 9:05,화서1동 푸르지오자이 북문 CU 앞 횡단보도,고정형,2023-12-01,,,
2023,수원시,권선구청,2023-09-16 9:09,곡반정동 하나로마트한국빌딩앞,고정형,2023-12-01,,,
2023,수원시,권선구청,2023-09-16 9:20,곡반정동 하나로마트한국빌딩앞,고정형,2023-12-01,,,
2023,수원시,팔달구청,2023-09-16 9:38,매산동 팅스몰 주차장 출구 옆,고정형,2023-12-01,,,
2023,수원시,권선구청,2023-09-16 9:39,곡선동 권선중앙약국 건너편,고정형,2023-12-01,,,
2023,수원시,팔달구청,2023-09-16 9:47,매산동 팅스몰 주차장 출구 옆,고정형,2023-12-01,,,
2023,수원시,권선구청,2023-09-16 10:02,평동 수원역고가밑 (애경뒷길),고정형,2023-12-01,,,
2023,수원시,영통구청,2023-09-16 10:04,영통동 롯데마트 뒤,고정형,2023-12-01,37.27220279535416,127.10856729001851,
2023,수원시,권선구청,2023-09-16 10:15,서둔동 롯데몰9번출구앞주변,고정형,2023-12-01,,,
2023,수원시,팔달구청,2023-09-16 10:20,인계동 드림캐슬주상복합,고정형,2023-12-01,,,
2023,수원시,팔달구청,2023-09-16 11:07,행궁동 팔달문 버스정류장,고정형,2023-12-01,,,
2023,수원시,영통구청,2023-09-16 11:49,망포동 힐스테이트 119동 ~방죽공원 삼거리,고정형,2023-12-01,,,
2023,수원시,영통구청,2023-09-16 11:54,영통동 마사회뒷길,고정형,2023-12-01,,,
2023,수원시,팔달구청,2023-09-16 12:07,화서1동 수원역푸르지오자이 북문 우측,고정형,2023-12-01,,,
2023,수원시,영통구청,2023-09-16 12:07,영통동 롯데마트 뒤,고정형,2023-12-01,37.27220279535416,127.10856729001851,
2023,수원시,팔달구청,2023-09-16 12:15,화서1동 푸르지오자이 북문 CU 앞 횡단보도,고정형,2023-12-01,,,
2023,수원시,영통구청,2023-09-16 12:26,영통동 롯데마트 뒤,고정형,2023-12-01,37.27220279535416,127.10856729001851,
2023,수원시,영통구청,2023-09-16 12:45,망포동 E-마트 에브리데이 앞,고정형,2023-12-01,37.2361017468141,127.060345496536,
2023,수원시,권선구청,2023-09-16 12:53,고색동 도이치 고객주차장 출입구,고정형,2023-12-01,,,
2023,수원시,팔달구청,2023-09-16 13:38,화서1동 수원역푸르지오자이 북문 우측,고정형,2023-12-01,,,
2023,수원시,영통구청,2023-09-16 13:42,영통동 마사회뒷길,고정형,2023-12-01,,,
2023,수원시,영통구청,2023-09-16 13:44,망포동 E-마트 에브리데이 앞,고정형,2023-12-01,37.2361017468141,127.060345496536,
2023,수원시,팔달구청,2023-09-16 14:35,인계동 한국씨티은행,고정형,2023-12-01,,,
2023,수원시,팔달구청,2023-09-16 14:35,행궁동 화홍사랑채,고정형,2023-12-01,,,
2023,수원시,권선구청,2023-09-16 14:36,서둔동 수원역한라비발디퍼스트 앞1,고정형,2023-12-01,,,
2023,수원시,권선구청,2023-09-16 14:36,서둔동 수원역한라비발디퍼스트 앞1,고정형,2023-12-01,,,
2023,수원시,팔달구청,2023-09-16 14:45,매산동 팔달로 10번길 8,고정형,2023-12-01,,,
2023,수원시,권선구청,2023-09-16 14:51,권선동 NC터미널점 버스정류장 앞,고정형,2023-12-01,,,
2023,수원시,권선구청,2023-09-16 14:56,서둔동 수원역한라비발디퍼스트 앞2,고정형,2023-12-01,,,
2023,수원시,팔달구청,2023-09-16 14:56,북수동 쌈지공원 앞,고정형,2023-12-01,,,
2023,수원시,팔달구청,2023-09-16 14:58,팔달로2가 48 (횡단보도),국민신문고,2023-12-01,,,
2023,수원시,팔달구청,2023-09-16 14:58,팔달로2가 48 (횡단보도),국민신문고,2023-12-01,,,
2023,수원시,팔달구청,2023-09-16 15:23,신풍동 미술관로터리,고정형,2023-12-01,,,
2023,수원시,팔달구청,2023-09-16 15:30,행궁동 화홍사랑채,고정형,2023-12-01,,,
2023,수원시,권선구청,2023-09-16 15:30,서둔동 가온팰리스옆1,고정형,2023-12-01,,,
2023,수원시,영통구청,2023-09-16 15:51,영통동 마사회뒷길,고정형,2023-12-01,,,
2023,수원시,영통구청,2023-09-16 15:57,경기도수원시영통구이의동 수원시 영통구 이의동 832,보행,2023-12-01,,,
2023,수원시,권선구청,2023-09-16 15:59,서둔동 수원역한라비발디퍼스트 앞1,고정형,2023-12-01,,,
2023,수원시,권선구청,2023-09-16 16:01,평동 수원역고가밑 (애경뒷길),고정형,2023-12-01,,,
2023,수원시,영통구청,2023-09-16 16:08,하동 광교대광로제비앙앞,고정형,2023-12-01,,,
2023,수원시,권선구청,2023-09-16 16:08,서둔동 가온팰리스옆1,고정형,2023-12-01,,,
2023,수원시,권선구청,2023-09-16 16:12,곡반정동 하나로마트한국빌딩앞,고정형,2023-12-01,,,
2023,수원시,권선구청,2023-09-16 16:13,호매실동 금호프라자 대각 맞은편,고정형,2023-12-01,,,
2023,수원시,권선구청,2023-09-16 16:13,호매실동 금호프라자 대각 맞은편,고정형,2023-12-01,,,
2023,수원시,팔달구청,2023-09-16 16:18,매산동 역전농협,고정형,2023-12-01,,,
2023,수원시,팔달구청,2023-09-16 16:26,인계동 경인통계청,고정형,2023-12-01,,,
2023,수원시,팔달구청,2023-09-16 16:28,매산동 팅스몰 주차장 출구 옆,고정형,2023-12-01,,,
2023,수원시,팔달구청,2023-09-16 16:44,행궁동 화홍사랑채,고정형,2023-12-01,,,
2023,수원시,권선구청,2023-09-16 16:50,곡반정동 하나로마트한국빌딩앞,고정형,2023-12-01,,,
2023,수원시,팔달구청,2023-09-16 16:51,매산동 팔달로 10번길 8,고정형,2023-12-01,,,
2023,수원시,영통구청,2023-09-16 16:59,이의동 광교가재울마을사거리,고정형,2023-12-01,,,
2023,수원시,권선구청,2023-09-16 17:15,서둔동 수원역한라비발디퍼스트 앞1,고정형,2023-12-01,,,
2023,수원시,권선구청,2023-09-16 17:20,서둔동 수원역한라비발디퍼스트 앞1,고정형,2023-12-01,,,
2023,수원시,팔달구청,2023-09-16 17:41,인계동 경인통계청,고정형,2023-12-01,,,
2023,수원시,팔달구청,2023-09-16 17:47,화서1동 푸르지오자이 북문 CU 앞 횡단보도,고정형,2023-12-01,,,
2023,수원시,팔달구청,2023-09-16 17:51,북수동 421-40 (인도),국민신문고,2023-12-01,,,
2023,수원시,팔달구청,2023-09-16 18:05,매산동 팔달로 10번길 8,고정형,2023-12-01,,,
2023,수원시,팔달구청,2023-09-16 18:09,매산동 팅스몰 주차장 출구 옆,고정형,2023-12-01,,,
2023,수원시,팔달구청,2023-09-16 18:12,인계동 드림캐슬주상복합,고정형,2023-12-01,,,
2023,수원시,팔달구청,2023-09-16 19:05,매산동 팅스몰 주차장 출구 옆,고정형,2023-12-01,,,
2023,수원시,팔달구청,2023-09-16 19:25,화서1동 수원역푸르지오자이 북문 우측,고정형,2023-12-01,,,
2023,수원시,팔달구청,2023-09-16 20:20,인계동 드림캐슬주상복합,고정형,2023-12-01,,,
2023,수원시,팔달구청,2023-09-16 20:33,매산동 팅스몰 주차장 출구 옆,고정형,2023-12-01,,,
2023,수원시,팔달구청,2023-09-16 20:37,인계동 드림캐슬주상복합,고정형,2023-12-01,,,
2023,수원시,팔달구청,2023-09-17 9:02,인계동 드림캐슬주상복합,고정형,2023-12-01,,,
2023,수원시,권선구청,2023-09-17 9:02,곡반정동 궁촌육교앞,고정형,2023-12-01,,,
2023,수원시,권선구청,2023-09-17 9:02,곡반정동 궁촌육교앞,고정형,2023-12-01,,,
2023,수원시,권선구청,2023-09-17 9:03,곡반정동 하나로마트한국빌딩앞,고정형,2023-12-01,,,
2023,수원시,팔달구청,2023-09-17 9:03,인계동 경인통계청,고정형,2023-12-01,,,
2023,수원시,팔달구청,2023-09-17 9:03,매산동 팅스몰 주차장 출구 옆,고정형,2023-12-01,,,
2023,수원시,권선구청,2023-09-17 9:03,곡반정동 하나로마트한국빌딩앞,고정형,2023-12-01,,,
2023,수원시,권선구청,2023-09-17 9:04,곡반정동 하나로마트한국빌딩앞,고정형,2023-12-01,,,
2023,수원시,권선구청,2023-09-17 9:04,곡반정동 하나로마트한국빌딩앞,고정형,2023-12-01,,,
2023,수원시,팔달구청,2023-09-17 9:04,매산동 팔달로 10번길 8,고정형,2023-12-01,,,
2023,수원시,팔달구청,2023-09-17 9:04,매산동 팅스몰 주차장 출구 옆,고정형,2023-12-01,,,
2023,수원시,권선구청,2023-09-17 9:04,곡반정동 하나로마트한국빌딩앞,고정형,2023-12-01,,,
2023,수원시,팔달구청,2023-09-17 9:04,인계동 경인통계청,고정형,2023-12-01,,,
2023,수원시,권선구청,2023-09-17 9:05,서둔동 가온팰리스옆1,고정형,2023-12-01,,,
2023,수원시,권선구청,2023-09-17 9:05,서둔동 가온팰리스옆2,고정형,2023-12-01,,,
2023,수원시,권선구청,2023-09-17 9:05,서둔동 가온팰리스옆2,고정형,2023-12-01,,,
2023,수원시,팔달구청,2023-09-17 9:05,화서1동 푸르지오자이 북문 CU 앞 횡단보도,고정형,2023-12-01,,,
2023,수원시,팔달구청,2023-09-17 9:21,화서1동 수원역푸르지오자이 북문 우측,고정형,2023-12-01,,,
2023,수원시,권선구청,2023-09-17 9:26,서둔동 가온팰리스옆1,고정형,2023-12-01,,,
2023,수원시,팔달구청,2023-09-17 9:38,매산동 팅스몰 주차장 출구 옆,고정형,2023-12-01,,,
2023,수원시,영통구청,2023-09-17 9:42,원천동 광교매원초등학교,고정형,2023-12-01,,,
2023,수원시,팔달구청,2023-09-17 9:44,화서1동 푸르지오자이 북문 CU 앞 횡단보도,고정형,2023-12-01,,,
2023,수원시,권선구청,2023-09-17 9:55,곡반정동 하나로마트한국빌딩앞,고정형,2023-12-01,,,
2023,수원시,권선구청,2023-09-17 9:58,곡반정동 하나로마트한국빌딩앞,고정형,2023-12-01,,,
2023,수원시,팔달구청,2023-09-17 10:29,인계동 한국씨티은행,고정형,2023-12-01,,,
2023,수원시,팔달구청,2023-09-17 10:32,매산동 팅스몰 주차장 출구 옆,고정형,2023-12-01,,,
2023,수원시,팔달구청,2023-09-17 10:48,우만동 우만동 월드컵로366번길,주행형,2023-12-01,,,
2023,수원시,팔달구청,2023-09-17 10:48,우만동 우만동 월드컵로366번길,주행형,2023-12-01,,,
2023,수원시,팔달구청,2023-09-17 10:48,우만동 우만동 월드컵로366번길,주행형,2023-12-01,,,
2023,수원시,팔달구청,2023-09-17 10:48,우만동 우만동 월드컵로366번길,주행형,2023-12-01,,,
2023,수원시,팔달구청,2023-09-17 10:48,우만동 우만동 월드컵로366번길,주행형,2023-12-01,,,
2023,수원시,팔달구청,2023-09-17 10:48,우만동 우만동 월드컵로366번길,주행형,2023-12-01,,,
2023,수원시,팔달구청,2023-09-17 10:48,우만동 우만동 월드컵로366번길,주행형,2023-12-01,,,
2023,수원시,팔달구청,2023-09-17 10:48,우만동 우만동 월드컵로366번길,주행형,2023-12-01,,,
2023,수원시,팔달구청,2023-09-17 10:48,우만동 우만동 월드컵로366번길,주행형,2023-12-01,,,
2023,수원시,팔달구청,2023-09-17 10:49,우만동 우만동 월드컵로366번길,주행형,2023-12-01,,,
2023,수원시,팔달구청,2023-09-17 10:49,우만동 우만동 월드컵로366번길,주행형,2023-12-01,,,
2023,수원시,팔달구청,2023-09-17 10:51,우만동 우만동 월드컵로366번길,주행형,2023-12-01,,,
2023,수원시,팔달구청,2023-09-17 10:51,우만동 우만동 월드컵로366번길,주행형,2023-12-01,,,
2023,수원시,팔달구청,2023-09-17 10:51,우만동 우만동 월드컵로366번길,주행형,2023-12-01,,,
2023,수원시,팔달구청,2023-09-17 10:51,우만동 우만동 월드컵로366번길,주행형,2023-12-01,,,
2023,수원시,팔달구청,2023-09-17 10:51,우만동 우만동 월드컵로366번길,주행형,2023-12-01,,,
2023,수원시,팔달구청,2023-09-17 10:51,우만동 우만동 월드컵로366번길,주행형,2023-12-01,,,
2023,수원시,팔달구청,2023-09-17 10:51,우만동 우만동 월드컵로366번길,주행형,2023-12-01,,,
2023,수원시,팔달구청,2023-09-17 10:51,우만동 우만동 월드컵로366번길,주행형,2023-12-01,,,
2023,수원시,팔달구청,2023-09-17 10:51,우만동 우만동 월드컵로366번길,주행형,2023-12-01,,,
2023,수원시,팔달구청,2023-09-17 10:55,우만동 우만동 월드컵로366번길,주행형,2023-12-01,,,
2023,수원시,권선구청,2023-09-17 11:18,권선동 NC터미널점 버스정류장 앞,고정형,2023-12-01,,,
2023,수원시,영통구청,2023-09-17 11:29,망포동 E-마트 에브리데이 앞,고정형,2023-12-01,37.2361017468141,127.060345496536,
2023,수원시,팔달구청,2023-09-17 11:30,매산동 역전농협,고정형,2023-12-01,,,
2023,수원시,팔달구청,2023-09-17 11:41,행궁동 팔달문 버스정류장,고정형,2023-12-01,,,
2023,수원시,영통구청,2023-09-17 11:43,영통동 마사회뒷길,고정형,2023-12-01,,,
2023,수원시,팔달구청,2023-09-17 12:46,행궁동 팔달문 버스정류장,고정형,2023-12-01,,,
2023,수원시,영통구청,2023-09-17 12:47,영통동 마사회뒷길,고정형,2023-12-01,,,
2023,수원시,팔달구청,2023-09-17 13:33,매산동 역전농협,고정형,2023-12-01,,,
2023,수원시,팔달구청,2023-09-17 14:04,지동 지동 팔달문로32번길,주행형,2023-12-01,,,
2023,수원시,팔달구청,2023-09-17 14:07,행궁동 팔달문 버스정류장,고정형,2023-12-01,,,
2023,수원시,권선구청,2023-09-17 14:12,고색동 도이치 고객주차장 출입구,고정형,2023-12-01,,,
2023,수원시,영통구청,2023-09-17 14:21,망포동 E-마트 에브리데이 앞,고정형,2023-12-01,37.2361017468141,127.060345496536,
2023,수원시,영통구청,2023-09-17 14:21,망포동 E-마트 에브리데이 앞,고정형,2023-12-01,37.2361017468141,127.060345496536,
2023,수원시,권선구청,2023-09-17 14:32,서둔동 가온팰리스옆2,고정형,2023-12-01,,,
2023,수원시,권선구청,2023-09-17 14:32,서둔동 가온팰리스옆1,고정형,2023-12-01,,,
2023,수원시,권선구청,2023-09-17 14:33,서둔동 수원역한라비발디퍼스트 앞1,고정형,2023-12-01,,,
2023,수원시,권선구청,2023-09-17 14:33,곡반정동 하나로마트한국빌딩앞,고정형,2023-12-01,,,
2023,수원시,권선구청,2023-09-17 14:34,곡반정동 궁촌육교앞,고정형,2023-12-01,,,
2023,수원시,팔달구청,2023-09-17 14:34,매산동 팔달로 10번길 8,고정형,2023-12-01,,,
2023,수원시,팔달구청,2023-09-17 14:35,매산동 팅스몰 주차장 출구 옆,고정형,2023-12-01,,,
2023,수원시,팔달구청,2023-09-17 14:35,매산동 팅스몰 주차장 출구 옆,고정형,2023-12-01,,,
2023,수원시,팔달구청,2023-09-17 14:35,매산동 팅스몰 주차장 출구 옆,고정형,2023-12-01,,,
2023,수원시,팔달구청,2023-09-17 14:36,인계동 드림캐슬주상복합,고정형,2023-12-01,,,
2023,수원시,권선구청,2023-09-17 14:36,곡반정동 하나로마트한국빌딩앞,고정형,2023-12-01,,,
2023,수원시,팔달구청,2023-09-17 14:42,인계동 경인통계청,고정형,2023-12-01,,,
2023,수원시,권선구청,2023-09-17 14:46,서둔동 가온팰리스옆2,고정형,2023-12-01,,,
2023,수원시,팔달구청,2023-09-17 14:47,행궁동 화홍사랑채,고정형,2023-12-01,,,
2023,수원시,팔달구청,2023-09-17 14:50,인계동 경인통계청,고정형,2023-12-01,,,
2023,수원시,팔달구청,2023-09-17 14:50,화서1동 수원역푸르지오자이 북문 우측,고정형,2023-12-01,,,
2023,수원시,팔달구청,2023-09-17 14:52,남창동 남창동 행궁로 55,주행형,2023-12-01,,,
2023,수원시,팔달구청,2023-09-17 14:52,남창동 남창동 행궁로 55,주행형,2023-12-01,,,
2023,수원시,영통구청,2023-09-17 14:57,이의동 도청예정부지,고정형,2023-12-01,,,
2023,수원시,영통구청,2023-09-17 14:57,이의동 도청예정부지,고정형,2023-12-01,,,
2023,수원시,권선구청,2023-09-17 15:12,곡반정동 궁촌육교앞,고정형,2023-12-01,,,
2023,수원시,팔달구청,2023-09-17 15:16,인계동 한국씨티은행,고정형,2023-12-01,,,
2023,수원시,팔달구청,2023-09-17 15:20,인계동 경인통계청,고정형,2023-12-01,,,
2023,수원시,팔달구청,2023-09-17 15:40,신풍동 미술관로터리,고정형,2023-12-01,,,
2023,수원시,팔달구청,2023-09-17 15:46,매산동 팅스몰 주차장 출구 옆,고정형,2023-12-01,,,
2023,수원시,팔달구청,2023-09-17 15:51,매산동 팅스몰 주차장 출구 옆,고정형,2023-12-01,,,
2023,수원시,팔달구청,2023-09-17 15:55,행궁동 화홍사랑채,고정형,2023-12-01,,,
2023,수원시,영통구청,2023-09-17 15:59,영통동 롯데마트 뒤,고정형,2023-12-01,37.27220279535416,127.10856729001851,
2023,수원시,영통구청,2023-09-17 15:59,영통동 롯데마트 뒤,고정형,2023-12-01,37.27220279535416,127.10856729001851,
2023,수원시,권선구청,2023-09-17 15:59,곡선동 권선중앙약국 건너편,고정형,2023-12-01,,,
2023,수원시,영통구청,2023-09-17 16:02,이의동 광교가재울마을사거리,고정형,2023-12-01,,,
2023,수원시,영통구청,2023-09-17 16:02,이의동 광교가재울마을사거리,고정형,2023-12-01,,,
2023,수원시,팔달구청,2023-09-17 16:10,매산동 팅스몰 주차장 출구 옆,고정형,2023-12-01,,,
2023,수원시,권선구청,2023-09-17 16:19,곡반정동 하나로마트한국빌딩앞,고정형,2023-12-01,,,
2023,수원시,영통구청,2023-09-17 16:24,광교동 광교웰빙타운한양수자인,고정형,2023-12-01,,,
2023,수원시,팔달구청,2023-09-17 16:44,인계동 경인통계청,고정형,2023-12-01,,,
2023,수원시,팔달구청,2023-09-17 16:51,매산동 역전농협,고정형,2023-12-01,,,
2023,수원시,팔달구청,2023-09-17 16:54,매산동 역전농협,고정형,2023-12-01,,,
2023,수원시,권선구청,2023-09-17 17:17,서둔동 가온팰리스옆2,고정형,2023-12-01,,,
2023,수원시,영통구청,2023-09-17 17:30,이의동 도청예정부지,고정형,2023-12-01,,,
2023,수원시,권선구청,2023-09-17 17:44,곡반정동 154-1,국민신문고,2023-12-01,,,
2023,수원시,권선구청,2023-09-17 17:45,곡반정동 156-1,국민신문고,2023-12-01,,,
2023,수원시,팔달구청,2023-09-17 18:08,화서1동 수원역푸르지오자이 북문 우측,고정형,2023-12-01,,,
2023,수원시,팔달구청,2023-09-17 18:12,매산동 팅스몰 주차장 출구 옆,고정형,2023-12-01,,,
2023,수원시,팔달구청,2023-09-17 18:21,매산동 역전농협,고정형,2023-12-01,,,
2023,수원시,팔달구청,2023-09-17 18:21,매산동 팔달로 10번길 8,고정형,2023-12-01,,,
2023,수원시,팔달구청,2023-09-17 18:43,인계동 드림캐슬주상복합,고정형,2023-12-01,,,
2023,수원시,팔달구청,2023-09-17 18:56,매산동 팅스몰 주차장 출구 옆,고정형,2023-12-01,,,
2023,수원시,팔달구청,2023-09-17 19:00,인계동 드림캐슬주상복합,고정형,2023-12-01,,,
2023,수원시,팔달구청,2023-09-17 19:16,인계동 드림캐슬주상복합,고정형,2023-12-01,,,
2023,수원시,팔달구청,2023-09-17 19:16,인계동 드림캐슬주상복합,고정형,2023-12-01,,,
2023,수원시,팔달구청,2023-09-17 19:28,매산동 팔달로 10번길 8,고정형,2023-12-01,,,
2023,수원시,팔달구청,2023-09-17 19:30,매산동 팅스몰 주차장 출구 옆,고정형,2023-12-01,,,
2023,수원시,팔달구청,2023-09-17 19:47,인계동 드림캐슬주상복합,고정형,2023-12-01,,,
2023,수원시,팔달구청,2023-09-17 20:07,매산동 팅스몰 주차장 출구 옆,고정형,2023-12-01,,,
2023,수원시,팔달구청,2023-09-17 20:07,매산동 팅스몰 주차장 출구 옆,고정형,2023-12-01,,,
2023,수원시,권선구청,2023-09-17 21:11,곡반정동 191-4,국민신문고,2023-12-01,,,
2023,수원시,권선구청,2023-09-18 5:40,곡반정동 562-2,국민신문고,2023-12-01,,,
2023,수원시,영통구청,2023-09-18 7:07,망포동 힐스테이트 119동 ~방죽공원 삼거리,고정형,2023-12-01,,,
2023,수원시,팔달구청,2023-09-18 7:07,화서1동 푸르지오자이 북문 CU 앞 횡단보도,고정형,2023-12-01,,,
2023,수원시,영통구청,2023-09-18 7:14,망포동 힐스테이트 119동 ~방죽공원 삼거리,고정형,2023-12-01,,,
2023,수원시,영통구청,2023-09-18 7:30,광교동 광교더사랑교회뒷길,고정형,2023-12-01,,,
2023,수원시,팔달구청,2023-09-18 7:32,인계동 한국씨티은행,고정형,2023-12-01,,,
2023,수원시,팔달구청,2023-09-18 7:33,인계동 경인통계청,고정형,2023-12-01,,,
2023,수원시,팔달구청,2023-09-18 7:33,매산동 팅스몰 주차장 출구 옆,고정형,2023-12-01,,,
2023,수원시,팔달구청,2023-09-18 7:34,매산동 팅스몰 주차장 출구 옆,고정형,2023-12-01,,,
2023,수원시,팔달구청,2023-09-18 7:35,인계동 경인통계청,고정형,2023-12-01,,,
2023,수원시,팔달구청,2023-09-18 7:35,매산동 팅스몰 주차장 출구 옆,고정형,2023-12-01,,,
2023,수원시,권선구청,2023-09-18 8:01,서둔동 롯데마트 하역장입구,고정형,2023-12-01,,,
2023,수원시,권선구청,2023-09-18 8:03,서둔동 가온팰리스옆1,고정형,2023-12-01,,,
2023,수원시,권선구청,2023-09-18 8:04,서둔동 가온팰리스옆2,고정형,2023-12-01,,,
2023,수원시,권선구청,2023-09-18 8:07,권선2동 곡정초교 정문 좌측 사거리,고정형,2023-12-01,,,
2023,수원시,권선구청,2023-09-18 8:07,권선2동 곡정초교 정문 좌측 사거리,고정형,2023-12-01,,,
2023,수원시,권선구청,2023-09-18 8:08,서둔동 가온팰리스옆1,고정형,2023-12-01,,,
2023,수원시,영통구청,2023-09-18 8:15,경기도수원시영통구매탄동 수원시 영통구 매탄동 164,보행,2023-12-01,,,
2023,수원시,영통구청,2023-09-18 8:15,경기도수원시영통구매탄동 수원시 영통구 매탄동 164,보행,2023-12-01,,,
2023,수원시,팔달구청,2023-09-18 8:44,화서1동 수원역푸르지오자이 북문 우측,고정형,2023-12-01,,,
2023,수원시,권선구청,2023-09-18 9:08,서둔동 가온팰리스옆2,고정형,2023-12-01,,,
2023,수원시,장안구청,2023-09-18 9:20,경기도수원시장안구영화동 수원시 장안구 영화동 382,보행,2023-12-01,,,
2023,수원시,팔달구청,2023-09-18 9:22,매산동 팅스몰 주차장 출구 옆,고정형,2023-12-01,,,
2023,수원시,권선구청,2023-09-18 9:23,서둔동 가온팰리스옆2,고정형,2023-12-01,,,
2023,수원시,팔달구청,2023-09-18 9:46,매산동 팅스몰 주차장 출구 옆,고정형,2023-12-01,,,
2023,수원시,권선구청,2023-09-18 10:25,서둔동 가온팰리스옆2,고정형,2023-12-01,,,
2023,수원시,권선구청,2023-09-18 10:33,세류3동 신곡초교 후문 좌측 사거리,고정형,2023-12-01,,,
2023,수원시,영통구청,2023-09-18 11:08,망포동 힐스테이트 119동 ~방죽공원 삼거리,고정형,2023-12-01,,,
2023,수원시,권선구청,2023-09-18 12:00,권선2동 곡정초교 정문 좌측 사거리,고정형,2023-12-01,,,
2023,수원시,권선구청,2023-09-18 13:35,입북동 당수초교 정문 우측 사거리,고정형,2023-12-01,,,
2023,수원시,권선구청,2023-09-18 14:34,서둔동 가온팰리스옆2,고정형,2023-12-01,,,
2023,수원시,권선구청,2023-09-18 14:34,서둔동 가온팰리스옆2,고정형,2023-12-01,,,
2023,수원시,팔달구청,2023-09-18 14:43,인계동 경인통계청,고정형,2023-12-01,,,
2023,수원시,영통구청,2023-09-18 15:00,망포동 힐스테이트 119동 ~방죽공원 삼거리,고정형,2023-12-01,,,
2023,수원시,영통구청,2023-09-18 15:10,원천동 광교에일린의뜰 북측,고정형,2023-12-01,,,
2023,수원시,영통구청,2023-09-18 15:10,원천동 광교에일린의뜰 북측,고정형,2023-12-01,,,
2023,수원시,팔달구청,2023-09-18 15:36,매산동 팅스몰 주차장 출구 옆,고정형,2023-12-01,,,
2023,수원시,영통구청,2023-09-18 15:39,이의동 드림스퀘어Ⅱ 앞,고정형,2023-12-01,,,
2023,수원시,팔달구청,2023-09-18 15:41,화서1동 수원역푸르지오자이 북문 우측,고정형,2023-12-01,,,
2023,수원시,팔달구청,2023-09-18 15:51,매산동 역전농협,고정형,2023-12-01,,,
2023,수원시,팔달구청,2023-09-18 15:56,고등동 고등동 161-7 횡단보도,국민신문고,2023-12-01,,,
2023,수원시,영통구청,2023-09-18 16:05,원천동 광교 한화겔러리아 앞,고정형,2023-12-01,,,
2023,수원시,팔달구청,2023-09-18 16:08,인계동 드림캐슬주상복합,고정형,2023-12-01,,,
2023,수원시,팔달구청,2023-09-18 16:10,인계동 경인통계청,고정형,2023-12-01,,,
2023,수원시,권선구청,2023-09-18 16:28,서둔동 수원역한라비발디퍼스트 앞2,고정형,2023-12-01,,,
2023,수원시,팔달구청,2023-09-18 16:37,매산동 팅스몰 주차장 출구 옆,고정형,2023-12-01,,,
2023,수원시,권선구청,2023-09-18 16:44,곡반정동 하나로마트한국빌딩앞,고정형,2023-12-01,,,
2023,수원시,팔달구청,2023-09-18 16:49,매산동 팔달로 10번길 8,고정형,2023-12-01,,,
2023,수원시,권선구청,2023-09-18 16:54,서둔동 가온팰리스옆2,고정형,2023-12-01,,,
2023,수원시,팔달구청,2023-09-18 17:16,인계동 경인통계청,고정형,2023-12-01,,,
2023,수원시,권선구청,2023-09-18 17:18,서둔동 가온팰리스옆2,고정형,2023-12-01,,,
2023,수원시,권선구청,2023-09-18 17:18,서둔동 가온팰리스옆2,고정형,2023-12-01,,,
2023,수원시,팔달구청,2023-09-18 17:19,화서1동 수원역푸르지오자이 북문 우측,고정형,2023-12-01,,,
2023,수원시,팔달구청,2023-09-18 17:24,매산동 역전농협,고정형,2023-12-01,,,
2023,수원시,권선구청,2023-09-18 17:36,서둔동 가온팰리스옆2,고정형,2023-12-01,,,
2023,수원시,영통구청,2023-09-18 17:55,이의동 광교가재울마을사거리,고정형,2023-12-01,,,
2023,수원시,팔달구청,2023-09-18 17:56,매교동 매교동 185-24 버스정류장,국민신문고,2023-12-01,,,
2023,수원시,팔달구청,2023-09-18 18:01,매산동 팔달로 10번길 8,고정형,2023-12-01,,,
2023,수원시,팔달구청,2023-09-18 18:01,매산동 팔달로 10번길 8,고정형,2023-12-01,,,
2023,수원시,팔달구청,2023-09-18 18:40,매산동 팅스몰 주차장 출구 옆,고정형,2023-12-01,,,
2023,수원시,팔달구청,2023-09-18 18:54,매산동 팅스몰 주차장 출구 옆,고정형,2023-12-01,,,
2023,수원시,팔달구청,2023-09-18 19:27,매산동 역전농협,고정형,2023-12-01,,,
2023,수원시,영통구청,2023-09-18 19:37,영통동 마사회뒷길,고정형,2023-12-01,,,
2023,수원시,팔달구청,2023-09-18 19:50,화서1동 수원역푸르지오자이 북문 우측,고정형,2023-12-01,,,
2023,수원시,팔달구청,2023-09-18 19:51,매산동 팅스몰 주차장 출구 옆,고정형,2023-12-01,,,
2023,수원시,팔달구청,2023-09-18 19:51,매산동 팅스몰 주차장 출구 옆,고정형,2023-12-01,,,
2023,수원시,팔달구청,2023-09-18 21:38,인계동 드림캐슬주상복합,고정형,2023-12-01,,,
2023,수원시,권선구청,2023-09-19 1:25,곡반정동 105-11,국민신문고,2023-12-01,,,
2023,수원시,장안구청,2023-09-19 6:35,상광교동 송죽동 466,국민신문고,2023-12-01,,,
2023,수원시,팔달구청,2023-09-19 7:04,화서1동 푸르지오자이 북문 CU 앞 횡단보도,고정형,2023-12-01,,,
2023,수원시,팔달구청,2023-09-19 7:32,인계동 경인통계청,고정형,2023-12-01,,,
2023,수원시,팔달구청,2023-09-19 7:33,매산동 팅스몰 주차장 출구 옆,고정형,2023-12-01,,,
2023,수원시,팔달구청,2023-09-19 7:36,매산동 팅스몰 주차장 출구 옆,고정형,2023-12-01,,,
2023,수원시,권선구청,2023-09-19 8:02,서둔동 가온팰리스옆1,고정형,2023-12-01,,,
2023,수원시,권선구청,2023-09-19 8:03,서둔동 가온팰리스옆1,고정형,2023-12-01,,,
2023,수원시,팔달구청,2023-09-19 8:04,인계동 드림캐슬주상복합,고정형,2023-12-01,,,
2023,수원시,권선구청,2023-09-19 8:04,곡반정동 하나로마트한국빌딩앞,고정형,2023-12-01,,,
2023,수원시,권선구청,2023-09-19 8:05,서둔동 가온팰리스옆2,고정형,2023-12-01,,,
2023,수원시,권선구청,2023-09-19 8:05,서둔동 가온팰리스옆2,고정형,2023-12-01,,,
2023,수원시,권선구청,2023-09-19 8:09,세류3동 신곡초교 후문 좌측 사거리,고정형,2023-12-01,,,
2023,수원시,장안구청,2023-09-19 9:01,율전동 율전동4116-16,국민신문고,2023-12-01,,,
2023,수원시,팔달구청,2023-09-19 9:03,인계동 경인통계청,고정형,2023-12-01,,,
2023,수원시,팔달구청,2023-09-19 9:09,화서1동 수원역푸르지오자이 북문 우측,고정형,2023-12-01,,,
2023,수원시,팔달구청,2023-09-19 9:17,매산동 팅스몰 주차장 출구 옆,고정형,2023-12-01,,,
2023,수원시,팔달구청,2023-09-19 9:49,매산동 팅스몰 주차장 출구 옆,고정형,2023-12-01,,,
2023,수원시,팔달구청,2023-09-19 10:04,인계동 경인통계청,고정형,2023-12-01,,,
2023,수원시,팔달구청,2023-09-19 10:04,인계동 경인통계청,고정형,2023-12-01,,,
2023,수원시,영통구청,2023-09-19 10:06,망포동 E-마트 에브리데이 앞,고정형,2023-12-01,37.2361017468141,127.060345496536,
2023,수원시,팔달구청,2023-09-19 10:07,화서1동 수원역푸르지오자이 북문 우측,고정형,2023-12-01,,,
2023,수원시,권선구청,2023-09-19 11:05,입북동 당수초교 정문 우측 사거리,고정형,2023-12-01,,,
2023,수원시,팔달구청,2023-09-19 11:07,화서1동 수원역푸르지오자이 북문 우측,고정형,2023-12-01,,,
2023,수원시,권선구청,2023-09-19 11:12,고등동 수인로,주행형,2023-12-01,,,
2023,수원시,팔달구청,2023-09-19 12:13,장안동 장안동 287-331 소화전,국민신문고,2023-12-01,,,
2023,수원시,장안구청,2023-09-19 12:44,연무동 연무동 244,국민신문고,2023-12-01,37.315310359329,127.026982345875,
2023,수원시,장안구청,2023-09-19 13:19,연무동 연무동 244-9,국민신문고,2023-12-01,,,
2023,수원시,팔달구청,2023-09-19 14:00,화서1동 수원역푸르지오자이 북문 우측,고정형,2023-12-01,,,
2023,수원시,권선구청,2023-09-19 14:22,금곡동 가온초교 정문 우측 사거리,고정형,2023-12-01,,,
2023,수원시,팔달구청,2023-09-19 14:24,매산동 역전농협,고정형,2023-12-01,,,
2023,수원시,팔달구청,2023-09-19 14:32,북수동 쌈지공원 앞,고정형,2023-12-01,,,
2023,수원시,영통구청,2023-09-19 14:40,이의동 드림스퀘어Ⅱ 앞,고정형,2023-12-01,,,
2023,수원시,권선구청,2023-09-19 14:48,서둔동 가온팰리스옆2,고정형,2023-12-01,,,
2023,수원시,팔달구청,2023-09-19 14:58,매산동 역전농협,고정형,2023-12-01,,,
2023,수원시,팔달구청,2023-09-19 15:06,장안동 장안동 화서문로17번길,주행형,2023-12-01,,,
2023,수원시,팔달구청,2023-09-19 15:06,장안동 장안동 화서문로17번길,주행형,2023-12-01,,,
2023,수원시,팔달구청,2023-09-19 15:06,장안동 장안동 화서문로17번길,주행형,2023-12-01,,,
2023,수원시,팔달구청,2023-09-19 15:06,장안동 장안동 화서문로17번길,주행형,2023-12-01,,,
2023,수원시,팔달구청,2023-09-19 15:06,장안동 장안동 화서문로17번길,주행형,2023-12-01,,,
2023,수원시,팔달구청,2023-09-19 15:06,장안동 장안동 화서문로17번길,주행형,2023-12-01,,,
2023,수원시,영통구청,2023-09-19 15:11,이의동 드림스퀘어Ⅱ 앞,고정형,2023-12-01,,,
2023,수원시,권선구청,2023-09-19 15:22,입북동 당수초교 정문 우측 사거리,고정형,2023-12-01,,,
2023,수원시,팔달구청,2023-09-19 15:31,북수동 쌈지공원 앞,고정형,2023-12-01,,,
2023,수원시,팔달구청,2023-09-19 15:33,인계동 경인통계청,고정형,2023-12-01,,,
2023,수원시,팔달구청,2023-09-19 15:33,인계동 경인통계청,고정형,2023-12-01,,,
2023,수원시,팔달구청,2023-09-19 16:09,북수동 쌈지공원 앞,고정형,2023-12-01,,,
2023,수원시,팔달구청,2023-09-19 16:10,인계동 경인통계청,고정형,2023-12-01,,,
2023,수원시,팔달구청,2023-09-19 16:29,인계동 드림캐슬주상복합,고정형,2023-12-01,,,
2023,수원시,팔달구청,2023-09-19 16:47,북수동 쌈지공원 앞,고정형,2023-12-01,,,
2023,수원시,권선구청,2023-09-19 16:49,권선동 NC터미널점 버스정류장 앞,고정형,2023-12-01,,,
2023,수원시,영통구청,2023-09-19 16:54,이의동 드림스퀘어Ⅱ 앞,고정형,2023-12-01,,,
2023,수원시,권선구청,2023-09-19 17:21,평동 오목초교 정문 우측 삼거리,고정형,2023-12-01,,,
2023,수원시,장안구청,2023-09-19 18:01,상광교동 광교버스정류장종점,고정형,2023-12-01,,,
2023,수원시,팔달구청,2023-09-19 18:02,매산동 팔달로 10번길 8,고정형,2023-12-01,,,
2023,수원시,팔달구청,2023-09-19 18:03,매산동 팔달로 10번길 8,고정형,2023-12-01,,,
2023,수원시,팔달구청,2023-09-19 18:35,매산동 팅스몰 주차장 출구 옆,고정형,2023-12-01,,,
2023,수원시,팔달구청,2023-09-19 18:55,매산동 팅스몰 주차장 출구 옆,고정형,2023-12-01,,,
2023,수원시,팔달구청,2023-09-19 19:07,매산동 팅스몰 주차장 출구 옆,고정형,2023-12-01,,,
2023,수원시,팔달구청,2023-09-19 19:41,인계동 드림캐슬주상복합,고정형,2023-12-01,,,
2023,수원시,장안구청,2023-09-19 19:47,입북동 율전로64번길,주행형,2023-12-01,,,
2023,수원시,팔달구청,2023-09-19 19:55,인계동 드림캐슬주상복합,고정형,2023-12-01,,,
2023,수원시,팔달구청,2023-09-19 20:04,매산동 팅스몰 주차장 출구 옆,고정형,2023-12-01,,,
2023,수원시,팔달구청,2023-09-19 20:10,인계동 드림캐슬주상복합,고정형,2023-12-01,,,
2023,수원시,팔달구청,2023-09-19 20:23,인계동 드림캐슬주상복합,고정형,2023-12-01,,,
2023,수원시,팔달구청,2023-09-19 20:31,매산동 팅스몰 주차장 출구 옆,고정형,2023-12-01,,,
2023,수원시,팔달구청,2023-09-19 20:31,-1 팅스몰 주차장 출구 옆,고정형,2023-12-01,,,
2023,수원시,장안구청,2023-09-19 20:35,상광교동 송죽동 465,국민신문고,2023-12-01,,,
2023,수원시,팔달구청,2023-09-19 20:43,인계동 드림캐슬주상복합,고정형,2023-12-01,,,
2023,수원시,권선구청,2023-09-20 5:42,곡반정동 562-2,국민신문고,2023-12-01,,,
2023,수원시,권선구청,2023-09-20 5:44,곡반정동 562-2 소화전,국민신문고,2023-12-01,,,
2023,수원시,팔달구청,2023-09-20 7:04,화서1동 푸르지오자이 북문 CU 앞 횡단보도,고정형,2023-12-01,,,
2023,수원시,팔달구청,2023-09-20 7:33,인계동 드림캐슬주상복합,고정형,2023-12-01,,,
2023,수원시,팔달구청,2023-09-20 7:34,매산동 팅스몰 주차장 출구 옆,고정형,2023-12-01,,,
2023,수원시,팔달구청,2023-09-20 7:35,인계동 한국씨티은행,고정형,2023-12-01,,,
2023,수원시,영통구청,2023-09-20 7:59,광교동 광교이의119안전센터,고정형,2023-12-01,,,
2023,수원시,영통구청,2023-09-20 8:01,영통구 망포동771-19,국민신문고,2023-12-01,,,
2023,수원시,팔달구청,2023-09-20 8:03,북수동 쌈지공원 앞,고정형,2023-12-01,,,
2023,수원시,권선구청,2023-09-20 8:03,곡반정동 하나로마트한국빌딩앞,고정형,2023-12-01,,,
2023,수원시,권선구청,2023-09-20 8:05,서둔동 가온팰리스옆1,고정형,2023-12-01,,,
2023,수원시,권선구청,2023-09-20 8:05,서둔동 가온팰리스옆1,고정형,2023-12-01,,,
2023,수원시,권선구청,2023-09-20 8:05,서둔동 가온팰리스옆1,고정형,2023-12-01,,,
2023,수원시,권선구청,2023-09-20 8:06,곡반정동 하나로마트한국빌딩앞,고정형,2023-12-01,,,
2023,수원시,팔달구청,2023-09-20 8:18,인계동 한국씨티은행,고정형,2023-12-01,,,
2023,수원시,권선구청,2023-09-20 9:02,서둔동 가온팰리스옆2,고정형,2023-12-01,,,
2023,수원시,권선구청,2023-09-20 9:20,서둔동 가온팰리스옆2,고정형,2023-12-01,,,
2023,수원시,팔달구청,2023-09-20 9:58,인계동 드림캐슬주상복합,고정형,2023-12-01,,,
2023,수원시,팔달구청,2023-09-20 10:28,매산동 팅스몰 주차장 출구 옆,고정형,2023-12-01,,,
2023,수원시,팔달구청,2023-09-20 10:33,매산동 팔달로 10번길 8,고정형,2023-12-01,,,
2023,수원시,팔달구청,2023-09-20 10:33,매산동 팔달로 10번길 8,고정형,2023-12-01,,,
2023,수원시,팔달구청,2023-09-20 12:00,화서1동 수원역푸르지오자이 북문 우측,고정형,2023-12-01,,,
2023,수원시,팔달구청,2023-09-20 12:11,화서1동 푸르지오자이 북문 CU 앞 횡단보도,고정형,2023-12-01,,,
2023,수원시,팔달구청,2023-09-20 13:50,매산동 역전농협,고정형,2023-12-01,,,
2023,수원시,팔달구청,2023-09-20 14:02,화서동 화서동 동말로26번길,주행형,2023-12-01,,,
2023,수원시,팔달구청,2023-09-20 14:03,화서동 화서동 동말로26번길,주행형,2023-12-01,,,
2023,수원시,팔달구청,2023-09-20 14:03,화서동 화서동 동말로26번길,주행형,2023-12-01,,,
2023,수원시,팔달구청,2023-09-20 14:03,화서동 화서동 동말로26번길,주행형,2023-12-01,,,
2023,수원시,팔달구청,2023-09-20 14:03,화서동 화서동 동말로26번길,주행형,2023-12-01,,,
2023,수원시,팔달구청,2023-09-20 14:03,화서동 화서동 동말로26번길,주행형,2023-12-01,,,
2023,수원시,팔달구청,2023-09-20 14:21,장안동 장안동 화서문로17번길,주행형,2023-12-01,,,
2023,수원시,팔달구청,2023-09-20 14:21,장안동 장안동 화서문로17번길,주행형,2023-12-01,,,
2023,수원시,팔달구청,2023-09-20 14:21,장안동 장안동 화서문로17번길,주행형,2023-12-01,,,
2023,수원시,팔달구청,2023-09-20 14:21,장안동 장안동 화서문로17번길,주행형,2023-12-01,,,
2023,수원시,팔달구청,2023-09-20 14:21,장안동 장안동 화서문로17번길,주행형,2023-12-01,,,
2023,수원시,팔달구청,2023-09-20 14:21,장안동 장안동 화서문로17번길,주행형,2023-12-01,,,
2023,수원시,팔달구청,2023-09-20 14:21,장안동 장안동 화서문로17번길,주행형,2023-12-01,,,
2023,수원시,팔달구청,2023-09-20 14:32,매산동 팅스몰 주차장 출구 옆,고정형,2023-12-01,,,
2023,수원시,팔달구청,2023-09-20 14:32,매산동 팅스몰 주차장 출구 옆,고정형,2023-12-01,,,
2023,수원시,팔달구청,2023-09-20 14:33,인계동 드림캐슬주상복합,고정형,2023-12-01,,,
2023,수원시,팔달구청,2023-09-20 14:33,북수동 쌈지공원 앞,고정형,2023-12-01,,,
2023,수원시,팔달구청,2023-09-20 14:36,인계동 드림캐슬주상복합,고정형,2023-12-01,,,
2023,수원시,권선구청,2023-09-20 14:37,서둔동 가온팰리스옆2,고정형,2023-12-01,,,
2023,수원시,팔달구청,2023-09-20 14:40,인계동 경인통계청,고정형,2023-12-01,,,
2023,수원시,권선구청,2023-09-20 14:42,세류3동 신곡초교 후문 좌측 사거리,고정형,2023-12-01,,,
2023,수원시,권선구청,2023-09-20 14:54,서둔동 가온팰리스옆2,고정형,2023-12-01,,,
2023,수원시,팔달구청,2023-09-20 15:08,인계동 드림캐슬주상복합,고정형,2023-12-01,,,
2023,수원시,팔달구청,2023-09-20 15:22,화서1동 수원역푸르지오자이 북문 우측,고정형,2023-12-01,,,
2023,수원시,팔달구청,2023-09-20 15:32,매산동 팅스몰 주차장 출구 옆,고정형,2023-12-01,,,
2023,수원시,팔달구청,2023-09-20 15:49,인계동 경인통계청,고정형,2023-12-01,,,
2023,수원시,팔달구청,2023-09-20 16:05,인계동 경인통계청,고정형,2023-12-01,,,
2023,수원시,영통구청,2023-09-20 16:07,원천동 광교 한화겔러리아 앞,고정형,2023-12-01,,,
2023,수원시,팔달구청,2023-09-20 16:11,인계동 드림캐슬주상복합,고정형,2023-12-01,,,
2023,수원시,권선구청,2023-09-20 16:16,세류3동 신곡초교 후문 좌측 사거리,고정형,2023-12-01,,,
2023,수원시,권선구청,2023-09-20 16:26,곡선동 권선중앙약국 건너편,고정형,2023-12-01,,,
2023,수원시,팔달구청,2023-09-20 16:46,매산동 팅스몰 주차장 출구 옆,고정형,2023-12-01,,,
2023,수원시,팔달구청,2023-09-20 16:50,인계동 경인통계청,고정형,2023-12-01,,,
2023,수원시,권선구청,2023-09-20 16:53,세류3동 신곡초교 후문 좌측 사거리,고정형,2023-12-01,,,
2023,수원시,팔달구청,2023-09-20 17:01,매산동 역전농협,고정형,2023-12-01,,,
2023,수원시,권선구청,2023-09-20 17:01,서둔동 가온팰리스옆2,고정형,2023-12-01,,,
2023,수원시,권선구청,2023-09-20 17:12,서둔동 가온팰리스옆2,고정형,2023-12-01,,,
2023,수원시,권선구청,2023-09-20 17:18,입북동 당수초교 정문 우측 사거리,고정형,2023-12-01,,,
2023,수원시,영통구청,2023-09-20 17:39,망포동 힐스테이트 119동 ~방죽공원 삼거리,고정형,2023-12-01,,,
2023,수원시,팔달구청,2023-09-20 17:49,인계동 드림캐슬주상복합,고정형,2023-12-01,,,
2023,수원시,팔달구청,2023-09-20 18:00,인계동 드림캐슬주상복합,고정형,2023-12-01,,,
2023,수원시,영통구청,2023-09-20 18:48,영통동 롯데마트 뒤,고정형,2023-12-01,37.27220279535416,127.10856729001851,
2023,수원시,팔달구청,2023-09-20 19:12,행궁동 팔달문 버스정류장,고정형,2023-12-01,,,
2023,수원시,영통구청,2023-09-20 19:46,망포동 힐스테이트 119동 ~방죽공원 삼거리,고정형,2023-12-01,,,
2023,수원시,팔달구청,2023-09-20 19:57,매산동 역전농협,고정형,2023-12-01,,,
2023,수원시,팔달구청,2023-09-20 20:19,매산동 팅스몰 주차장 출구 옆,고정형,2023-12-01,,,
2023,수원시,영통구청,2023-09-20 20:21,원천동 광교에일린의뜰 북측,고정형,2023-12-01,,,
2023,수원시,권선구청,2023-09-20 21:36,오목천동 527-21 횡단보도,국민신문고,2023-12-01,,,
2023,수원시,권선구청,2023-09-21 5:55,곡반정동 562-9,국민신문고,2023-12-01,,,
2023,수원시,권선구청,2023-09-21 5:56,곡반정동 562-2,국민신문고,2023-12-01,,,
2023,수원시,권선구청,2023-09-21 5:56,곡반정동 562-2,국민신문고,2023-12-01,,,
2023,수원시,팔달구청,2023-09-21 7:09,화서1동 푸르지오자이 북문 CU 앞 횡단보도,고정형,2023-12-01,,,
2023,수원시,팔달구청,2023-09-21 7:33,인계동 경인통계청,고정형,2023-12-01,,,
2023,수원시,팔달구청,2023-09-21 7:33,매산동 팅스몰 주차장 출구 옆,고정형,2023-12-01,,,
2023,수원시,팔달구청,2023-09-21 7:58,인계동 한국씨티은행,고정형,2023-12-01,,,
2023,수원시,권선구청,2023-09-21 8:03,곡반정동 궁촌육교앞,고정형,2023-12-01,,,
2023,수원시,권선구청,2023-09-21 8:04,서둔동 가온팰리스옆1,고정형,2023-12-01,,,
2023,수원시,권선구청,2023-09-21 8:05,서둔동 가온팰리스옆2,고정형,2023-12-01,,,
2023,수원시,권선구청,2023-09-21 8:05,권선2동 곡정초교 정문 좌측 사거리,고정형,2023-12-01,,,
2023,수원시,권선구청,2023-09-21 8:08,곡반정동 하나로마트한국빌딩앞,고정형,2023-12-01,,,
2023,수원시,팔달구청,2023-09-21 8:13,인계동 경인통계청,고정형,2023-12-01,,,
2023,수원시,팔달구청,2023-09-21 8:37,화서1동 화서초등학교 둘레길 중간지점,고정형,2023-12-01,,,
2023,수원시,팔달구청,2023-09-21 8:54,화서1동 수원역푸르지오자이 북문 우측,고정형,2023-12-01,,,
2023,수원시,팔달구청,2023-09-21 9:27,매산동 팅스몰 주차장 출구 옆,고정형,2023-12-01,,,
2023,수원시,권선구청,2023-09-21 9:39,구운동 구운초교 정문 우측 삼거리,고정형,2023-12-01,,,
2023,수원시,팔달구청,2023-09-21 10:05,화서1동 수원역푸르지오자이 북문 우측,고정형,2023-12-01,,,
2023,수원시,권선구청,2023-09-21 10:14,곡선동 권선중앙약국 건너편,고정형,2023-12-01,,,
2023,수원시,영통구청,2023-09-21 10:14,경기도수원시영통구매탄동 수원시 영통구 매탄동 164,보행,2023-12-01,,,
2023,수원시,영통구청,2023-09-21 10:38,영덕동 삼성로,주행형,2023-12-01,,,
2023,수원시,영통구청,2023-09-21 10:38,영덕동 삼성로,주행형,2023-12-01,,,
2023,수원시,팔달구청,2023-09-21 10:45,인계동 한국씨티은행,고정형,2023-12-01,,,
2023,수원시,팔달구청,2023-09-21 11:00,매산동 역전농협,고정형,2023-12-01,,,
2023,수원시,권선구청,2023-09-21 11:01,금곡동 가온초교 정문 우측 사거리,고정형,2023-12-01,,,
2023,수원시,권선구청,2023-09-21 11:21,고색동 도이치 고객주차장 출입구,고정형,2023-12-01,,,
2023,수원시,권선구청,2023-09-21 11:37,금곡동 가온초교 정문 우측 사거리,고정형,2023-12-01,,,
2023,수원시,영통구청,2023-09-21 11:44,이의동 광교가재울마을사거리,고정형,2023-12-01,,,
2023,수원시,영통구청,2023-09-21 11:47,영통구 45두9301,주민신고제,2023-12-01,,,
2023,수원시,팔달구청,2023-09-21 14:21,경기도수원시팔달구장안동 수원시 팔달구 북수동 15-2,보행,2023-12-01,,,
2023,수원시,팔달구청,2023-09-21 14:26,남수동 남수동 팔달문로3번길,주행형,2023-12-01,,,
2023,수원시,팔달구청,2023-09-21 14:26,남수동 남수동 정조로800번길,주행형,2023-12-01,,,
2023,수원시,팔달구청,2023-09-21 14:26,남수동 남수동 정조로800번길,주행형,2023-12-01,,,
2023,수원시,팔달구청,2023-09-21 14:33,인계동 드림캐슬주상복합,고정형,2023-12-01,,,
2023,수원시,팔달구청,2023-09-21 14:34,매산동 팔달로 10번길 8,고정형,2023-12-01,,,
2023,수원시,팔달구청,2023-09-21 14:34,매산동 팔달로 10번길 8,고정형,2023-12-01,,,
2023,수원시,권선구청,2023-09-21 14:36,서둔동 수원역한라비발디퍼스트 앞2,고정형,2023-12-01,,,
2023,수원시,권선구청,2023-09-21 14:38,평동 고현초교 정문 좌측 삼거리,고정형,2023-12-01,,,
2023,수원시,팔달구청,2023-09-21 14:45,인계동 경인통계청,고정형,2023-12-01,,,
2023,수원시,영통구청,2023-09-21 14:45,이의동 드림스퀘어Ⅱ 앞,고정형,2023-12-01,,,
2023,수원시,팔달구청,2023-09-21 14:52,경기도수원시팔달구지동 수원시 팔달구 매교동 26-10,보행,2023-12-01,,,
2023,수원시,팔달구청,2023-09-21 14:59,매산동 역전농협,고정형,2023-12-01,,,
2023,수원시,팔달구청,2023-09-21 15:00,매산동 팅스몰 주차장 출구 옆,고정형,2023-12-01,,,
2023,수원시,팔달구청,2023-09-21 15:00,매산동 팅스몰 주차장 출구 옆,고정형,2023-12-01,,,
2023,수원시,권선구청,2023-09-21 15:03,입북동 당수초교 정문 우측 사거리,고정형,2023-12-01,,,
2023,수원시,영통구청,2023-09-21 15:18,이의동 드림스퀘어Ⅱ 앞,고정형,2023-12-01,,,
2023,수원시,팔달구청,2023-09-21 15:25,인계동 경인통계청,고정형,2023-12-01,,,
2023,수원시,팔달구청,2023-09-21 15:35,화서1동 푸르지오자이 북문 CU 앞 횡단보도,고정형,2023-12-01,,,
2023,수원시,팔달구청,2023-09-21 15:46,매교동 매교동 288-721 인도,국민신문고,2023-12-01,,,
2023,수원시,권선구청,2023-09-21 16:01,서둔동 가온팰리스옆2,고정형,2023-12-01,,,
2023,수원시,권선구청,2023-09-21 16:21,권선동 NC터미널점 버스정류장 앞,고정형,2023-12-01,,,
2023,수원시,팔달구청,2023-09-21 16:23,매산동 팔달로 10번길 8,고정형,2023-12-01,,,
2023,수원시,팔달구청,2023-09-21 16:23,매산동 팔달로 10번길 8,고정형,2023-12-01,,,
2023,수원시,권선구청,2023-09-21 17:03,평동 오목초교 정문 우측 삼거리,고정형,2023-12-01,,,
2023,수원시,팔달구청,2023-09-21 17:06,인계동 경인통계청,고정형,2023-12-01,,,
2023,수원시,권선구청,2023-09-21 17:11,곡반정동 하나로마트한국빌딩앞,고정형,2023-12-01,,,
2023,수원시,권선구청,2023-09-21 17:11,곡반정동 하나로마트한국빌딩앞,고정형,2023-12-01,,,
2023,수원시,팔달구청,2023-09-21 17:22,매산동 팅스몰 주차장 출구 옆,고정형,2023-12-01,,,
2023,수원시,팔달구청,2023-09-21 17:25,화서1동 수원역푸르지오자이 북문 우측,고정형,2023-12-01,,,
2023,수원시,팔달구청,2023-09-21 17:35,인계동 경인통계청,고정형,2023-12-01,,,
2023,수원시,권선구청,2023-09-21 17:48,입북동 당수초교 정문 우측 사거리,고정형,2023-12-01,,,
2023,수원시,팔달구청,2023-09-21 17:59,화서1동 푸르지오자이 북문 CU 앞 횡단보도,고정형,2023-12-01,,,
2023,수원시,팔달구청,2023-09-21 18:25,매산동 팅스몰 주차장 출구 옆,고정형,2023-12-01,,,
2023,수원시,영통구청,2023-09-21 18:37,이의동 광교가재울마을사거리,고정형,2023-12-01,,,
2023,수원시,장안구청,2023-09-21 18:37,장안구 화서동 69*5-1,보행,2023-12-01,,,
2023,수원시,팔달구청,2023-09-21 18:40,화서1동 수원역푸르지오자이 북문 우측,고정형,2023-12-01,,,
2023,수원시,팔달구청,2023-09-21 18:48,매산동 팅스몰 주차장 출구 옆,고정형,2023-12-01,,,
2023,수원시,팔달구청,2023-09-21 18:48,매산동 팅스몰 주차장 출구 옆,고정형,2023-12-01,,,
2023,수원시,영통구청,2023-09-21 18:52,망포동 힐스테이트 119동 ~방죽공원 삼거리,고정형,2023-12-01,,,
2023,수원시,팔달구청,2023-09-21 19:14,매산동 팅스몰 주차장 출구 옆,고정형,2023-12-01,,,
2023,수원시,팔달구청,2023-09-21 19:24,인계동 드림캐슬주상복합,고정형,2023-12-01,,,
2023,수원시,팔달구청,2023-09-21 19:32,경기도수원시팔달구인계동 수원시 팔달구 인계동 155,보행,2023-12-01,,,
2023,수원시,영통구청,2023-09-21 19:37,원천동 광교매원초등학교,고정형,2023-12-01,,,
2023,수원시,팔달구청,2023-09-21 19:38,화서1동 수원역푸르지오자이 북문 우측,고정형,2023-12-01,,,
2023,수원시,영통구청,2023-09-21 20:24,광교동 광교이의119안전센터,고정형,2023-12-01,,,
2023,수원시,팔달구청,2023-09-21 20:32,매산동 팅스몰 주차장 출구 옆,고정형,2023-12-01,,,
2023,수원시,팔달구청,2023-09-21 20:32,매산동 팅스몰 주차장 출구 옆,고정형,2023-12-01,,,
2023,수원시,팔달구청,2023-09-21 20:33,인계동 드림캐슬주상복합,고정형,2023-12-01,,,
2023,수원시,팔달구청,2023-09-21 20:52,화서1동 푸르지오자이 북문 CU 앞 횡단보도,고정형,2023-12-01,,,
2023,수원시,장안구청,2023-09-22 1:13,천천동 천천동439,국민신문고,2023-12-01,,,
2023,수원시,팔달구청,2023-09-22 7:03,화서1동 푸르지오자이 북문 CU 앞 횡단보도,고정형,2023-12-01,,,
2023,수원시,팔달구청,2023-09-22 7:34,매산동 팅스몰 주차장 출구 옆,고정형,2023-12-01,,,
2023,수원시,팔달구청,2023-09-22 7:49,인계동 드림캐슬주상복합,고정형,2023-12-01,,,
2023,수원시,권선구청,2023-09-22 8:02,곡반정동 하나로마트한국빌딩앞,고정형,2023-12-01,,,
2023,수원시,권선구청,2023-09-22 8:03,서둔동 가온팰리스옆1,고정형,2023-12-01,,,
2023,수원시,권선구청,2023-09-22 8:03,서둔동 가온팰리스옆2,고정형,2023-12-01,,,
2023,수원시,권선구청,2023-09-22 8:04,권선2동 곡정초교 정문 좌측 사거리,고정형,2023-12-01,,,
2023,수원시,권선구청,2023-09-22 8:06,곡반정동 하나로마트한국빌딩앞,고정형,2023-12-01,,,
2023,수원시,팔달구청,2023-09-22 8:13,고등동 수원초등학교 정문 좌측 사거리,고정형,2023-12-01,,,
2023,수원시,팔달구청,2023-09-22 8:13,고등동 수원초등학교 정문 좌측 사거리,고정형,2023-12-01,,,
2023,수원시,영통구청,2023-09-22 9:00,원천동 광교매원초등학교,고정형,2023-12-01,,,
2023,수원시,팔달구청,2023-09-22 9:06,인계동 드림캐슬주상복합,고정형,2023-12-01,,,
2023,수원시,권선구청,2023-09-22 9:15,구운동 구운초교 정문 우측 삼거리,고정형,2023-12-01,,,
2023,수원시,영통구청,2023-09-22 9:18,원천동 광교매원초등학교,고정형,2023-12-01,,,
2023,수원시,권선구청,2023-09-22 9:23,평동 고현초교 정문 좌측 삼거리,고정형,2023-12-01,,,
2023,수원시,권선구청,2023-09-22 9:25,권선동 권선동 한라비발디앞 놀이터,고정형,2023-12-01,,,
2023,수원시,영통구청,2023-09-22 9:51,원천동 광교매원초등학교,고정형,2023-12-01,,,
2023,수원시,팔달구청,2023-09-22 10:12,매산동 역전농협,고정형,2023-12-01,,,
2023,수원시,팔달구청,2023-09-22 10:14,인계동 경인통계청,고정형,2023-12-01,,,
2023,수원시,팔달구청,2023-09-22 10:14,인계동 경인통계청,고정형,2023-12-01,,,
2023,수원시,영통구청,2023-09-22 10:32,광교동 광교더사랑교회뒷길,고정형,2023-12-01,,,
2023,수원시,장안구청,2023-09-22 10:50,정자동 장안로301번길,주행형,2023-12-01,,,
2023,수원시,권선구청,2023-09-22 10:57,고색동 도이치 고객주차장 출입구,고정형,2023-12-01,,,
2023,수원시,팔달구청,2023-09-22 11:18,화서1동 수원역푸르지오자이 북문 우측,고정형,2023-12-01,,,
2023,수원시,팔달구청,2023-09-22 12:10,화서1동 수원역푸르지오자이 북문 우측,고정형,2023-12-01,,,
2023,수원시,팔달구청,2023-09-22 12:20,매산동 역전농협,고정형,2023-12-01,,,
2023,수원시,팔달구청,2023-09-22 13:05,고등동 수원초등학교 정문 좌측 사거리,고정형,2023-12-01,,,
2023,수원시,팔달구청,2023-09-22 13:18,화서1동 수원역푸르지오자이 북문 우측,고정형,2023-12-01,,,
2023,수원시,장안구청,2023-09-22 13:38,정자동 정자동111-31,국민신문고,2023-12-01,,,
2023,수원시,영통구청,2023-09-22 14:25,영통동 롯데마트 뒤,고정형,2023-12-01,37.27220279535416,127.10856729001851,
2023,수원시,팔달구청,2023-09-22 14:27,남수동 남수동 정조로800번길,주행형,2023-12-01,,,
2023,수원시,팔달구청,2023-09-22 14:27,남수동 남수동 정조로800번길,주행형,2023-12-01,,,
2023,수원시,팔달구청,2023-09-22 14:28,남수동 남수동 정조로800번길,주행형,2023-12-01,,,
2023,수원시,팔달구청,2023-09-22 14:30,팔달로2가 팔달로2가 정조로796번길,주행형,2023-12-01,,,
2023,수원시,팔달구청,2023-09-22 14:32,영동 영동 수원천로246,주행형,2023-12-01,,,
2023,수원시,팔달구청,2023-09-22 14:32,영동 영동 수원천로246,주행형,2023-12-01,,,
2023,수원시,팔달구청,2023-09-22 14:34,인계동 인계동 수원천로225,주행형,2023-12-01,,,
2023,수원시,팔달구청,2023-09-22 14:34,인계동 인계동 수원천로225,주행형,2023-12-01,,,
2023,수원시,팔달구청,2023-09-22 14:34,인계동 인계동 수원천로225,주행형,2023-12-01,,,
2023,수원시,팔달구청,2023-09-22 14:34,인계동 드림캐슬주상복합,고정형,2023-12-01,,,
2023,수원시,팔달구청,2023-09-22 14:34,인계동 인계동 수원천로225,주행형,2023-12-01,,,
2023,수원시,권선구청,2023-09-22 14:36,서둔동 가온팰리스옆1,고정형,2023-12-01,,,
2023,수원시,권선구청,2023-09-22 14:36,서둔동 가온팰리스옆1,고정형,2023-12-01,,,
2023,수원시,권선구청,2023-09-22 14:37,서둔동 가온팰리스옆2,고정형,2023-12-01,,,
2023,수원시,팔달구청,2023-09-22 14:45,매산동 팅스몰 주차장 출구 옆,고정형,2023-12-01,,,
2023,수원시,영통구청,2023-09-22 14:51,이의동 드림스퀘어Ⅱ 앞,고정형,2023-12-01,,,
2023,수원시,권선구청,2023-09-22 14:53,구운동 구운초교 정문 우측 삼거리,고정형,2023-12-01,,,
2023,수원시,팔달구청,2023-09-22 14:54,매산동 팅스몰 주차장 출구 옆,고정형,2023-12-01,,,
2023,수원시,팔달구청,2023-09-22 14:54,매산동 팅스몰 주차장 출구 옆,고정형,2023-12-01,,,
2023,수원시,팔달구청,2023-09-22 15:00,매산동 팔달로 10번길 8,고정형,2023-12-01,,,
2023,수원시,팔달구청,2023-09-22 15:09,인계동 드림캐슬주상복합,고정형,2023-12-01,,,
2023,수원시,권선구청,2023-09-22 15:12,호매실동 금호프라자 대각 맞은편,고정형,2023-12-01,,,
2023,수원시,팔달구청,2023-09-22 15:13,매산동 팅스몰 주차장 출구 옆,고정형,2023-12-01,,,
2023,수원시,팔달구청,2023-09-22 15:18,인계동 한국씨티은행,고정형,2023-12-01,,,
2023,수원시,팔달구청,2023-09-22 15:21,인계동 드림캐슬주상복합,고정형,2023-12-01,,,
2023,수원시,팔달구청,2023-09-22 15:29,인계동 드림캐슬주상복합,고정형,2023-12-01,,,
2023,수원시,팔달구청,2023-09-22 15:35,화서동 화서동 동말로26번길,주행형,2023-12-01,,,
2023,수원시,팔달구청,2023-09-22 15:35,고등동 고등동 덕영대로803번길,주행형,2023-12-01,,,
2023,수원시,팔달구청,2023-09-22 16:02,매산동 팔달로 10번길 8,고정형,2023-12-01,,,
2023,수원시,팔달구청,2023-09-22 16:25,매산동 팅스몰 주차장 출구 옆,고정형,2023-12-01,,,
2023,수원시,팔달구청,2023-09-22 16:31,인계동 한국씨티은행,고정형,2023-12-01,,,
2023,수원시,권선구청,2023-09-22 16:39,서둔동 가온팰리스옆2,고정형,2023-12-01,,,
2023,수원시,팔달구청,2023-09-22 16:46,화서1동 수원역푸르지오자이 북문 우측,고정형,2023-12-01,,,
2023,수원시,권선구청,2023-09-22 16:59,입북동 당수초교 정문 우측 사거리,고정형,2023-12-01,,,
2023,수원시,팔달구청,2023-09-22 17:00,인계동 경인통계청,고정형,2023-12-01,,,
2023,수원시,팔달구청,2023-09-22 17:09,매산동 팅스몰 주차장 출구 옆,고정형,2023-12-01,,,
2023,수원시,권선구청,2023-09-22 17:27,세류3동 신곡초교 후문 좌측 사거리,고정형,2023-12-01,,,
2023,수원시,팔달구청,2023-09-22 17:31,화서1동 푸르지오자이 북문 CU 앞 횡단보도,고정형,2023-12-01,,,
2023,수원시,권선구청,2023-09-22 17:34,서둔동 가온팰리스옆2,고정형,2023-12-01,,,
2023,수원시,권선구청,2023-09-22 17:34,서둔동 가온팰리스옆2,고정형,2023-12-01,,,
2023,수원시,장안구청,2023-09-22 17:36,연무동 연무동 244-9,국민신문고,2023-12-01,,,
2023,수원시,권선구청,2023-09-22 17:36,곡반정동 562-2 횡단보도,국민신문고,2023-12-01,,,
2023,수원시,권선구청,2023-09-22 17:36,곡반정동 562-2 횡단보도,국민신문고,2023-12-01,,,
2023,수원시,팔달구청,2023-09-22 17:48,인계동 경인통계청,고정형,2023-12-01,,,
2023,수원시,팔달구청,2023-09-22 17:55,매산동 팅스몰 주차장 출구 옆,고정형,2023-12-01,,,
2023,수원시,팔달구청,2023-09-22 18:00,인계동 드림캐슬주상복합,고정형,2023-12-01,,,
2023,수원시,장안구청,2023-09-22 18:09,연무동 연무동 244-10,국민신문고,2023-12-01,,,
2023,수원시,장안구청,2023-09-22 18:49,연무동 연무동 242-6,국민신문고,2023-12-01,,,
2023,수원시,팔달구청,2023-09-22 18:58,고등동 고등동 180-17 횡단보도,국민신문고,2023-12-01,,,
2023,수원시,장안구청,2023-09-22 19:56,연무동 연무동 244-10,국민신문고,2023-12-01,,,
2023,수원시,장안구청,2023-09-22 20:09,천천동 화산로163번길,주행형,2023-12-01,,,
2023,수원시,장안구청,2023-09-22 20:09,천천동 화산로163번길,주행형,2023-12-01,,,
2023,수원시,영통구청,2023-09-22 20:15,원천동 광교 한화겔러리아 앞,고정형,2023-12-01,,,
2023,수원시,팔달구청,2023-09-22 20:35,매산동 팔달로 10번길 8,고정형,2023-12-01,,,
2023,수원시,팔달구청,2023-09-22 20:37,매산동 팅스몰 주차장 출구 옆,고정형,2023-12-01,,,
2023,수원시,권선구청,2023-09-22 20:42,곡반정동 562-2 횡단보도,국민신문고,2023-12-01,,,
2023,수원시,팔달구청,2023-09-22 20:43,인계동 드림캐슬주상복합,고정형,2023-12-01,,,
2023,수원시,팔달구청,2023-09-22 21:08,인계동 드림캐슬주상복합,고정형,2023-12-01,,,
2023,수원시,팔달구청,2023-09-22 21:42,인계동 드림캐슬주상복합,고정형,2023-12-01,,,
2023,수원시,권선구청,2023-09-23 1:37,오목천동 527-21,국민신문고,2023-12-01,,,
2023,수원시,팔달구청,2023-09-23 9:02,매산동 팅스몰 주차장 출구 옆,고정형,2023-12-01,,,
2023,수원시,권선구청,2023-09-23 9:02,서둔동 가온팰리스옆2,고정형,2023-12-01,,,
2023,수원시,권선구청,2023-09-23 9:02,곡반정동 하나로마트한국빌딩앞,고정형,2023-12-01,,,
2023,수원시,팔달구청,2023-09-23 9:03,인계동 경인통계청,고정형,2023-12-01,,,
2023,수원시,팔달구청,2023-09-23 9:03,인계동 경인통계청,고정형,2023-12-01,,,
2023,수원시,팔달구청,2023-09-23 9:03,매산동 팅스몰 주차장 출구 옆,고정형,2023-12-01,,,
2023,수원시,팔달구청,2023-09-23 9:04,화서1동 푸르지오자이 북문 CU 앞 횡단보도,고정형,2023-12-01,,,
2023,수원시,팔달구청,2023-09-23 9:04,인계동 드림캐슬주상복합,고정형,2023-12-01,,,
2023,수원시,영통구청,2023-09-23 9:04,원천동 광교매원초등학교,고정형,2023-12-01,,,
2023,수원시,팔달구청,2023-09-23 9:06,인계동 경인통계청,고정형,2023-12-01,,,
2023,수원시,팔달구청,2023-09-23 9:06,인계동 경인통계청,고정형,2023-12-01,,,
2023,수원시,팔달구청,2023-09-23 9:11,인계동 드림캐슬주상복합,고정형,2023-12-01,,,
2023,수원시,팔달구청,2023-09-23 9:21,매산동 팅스몰 주차장 출구 옆,고정형,2023-12-01,,,
2023,수원시,팔달구청,2023-09-23 9:21,인계동 한국씨티은행,고정형,2023-12-01,,,
2023,수원시,장안구청,2023-09-23 9:28,연무동 연무동 242-4,국민신문고,2023-12-01,,,
2023,수원시,팔달구청,2023-09-23 9:34,화서1동 수원역푸르지오자이 북문 우측,고정형,2023-12-01,,,
2023,수원시,권선구청,2023-09-23 9:51,곡반정동 하나로마트한국빌딩앞,고정형,2023-12-01,,,
2023,수원시,권선구청,2023-09-23 10:03,곡반정동 하나로마트한국빌딩앞,고정형,2023-12-01,,,
2023,수원시,팔달구청,2023-09-23 10:30,매산동 덕영대로 895번길 9-8,고정형,2023-12-01,,,
2023,수원시,권선구청,2023-09-23 10:37,서둔동 롯데몰9번출구앞주변,고정형,2023-12-01,,,
2023,수원시,팔달구청,2023-09-23 10:39,인계동 경인통계청,고정형,2023-12-01,,,
2023,수원시,권선구청,2023-09-23 10:59,고색동 도이치 고객주차장 출입구,고정형,2023-12-01,,,
2023,수원시,팔달구청,2023-09-23 13:27,화서1동 푸르지오자이 북문 CU 앞 횡단보도,고정형,2023-12-01,,,
2023,수원시,팔달구청,2023-09-23 14:32,북수동 쌈지공원 앞,고정형,2023-12-01,,,
2023,수원시,팔달구청,2023-09-23 14:33,매산동 팅스몰 주차장 출구 옆,고정형,2023-12-01,,,
2023,수원시,팔달구청,2023-09-23 14:33,매산동 팅스몰 주차장 출구 옆,고정형,2023-12-01,,,
2023,수원시,팔달구청,2023-09-23 14:34,매산동 팅스몰 주차장 출구 옆,고정형,2023-12-01,,,
2023,수원시,권선구청,2023-09-23 14:34,곡반정동 하나로마트한국빌딩앞,고정형,2023-12-01,,,
2023,수원시,권선구청,2023-09-23 14:35,오목천동 한화꿈에그린아파트 209동앞,고정형,2023-12-01,,,
2023,수원시,영통구청,2023-09-23 14:39,이의동 드림스퀘어Ⅱ 앞,고정형,2023-12-01,,,
2023,수원시,팔달구청,2023-09-23 14:41,인계동 경인통계청,고정형,2023-12-01,,,
2023,수원시,권선구청,2023-09-23 14:46,호매실동 금호프라자 대각 맞은편,고정형,2023-12-01,,,
2023,수원시,팔달구청,2023-09-23 14:48,화서1동 수원역푸르지오자이 북문 우측,고정형,2023-12-01,,,
2023,수원시,팔달구청,2023-09-23 14:51,화서1동 수원역푸르지오자이 북문 우측,고정형,2023-12-01,,,
2023,수원시,팔달구청,2023-09-23 14:51,화서1동 푸르지오자이 북문 CU 앞 횡단보도,고정형,2023-12-01,,,
2023,수원시,권선구청,2023-09-23 15:04,서둔동 가온팰리스옆1,고정형,2023-12-01,,,
2023,수원시,팔달구청,2023-09-23 15:05,인계동 경인통계청,고정형,2023-12-01,,,
2023,수원시,팔달구청,2023-09-23 15:15,북수동 쌈지공원 앞,고정형,2023-12-01,,,
2023,수원시,팔달구청,2023-09-23 15:15,북수동 쌈지공원 앞,고정형,2023-12-01,,,
2023,수원시,팔달구청,2023-09-23 15:21,인계동 경인통계청,고정형,2023-12-01,,,
2023,수원시,팔달구청,2023-09-23 15:25,행궁동 화홍사랑채,고정형,2023-12-01,,,
2023,수원시,권선구청,2023-09-23 15:27,권선동 NC터미널점 버스정류장 앞,고정형,2023-12-01,,,
2023,수원시,팔달구청,2023-09-23 15:37,행궁동 팔달문 버스정류장,고정형,2023-12-01,,,
2023,수원시,팔달구청,2023-09-23 15:40,인계동 경인통계청,고정형,2023-12-01,,,
2023,수원시,팔달구청,2023-09-23 15:52,매산동 팔달로 10번길 8,고정형,2023-12-01,,,
2023,수원시,팔달구청,2023-09-23 15:58,북수동 쌈지공원 앞,고정형,2023-12-01,,,
2023,수원시,권선구청,2023-09-23 16:01,서둔동 수원역한라비발디퍼스트 앞1,고정형,2023-12-01,,,
2023,수원시,팔달구청,2023-09-23 16:14,인계동 경인통계청,고정형,2023-12-01,,,
2023,수원시,팔달구청,2023-09-23 16:20,매산동 팅스몰 주차장 출구 옆,고정형,2023-12-01,,,
2023,수원시,팔달구청,2023-09-23 16:27,화서1동 푸르지오자이 북문 CU 앞 횡단보도,고정형,2023-12-01,,,
2023,수원시,권선구청,2023-09-23 16:36,곡반정동 하나로마트한국빌딩앞,고정형,2023-12-01,,,
2023,수원시,장안구청,2023-09-23 16:43,파장동 파장동 213-8,국민신문고,2023-12-01,,,
2023,수원시,영통구청,2023-09-23 16:51,영통동 마사회뒷길,고정형,2023-12-01,,,
2023,수원시,팔달구청,2023-09-23 16:55,매산동 팅스몰 주차장 출구 옆,고정형,2023-12-01,,,
2023,수원시,팔달구청,2023-09-23 16:58,인계동 한국씨티은행,고정형,2023-12-01,,,
2023,수원시,팔달구청,2023-09-23 16:58,인계동 한국씨티은행,고정형,2023-12-01,,,
2023,수원시,팔달구청,2023-09-23 17:02,매산동 팅스몰 주차장 출구 옆,고정형,2023-12-01,,,
2023,수원시,팔달구청,2023-09-23 17:15,행궁동 화홍사랑채,고정형,2023-12-01,,,
2023,수원시,팔달구청,2023-09-23 17:20,인계동 경인통계청,고정형,2023-12-01,,,
2023,수원시,팔달구청,2023-09-23 17:20,인계동 경인통계청,고정형,2023-12-01,,,
2023,수원시,팔달구청,2023-09-23 17:30,인계동 경인통계청,고정형,2023-12-01,,,
2023,수원시,팔달구청,2023-09-23 17:48,매산동 팅스몰 주차장 출구 옆,고정형,2023-12-01,,,
2023,수원시,팔달구청,2023-09-23 18:11,고등동 고등동 267-6 횡단보도,국민신문고,2023-12-01,,,
2023,수원시,팔달구청,2023-09-23 18:52,화서1동 푸르지오자이 북문 CU 앞 횡단보도,고정형,2023-12-01,,,
2023,수원시,팔달구청,2023-09-23 19:13,인계동 드림캐슬주상복합,고정형,2023-12-01,,,
2023,수원시,팔달구청,2023-09-23 19:35,인계동 드림캐슬주상복합,고정형,2023-12-01,,,
2023,수원시,팔달구청,2023-09-23 19:54,인계동 드림캐슬주상복합,고정형,2023-12-01,,,
2023,수원시,팔달구청,2023-09-23 19:55,인계동 드림캐슬주상복합,고정형,2023-12-01,,,
2023,수원시,팔달구청,2023-09-23 19:56,매산동 팅스몰 주차장 출구 옆,고정형,2023-12-01,,,
2023,수원시,팔달구청,2023-09-23 20:03,화서1동 수원역푸르지오자이 북문 우측,고정형,2023-12-01,,,
2023,수원시,팔달구청,2023-09-23 20:05,인계동 드림캐슬주상복합,고정형,2023-12-01,,,
2023,수원시,팔달구청,2023-09-23 20:38,인계동 드림캐슬주상복합,고정형,2023-12-01,,,
2023,수원시,영통구청,2023-09-23 20:40,영통구 2325232,주민신고제,2023-12-01,,,
2023,수원시,권선구청,2023-09-24 9:02,곡반정동 궁촌육교앞,고정형,2023-12-01,,,
2023,수원시,권선구청,2023-09-24 9:02,서둔동 가온팰리스옆1,고정형,2023-12-01,,,
2023,수원시,팔달구청,2023-09-24 9:02,화서1동 푸르지오자이 북문 CU 앞 횡단보도,고정형,2023-12-01,,,
2023,수원시,팔달구청,2023-09-24 9:03,매산동 팔달로 10번길 8,고정형,2023-12-01,,,
2023,수원시,팔달구청,2023-09-24 9:03,매산동 팔달로 10번길 8,고정형,2023-12-01,,,
2023,수원시,팔달구청,2023-09-24 9:03,북수동 쌈지공원 앞,고정형,2023-12-01,,,
2023,수원시,권선구청,2023-09-24 9:04,서둔동 가온팰리스옆2,고정형,2023-12-01,,,
2023,수원시,권선구청,2023-09-24 9:04,곡반정동 하나로마트한국빌딩앞,고정형,2023-12-01,,,
2023,수원시,권선구청,2023-09-24 9:05,서둔동 가온팰리스옆2,고정형,2023-12-01,,,
2023,수원시,권선구청,2023-09-24 9:05,서둔동 가온팰리스옆2,고정형,2023-12-01,,,
2023,수원시,권선구청,2023-09-24 9:05,서둔동 가온팰리스옆2,고정형,2023-12-01,,,
2023,수원시,권선구청,2023-09-24 9:05,곡반정동 하나로마트한국빌딩앞,고정형,2023-12-01,,,
2023,수원시,권선구청,2023-09-24 9:05,곡반정동 하나로마트한국빌딩앞,고정형,2023-12-01,,,
2023,수원시,권선구청,2023-09-24 9:05,곡반정동 하나로마트한국빌딩앞,고정형,2023-12-01,,,
2023,수원시,팔달구청,2023-09-24 9:06,매산동 팅스몰 주차장 출구 옆,고정형,2023-12-01,,,
2023,수원시,팔달구청,2023-09-24 9:06,매산동 팅스몰 주차장 출구 옆,고정형,2023-12-01,,,
2023,수원시,권선구청,2023-09-24 9:06,서둔동 가온팰리스옆1,고정형,2023-12-01,,,
2023,수원시,팔달구청,2023-09-24 9:08,행궁동 화홍사랑채,고정형,2023-12-01,,,
2023,수원시,권선구청,2023-09-24 9:08,권선동 NC터미널점 버스정류장 앞,고정형,2023-12-01,,,
2023,수원시,팔달구청,2023-09-24 9:14,매산동 팅스몰 주차장 출구 옆,고정형,2023-12-01,,,
2023,수원시,팔달구청,2023-09-24 9:44,고등동 고등동 226-9 횡단보도,국민신문고,2023-12-01,,,
2023,수원시,팔달구청,2023-09-24 9:54,화서1동 수원역푸르지오자이 북문 우측,고정형,2023-12-01,,,
2023,수원시,팔달구청,2023-09-24 10:01,매산동 팅스몰 주차장 출구 옆,고정형,2023-12-01,,,
2023,수원시,팔달구청,2023-09-24 10:03,인계동 경인통계청,고정형,2023-12-01,,,
2023,수원시,권선구청,2023-09-24 10:04,곡반정동 하나로마트한국빌딩앞,고정형,2023-12-01,,,
2023,수원시,권선구청,2023-09-24 10:08,권선동 NC터미널점 버스정류장 앞,고정형,2023-12-01,,,
2023,수원시,팔달구청,2023-09-24 10:14,매산동 팅스몰 주차장 출구 옆,고정형,2023-12-01,,,
2023,수원시,권선구청,2023-09-24 10:18,곡반정동 하나로마트한국빌딩앞,고정형,2023-12-01,,,
2023,수원시,권선구청,2023-09-24 10:20,곡반정동 궁촌육교앞,고정형,2023-12-01,,,
2023,수원시,팔달구청,2023-09-24 10:20,인계동 경인통계청,고정형,2023-12-01,,,
2023,수원시,팔달구청,2023-09-24 10:21,매산동 팔달로 10번길 8,고정형,2023-12-01,,,
2023,수원시,팔달구청,2023-09-24 11:13,경기도수원시팔달구인계동 수원시 팔달구 인계동 548-51,보행,2023-12-01,,,
2023,수원시,팔달구청,2023-09-24 11:20,경기도수원시팔달구매교동 수원시 팔달구 매교동 29-4,보행,2023-12-01,,,
2023,수원시,팔달구청,2023-09-24 11:20,경기도수원시팔달구매교동 수원시 팔달구 매교동 29-4,보행,2023-12-01,,,
2023,수원시,팔달구청,2023-09-24 12:11,행궁동 팔달문 버스정류장,고정형,2023-12-01,,,
2023,수원시,팔달구청,2023-09-24 12:18,화서1동 수원역푸르지오자이 북문 우측,고정형,2023-12-01,,,
2023,수원시,영통구청,2023-09-24 13:07,망포동 E-마트 에브리데이 앞,고정형,2023-12-01,37.2361017468141,127.060345496536,
2023,수원시,팔달구청,2023-09-24 14:32,인계동 드림캐슬주상복합,고정형,2023-12-01,,,
2023,수원시,팔달구청,2023-09-24 14:32,인계동 드림캐슬주상복합,고정형,2023-12-01,,,
2023,수원시,권선구청,2023-09-24 14:33,곡반정동 하나로마트한국빌딩앞,고정형,2023-12-01,,,
2023,수원시,팔달구청,2023-09-24 14:33,북수동 쌈지공원 앞,고정형,2023-12-01,,,
2023,수원시,팔달구청,2023-09-24 14:33,북수동 쌈지공원 앞,고정형,2023-12-01,,,
2023,수원시,팔달구청,2023-09-24 14:34,행궁동 화홍사랑채,고정형,2023-12-01,,,
2023,수원시,권선구청,2023-09-24 14:34,호매실동 금호프라자 대각 맞은편,고정형,2023-12-01,,,
2023,수원시,팔달구청,2023-09-24 14:34,매산동 팔달로 10번길 8,고정형,2023-12-01,,,
2023,수원시,팔달구청,2023-09-24 14:36,화서1동 수원역푸르지오자이 북문 우측,고정형,2023-12-01,,,
2023,수원시,영통구청,2023-09-24 14:36,이의동 드림스퀘어Ⅱ 앞,고정형,2023-12-01,,,
2023,수원시,팔달구청,2023-09-24 14:36,인계동 드림캐슬주상복합,고정형,2023-12-01,,,
2023,수원시,팔달구청,2023-09-24 14:41,매산동 팅스몰 주차장 출구 옆,고정형,2023-12-01,,,
2023,수원시,영통구청,2023-09-24 14:41,영통동 마사회뒷길,고정형,2023-12-01,,,
2023,수원시,권선구청,2023-09-24 14:50,고색동 도이치 고객주차장 출입구,고정형,2023-12-01,,,
2023,수원시,팔달구청,2023-09-24 14:59,매산동 팅스몰 주차장 출구 옆,고정형,2023-12-01,,,
2023,수원시,팔달구청,2023-09-24 14:59,매산동 팅스몰 주차장 출구 옆,고정형,2023-12-01,,,
2023,수원시,팔달구청,2023-09-24 15:11,매산동 팔달로 10번길 8,고정형,2023-12-01,,,
2023,수원시,권선구청,2023-09-24 15:14,서둔동 가온팰리스옆2,고정형,2023-12-01,,,
2023,수원시,권선구청,2023-09-24 15:14,서둔동 가온팰리스옆2,고정형,2023-12-01,,,
2023,수원시,권선구청,2023-09-24 15:18,곡선동 권선중앙약국 건너편,고정형,2023-12-01,,,
2023,수원시,팔달구청,2023-09-24 15:29,북수동 쌈지공원 앞,고정형,2023-12-01,,,
2023,수원시,팔달구청,2023-09-24 15:33,장안동 장안동 화서문로31번길,주행형,2023-12-01,,,
2023,수원시,팔달구청,2023-09-24 15:33,장안동 장안동 화서문로17번길,주행형,2023-12-01,,,
2023,수원시,팔달구청,2023-09-24 15:33,장안동 장안동 화서문로17번길,주행형,2023-12-01,,,
2023,수원시,팔달구청,2023-09-24 15:33,장안동 장안동 화서문로17번길,주행형,2023-12-01,,,
2023,수원시,팔달구청,2023-09-24 15:33,장안동 장안동 화서문로17번길,주행형,2023-12-01,,,
2023,수원시,팔달구청,2023-09-24 15:33,장안동 장안동 화서문로17번길,주행형,2023-12-01,,,
2023,수원시,팔달구청,2023-09-24 15:33,장안동 장안동 화서문로17번길,주행형,2023-12-01,,,
2023,수원시,팔달구청,2023-09-24 15:34,장안동 장안동 화서문로17번길,주행형,2023-12-01,,,
2023,수원시,팔달구청,2023-09-24 15:34,장안동 장안동 화서문로17번길,주행형,2023-12-01,,,
2023,수원시,팔달구청,2023-09-24 15:34,장안동 장안동 화서문로17번길,주행형,2023-12-01,,,
2023,수원시,팔달구청,2023-09-24 15:34,장안동 장안동 화서문로17번길,주행형,2023-12-01,,,
2023,수원시,팔달구청,2023-09-24 15:34,장안동 장안동 화서문로17번길,주행형,2023-12-01,,,
2023,수원시,팔달구청,2023-09-24 15:34,장안동 장안동 화서문로17번길,주행형,2023-12-01,,,
2023,수원시,팔달구청,2023-09-24 15:34,장안동 장안동 화서문로17번길,주행형,2023-12-01,,,
2023,수원시,팔달구청,2023-09-24 15:34,장안동 장안동 화서문로17번길,주행형,2023-12-01,,,
2023,수원시,팔달구청,2023-09-24 15:34,장안동 장안동 화서문로17번길,주행형,2023-12-01,,,
2023,수원시,팔달구청,2023-09-24 15:34,장안동 장안동 화서문로17번길,주행형,2023-12-01,,,
2023,수원시,팔달구청,2023-09-24 15:34,장안동 장안동 화서문로17번길,주행형,2023-12-01,,,
2023,수원시,팔달구청,2023-09-24 15:34,장안동 장안동 화서문로17번길,주행형,2023-12-01,,,
2023,수원시,팔달구청,2023-09-24 15:34,장안동 장안동 화서문로17번길,주행형,2023-12-01,,,
2023,수원시,팔달구청,2023-09-24 15:39,북수동 북수동 수원천로317,주행형,2023-12-01,,,
2023,수원시,팔달구청,2023-09-24 15:44,화서1동 푸르지오자이 북문 CU 앞 횡단보도,고정형,2023-12-01,,,
2023,수원시,권선구청,2023-09-24 15:53,서둔동 가온팰리스옆1,고정형,2023-12-01,,,
2023,수원시,팔달구청,2023-09-24 16:00,화서1동 수원역푸르지오자이 북문 우측,고정형,2023-12-01,,,
2023,수원시,권선구청,2023-09-24 16:19,서둔동 가온팰리스옆1,고정형,2023-12-01,,,
2023,수원시,팔달구청,2023-09-24 16:20,매산동 팅스몰 주차장 출구 옆,고정형,2023-12-01,,,
2023,수원시,팔달구청,2023-09-24 16:22,행궁동 화홍사랑채,고정형,2023-12-01,,,
2023,수원시,팔달구청,2023-09-24 16:22,화서1동 수원역푸르지오자이 북문 우측,고정형,2023-12-01,,,
2023,수원시,팔달구청,2023-09-24 16:27,화서1동 수원역푸르지오자이 북문 우측,고정형,2023-12-01,,,
2023,수원시,팔달구청,2023-09-24 16:32,매산동 팅스몰 주차장 출구 옆,고정형,2023-12-01,,,
2023,수원시,팔달구청,2023-09-24 16:39,북수동 쌈지공원 앞,고정형,2023-12-01,,,
2023,수원시,영통구청,2023-09-24 16:39,경기도수원시영통구망포동 수원시 영통구 망포동 78,보행,2023-12-01,,,
2023,수원시,팔달구청,2023-09-24 16:40,인계동 경인통계청,고정형,2023-12-01,,,
2023,수원시,팔달구청,2023-09-24 16:42,화서1동 푸르지오자이 북문 CU 앞 횡단보도,고정형,2023-12-01,,,
2023,수원시,권선구청,2023-09-24 16:42,곡반정동 궁촌육교앞,고정형,2023-12-01,,,
2023,수원시,권선구청,2023-09-24 16:51,곡반정동 562-2 횡단보도,국민신문고,2023-12-01,,,
2023,수원시,팔달구청,2023-09-24 16:56,화서1동 푸르지오자이 북문 CU 앞 횡단보도,고정형,2023-12-01,,,
2023,수원시,팔달구청,2023-09-24 16:56,화서1동 푸르지오자이 북문 CU 앞 횡단보도,고정형,2023-12-01,,,
2023,수원시,팔달구청,2023-09-24 16:59,매산동 팅스몰 주차장 출구 옆,고정형,2023-12-01,,,
2023,수원시,팔달구청,2023-09-24 17:00,매산동 팅스몰 주차장 출구 옆,고정형,2023-12-01,,,
2023,수원시,영통구청,2023-09-24 17:07,영통동 롯데마트 뒤,고정형,2023-12-01,37.27220279535416,127.10856729001851,
2023,수원시,팔달구청,2023-09-24 17:13,매산동 팅스몰 주차장 출구 옆,고정형,2023-12-01,,,
2023,수원시,팔달구청,2023-09-24 17:20,행궁동 화홍사랑채,고정형,2023-12-01,,,
2023,수원시,팔달구청,2023-09-24 17:20,행궁동 화홍사랑채,고정형,2023-12-01,,,
2023,수원시,권선구청,2023-09-24 17:26,호매실동 금호프라자 대각 맞은편,고정형,2023-12-01,,,
2023,수원시,권선구청,2023-09-24 17:26,서둔동 가온팰리스옆2,고정형,2023-12-01,,,
2023,수원시,팔달구청,2023-09-24 17:31,매산동 팅스몰 주차장 출구 옆,고정형,2023-12-01,,,
2023,수원시,팔달구청,2023-09-24 17:37,화서1동 수원역푸르지오자이 북문 우측,고정형,2023-12-01,,,
2023,수원시,권선구청,2023-09-24 17:38,곡반정동 궁촌육교앞,고정형,2023-12-01,,,
2023,수원시,팔달구청,2023-09-24 17:50,화서1동 푸르지오자이 북문 CU 앞 횡단보도,고정형,2023-12-01,,,
2023,수원시,팔달구청,2023-09-24 18:22,매산동 팅스몰 주차장 출구 옆,고정형,2023-12-01,,,
2023,수원시,팔달구청,2023-09-24 18:42,인계동 드림캐슬주상복합,고정형,2023-12-01,,,
2023,수원시,팔달구청,2023-09-24 18:42,인계동 드림캐슬주상복합,고정형,2023-12-01,,,
2023,수원시,팔달구청,2023-09-24 18:46,화서1동 푸르지오자이 북문 CU 앞 횡단보도,고정형,2023-12-01,,,
2023,수원시,팔달구청,2023-09-24 18:59,화서1동 수원역푸르지오자이 북문 우측,고정형,2023-12-01,,,
2023,수원시,팔달구청,2023-09-24 19:00,인계동 드림캐슬주상복합,고정형,2023-12-01,,,
2023,수원시,팔달구청,2023-09-24 19:14,인계동 드림캐슬주상복합,고정형,2023-12-01,,,
2023,수원시,팔달구청,2023-09-24 19:24,인계동 드림캐슬주상복합,고정형,2023-12-01,,,
2023,수원시,팔달구청,2023-09-24 19:34,매산동 팅스몰 주차장 출구 옆,고정형,2023-12-01,,,
2023,수원시,팔달구청,2023-09-24 20:13,인계동 드림캐슬주상복합,고정형,2023-12-01,,,
2023,수원시,팔달구청,2023-09-24 20:23,매산동 팅스몰 주차장 출구 옆,고정형,2023-12-01,,,
2023,수원시,권선구청,2023-09-25 0:36,오목천동 527-5,국민신문고,2023-12-01,,,
2023,수원시,팔달구청,2023-09-25 7:03,화서1동 푸르지오자이 북문 CU 앞 횡단보도,고정형,2023-12-01,,,
2023,수원시,팔달구청,2023-09-25 7:04,화서1동 푸르지오자이 북문 CU 앞 횡단보도,고정형,2023-12-01,,,
2023,수원시,팔달구청,2023-09-25 7:04,화서1동 푸르지오자이 북문 CU 앞 횡단보도,고정형,2023-12-01,,,
2023,수원시,팔달구청,2023-09-25 7:04,화서1동 푸르지오자이 북문 CU 앞 횡단보도,고정형,2023-12-01,,,
2023,수원시,팔달구청,2023-09-25 7:04,화서동 수원역푸르지오자이 북문 우측,고정형,2023-12-01,,,
2023,수원시,팔달구청,2023-09-25 7:35,매산동 팅스몰 주차장 출구 옆,고정형,2023-12-01,,,
2023,수원시,팔달구청,2023-09-25 7:35,인계동 경인통계청,고정형,2023-12-01,,,
2023,수원시,팔달구청,2023-09-25 7:38,인계동 경인통계청,고정형,2023-12-01,,,
2023,수원시,팔달구청,2023-09-25 7:38,인계동 경인통계청,고정형,2023-12-01,,,
2023,수원시,팔달구청,2023-09-25 7:45,인계동 드림캐슬주상복합,고정형,2023-12-01,,,
2023,수원시,권선구청,2023-09-25 8:03,곡반정동 하나로마트한국빌딩앞,고정형,2023-12-01,,,
2023,수원시,권선구청,2023-09-25 8:03,세류3동 신곡초교 후문 좌측 사거리,고정형,2023-12-01,,,
2023,수원시,권선구청,2023-09-25 8:04,곡선동 권선중앙약국 건너편,고정형,2023-12-01,,,
2023,수원시,권선구청,2023-09-25 8:21,서둔동 가온팰리스옆2,고정형,2023-12-01,,,
2023,수원시,권선구청,2023-09-25 9:08,서둔동 가온팰리스옆2,고정형,2023-12-01,,,
2023,수원시,영통구청,2023-09-25 9:13,망포동 힐스테이트 119동 ~방죽공원 삼거리,고정형,2023-12-01,,,
2023,수원시,영통구청,2023-09-25 9:25,광교동 광교이의119안전센터,고정형,2023-12-01,,,
2023,수원시,팔달구청,2023-09-25 9:51,경기도수원시팔달구화서동 수원시 팔달구 고등로28,보행,2023-12-01,,,
2023,수원시,권선구청,2023-09-25 9:58,서둔동 수원역한라비발디퍼스트 앞1,고정형,2023-12-01,,,
2023,수원시,영통구청,2023-09-25 10:02,경기도수원시영통구매탄동 수원시 영통구 매탄동 549,보행,2023-12-01,,,
2023,수원시,영통구청,2023-09-25 10:03,경기도수원시영통구매탄동 수원시 영통구 매탄동 549,보행,2023-12-01,,,
2023,수원시,영통구청,2023-09-25 10:04,경기도수원시영통구매탄동 수원시 영통구 매탄동 549,보행,2023-12-01,,,
2023,수원시,영통구청,2023-09-25 10:04,경기도수원시영통구매탄동 수원시 영통구 매탄동 549,보행,2023-12-01,,,
2023,수원시,팔달구청,2023-09-25 10:07,인계동 인계동 수원천로229번길,주행형,2023-12-01,,,
2023,수원시,팔달구청,2023-09-25 10:07,인계동 인계동 수원천로229번길,주행형,2023-12-01,,,
2023,수원시,팔달구청,2023-09-25 10:07,인계동 인계동 수원천로229번길,주행형,2023-12-01,,,
2023,수원시,팔달구청,2023-09-25 10:07,인계동 인계동 수원천로229번길,주행형,2023-12-01,,,
2023,수원시,팔달구청,2023-09-25 10:12,경기도수원시팔달구남수동 수원시 팔달구 창룡대로8번길 34,보행,2023-12-01,,,
2023,수원시,팔달구청,2023-09-25 10:13,경기도수원시팔달구남수동 수원시 팔달구 창룡대로8번길 34,보행,2023-12-01,,,
2023,수원시,영통구청,2023-09-25 10:24,영통동 마사회뒷길,고정형,2023-12-01,,,
2023,수원시,영통구청,2023-09-25 10:24,영통동 마사회뒷길,고정형,2023-12-01,,,
2023,수원시,팔달구청,2023-09-25 10:33,인계동 드림캐슬주상복합,고정형,2023-12-01,,,
2023,수원시,팔달구청,2023-09-25 10:33,인계동 드림캐슬주상복합,고정형,2023-12-01,,,
2023,수원시,영통구청,2023-09-25 10:33,영통동 마사회뒷길,고정형,2023-12-01,,,
2023,수원시,영통구청,2023-09-25 10:37,영통동 마사회뒷길,고정형,2023-12-01,,,
2023,수원시,영통구청,2023-09-25 11:25,영통동 마사회뒷길,고정형,2023-12-01,,,
2023,수원시,장안구청,2023-09-25 11:26,상광교동 광교버스정류장종점,고정형,2023-12-01,,,
2023,수원시,권선구청,2023-09-25 11:45,평동 오현초교 정문 우측 사거리,고정형,2023-12-01,,,
2023,수원시,영통구청,2023-09-25 11:49,영통동 롯데마트 뒤,고정형,2023-12-01,37.27220279535416,127.10856729001851,
2023,수원시,영통구청,2023-09-25 11:49,원천동 삼성전자중문,고정형,2023-12-01,,,
2023,수원시,영통구청,2023-09-25 14:02,원천동 광교매원초등학교,고정형,2023-12-01,,,
2023,수원시,영통구청,2023-09-25 14:04,영덕동 봉영로1759번길,주행형,2023-12-01,,,
2023,수원시,영통구청,2023-09-25 14:04,영덕동 중부대로,주행형,2023-12-01,,,
2023,수원시,영통구청,2023-09-25 14:05,이의동 도청예정부지,고정형,2023-12-01,,,
2023,수원시,팔달구청,2023-09-25 14:21,우만동 팔달로2가 142 인도,국민신문고,2023-12-01,,,
2023,수원시,팔달구청,2023-09-25 14:36,인계동 드림캐슬주상복합,고정형,2023-12-01,,,
2023,수원시,팔달구청,2023-09-25 14:36,인계동 드림캐슬주상복합,고정형,2023-12-01,,,
2023,수원시,팔달구청,2023-09-25 14:41,인계동 경인통계청,고정형,2023-12-01,,,
2023,수원시,팔달구청,2023-09-25 14:58,인계동 드림캐슬주상복합,고정형,2023-12-01,,,
2023,수원시,권선구청,2023-09-25 15:08,서둔동 가온팰리스옆2,고정형,2023-12-01,,,
2023,수원시,권선구청,2023-09-25 15:27,서둔동 가온팰리스옆2,고정형,2023-12-01,,,
2023,수원시,팔달구청,2023-09-25 15:27,매산동 팅스몰 주차장 출구 옆,고정형,2023-12-01,,,
2023,수원시,팔달구청,2023-09-25 15:54,행궁동 팔달문 버스정류장,고정형,2023-12-01,,,
2023,수원시,영통구청,2023-09-25 16:01,망포동 E-마트 에브리데이 앞,고정형,2023-12-01,37.2361017468141,127.060345496536,
2023,수원시,권선구청,2023-09-25 16:33,평동 오목초교 정문 우측 삼거리,고정형,2023-12-01,,,
2023,수원시,권선구청,2023-09-25 16:45,평동 고현초교 정문 좌측 삼거리,고정형,2023-12-01,,,
2023,수원시,영통구청,2023-09-25 16:59,원천동 삼성전자중문,고정형,2023-12-01,,,
2023,수원시,팔달구청,2023-09-25 17:02,인계동 드림캐슬주상복합,고정형,2023-12-01,,,
2023,수원시,팔달구청,2023-09-25 17:08,인계동 드림캐슬주상복합,고정형,2023-12-01,,,
2023,수원시,팔달구청,2023-09-25 17:09,매산동 팔달로 10번길 8,고정형,2023-12-01,,,
2023,수원시,팔달구청,2023-09-25 17:11,매산동 역전농협,고정형,2023-12-01,,,
2023,수원시,권선구청,2023-09-25 17:15,곡반정동 하나로마트한국빌딩앞,고정형,2023-12-01,,,
2023,수원시,권선구청,2023-09-25 17:15,곡반정동 하나로마트한국빌딩앞,고정형,2023-12-01,,,
2023,수원시,팔달구청,2023-09-25 17:41,인계동 한국씨티은행,고정형,2023-12-01,,,
2023,수원시,팔달구청,2023-09-25 17:41,인계동 한국씨티은행,고정형,2023-12-01,,,
2023,수원시,영통구청,2023-09-25 17:50,망포동 힐스테이트 119동 ~방죽공원 삼거리,고정형,2023-12-01,,,
2023,수원시,팔달구청,2023-09-25 17:54,화서1동 수원역푸르지오자이 북문 우측,고정형,2023-12-01,,,
2023,수원시,팔달구청,2023-09-25 18:24,매산동 팅스몰 주차장 출구 옆,고정형,2023-12-01,,,
2023,수원시,팔달구청,2023-09-25 18:24,매산동 팅스몰 주차장 출구 옆,고정형,2023-12-01,,,
2023,수원시,팔달구청,2023-09-25 18:27,화서1동 수원역푸르지오자이 북문 우측,고정형,2023-12-01,,,
2023,수원시,팔달구청,2023-09-25 18:32,매산동 팅스몰 주차장 출구 옆,고정형,2023-12-01,,,
2023,수원시,팔달구청,2023-09-25 18:36,화서1동 수원역푸르지오자이 북문 우측,고정형,2023-12-01,,,
2023,수원시,권선구청,2023-09-25 19:16,오목천동 474-1,국민신문고,2023-12-01,,,
2023,수원시,팔달구청,2023-09-25 20:13,인계동 드림캐슬주상복합,고정형,2023-12-01,,,
2023,수원시,영통구청,2023-09-25 20:18,망포동 E-마트 에브리데이 앞,고정형,2023-12-01,37.2361017468141,127.060345496536,
2023,수원시,팔달구청,2023-09-25 20:37,매산동 팅스몰 주차장 출구 옆,고정형,2023-12-01,,,
2023,수원시,팔달구청,2023-09-25 20:50,인계동 드림캐슬주상복합,고정형,2023-12-01,,,
2023,수원시,팔달구청,2023-09-25 20:50,인계동 드림캐슬주상복합,고정형,2023-12-01,,,
2023,수원시,권선구청,2023-09-25 22:22,오목천동 527-59,국민신문고,2023-12-01,,,
2023,수원시,팔달구청,2023-09-26 7:03,화서1동 푸르지오자이 북문 CU 앞 횡단보도,고정형,2023-12-01,,,
2023,수원시,팔달구청,2023-09-26 7:03,화서1동 푸르지오자이 북문 CU 앞 횡단보도,고정형,2023-12-01,,,
2023,수원시,영통구청,2023-09-26 7:03,이의동 드림스퀘어Ⅱ 앞,고정형,2023-12-01,,,
2023,수원시,팔달구청,2023-09-26 7:03,화서1동 푸르지오자이 북문 CU 앞 횡단보도,고정형,2023-12-01,,,
2023,수원시,팔달구청,2023-09-26 7:34,인계동 경인통계청,고정형,2023-12-01,,,
2023,수원시,팔달구청,2023-09-26 7:34,매산동 팅스몰 주차장 출구 옆,고정형,2023-12-01,,,
2023,수원시,팔달구청,2023-09-26 7:43,인계동 경인통계청,고정형,2023-12-01,,,
2023,수원시,팔달구청,2023-09-26 7:50,매산동 역전농협,고정형,2023-12-01,,,
2023,수원시,권선구청,2023-09-26 8:02,서둔동 가온팰리스옆1,고정형,2023-12-01,,,
2023,수원시,권선구청,2023-09-26 8:02,서둔동 가온팰리스옆1,고정형,2023-12-01,,,
2023,수원시,팔달구청,2023-09-26 8:08,북수동 쌈지공원 앞,고정형,2023-12-01,,,
2023,수원시,권선구청,2023-09-26 9:01,권선2동 곡정초교 정문 좌측 사거리,고정형,2023-12-01,,,
2023,수원시,팔달구청,2023-09-26 9:33,인계동 드림캐슬주상복합,고정형,2023-12-01,,,
2023,수원시,영통구청,2023-09-26 9:34,영통동 롯데마트 뒤,고정형,2023-12-01,37.27220279535416,127.10856729001851,
2023,수원시,권선구청,2023-09-26 9:51,곡반정동 곡정초교 정문 좌측 사거리,고정형,2023-12-01,,,
2023,수원시,팔달구청,2023-09-26 10:10,경기도수원시영통구원천동 수원시 팔달구 우만동 573-1,보행,2023-12-01,,,
2023,수원시,팔달구청,2023-09-26 10:22,경기도수원시팔달구북수동 수원시 팔달구 고화로9번길 10,보행,2023-12-01,,,
2023,수원시,팔달구청,2023-09-26 10:29,인계동 드림캐슬주상복합,고정형,2023-12-01,,,
2023,수원시,팔달구청,2023-09-26 10:32,인계동 드림캐슬주상복합,고정형,2023-12-01,,,
2023,수원시,팔달구청,2023-09-26 10:35,신풍동 제일교회부설주차장 부근,고정형,2023-12-01,,,
2023,수원시,팔달구청,2023-09-26 11:08,화서1동 수원역푸르지오자이 북문 우측,고정형,2023-12-01,,,
2023,수원시,팔달구청,2023-09-26 11:39,화서1동 수원역푸르지오자이 북문 우측,고정형,2023-12-01,,,
2023,수원시,팔달구청,2023-09-26 11:42,매산동 역전농협,고정형,2023-12-01,,,
2023,수원시,팔달구청,2023-09-26 11:42,매산동 역전농협,고정형,2023-12-01,,,
2023,수원시,영통구청,2023-09-26 13:58,이의동 도청예정부지,고정형,2023-12-01,,,
2023,수원시,팔달구청,2023-09-26 14:32,북수동 쌈지공원 앞,고정형,2023-12-01,,,
2023,수원시,팔달구청,2023-09-26 14:34,행궁동 화홍사랑채,고정형,2023-12-01,,,
2023,수원시,팔달구청,2023-09-26 14:34,인계동 드림캐슬주상복합,고정형,2023-12-01,,,
2023,수원시,팔달구청,2023-09-26 14:35,북수동 쌈지공원 앞,고정형,2023-12-01,,,
2023,수원시,팔달구청,2023-09-26 14:35,매산동 팅스몰 주차장 출구 옆,고정형,2023-12-01,,,
2023,수원시,권선구청,2023-09-26 14:36,서둔동 가온팰리스옆2,고정형,2023-12-01,,,
2023,수원시,권선구청,2023-09-26 14:36,평동 오현초교 정문 우측 사거리,고정형,2023-12-01,,,
2023,수원시,영통구청,2023-09-26 14:37,이의동 드림스퀘어Ⅱ 앞,고정형,2023-12-01,,,
2023,수원시,팔달구청,2023-09-26 14:48,고등동 고등동 갓매산로56번길,주행형,2023-12-01,,,
2023,수원시,팔달구청,2023-09-26 14:49,고등동 고등동 갓매산로56번길,주행형,2023-12-01,,,
2023,수원시,팔달구청,2023-09-26 15:13,인계동 경인통계청,고정형,2023-12-01,,,
2023,수원시,팔달구청,2023-09-26 15:45,인계동 드림캐슬주상복합,고정형,2023-12-01,,,
2023,수원시,팔달구청,2023-09-26 15:45,인계동 드림캐슬주상복합,고정형,2023-12-01,,,
2023,수원시,팔달구청,2023-09-26 15:47,매산동 역전농협,고정형,2023-12-01,,,
2023,수원시,팔달구청,2023-09-26 15:48,인계동 드림캐슬주상복합,고정형,2023-12-01,,,
2023,수원시,팔달구청,2023-09-26 15:51,인계동 경인통계청,고정형,2023-12-01,,,
2023,수원시,권선구청,2023-09-26 15:58,서둔동 가온팰리스옆2,고정형,2023-12-01,,,
2023,수원시,팔달구청,2023-09-26 16:14,화서1동 수원역푸르지오자이 북문 우측,고정형,2023-12-01,,,
2023,수원시,권선구청,2023-09-26 16:23,입북동 당수초교 정문 우측 사거리,고정형,2023-12-01,,,
2023,수원시,팔달구청,2023-09-26 16:25,매산동 역전농협,고정형,2023-12-01,,,
2023,수원시,팔달구청,2023-09-26 17:44,인계동 드림캐슬주상복합,고정형,2023-12-01,,,
2023,수원시,팔달구청,2023-09-26 17:44,인계동 드림캐슬주상복합,고정형,2023-12-01,,,
2023,수원시,팔달구청,2023-09-26 18:30,고등동 고등동 151-22 교차로모퉁이,국민신문고,2023-12-01,,,
2023,수원시,팔달구청,2023-09-26 18:41,매산동 팅스몰 주차장 출구 옆,고정형,2023-12-01,,,
2023,수원시,영통구청,2023-09-26 18:49,이의동 광교호반베르디움 103동 앞,고정형,2023-12-01,,,
2023,수원시,팔달구청,2023-09-26 19:09,인계동 드림캐슬주상복합,고정형,2023-12-01,,,
2023,수원시,팔달구청,2023-09-26 19:20,매산동 팅스몰 주차장 출구 옆,고정형,2023-12-01,,,
2023,수원시,팔달구청,2023-09-26 19:55,경기도수원시팔달구인계동 수원시 팔달구 인계동 158-49,보행,2023-12-01,,,
2023,수원시,팔달구청,2023-09-26 19:55,경기도수원시팔달구인계동 수원시 팔달구 인계동 158-49,보행,2023-12-01,,,
2023,수원시,팔달구청,2023-09-26 19:55,경기도수원시팔달구인계동 수원시 팔달구 인계동 158-49,보행,2023-12-01,,,
2023,수원시,팔달구청,2023-09-26 19:58,인계동 드림캐슬주상복합,고정형,2023-12-01,,,
2023,수원시,팔달구청,2023-09-26 20:11,매산동 팅스몰 주차장 출구 옆,고정형,2023-12-01,,,
2023,수원시,팔달구청,2023-09-26 20:15,매산동 팅스몰 주차장 출구 옆,고정형,2023-12-01,,,
2023,수원시,팔달구청,2023-09-26 20:38,인계동 드림캐슬주상복합,고정형,2023-12-01,,,
2023,수원시,팔달구청,2023-09-26 21:02,화서1동 수원역푸르지오자이 북문 우측,고정형,2023-12-01,,,
2023,수원시,권선구청,2023-09-26 22:05,곡반정동 562-2 횡단보도,국민신문고,2023-12-01,,,
2023,수원시,장안구청,2023-09-27 6:52,이목동 이목동521-121,국민신문고,2023-12-01,,,
2023,수원시,팔달구청,2023-09-27 7:02,화서1동 푸르지오자이 북문 CU 앞 횡단보도,고정형,2023-12-01,,,
2023,수원시,팔달구청,2023-09-27 7:02,화서1동 푸르지오자이 북문 CU 앞 횡단보도,고정형,2023-12-01,,,
2023,수원시,팔달구청,2023-09-27 7:04,화서동 수원역푸르지오자이 북문 우측,고정형,2023-12-01,,,
2023,수원시,팔달구청,2023-09-27 7:33,인계동 경인통계청,고정형,2023-12-01,,,
2023,수원시,팔달구청,2023-09-27 7:33,인계동 경인통계청,고정형,2023-12-01,,,
2023,수원시,팔달구청,2023-09-27 7:33,행궁동 화홍사랑채,고정형,2023-12-01,,,
2023,수원시,팔달구청,2023-09-27 7:34,매산동 팅스몰 주차장 출구 옆,고정형,2023-12-01,,,
2023,수원시,권선구청,2023-09-27 8:02,서둔동 가온팰리스옆2,고정형,2023-12-01,,,
2023,수원시,권선구청,2023-09-27 8:03,권선2동 곡정초교 정문 좌측 사거리,고정형,2023-12-01,,,
2023,수원시,권선구청,2023-09-27 8:03,곡반정동 궁촌육교앞,고정형,2023-12-01,,,
2023,수원시,팔달구청,2023-09-27 8:55,인계동 드림캐슬주상복합,고정형,2023-12-01,,,
2023,수원시,팔달구청,2023-09-27 8:55,인계동 드림캐슬주상복합,고정형,2023-12-01,,,
2023,수원시,팔달구청,2023-09-27 8:56,매산동 역전농협,고정형,2023-12-01,,,
2023,수원시,팔달구청,2023-09-27 9:11,인계동 한국씨티은행,고정형,2023-12-01,,,
2023,수원시,권선구청,2023-09-27 9:52,곡반정동 하나로마트한국빌딩앞,고정형,2023-12-01,,,
2023,수원시,권선구청,2023-09-27 10:10,서둔동 가온팰리스옆2,고정형,2023-12-01,,,
2023,수원시,팔달구청,2023-09-27 10:12,행궁동 팔달문 버스정류장,고정형,2023-12-01,,,
2023,수원시,팔달구청,2023-09-27 10:33,인계동 한국씨티은행,고정형,2023-12-01,,,
2023,수원시,팔달구청,2023-09-27 10:59,화서1동 수원역푸르지오자이 북문 우측,고정형,2023-12-01,,,
2023,수원시,팔달구청,2023-09-27 11:29,매산동 역전농협,고정형,2023-12-01,,,
2023,수원시,팔달구청,2023-09-27 12:37,화서1동 수원역푸르지오자이 북문 우측,고정형,2023-12-01,,,
2023,수원시,팔달구청,2023-09-27 12:40,팔달로3가 팔달문 버스정류장,고정형,2023-12-01,,,
2023,수원시,팔달구청,2023-09-27 13:35,매산동 역전농협,고정형,2023-12-01,,,
2023,수원시,팔달구청,2023-09-27 13:35,매산동 역전농협,고정형,2023-12-01,,,
2023,수원시,팔달구청,2023-09-27 13:42,교동 수원향교 앞 팔달보건소 뒤,고정형,2023-12-01,,,
2023,수원시,팔달구청,2023-09-27 13:45,화서1동 화서초등학교 둘레길 중간지점,고정형,2023-12-01,,,
2023,수원시,팔달구청,2023-09-27 14:02,매산동 역전농협,고정형,2023-12-01,,,
