집계년도,시군명,관리기관명,단속일시정보,단속장소,단속방법,데이터기준일자,위도,경도,행정동
2023,수원시,팔달구청,2023-01-01 9:03,인계동 드림캐슬주상복합,고정형,2023-12-01,,,
2023,수원시,권선구청,2023-01-01 9:03,곡선동 권선중앙약국 건너편,고정형,2023-12-01,,,
2023,수원시,팔달구청,2023-01-01 9:04,인계동 드림캐슬주상복합,고정형,2023-12-01,,,
2023,수원시,팔달구청,2023-01-01 9:04,매산동 팅스몰 주차장 출구 옆,고정형,2023-12-01,,,
2023,수원시,팔달구청,2023-01-01 9:04,화서1동 푸르지오자이 북문 CU 앞 횡단보도,고정형,2023-12-01,,,
2023,수원시,팔달구청,2023-01-01 9:06,인계동 드림캐슬주상복합,고정형,2023-12-01,,,
2023,수원시,팔달구청,2023-01-01 9:06,인계동 한국씨티은행,고정형,2023-12-01,,,
2023,수원시,팔달구청,2023-01-01 9:07,화서1동 푸르지오자이 북문 CU 앞 횡단보도,고정형,2023-12-01,,,
2023,수원시,팔달구청,2023-01-01 9:29,매산동 팅스몰 주차장 출구 옆,고정형,2023-12-01,,,
2023,수원시,영통구청,2023-01-01 9:50,영통동 롯데마트 뒤,고정형,2023-12-01,37.27220279535416,127.10856729001851,
2023,수원시,권선구청,2023-01-01 10:03,서둔동 가온팰리스옆2,고정형,2023-12-01,,,
2023,수원시,팔달구청,2023-01-01 10:49,매산동 팅스몰 주차장 출구 옆,고정형,2023-12-01,,,
2023,수원시,팔달구청,2023-01-01 12:00,고등동 215-47 (소화전 주변 5m 이내),국민신문고,2023-12-01,,,
2023,수원시,영통구청,2023-01-01 12:24,광교동 광교더사랑교회뒷길,고정형,2023-12-01,,,
2023,수원시,영통구청,2023-01-01 12:24,광교동 광교더사랑교회뒷길,고정형,2023-12-01,,,
2023,수원시,팔달구청,2023-01-01 12:25,행궁동 팔달문 버스정류장,고정형,2023-12-01,,,
2023,수원시,영통구청,2023-01-01 12:49,영통동 마사회뒷길,고정형,2023-12-01,,,
2023,수원시,팔달구청,2023-01-01 14:25,경기도수원시팔달구화서동 수원시 팔달구 팔달로 120,보행,2023-12-01,,,
2023,수원시,팔달구청,2023-01-01 14:26,경기도수원시팔달구화서동 수원시 팔달구 팔달로 120,보행,2023-12-01,,,
2023,수원시,팔달구청,2023-01-01 14:26,경기도수원시팔달구화서동 수원시 팔달구 팔달로 120,보행,2023-12-01,,,
2023,수원시,팔달구청,2023-01-01 14:27,경기도수원시팔달구화서동 수원시 팔달구 팔달로 120,보행,2023-12-01,,,
2023,수원시,권선구청,2023-01-01 14:31,서둔동 롯데마트 하역장입구,고정형,2023-12-01,,,
2023,수원시,권선구청,2023-01-01 14:32,곡반정동 궁촌육교앞,고정형,2023-12-01,,,
2023,수원시,권선구청,2023-01-01 14:33,구운동 구운동 명품닭갈비,고정형,2023-12-01,,,
2023,수원시,권선구청,2023-01-01 14:33,곡반정동 하나로마트한국빌딩앞,고정형,2023-12-01,,,
2023,수원시,팔달구청,2023-01-01 14:34,인계동 드림캐슬주상복합,고정형,2023-12-01,,,
2023,수원시,팔달구청,2023-01-01 14:34,인계동 드림캐슬주상복합,고정형,2023-12-01,,,
2023,수원시,팔달구청,2023-01-01 14:36,매산동 팅스몰 주차장 출구 옆,고정형,2023-12-01,,,
2023,수원시,권선구청,2023-01-01 14:36,서둔동 가온팰리스옆1,고정형,2023-12-01,,,
2023,수원시,팔달구청,2023-01-01 14:37,매산동 팅스몰 주차장 출구 옆,고정형,2023-12-01,,,
2023,수원시,팔달구청,2023-01-01 14:37,매산동 팅스몰 주차장 출구 옆,고정형,2023-12-01,,,
2023,수원시,팔달구청,2023-01-01 14:38,매산동 팅스몰 주차장 출구 옆,고정형,2023-12-01,,,
2023,수원시,팔달구청,2023-01-01 14:44,매산동 팔달로 10번길 8,고정형,2023-12-01,,,
2023,수원시,팔달구청,2023-01-01 14:44,매산동 팔달로 10번길 8,고정형,2023-12-01,,,
2023,수원시,팔달구청,2023-01-01 14:45,인계동 드림캐슬주상복합,고정형,2023-12-01,,,
2023,수원시,팔달구청,2023-01-01 14:46,신풍동 미술관로터리,고정형,2023-12-01,,,
2023,수원시,팔달구청,2023-01-01 14:55,행궁동 화홍사랑채,고정형,2023-12-01,,,
2023,수원시,팔달구청,2023-01-01 14:57,-1 서수원프라자,고정형,2023-12-01,,,
2023,수원시,팔달구청,2023-01-01 14:57,-1 서수원프라자,고정형,2023-12-01,,,
2023,수원시,팔달구청,2023-01-01 15:00,인계동 한국씨티은행,고정형,2023-12-01,,,
2023,수원시,팔달구청,2023-01-01 15:16,신풍동 미술관로터리,고정형,2023-12-01,,,
2023,수원시,팔달구청,2023-01-01 15:34,경기도수원시팔달구화서동 수원시 팔달구 화서동 184,보행,2023-12-01,,,
2023,수원시,팔달구청,2023-01-01 15:34,경기도수원시팔달구화서동 수원시 팔달구 화서동 184,보행,2023-12-01,,,
2023,수원시,권선구청,2023-01-01 15:58,호매실동 금호프라자 대각 맞은편,고정형,2023-12-01,,,
2023,수원시,영통구청,2023-01-01 16:02,이의동 드림스퀘어Ⅱ 앞,고정형,2023-12-01,,,
2023,수원시,영통구청,2023-01-01 16:02,이의동 드림스퀘어Ⅱ 앞,고정형,2023-12-01,,,
2023,수원시,팔달구청,2023-01-01 16:05,인계동 드림캐슬주상복합,고정형,2023-12-01,,,
2023,수원시,팔달구청,2023-01-01 16:09,신풍동 미술관로터리,고정형,2023-12-01,,,
2023,수원시,팔달구청,2023-01-01 16:12,인계동 드림캐슬주상복합,고정형,2023-12-01,,,
2023,수원시,팔달구청,2023-01-01 16:22,행궁동 화홍사랑채,고정형,2023-12-01,,,
2023,수원시,권선구청,2023-01-01 16:24,곡반정동 궁촌육교앞,고정형,2023-12-01,,,
2023,수원시,팔달구청,2023-01-01 16:24,장안동 7-1 (횡단보도),국민신문고,2023-12-01,,,
2023,수원시,팔달구청,2023-01-01 16:26,신풍동 미술관로터리,고정형,2023-12-01,,,
2023,수원시,영통구청,2023-01-01 16:27,원천동 광교아이파크올웨이즈앞,고정형,2023-12-01,,,
2023,수원시,팔달구청,2023-01-01 16:34,북수동 쌈지공원 앞,고정형,2023-12-01,,,
2023,수원시,팔달구청,2023-01-01 16:39,매산동 팅스몰 주차장 출구 옆,고정형,2023-12-01,,,
2023,수원시,팔달구청,2023-01-01 16:39,매산동 팅스몰 주차장 출구 옆,고정형,2023-12-01,,,
2023,수원시,권선구청,2023-01-01 16:42,오목천동 한화꿈에그린아파트 209동앞,고정형,2023-12-01,,,
2023,수원시,영통구청,2023-01-01 16:54,원천동 삼성전자중문,고정형,2023-12-01,,,
2023,수원시,권선구청,2023-01-01 16:54,곡반정동 궁촌육교앞,고정형,2023-12-01,,,
2023,수원시,영통구청,2023-01-01 17:09,이의동 드림스퀘어Ⅱ 앞,고정형,2023-12-01,,,
2023,수원시,권선구청,2023-01-01 17:14,곡반정동 하나로마트한국빌딩앞,고정형,2023-12-01,,,
2023,수원시,영통구청,2023-01-01 17:14,망포동 E-마트 에브리데이 앞,고정형,2023-12-01,37.2361017468141,127.060345496536,
2023,수원시,팔달구청,2023-01-01 17:19,인계동 드림캐슬주상복합,고정형,2023-12-01,,,
2023,수원시,영통구청,2023-01-01 17:27,이의동 부함식당 앞,고정형,2023-12-01,,,
2023,수원시,권선구청,2023-01-01 17:44,고색동 도이치 고객주차장 출입구,고정형,2023-12-01,,,
2023,수원시,팔달구청,2023-01-01 17:46,매산동 팅스몰 주차장 출구 옆,고정형,2023-12-01,,,
2023,수원시,권선구청,2023-01-01 18:02,곡반정동 562-2,국민신문고,2023-12-01,,,
2023,수원시,권선구청,2023-01-01 18:03,곡반정동 562-2,국민신문고,2023-12-01,,,
2023,수원시,권선구청,2023-01-01 18:06,곡반정동 562-2,국민신문고,2023-12-01,,,
2023,수원시,팔달구청,2023-01-01 18:20,매산동 팅스몰 주차장 출구 옆,고정형,2023-12-01,,,
2023,수원시,팔달구청,2023-01-01 18:46,매산동 팅스몰 주차장 출구 옆,고정형,2023-12-01,,,
2023,수원시,팔달구청,2023-01-01 18:46,매산동 팅스몰 주차장 출구 옆,고정형,2023-12-01,,,
2023,수원시,팔달구청,2023-01-01 18:51,매산동 팔달로 10번길 8,고정형,2023-12-01,,,
2023,수원시,팔달구청,2023-01-01 18:51,매산동 팔달로 10번길 8,고정형,2023-12-01,,,
2023,수원시,팔달구청,2023-01-01 19:12,매산동 팅스몰 주차장 출구 옆,고정형,2023-12-01,,,
2023,수원시,팔달구청,2023-01-01 19:15,매산동 팅스몰 주차장 출구 옆,고정형,2023-12-01,,,
2023,수원시,팔달구청,2023-01-01 19:37,인계동 드림캐슬주상복합,고정형,2023-12-01,,,
2023,수원시,팔달구청,2023-01-01 19:58,매산동 팅스몰 주차장 출구 옆,고정형,2023-12-01,,,
2023,수원시,팔달구청,2023-01-01 20:07,행궁동 팔달문 버스정류장,고정형,2023-12-01,,,
2023,수원시,권선구청,2023-01-02 0:14,오목천동 527-5,국민신문고,2023-12-01,,,
2023,수원시,권선구청,2023-01-02 0:20,오목천동 536,국민신문고,2023-12-01,,,
2023,수원시,팔달구청,2023-01-02 7:32,매산동 팅스몰 주차장 출구 옆,고정형,2023-12-01,,,
2023,수원시,팔달구청,2023-01-02 7:35,매산동 팅스몰 주차장 출구 옆,고정형,2023-12-01,,,
2023,수원시,팔달구청,2023-01-02 7:39,화서1동 푸르지오자이 북문 CU 앞 횡단보도,고정형,2023-12-01,,,
2023,수원시,팔달구청,2023-01-02 7:41,매산동 팅스몰 주차장 출구 옆,고정형,2023-12-01,,,
2023,수원시,영통구청,2023-01-02 7:56,광교동 광교더사랑교회뒷길,고정형,2023-12-01,,,
2023,수원시,권선구청,2023-01-02 8:03,오목천동 한화꿈에그린아파트 209동앞,고정형,2023-12-01,,,
2023,수원시,권선구청,2023-01-02 8:04,곡반정동 하나로마트한국빌딩앞,고정형,2023-12-01,,,
2023,수원시,권선구청,2023-01-02 8:04,금곡동 일신건영아파트 앞 놀이터,고정형,2023-12-01,,,
2023,수원시,권선구청,2023-01-02 8:05,서둔동 가온팰리스옆2,고정형,2023-12-01,,,
2023,수원시,권선구청,2023-01-02 8:05,세류3동 신곡초교 후문 좌측 사거리,고정형,2023-12-01,,,
2023,수원시,권선구청,2023-01-02 8:05,서둔동 가온팰리스옆2,고정형,2023-12-01,,,
2023,수원시,권선구청,2023-01-02 8:05,서둔동 가온팰리스옆2,고정형,2023-12-01,,,
2023,수원시,권선구청,2023-01-02 8:05,서둔동 가온팰리스옆2,고정형,2023-12-01,,,
2023,수원시,권선구청,2023-01-02 8:10,서둔동 가온팰리스옆2,고정형,2023-12-01,,,
2023,수원시,권선구청,2023-01-02 8:17,곡반정동 하나로마트한국빌딩앞,고정형,2023-12-01,,,
2023,수원시,권선구청,2023-01-02 8:20,서둔동 가온팰리스옆2,고정형,2023-12-01,,,
2023,수원시,팔달구청,2023-01-02 8:33,화서1동 화서초등학교 둘레길 중간지점,고정형,2023-12-01,,,
2023,수원시,팔달구청,2023-01-02 8:33,화서1동 화서초등학교 둘레길 중간지점,고정형,2023-12-01,,,
2023,수원시,팔달구청,2023-01-02 8:46,인계동 경인통계청,고정형,2023-12-01,,,
2023,수원시,영통구청,2023-01-02 9:15,영통동 마사회뒷길,고정형,2023-12-01,,,
2023,수원시,팔달구청,2023-01-02 9:17,고등동 수원초등학교 정문 좌측 사거리,고정형,2023-12-01,,,
2023,수원시,권선구청,2023-01-02 9:23,서둔동 가온팰리스옆2,고정형,2023-12-01,,,
2023,수원시,팔달구청,2023-01-02 9:32,인계동 경인통계청,고정형,2023-12-01,,,
2023,수원시,장안구청,2023-01-02 9:42,정자동 천천로152번길,주행형,2023-12-01,,,
2023,수원시,장안구청,2023-01-02 9:42,정자동 천천로152번길,주행형,2023-12-01,,,
2023,수원시,장안구청,2023-01-02 9:42,정자동 천천로152번길,주행형,2023-12-01,,,
2023,수원시,장안구청,2023-01-02 9:42,정자동 천천로152번길,주행형,2023-12-01,,,
2023,수원시,권선구청,2023-01-02 9:44,세류3동 신곡초교 후문 좌측 사거리,고정형,2023-12-01,,,
2023,수원시,팔달구청,2023-01-02 9:46,고등동 수원초등학교 정문 좌측 사거리,고정형,2023-12-01,,,
2023,수원시,권선구청,2023-01-02 9:54,서둔동 가온팰리스옆2,고정형,2023-12-01,,,
2023,수원시,팔달구청,2023-01-02 10:05,경기도수원시팔달구화서동 수원시 팔달구 화서동 356,보행,2023-12-01,,,
2023,수원시,장안구청,2023-01-02 10:14,정자3동 정자동 오일뱅크,고정형,2023-12-01,,,
2023,수원시,팔달구청,2023-01-02 10:16,매산동 팅스몰 주차장 출구 옆,고정형,2023-12-01,,,
2023,수원시,팔달구청,2023-01-02 10:28,인계동 인계동 권광로303번길,주행형,2023-12-01,,,
2023,수원시,팔달구청,2023-01-02 10:28,인계동 인계동 권광로303번길,주행형,2023-12-01,,,
2023,수원시,팔달구청,2023-01-02 10:46,인계동 드림캐슬주상복합,고정형,2023-12-01,,,
2023,수원시,팔달구청,2023-01-02 11:05,행궁동 팔달문 버스정류장,고정형,2023-12-01,,,
2023,수원시,영통구청,2023-01-02 11:17,영통동 롯데마트 뒤,고정형,2023-12-01,37.27220279535416,127.10856729001851,
2023,수원시,영통구청,2023-01-02 11:41,망포동 국민은행신영통지점(태장동),고정형,2023-12-01,,,
2023,수원시,영통구청,2023-01-02 11:41,망포동 국민은행신영통지점(태장동),고정형,2023-12-01,,,
2023,수원시,팔달구청,2023-01-02 12:12,교동 수원향교 앞 팔달보건소 뒤,고정형,2023-12-01,,,
2023,수원시,권선구청,2023-01-02 12:36,입북동 당수초교 정문 우측 사거리,고정형,2023-12-01,,,
2023,수원시,영통구청,2023-01-02 13:08,영통동 롯데마트 뒤,고정형,2023-12-01,37.27220279535416,127.10856729001851,
2023,수원시,팔달구청,2023-01-02 13:16,고등동 수원초등학교 정문 좌측 사거리,고정형,2023-12-01,,,
2023,수원시,영통구청,2023-01-02 13:19,원천동 삼성전자중문,고정형,2023-12-01,,,
2023,수원시,영통구청,2023-01-02 13:21,영통동 롯데마트 뒤,고정형,2023-12-01,37.27220279535416,127.10856729001851,
2023,수원시,팔달구청,2023-01-02 13:27,매산동 역전농협,고정형,2023-12-01,,,
2023,수원시,영통구청,2023-01-02 13:39,광교동 광교더사랑교회뒷길,고정형,2023-12-01,,,
2023,수원시,팔달구청,2023-01-02 13:57,고등동 수원초등학교 정문 좌측 사거리,고정형,2023-12-01,,,
2023,수원시,팔달구청,2023-01-02 14:16,매산로3가 매산로3가 향교로 55-1,주행형,2023-12-01,,,
2023,수원시,영통구청,2023-01-02 14:24,광교동 광교더사랑교회뒷길,고정형,2023-12-01,,,
2023,수원시,팔달구청,2023-01-02 14:33,인계동 드림캐슬주상복합,고정형,2023-12-01,,,
2023,수원시,영통구청,2023-01-02 14:34,영통동 보보스스포츠센터앞,고정형,2023-12-01,,,
2023,수원시,영통구청,2023-01-02 14:34,영통동 보보스스포츠센터앞,고정형,2023-12-01,,,
2023,수원시,권선구청,2023-01-02 14:35,서둔동 가온팰리스옆2,고정형,2023-12-01,,,
2023,수원시,팔달구청,2023-01-02 14:36,인계동 드림캐슬주상복합,고정형,2023-12-01,,,
2023,수원시,팔달구청,2023-01-02 14:37,인계동 드림캐슬주상복합,고정형,2023-12-01,,,
2023,수원시,권선구청,2023-01-02 14:37,서둔동 가온팰리스옆2,고정형,2023-12-01,,,
2023,수원시,팔달구청,2023-01-02 14:38,인계동 한국씨티은행,고정형,2023-12-01,,,
2023,수원시,팔달구청,2023-01-02 14:42,인계동 드림캐슬주상복합,고정형,2023-12-01,,,
2023,수원시,권선구청,2023-01-02 14:43,평동 고현초교 정문 좌측 삼거리,고정형,2023-12-01,,,
2023,수원시,팔달구청,2023-01-02 14:44,매산동 팔달로 10번길 8,고정형,2023-12-01,,,
2023,수원시,팔달구청,2023-01-02 14:57,인계동 드림캐슬주상복합,고정형,2023-12-01,,,
2023,수원시,권선구청,2023-01-02 15:05,고색동 도이치 고객주차장 출입구,고정형,2023-12-01,,,
2023,수원시,팔달구청,2023-01-02 15:07,인계동 한국씨티은행,고정형,2023-12-01,,,
2023,수원시,팔달구청,2023-01-02 15:24,매산동 팅스몰 주차장 출구 옆,고정형,2023-12-01,,,
2023,수원시,권선구청,2023-01-02 15:26,서둔동 가온팰리스옆2,고정형,2023-12-01,,,
2023,수원시,권선구청,2023-01-02 15:30,곡반정동 하나로마트한국빌딩앞,고정형,2023-12-01,,,
2023,수원시,영통구청,2023-01-02 15:41,이의동 광교가재울마을사거리,고정형,2023-12-01,,,
2023,수원시,권선구청,2023-01-02 15:51,세류3동 신곡초교 후문 좌측 사거리,고정형,2023-12-01,,,
2023,수원시,권선구청,2023-01-02 15:56,세류3동 신곡초교 후문 좌측 사거리,고정형,2023-12-01,,,
2023,수원시,팔달구청,2023-01-02 15:59,인계동 드림캐슬주상복합,고정형,2023-12-01,,,
2023,수원시,영통구청,2023-01-02 16:00,망포동 E-마트 에브리데이 앞,고정형,2023-12-01,37.2361017468141,127.060345496536,
2023,수원시,권선구청,2023-01-02 16:01,서둔동 가온팰리스옆2,고정형,2023-12-01,,,
2023,수원시,권선구청,2023-01-02 16:03,금곡동 금곡로222번길,주행형,2023-12-01,,,
2023,수원시,영통구청,2023-01-02 16:06,망포동 E-마트 에브리데이 앞,고정형,2023-12-01,37.2361017468141,127.060345496536,
2023,수원시,영통구청,2023-01-02 16:07,망포동 E-마트 에브리데이 앞,고정형,2023-12-01,37.2361017468141,127.060345496536,
2023,수원시,팔달구청,2023-01-02 16:30,인계동 드림캐슬주상복합,고정형,2023-12-01,,,
2023,수원시,팔달구청,2023-01-02 16:30,인계동 드림캐슬주상복합,고정형,2023-12-01,,,
2023,수원시,권선구청,2023-01-02 16:30,서둔동 가온팰리스옆2,고정형,2023-12-01,,,
2023,수원시,권선구청,2023-01-02 16:30,서둔동 가온팰리스옆2,고정형,2023-12-01,,,
2023,수원시,권선구청,2023-01-02 16:31,서둔동 가온팰리스옆2,고정형,2023-12-01,,,
2023,수원시,권선구청,2023-01-02 16:31,서둔동 가온팰리스옆2,고정형,2023-12-01,,,
2023,수원시,팔달구청,2023-01-02 16:36,화서1동 화서초등학교 둘레길 중간지점,고정형,2023-12-01,,,
2023,수원시,팔달구청,2023-01-02 16:36,화서1동 화서초등학교 둘레길 중간지점,고정형,2023-12-01,,,
2023,수원시,팔달구청,2023-01-02 16:36,인계동 드림캐슬주상복합,고정형,2023-12-01,,,
2023,수원시,팔달구청,2023-01-02 16:50,고등동 수원초등학교 정문 좌측 사거리,고정형,2023-12-01,,,
2023,수원시,팔달구청,2023-01-02 16:57,인계동 경인통계청,고정형,2023-12-01,,,
2023,수원시,영통구청,2023-01-02 17:07,영통동 롯데마트 뒤,고정형,2023-12-01,37.27220279535416,127.10856729001851,
2023,수원시,영통구청,2023-01-02 17:14,망포동 힐스테이트 119동 ~방죽공원 삼거리,고정형,2023-12-01,,,
2023,수원시,팔달구청,2023-01-02 17:19,매산동 팅스몰 주차장 출구 옆,고정형,2023-12-01,,,
2023,수원시,영통구청,2023-01-02 17:20,영통동 보보스스포츠센터앞,고정형,2023-12-01,,,
2023,수원시,영통구청,2023-01-02 17:34,망포동 E-마트 에브리데이 앞,고정형,2023-12-01,37.2361017468141,127.060345496536,
2023,수원시,권선구청,2023-01-02 17:43,곡반정동 하나로마트한국빌딩앞,고정형,2023-12-01,,,
2023,수원시,팔달구청,2023-01-02 17:51,고등동 4-24 (버스정류장 10m 이내),국민신문고,2023-12-01,,,
2023,수원시,팔달구청,2023-01-02 18:07,매산동 팅스몰 주차장 출구 옆,고정형,2023-12-01,,,
2023,수원시,팔달구청,2023-01-02 18:19,인계동 드림캐슬주상복합,고정형,2023-12-01,,,
2023,수원시,팔달구청,2023-01-02 18:35,행궁동 팔달문 버스정류장,고정형,2023-12-01,,,
2023,수원시,영통구청,2023-01-02 18:48,망포동 E-마트 에브리데이 앞,고정형,2023-12-01,37.2361017468141,127.060345496536,
2023,수원시,팔달구청,2023-01-02 19:08,고등동 수원초등학교 정문 좌측 사거리,고정형,2023-12-01,,,
2023,수원시,팔달구청,2023-01-02 19:18,매교동 287-37 (횡단보도),국민신문고,2023-12-01,,,
2023,수원시,영통구청,2023-01-02 19:23,망포동 방죽공원 교차 삼거리,고정형,2023-12-01,,,
2023,수원시,팔달구청,2023-01-02 19:29,고등동 267-71 (횡단보도),국민신문고,2023-12-01,,,
2023,수원시,영통구청,2023-01-02 19:33,광교동 광교 덴티움지식산업센터 앞 사거리,고정형,2023-12-01,,,
2023,수원시,영통구청,2023-01-02 19:33,광교동 광교 덴티움지식산업센터 앞 사거리,고정형,2023-12-01,,,
2023,수원시,팔달구청,2023-01-02 19:40,고등동 수원초등학교 정문 좌측 사거리,고정형,2023-12-01,,,
2023,수원시,팔달구청,2023-01-02 19:49,매산동 팅스몰 주차장 출구 옆,고정형,2023-12-01,,,
2023,수원시,팔달구청,2023-01-02 20:06,매산동 팅스몰 주차장 출구 옆,고정형,2023-12-01,,,
2023,수원시,영통구청,2023-01-02 20:34,이의동 광교가재울마을사거리,고정형,2023-12-01,,,
2023,수원시,팔달구청,2023-01-02 20:36,인계동 드림캐슬주상복합,고정형,2023-12-01,,,
2023,수원시,팔달구청,2023-01-02 21:00,인계동 드림캐슬주상복합,고정형,2023-12-01,,,
2023,수원시,팔달구청,2023-01-03 7:33,인계동 드림캐슬주상복합,고정형,2023-12-01,,,
2023,수원시,팔달구청,2023-01-03 7:33,인계동 드림캐슬주상복합,고정형,2023-12-01,,,
2023,수원시,팔달구청,2023-01-03 7:34,매산동 팅스몰 주차장 출구 옆,고정형,2023-12-01,,,
2023,수원시,영통구청,2023-01-03 7:36,영통동 롯데마트 뒤,고정형,2023-12-01,37.27220279535416,127.10856729001851,
2023,수원시,권선구청,2023-01-03 8:03,곡반정동 하나로마트한국빌딩앞,고정형,2023-12-01,,,
2023,수원시,권선구청,2023-01-03 8:03,권선2동 곡정초교 정문 좌측 사거리,고정형,2023-12-01,,,
2023,수원시,팔달구청,2023-01-03 8:04,인계동 드림캐슬주상복합,고정형,2023-12-01,,,
2023,수원시,권선구청,2023-01-03 8:04,곡반정동 하나로마트한국빌딩앞,고정형,2023-12-01,,,
2023,수원시,권선구청,2023-01-03 8:04,구운동 구운초교 정문 우측 삼거리,고정형,2023-12-01,,,
2023,수원시,권선구청,2023-01-03 8:04,구운동 구운초교 정문 우측 삼거리,고정형,2023-12-01,,,
2023,수원시,권선구청,2023-01-03 8:08,권선2동 곡정초교 정문 좌측 사거리,고정형,2023-12-01,,,
2023,수원시,권선구청,2023-01-03 8:09,서둔동 가온팰리스옆2,고정형,2023-12-01,,,
2023,수원시,권선구청,2023-01-03 8:11,오목천동 한화꿈에그린아파트 209동앞,고정형,2023-12-01,,,
2023,수원시,권선구청,2023-01-03 8:14,서둔동 가온팰리스옆2,고정형,2023-12-01,,,
2023,수원시,팔달구청,2023-01-03 8:19,인계동 경인통계청,고정형,2023-12-01,,,
2023,수원시,권선구청,2023-01-03 8:19,서둔동 가온팰리스옆2,고정형,2023-12-01,,,
2023,수원시,팔달구청,2023-01-03 8:31,인계동 드림캐슬주상복합,고정형,2023-12-01,,,
2023,수원시,영통구청,2023-01-03 8:32,영통동 롯데마트 뒤,고정형,2023-12-01,37.27220279535416,127.10856729001851,
2023,수원시,팔달구청,2023-01-03 8:44,인계동 드림캐슬주상복합,고정형,2023-12-01,,,
2023,수원시,팔달구청,2023-01-03 9:03,인계동 드림캐슬주상복합,고정형,2023-12-01,,,
2023,수원시,영통구청,2023-01-03 9:35,이의동 광교호반베르디움 103동 앞,고정형,2023-12-01,,,
2023,수원시,영통구청,2023-01-03 9:35,망포동 E-마트 에브리데이 앞,고정형,2023-12-01,37.2361017468141,127.060345496536,
2023,수원시,권선구청,2023-01-03 9:39,서둔동 가온팰리스옆2,고정형,2023-12-01,,,
2023,수원시,팔달구청,2023-01-03 9:41,매산동 팅스몰 주차장 출구 옆,고정형,2023-12-01,,,
2023,수원시,팔달구청,2023-01-03 9:59,인계동 드림캐슬주상복합,고정형,2023-12-01,,,
2023,수원시,팔달구청,2023-01-03 10:19,고등동 수원초등학교 정문 좌측 사거리,고정형,2023-12-01,,,
2023,수원시,권선구청,2023-01-03 10:21,호매실동 서수원로 345,주행형,2023-12-01,,,
2023,수원시,권선구청,2023-01-03 10:21,호매실동 서수원로 345,주행형,2023-12-01,,,
2023,수원시,권선구청,2023-01-03 10:21,호매실동 서수원로 345,주행형,2023-12-01,,,
2023,수원시,권선구청,2023-01-03 10:21,호매실동 서수원로 345,주행형,2023-12-01,,,
2023,수원시,권선구청,2023-01-03 10:27,세류3동 신곡초교 후문 좌측 사거리,고정형,2023-12-01,,,
2023,수원시,영통구청,2023-01-03 11:05,원천동 광교매원초등학교,고정형,2023-12-01,,,
2023,수원시,권선구청,2023-01-03 11:53,입북동 당수초교 정문 우측 사거리,고정형,2023-12-01,,,
2023,수원시,영통구청,2023-01-03 12:02,영통동 롯데마트 뒤,고정형,2023-12-01,37.27220279535416,127.10856729001851,
2023,수원시,영통구청,2023-01-03 12:29,영통동 마사회뒷길,고정형,2023-12-01,,,
2023,수원시,영통구청,2023-01-03 12:31,이의동 광교호반베르디움 103동 앞,고정형,2023-12-01,,,
2023,수원시,영통구청,2023-01-03 12:32,영통동 롯데마트 뒤,고정형,2023-12-01,37.27220279535416,127.10856729001851,
2023,수원시,영통구청,2023-01-03 12:43,영통동 롯데마트 뒤,고정형,2023-12-01,37.27220279535416,127.10856729001851,
2023,수원시,영통구청,2023-01-03 12:50,영통동 롯데마트 뒤,고정형,2023-12-01,37.27220279535416,127.10856729001851,
2023,수원시,영통구청,2023-01-03 13:06,원천동 삼성전자중문,고정형,2023-12-01,,,
2023,수원시,영통구청,2023-01-03 13:32,망포동 힐스테이트 119동 ~방죽공원 삼거리,고정형,2023-12-01,,,
2023,수원시,영통구청,2023-01-03 13:39,영통동 롯데마트 뒤,고정형,2023-12-01,37.27220279535416,127.10856729001851,
2023,수원시,영통구청,2023-01-03 14:09,경기도수원시영통구신동 수원시 영통구 신동 503,보행,2023-12-01,,,
2023,수원시,영통구청,2023-01-03 14:10,경기도수원시영통구신동 수원시 영통구 신동 503,보행,2023-12-01,,,
2023,수원시,영통구청,2023-01-03 14:10,경기도수원시영통구신동 수원시 영통구 신동 503,보행,2023-12-01,,,
2023,수원시,팔달구청,2023-01-03 14:33,인계동 드림캐슬주상복합,고정형,2023-12-01,,,
2023,수원시,권선구청,2023-01-03 14:36,서둔동 가온팰리스옆2,고정형,2023-12-01,,,
2023,수원시,팔달구청,2023-01-03 14:40,인계동 드림캐슬주상복합,고정형,2023-12-01,,,
2023,수원시,권선구청,2023-01-03 14:43,오목천동 한화꿈에그린아파트 209동앞,고정형,2023-12-01,,,
2023,수원시,팔달구청,2023-01-03 14:54,인계동 한국씨티은행,고정형,2023-12-01,,,
2023,수원시,팔달구청,2023-01-03 15:01,인계동 경인통계청,고정형,2023-12-01,,,
2023,수원시,팔달구청,2023-01-03 15:05,고등동 수원초등학교 정문 좌측 사거리,고정형,2023-12-01,,,
2023,수원시,팔달구청,2023-01-03 15:05,고등동 수원초등학교 정문 좌측 사거리,고정형,2023-12-01,,,
2023,수원시,팔달구청,2023-01-03 15:12,매산동 팅스몰 주차장 출구 옆,고정형,2023-12-01,,,
2023,수원시,팔달구청,2023-01-03 15:12,매산동 팅스몰 주차장 출구 옆,고정형,2023-12-01,,,
2023,수원시,팔달구청,2023-01-03 15:17,인계동 드림캐슬주상복합,고정형,2023-12-01,,,
2023,수원시,팔달구청,2023-01-03 15:17,인계동 드림캐슬주상복합,고정형,2023-12-01,,,
2023,수원시,팔달구청,2023-01-03 15:17,인계동 드림캐슬주상복합,고정형,2023-12-01,,,
2023,수원시,팔달구청,2023-01-03 15:28,인계동 드림캐슬주상복합,고정형,2023-12-01,,,
2023,수원시,권선구청,2023-01-03 15:37,서둔동 가온팰리스옆1,고정형,2023-12-01,,,
2023,수원시,권선구청,2023-01-03 15:37,서둔동 가온팰리스옆1,고정형,2023-12-01,,,
2023,수원시,팔달구청,2023-01-03 15:42,인계동 경인통계청,고정형,2023-12-01,,,
2023,수원시,영통구청,2023-01-03 15:51,이의동 드림스퀘어Ⅱ 앞,고정형,2023-12-01,,,
2023,수원시,팔달구청,2023-01-03 16:02,인계동 드림캐슬주상복합,고정형,2023-12-01,,,
2023,수원시,팔달구청,2023-01-03 16:09,매산동 팅스몰 주차장 출구 옆,고정형,2023-12-01,,,
2023,수원시,권선구청,2023-01-03 16:11,세류3동 신곡초교 후문 좌측 사거리,고정형,2023-12-01,,,
2023,수원시,팔달구청,2023-01-03 16:11,고등동 수원초등학교 정문 좌측 사거리,고정형,2023-12-01,,,
2023,수원시,팔달구청,2023-01-03 16:13,인계동 경인통계청,고정형,2023-12-01,,,
2023,수원시,권선구청,2023-01-03 16:24,구운동 구운초교 정문 우측 삼거리,고정형,2023-12-01,,,
2023,수원시,영통구청,2023-01-03 16:24,하동 광교호반마을한양수자인,고정형,2023-12-01,,,
2023,수원시,영통구청,2023-01-03 16:39,망포동 E-마트 에브리데이 앞,고정형,2023-12-01,37.2361017468141,127.060345496536,
2023,수원시,팔달구청,2023-01-03 16:56,고등동 수원초등학교 정문 좌측 사거리,고정형,2023-12-01,,,
2023,수원시,권선구청,2023-01-03 17:00,서둔동 가온팰리스옆2,고정형,2023-12-01,,,
2023,수원시,팔달구청,2023-01-03 17:16,인계동 경인통계청,고정형,2023-12-01,,,
2023,수원시,팔달구청,2023-01-03 17:17,인계동 한국씨티은행,고정형,2023-12-01,,,
2023,수원시,영통구청,2023-01-03 17:25,영통동 보보스스포츠센터앞,고정형,2023-12-01,,,
2023,수원시,권선구청,2023-01-03 17:32,세류3동 신곡초교 후문 좌측 사거리,고정형,2023-12-01,,,
2023,수원시,팔달구청,2023-01-03 17:37,인계동 드림캐슬주상복합,고정형,2023-12-01,,,
2023,수원시,팔달구청,2023-01-03 17:38,매산동 팅스몰 주차장 출구 옆,고정형,2023-12-01,,,
2023,수원시,팔달구청,2023-01-03 17:47,인계동 드림캐슬주상복합,고정형,2023-12-01,,,
2023,수원시,팔달구청,2023-01-03 18:04,인계동 드림캐슬주상복합,고정형,2023-12-01,,,
2023,수원시,팔달구청,2023-01-03 18:10,인계동 드림캐슬주상복합,고정형,2023-12-01,,,
2023,수원시,팔달구청,2023-01-03 18:10,인계동 드림캐슬주상복합,고정형,2023-12-01,,,
2023,수원시,영통구청,2023-01-03 18:13,망포동 E-마트 에브리데이 앞,고정형,2023-12-01,37.2361017468141,127.060345496536,
2023,수원시,팔달구청,2023-01-03 18:24,인계동 드림캐슬주상복합,고정형,2023-12-01,,,
2023,수원시,팔달구청,2023-01-03 18:25,행궁동 팔달문 버스정류장,고정형,2023-12-01,,,
2023,수원시,팔달구청,2023-01-03 18:32,인계동 드림캐슬주상복합,고정형,2023-12-01,,,
2023,수원시,팔달구청,2023-01-03 18:46,인계동 드림캐슬주상복합,고정형,2023-12-01,,,
2023,수원시,팔달구청,2023-01-03 19:22,인계동 드림캐슬주상복합,고정형,2023-12-01,,,
2023,수원시,팔달구청,2023-01-03 19:30,매산동 팅스몰 주차장 출구 옆,고정형,2023-12-01,,,
2023,수원시,영통구청,2023-01-03 19:30,경기도수원시영통구원천동 수원시 영통구 원천동 90,보행,2023-12-01,,,
2023,수원시,팔달구청,2023-01-03 19:50,인계동 드림캐슬주상복합,고정형,2023-12-01,,,
2023,수원시,팔달구청,2023-01-03 19:50,인계동 드림캐슬주상복합,고정형,2023-12-01,,,
2023,수원시,팔달구청,2023-01-03 20:12,매산동 팅스몰 주차장 출구 옆,고정형,2023-12-01,,,
2023,수원시,팔달구청,2023-01-03 21:12,인계동 드림캐슬주상복합,고정형,2023-12-01,,,
2023,수원시,팔달구청,2023-01-04 0:32,매교동 114-89 (횡단보도),국민신문고,2023-12-01,,,
2023,수원시,팔달구청,2023-01-04 0:37,매교동 287-52 (횡단보도),국민신문고,2023-12-01,,,
2023,수원시,팔달구청,2023-01-04 0:40,매교동 287-37 (횡단보도),국민신문고,2023-12-01,,,
2023,수원시,팔달구청,2023-01-04 0:40,매교동 287-37 (횡단보도),국민신문고,2023-12-01,,,
2023,수원시,팔달구청,2023-01-04 7:33,매산동 팅스몰 주차장 출구 옆,고정형,2023-12-01,,,
2023,수원시,팔달구청,2023-01-04 7:33,인계동 경인통계청,고정형,2023-12-01,,,
2023,수원시,영통구청,2023-01-04 7:40,망포동 E-마트 에브리데이 앞,고정형,2023-12-01,37.2361017468141,127.060345496536,
2023,수원시,팔달구청,2023-01-04 7:43,매산동 팅스몰 주차장 출구 옆,고정형,2023-12-01,,,
2023,수원시,영통구청,2023-01-04 8:03,영통동 롯데마트 뒤,고정형,2023-12-01,37.27220279535416,127.10856729001851,
2023,수원시,권선구청,2023-01-04 8:04,곡반정동 하나로마트한국빌딩앞,고정형,2023-12-01,,,
2023,수원시,권선구청,2023-01-04 8:04,곡반정동 하나로마트한국빌딩앞,고정형,2023-12-01,,,
2023,수원시,권선구청,2023-01-04 8:05,곡반정동 하나로마트한국빌딩앞,고정형,2023-12-01,,,
2023,수원시,권선구청,2023-01-04 8:33,서둔동 가온팰리스옆2,고정형,2023-12-01,,,
2023,수원시,권선구청,2023-01-04 8:33,서둔동 가온팰리스옆2,고정형,2023-12-01,,,
2023,수원시,팔달구청,2023-01-04 8:51,인계동 드림캐슬주상복합,고정형,2023-12-01,,,
2023,수원시,팔달구청,2023-01-04 8:59,신풍동 제일교회부설주차장 부근,고정형,2023-12-01,,,
2023,수원시,영통구청,2023-01-04 9:00,영통동 마사회뒷길,고정형,2023-12-01,,,
2023,수원시,팔달구청,2023-01-04 9:11,인계동 드림캐슬주상복합,고정형,2023-12-01,,,
2023,수원시,영통구청,2023-01-04 9:24,광교동 광교 덴티움지식산업센터 앞 사거리,고정형,2023-12-01,,,
2023,수원시,권선구청,2023-01-04 10:26,서둔동 가온팰리스옆2,고정형,2023-12-01,,,
2023,수원시,권선구청,2023-01-04 10:26,서둔동 가온팰리스옆2,고정형,2023-12-01,,,
2023,수원시,권선구청,2023-01-04 10:35,세류3동 신곡초교 후문 좌측 사거리,고정형,2023-12-01,,,
2023,수원시,팔달구청,2023-01-04 10:37,인계동 경인통계청,고정형,2023-12-01,,,
2023,수원시,팔달구청,2023-01-04 10:37,영동 영동 팔달문로9,주행형,2023-12-01,,,
2023,수원시,팔달구청,2023-01-04 10:37,팔달로2가 팔달로2가 팔달문로275,주행형,2023-12-01,,,
2023,수원시,권선구청,2023-01-04 10:44,서둔동 가온팰리스옆2,고정형,2023-12-01,,,
2023,수원시,팔달구청,2023-01-04 10:46,인계동 드림캐슬주상복합,고정형,2023-12-01,,,
2023,수원시,팔달구청,2023-01-04 10:46,인계동 드림캐슬주상복합,고정형,2023-12-01,,,
2023,수원시,팔달구청,2023-01-04 10:48,매산동 팅스몰 주차장 출구 옆,고정형,2023-12-01,,,
2023,수원시,팔달구청,2023-01-04 10:48,매산동 팅스몰 주차장 출구 옆,고정형,2023-12-01,,,
2023,수원시,팔달구청,2023-01-04 10:49,중동 118-5 (인도),국민신문고,2023-12-01,,,
2023,수원시,장안구청,2023-01-04 10:50,경기도수원시장안구정자동 수원시 장안구 장안로 264-5유토피아모텔,보행,2023-12-01,,,
2023,수원시,영통구청,2023-01-04 11:00,영덕동 삼성로,주행형,2023-12-01,,,
2023,수원시,영통구청,2023-01-04 11:00,영덕동 삼성로,주행형,2023-12-01,,,
2023,수원시,영통구청,2023-01-04 11:00,영덕동 삼성로,주행형,2023-12-01,,,
2023,수원시,팔달구청,2023-01-04 11:23,경기도수원시팔달구남수동 수원시 팔달구 창룡대로 8번길 34,보행,2023-12-01,,,
2023,수원시,영통구청,2023-01-04 11:43,이의동 광교가재울마을사거리,고정형,2023-12-01,,,
2023,수원시,권선구청,2023-01-04 11:53,-1 명당초등학교 사거리,고정형,2023-12-01,,,
2023,수원시,권선구청,2023-01-04 11:53,-1 명당초등학교 사거리,고정형,2023-12-01,,,
2023,수원시,영통구청,2023-01-04 11:56,광교동 광교 덴티움지식산업센터 앞 사거리,고정형,2023-12-01,,,
2023,수원시,영통구청,2023-01-04 13:20,영통동 롯데마트 뒤,고정형,2023-12-01,37.27220279535416,127.10856729001851,
2023,수원시,영통구청,2023-01-04 13:20,영통동 롯데마트 뒤,고정형,2023-12-01,37.27220279535416,127.10856729001851,
2023,수원시,영통구청,2023-01-04 13:54,원천동 삼성전자중문,고정형,2023-12-01,,,
2023,수원시,영통구청,2023-01-04 13:57,망포동 힐스테이트 119동 ~방죽공원 삼거리,고정형,2023-12-01,,,
2023,수원시,영통구청,2023-01-04 14:03,광교동 광교 덴티움지식산업센터 앞 사거리,고정형,2023-12-01,,,
2023,수원시,영통구청,2023-01-04 14:25,영통동 롯데마트 뒤,고정형,2023-12-01,37.27220279535416,127.10856729001851,
2023,수원시,팔달구청,2023-01-04 14:34,인계동 드림캐슬주상복합,고정형,2023-12-01,,,
2023,수원시,팔달구청,2023-01-04 14:35,인계동 경인통계청,고정형,2023-12-01,,,
2023,수원시,권선구청,2023-01-04 14:37,서둔동 가온팰리스옆2,고정형,2023-12-01,,,
2023,수원시,팔달구청,2023-01-04 14:39,매산동 팅스몰 주차장 출구 옆,고정형,2023-12-01,,,
2023,수원시,팔달구청,2023-01-04 14:39,매산로3가 매산로3가 고화로9번길 1,주행형,2023-12-01,,,
2023,수원시,영통구청,2023-01-04 14:39,이의동 드림스퀘어Ⅱ 앞,고정형,2023-12-01,,,
2023,수원시,권선구청,2023-01-04 14:41,경기도수원시권선구입북동 수원시 권선구 입북동 432,보행,2023-12-01,,,
2023,수원시,권선구청,2023-01-04 14:42,세류3동 신곡초교 후문 좌측 사거리,고정형,2023-12-01,,,
2023,수원시,영통구청,2023-01-04 14:46,영통동 보보스스포츠센터앞,고정형,2023-12-01,,,
2023,수원시,권선구청,2023-01-04 14:47,권선2동 곡정초교 정문 좌측 사거리,고정형,2023-12-01,,,
2023,수원시,팔달구청,2023-01-04 14:56,매산동 팔달로 10번길 8,고정형,2023-12-01,,,
2023,수원시,팔달구청,2023-01-04 14:56,인계동 드림캐슬주상복합,고정형,2023-12-01,,,
2023,수원시,팔달구청,2023-01-04 14:59,인계동 경인통계청,고정형,2023-12-01,,,
2023,수원시,권선구청,2023-01-04 15:02,호매실동 금호프라자 대각 맞은편,고정형,2023-12-01,,,
2023,수원시,팔달구청,2023-01-04 15:17,인계동 드림캐슬주상복합,고정형,2023-12-01,,,
2023,수원시,팔달구청,2023-01-04 15:17,인계동 드림캐슬주상복합,고정형,2023-12-01,,,
2023,수원시,권선구청,2023-01-04 15:22,권선2동 곡정초교 정문 좌측 사거리,고정형,2023-12-01,,,
2023,수원시,영통구청,2023-01-04 15:31,이의동 드림스퀘어Ⅱ 앞,고정형,2023-12-01,,,
2023,수원시,영통구청,2023-01-04 15:45,망포동 E-마트 에브리데이 앞,고정형,2023-12-01,37.2361017468141,127.060345496536,
2023,수원시,팔달구청,2023-01-04 15:47,신풍동 제일교회부설주차장 부근,고정형,2023-12-01,,,
2023,수원시,팔달구청,2023-01-04 15:47,인계동 드림캐슬주상복합,고정형,2023-12-01,,,
2023,수원시,팔달구청,2023-01-04 15:51,인계동 한국씨티은행,고정형,2023-12-01,,,
2023,수원시,팔달구청,2023-01-04 16:05,인계동 드림캐슬주상복합,고정형,2023-12-01,,,
2023,수원시,팔달구청,2023-01-04 16:05,인계동 드림캐슬주상복합,고정형,2023-12-01,,,
2023,수원시,영통구청,2023-01-04 16:05,망포동 E-마트 에브리데이 앞,고정형,2023-12-01,37.2361017468141,127.060345496536,
2023,수원시,영통구청,2023-01-04 16:12,영통동 보보스스포츠센터앞,고정형,2023-12-01,,,
2023,수원시,팔달구청,2023-01-04 16:19,인계동 경인통계청,고정형,2023-12-01,,,
2023,수원시,영통구청,2023-01-04 16:21,원천동 광교 한화겔러리아 앞,고정형,2023-12-01,,,
2023,수원시,팔달구청,2023-01-04 16:21,신풍동 제일교회부설주차장 부근,고정형,2023-12-01,,,
2023,수원시,권선구청,2023-01-04 16:22,서둔동 가온팰리스옆2,고정형,2023-12-01,,,
2023,수원시,권선구청,2023-01-04 16:22,서둔동 가온팰리스옆2,고정형,2023-12-01,,,
2023,수원시,팔달구청,2023-01-04 16:40,매산동 팅스몰 주차장 출구 옆,고정형,2023-12-01,,,
2023,수원시,팔달구청,2023-01-04 16:50,고등동 수원초등학교 정문 좌측 사거리,고정형,2023-12-01,,,
2023,수원시,권선구청,2023-01-04 17:09,구운동 구운초교 정문 우측 삼거리,고정형,2023-12-01,,,
2023,수원시,영통구청,2023-01-04 17:20,광교동 광교 덴티움지식산업센터 앞 사거리,고정형,2023-12-01,,,
2023,수원시,팔달구청,2023-01-04 17:28,화서1동 화서초등학교 둘레길 중간지점,고정형,2023-12-01,,,
2023,수원시,권선구청,2023-01-04 17:32,구운동 구운초교 정문 우측 삼거리,고정형,2023-12-01,,,
2023,수원시,팔달구청,2023-01-04 17:58,인계동 드림캐슬주상복합,고정형,2023-12-01,,,
2023,수원시,팔달구청,2023-01-04 18:37,인계동 드림캐슬주상복합,고정형,2023-12-01,,,
2023,수원시,팔달구청,2023-01-04 18:37,인계동 드림캐슬주상복합,고정형,2023-12-01,,,
2023,수원시,팔달구청,2023-01-04 18:41,인계동 드림캐슬주상복합,고정형,2023-12-01,,,
2023,수원시,영통구청,2023-01-04 19:05,영통동 마사회뒷길,고정형,2023-12-01,,,
2023,수원시,영통구청,2023-01-04 19:05,영통동 마사회뒷길,고정형,2023-12-01,,,
2023,수원시,팔달구청,2023-01-04 19:09,매산로1가 수원시 팔달구 매산로1가 37,보행,2023-12-01,,,
2023,수원시,팔달구청,2023-01-04 19:13,인계동 드림캐슬주상복합,고정형,2023-12-01,,,
2023,수원시,팔달구청,2023-01-04 19:53,매산동 팅스몰 주차장 출구 옆,고정형,2023-12-01,,,
2023,수원시,팔달구청,2023-01-04 20:04,매산동 팅스몰 주차장 출구 옆,고정형,2023-12-01,,,
2023,수원시,팔달구청,2023-01-04 20:05,매산동 팅스몰 주차장 출구 옆,고정형,2023-12-01,,,
2023,수원시,팔달구청,2023-01-04 20:15,매산동 팅스몰 주차장 출구 옆,고정형,2023-12-01,,,
2023,수원시,영통구청,2023-01-04 20:34,이의동 광교가재울마을사거리,고정형,2023-12-01,,,
2023,수원시,팔달구청,2023-01-04 20:35,인계동 드림캐슬주상복합,고정형,2023-12-01,,,
2023,수원시,팔달구청,2023-01-04 20:49,매산동 팅스몰 주차장 출구 옆,고정형,2023-12-01,,,
2023,수원시,팔달구청,2023-01-04 21:09,인계동 드림캐슬주상복합,고정형,2023-12-01,,,
2023,수원시,팔달구청,2023-01-04 21:09,인계동 드림캐슬주상복합,고정형,2023-12-01,,,
2023,수원시,팔달구청,2023-01-04 22:17,매교동 287-66 (횡단보도),국민신문고,2023-12-01,,,
2023,수원시,권선구청,2023-01-04 22:17,오목천동 527-12,국민신문고,2023-12-01,,,
2023,수원시,권선구청,2023-01-05 6:02,권선동 경기31바1425,국민신문고,2023-12-01,,,
2023,수원시,장안구청,2023-01-05 6:17,조원동 조원동 548-2,국민신문고,2023-12-01,,,
2023,수원시,팔달구청,2023-01-05 7:32,인계동 드림캐슬주상복합,고정형,2023-12-01,,,
2023,수원시,팔달구청,2023-01-05 7:33,인계동 드림캐슬주상복합,고정형,2023-12-01,,,
2023,수원시,팔달구청,2023-01-05 7:33,인계동 경인통계청,고정형,2023-12-01,,,
2023,수원시,팔달구청,2023-01-05 7:41,인계동 한국씨티은행,고정형,2023-12-01,,,
2023,수원시,팔달구청,2023-01-05 7:59,인계동 경인통계청,고정형,2023-12-01,,,
2023,수원시,팔달구청,2023-01-05 8:02,신풍동 제일교회부설주차장 부근,고정형,2023-12-01,,,
2023,수원시,권선구청,2023-01-05 8:03,곡반정동 하나로마트한국빌딩앞,고정형,2023-12-01,,,
2023,수원시,권선구청,2023-01-05 8:23,서둔동 가온팰리스옆2,고정형,2023-12-01,,,
2023,수원시,팔달구청,2023-01-05 8:30,인계동 경인통계청,고정형,2023-12-01,,,
2023,수원시,팔달구청,2023-01-05 8:52,화서1동 푸르지오자이 북문 CU 앞 횡단보도,고정형,2023-12-01,,,
2023,수원시,팔달구청,2023-01-05 8:52,화서1동 푸르지오자이 북문 CU 앞 횡단보도,고정형,2023-12-01,,,
2023,수원시,팔달구청,2023-01-05 9:22,매산동 팅스몰 주차장 출구 옆,고정형,2023-12-01,,,
2023,수원시,팔달구청,2023-01-05 9:22,매산동 팅스몰 주차장 출구 옆,고정형,2023-12-01,,,
2023,수원시,팔달구청,2023-01-05 9:40,교동 수원향교 앞 팔달보건소 뒤,고정형,2023-12-01,,,
2023,수원시,팔달구청,2023-01-05 9:42,매산동 역전농협,고정형,2023-12-01,,,
2023,수원시,팔달구청,2023-01-05 9:55,고등동 수원초등학교 정문 좌측 사거리,고정형,2023-12-01,,,
2023,수원시,팔달구청,2023-01-05 9:58,신풍동 제일교회부설주차장 부근,고정형,2023-12-01,,,
2023,수원시,팔달구청,2023-01-05 10:00,인계동 드림캐슬주상복합,고정형,2023-12-01,,,
2023,수원시,권선구청,2023-01-05 10:03,입북동 당수초교 정문 우측 사거리,고정형,2023-12-01,,,
2023,수원시,영통구청,2023-01-05 10:08,영덕동 삼성로,주행형,2023-12-01,,,
2023,수원시,장안구청,2023-01-05 10:12,율전동 봉담과천로,주행형,2023-12-01,,,
2023,수원시,팔달구청,2023-01-05 10:20,남수동 남수동 정조로800번길,주행형,2023-12-01,,,
2023,수원시,권선구청,2023-01-05 10:21,서둔동 가온팰리스옆1,고정형,2023-12-01,,,
2023,수원시,팔달구청,2023-01-05 10:23,인계동 인계동 매산로,주행형,2023-12-01,,,
2023,수원시,팔달구청,2023-01-05 10:23,인계동 인계동 매산로,주행형,2023-12-01,,,
2023,수원시,팔달구청,2023-01-05 10:24,인계동 인계동 매산로,주행형,2023-12-01,,,
2023,수원시,팔달구청,2023-01-05 10:26,인계동 경인통계청,고정형,2023-12-01,,,
2023,수원시,팔달구청,2023-01-05 10:29,인계동 인계동 권광로303번길,주행형,2023-12-01,,,
2023,수원시,팔달구청,2023-01-05 10:54,경기도수원시팔달구인계동 수원시 팔달구 우만동 525-6,보행,2023-12-01,,,
2023,수원시,영통구청,2023-01-05 11:02,망포동 힐스테이트 119동 ~방죽공원 삼거리,고정형,2023-12-01,,,
2023,수원시,팔달구청,2023-01-05 12:12,교동 수원향교 앞 팔달보건소 뒤,고정형,2023-12-01,,,
2023,수원시,팔달구청,2023-01-05 12:12,교동 수원향교 앞 팔달보건소 뒤,고정형,2023-12-01,,,
2023,수원시,장안구청,2023-01-05 12:14,상광교동 광교버스정류장종점,고정형,2023-12-01,,,
2023,수원시,영통구청,2023-01-05 12:16,이의동 도청예정부지,고정형,2023-12-01,,,
2023,수원시,팔달구청,2023-01-05 12:19,화서1동 푸르지오자이 북문 CU 앞 횡단보도,고정형,2023-12-01,,,
2023,수원시,영통구청,2023-01-05 12:32,광교동 광교 덴티움지식산업센터 앞 사거리,고정형,2023-12-01,,,
2023,수원시,팔달구청,2023-01-05 12:41,행궁동 팔달문 버스정류장,고정형,2023-12-01,,,
2023,수원시,영통구청,2023-01-05 14:23,영통동 롯데마트 뒤,고정형,2023-12-01,37.27220279535416,127.10856729001851,
2023,수원시,영통구청,2023-01-05 14:23,영통동 롯데마트 뒤,고정형,2023-12-01,37.27220279535416,127.10856729001851,
2023,수원시,권선구청,2023-01-05 14:33,서둔동 가온팰리스옆2,고정형,2023-12-01,,,
2023,수원시,팔달구청,2023-01-05 14:33,매산동 팅스몰 주차장 출구 옆,고정형,2023-12-01,,,
2023,수원시,팔달구청,2023-01-05 14:34,매산동 팔달로 10번길 8,고정형,2023-12-01,,,
2023,수원시,팔달구청,2023-01-05 14:35,인계동 드림캐슬주상복합,고정형,2023-12-01,,,
2023,수원시,팔달구청,2023-01-05 14:35,인계동 드림캐슬주상복합,고정형,2023-12-01,,,
2023,수원시,영통구청,2023-01-05 14:35,경기도수원시영통구영통동 수원시 영통구 영통동 956,보행,2023-12-01,,,
2023,수원시,팔달구청,2023-01-05 14:38,인계동 한국씨티은행,고정형,2023-12-01,,,
2023,수원시,팔달구청,2023-01-05 14:39,매교동 매교동 효원로93번길,주행형,2023-12-01,,,
2023,수원시,권선구청,2023-01-05 14:39,평동 고현초교 정문 좌측 삼거리,고정형,2023-12-01,,,
2023,수원시,팔달구청,2023-01-05 14:43,화서1동 푸르지오자이 북문 CU 앞 횡단보도,고정형,2023-12-01,,,
2023,수원시,팔달구청,2023-01-05 14:43,화서1동 푸르지오자이 북문 CU 앞 횡단보도,고정형,2023-12-01,,,
2023,수원시,영통구청,2023-01-05 14:45,영통동 마사회뒷길,고정형,2023-12-01,,,
2023,수원시,팔달구청,2023-01-05 14:51,인계동 드림캐슬주상복합,고정형,2023-12-01,,,
2023,수원시,영통구청,2023-01-05 14:57,망포동 힐스테이트 119동 ~방죽공원 삼거리,고정형,2023-12-01,,,
2023,수원시,팔달구청,2023-01-05 15:02,고등동 수원초등학교 정문 좌측 사거리,고정형,2023-12-01,,,
2023,수원시,영통구청,2023-01-05 15:09,영통동 롯데마트 뒤,고정형,2023-12-01,37.27220279535416,127.10856729001851,
2023,수원시,영통구청,2023-01-05 15:10,경기도수원시영통구망포동 수원시 영통구 망포동 380,보행,2023-12-01,,,
2023,수원시,영통구청,2023-01-05 15:10,경기도수원시영통구망포동 수원시 영통구 망포동 380,보행,2023-12-01,,,
2023,수원시,영통구청,2023-01-05 15:10,경기도수원시영통구망포동 수원시 영통구 망포동 380,보행,2023-12-01,,,
2023,수원시,영통구청,2023-01-05 15:11,경기도수원시영통구망포동 수원시 영통구 망포동 380,보행,2023-12-01,,,
2023,수원시,영통구청,2023-01-05 15:12,이의동 드림스퀘어Ⅱ 앞,고정형,2023-12-01,,,
2023,수원시,영통구청,2023-01-05 15:12,이의동 드림스퀘어Ⅱ 앞,고정형,2023-12-01,,,
2023,수원시,권선구청,2023-01-05 15:12,경기도수원시권선구탑동 수원시 권선구 탑동 756,보행,2023-12-01,,,
2023,수원시,영통구청,2023-01-05 15:12,경기도수원시영통구망포동 수원시 영통구 망포동 380,보행,2023-12-01,,,
2023,수원시,권선구청,2023-01-05 15:17,오목천동 한화꿈에그린아파트 209동앞,고정형,2023-12-01,,,
2023,수원시,영통구청,2023-01-05 15:27,망포동 힐스테이트 119동 ~방죽공원 삼거리,고정형,2023-12-01,,,
2023,수원시,팔달구청,2023-01-05 15:36,인계동 한국씨티은행,고정형,2023-12-01,,,
2023,수원시,팔달구청,2023-01-05 15:37,경기도수원시팔달구매교동 수원시 팔달구 매교동 163,보행,2023-12-01,,,
2023,수원시,팔달구청,2023-01-05 15:37,매교동 수원시 팔달구 매교동 163,보행,2023-12-01,,,
2023,수원시,팔달구청,2023-01-05 15:38,경기도수원시팔달구매교동 수원시 팔달구 매교동 163,보행,2023-12-01,,,
2023,수원시,팔달구청,2023-01-05 15:38,경기도수원시팔달구매교동 수원시 팔달구 매교동 163,보행,2023-12-01,,,
2023,수원시,팔달구청,2023-01-05 15:39,경기도수원시팔달구매교동 수원시 팔달구 매교동 163,보행,2023-12-01,,,
2023,수원시,팔달구청,2023-01-05 15:48,화서1동 화서초등학교 둘레길 중간지점,고정형,2023-12-01,,,
2023,수원시,팔달구청,2023-01-05 15:49,신풍동 제일교회부설주차장 부근,고정형,2023-12-01,,,
2023,수원시,팔달구청,2023-01-05 15:53,인계동 한국씨티은행,고정형,2023-12-01,,,
2023,수원시,권선구청,2023-01-05 15:55,서둔동 롯데몰9번출구앞주변,고정형,2023-12-01,,,
2023,수원시,권선구청,2023-01-05 16:17,금곡동 금곡로222번길,주행형,2023-12-01,,,
2023,수원시,팔달구청,2023-01-05 16:25,매산동 팅스몰 주차장 출구 옆,고정형,2023-12-01,,,
2023,수원시,권선구청,2023-01-05 16:27,오목천동 한화꿈에그린아파트 209동앞,고정형,2023-12-01,,,
2023,수원시,권선구청,2023-01-05 16:59,세류3동 신곡초교 후문 좌측 사거리,고정형,2023-12-01,,,
2023,수원시,팔달구청,2023-01-05 17:03,매산동 팅스몰 주차장 출구 옆,고정형,2023-12-01,,,
2023,수원시,영통구청,2023-01-05 17:04,이의동 드림스퀘어Ⅱ 앞,고정형,2023-12-01,,,
2023,수원시,영통구청,2023-01-05 17:04,이의동 드림스퀘어Ⅱ 앞,고정형,2023-12-01,,,
2023,수원시,영통구청,2023-01-05 17:08,이의동 드림스퀘어Ⅱ 앞,고정형,2023-12-01,,,
2023,수원시,영통구청,2023-01-05 17:08,이의동 드림스퀘어Ⅱ 앞,고정형,2023-12-01,,,
2023,수원시,팔달구청,2023-01-05 17:19,행궁동 팔달문 버스정류장,고정형,2023-12-01,,,
2023,수원시,팔달구청,2023-01-05 17:22,화서1동 화서초등학교 둘레길 중간지점,고정형,2023-12-01,,,
2023,수원시,팔달구청,2023-01-05 17:26,매산동 팅스몰 주차장 출구 옆,고정형,2023-12-01,,,
2023,수원시,팔달구청,2023-01-05 17:30,인계동 드림캐슬주상복합,고정형,2023-12-01,,,
2023,수원시,장안구청,2023-01-05 17:30,정자3동 정자동 오일뱅크,고정형,2023-12-01,,,
2023,수원시,팔달구청,2023-01-05 17:30,고등동 수원초등학교 정문 좌측 사거리,고정형,2023-12-01,,,
2023,수원시,팔달구청,2023-01-05 17:35,인계동 한국씨티은행,고정형,2023-12-01,,,
2023,수원시,권선구청,2023-01-05 17:38,세류3동 신곡초교 후문 좌측 사거리,고정형,2023-12-01,,,
2023,수원시,팔달구청,2023-01-05 18:18,인계동 드림캐슬주상복합,고정형,2023-12-01,,,
2023,수원시,팔달구청,2023-01-05 18:24,인계동 드림캐슬주상복합,고정형,2023-12-01,,,
2023,수원시,팔달구청,2023-01-05 18:40,매산동 팅스몰 주차장 출구 옆,고정형,2023-12-01,,,
2023,수원시,팔달구청,2023-01-05 19:17,고등동 수원초등학교 정문 좌측 사거리,고정형,2023-12-01,,,
2023,수원시,팔달구청,2023-01-05 19:29,매산동 팅스몰 주차장 출구 옆,고정형,2023-12-01,,,
2023,수원시,팔달구청,2023-01-05 19:34,매산동 팅스몰 주차장 출구 옆,고정형,2023-12-01,,,
2023,수원시,영통구청,2023-01-05 19:45,영통동 롯데마트 뒤,고정형,2023-12-01,37.27220279535416,127.10856729001851,
2023,수원시,영통구청,2023-01-05 19:49,원천동 광교매원초등학교,고정형,2023-12-01,,,
2023,수원시,권선구청,2023-01-05 19:55,입북동 율전로37번길,주행형,2023-12-01,,,
2023,수원시,권선구청,2023-01-05 19:55,입북동 율전로37번길,주행형,2023-12-01,,,
2023,수원시,권선구청,2023-01-05 19:57,입북동 율전로37번길,주행형,2023-12-01,,,
2023,수원시,권선구청,2023-01-05 19:57,입북동 율전로37번길,주행형,2023-12-01,,,
2023,수원시,권선구청,2023-01-05 19:57,입북동 율전로37번길,주행형,2023-12-01,,,
2023,수원시,권선구청,2023-01-05 19:57,입북동 율전로37번길,주행형,2023-12-01,,,
2023,수원시,권선구청,2023-01-05 19:58,입북동 율전로37번길,주행형,2023-12-01,,,
2023,수원시,권선구청,2023-01-05 19:58,입북동 율전로37번길,주행형,2023-12-01,,,
2023,수원시,권선구청,2023-01-05 19:59,입북동 율전로37번길,주행형,2023-12-01,,,
2023,수원시,권선구청,2023-01-05 20:02,입북동 율전로37번길,주행형,2023-12-01,,,
2023,수원시,권선구청,2023-01-05 20:02,입북동 율전로37번길,주행형,2023-12-01,,,
2023,수원시,권선구청,2023-01-05 20:02,입북동 율전로37번길,주행형,2023-12-01,,,
2023,수원시,권선구청,2023-01-05 20:02,입북동 율전로37번길,주행형,2023-12-01,,,
2023,수원시,팔달구청,2023-01-05 20:11,인계동 드림캐슬주상복합,고정형,2023-12-01,,,
2023,수원시,팔달구청,2023-01-05 20:11,인계동 드림캐슬주상복합,고정형,2023-12-01,,,
2023,수원시,팔달구청,2023-01-05 20:17,매산동 팅스몰 주차장 출구 옆,고정형,2023-12-01,,,
2023,수원시,영통구청,2023-01-05 20:17,영통동 롯데마트 뒤,고정형,2023-12-01,37.27220279535416,127.10856729001851,
2023,수원시,영통구청,2023-01-05 20:28,원천동 광교매원초등학교,고정형,2023-12-01,,,
2023,수원시,영통구청,2023-01-05 20:49,원천동 광교매원초등학교,고정형,2023-12-01,,,
2023,수원시,팔달구청,2023-01-05 20:52,인계동 드림캐슬주상복합,고정형,2023-12-01,,,
2023,수원시,팔달구청,2023-01-05 21:26,고등동 역전농협,고정형,2023-12-01,,,
2023,수원시,권선구청,2023-01-06 6:07,곡반정동 562-2,국민신문고,2023-12-01,,,
2023,수원시,팔달구청,2023-01-06 7:21,팔달로3가 680-1 (횡단보도),국민신문고,2023-12-01,,,
2023,수원시,팔달구청,2023-01-06 7:33,매산동 팅스몰 주차장 출구 옆,고정형,2023-12-01,,,
2023,수원시,팔달구청,2023-01-06 7:35,인계동 드림캐슬주상복합,고정형,2023-12-01,,,
2023,수원시,팔달구청,2023-01-06 7:36,인계동 드림캐슬주상복합,고정형,2023-12-01,,,
2023,수원시,팔달구청,2023-01-06 7:46,인계동 한국씨티은행,고정형,2023-12-01,,,
2023,수원시,권선구청,2023-01-06 8:03,권선2동 곡정초교 정문 좌측 사거리,고정형,2023-12-01,,,
2023,수원시,권선구청,2023-01-06 8:05,서둔동 수원역한라비발디퍼스트 앞2,고정형,2023-12-01,,,
2023,수원시,팔달구청,2023-01-06 8:05,신풍동 제일교회부설주차장 부근,고정형,2023-12-01,,,
2023,수원시,권선구청,2023-01-06 8:12,세류3동 신곡초교 후문 좌측 사거리,고정형,2023-12-01,,,
2023,수원시,팔달구청,2023-01-06 8:30,인계동 드림캐슬주상복합,고정형,2023-12-01,,,
2023,수원시,권선구청,2023-01-06 8:37,곡선동 권선중앙약국 건너편,고정형,2023-12-01,,,
2023,수원시,권선구청,2023-01-06 8:41,서둔동 가온팰리스옆2,고정형,2023-12-01,,,
2023,수원시,권선구청,2023-01-06 8:57,곡선동 권선중앙약국 건너편,고정형,2023-12-01,,,
2023,수원시,팔달구청,2023-01-06 9:17,인계동 드림캐슬주상복합,고정형,2023-12-01,,,
2023,수원시,영통구청,2023-01-06 9:32,광교동 광교 덴티움지식산업센터 앞 사거리,고정형,2023-12-01,,,
2023,수원시,영통구청,2023-01-06 9:32,광교동 광교 덴티움지식산업센터 앞 사거리,고정형,2023-12-01,,,
2023,수원시,팔달구청,2023-01-06 9:57,매산동 팅스몰 주차장 출구 옆,고정형,2023-12-01,,,
2023,수원시,영통구청,2023-01-06 9:57,이의동 광교호반베르디움 103동 앞,고정형,2023-12-01,,,
2023,수원시,팔달구청,2023-01-06 10:17,인계동 인계동 수원천로229,주행형,2023-12-01,,,
2023,수원시,팔달구청,2023-01-06 10:17,구천동 구천동 수원천로229,주행형,2023-12-01,,,
2023,수원시,팔달구청,2023-01-06 10:21,인계동 인계동 수원천로229,주행형,2023-12-01,,,
2023,수원시,영통구청,2023-01-06 10:25,영통동 롯데마트 뒤,고정형,2023-12-01,37.27220279535416,127.10856729001851,
2023,수원시,권선구청,2023-01-06 10:30,권선동 권선동 한라비발디앞 놀이터,고정형,2023-12-01,,,
2023,수원시,팔달구청,2023-01-06 10:33,인계동 경인통계청,고정형,2023-12-01,,,
2023,수원시,팔달구청,2023-01-06 10:39,영동 영동 수원천로275,주행형,2023-12-01,,,
2023,수원시,팔달구청,2023-01-06 10:39,팔달로2가 팔달로2가 정조로796번길,주행형,2023-12-01,,,
2023,수원시,팔달구청,2023-01-06 10:39,팔달로2가 팔달로2가 정조로796번길,주행형,2023-12-01,,,
2023,수원시,팔달구청,2023-01-06 10:40,영동 영동 수원천로275,주행형,2023-12-01,,,
2023,수원시,영통구청,2023-01-06 10:41,광교동 광교 덴티움지식산업센터 앞 사거리,고정형,2023-12-01,,,
2023,수원시,영통구청,2023-01-06 10:42,광교동 광교더사랑교회뒷길,고정형,2023-12-01,,,
2023,수원시,팔달구청,2023-01-06 10:43,인계동 드림캐슬주상복합,고정형,2023-12-01,,,
2023,수원시,팔달구청,2023-01-06 10:45,매산동 팅스몰 주차장 출구 옆,고정형,2023-12-01,,,
2023,수원시,영통구청,2023-01-06 10:49,원천동 삼성전자중문,고정형,2023-12-01,,,
2023,수원시,팔달구청,2023-01-06 12:30,매산동 역전농협,고정형,2023-12-01,,,
2023,수원시,영통구청,2023-01-06 12:39,원천동 삼성전자중문,고정형,2023-12-01,,,
2023,수원시,팔달구청,2023-01-06 13:04,매교동 120-12 (교차로모퉁이 5m 이내),국민신문고,2023-12-01,,,
2023,수원시,권선구청,2023-01-06 13:43,입북동 당수초교 정문 우측 사거리,고정형,2023-12-01,,,
2023,수원시,영통구청,2023-01-06 14:16,영통동 롯데마트 뒤,고정형,2023-12-01,37.27220279535416,127.10856729001851,
2023,수원시,영통구청,2023-01-06 14:16,망포동 힐스테이트 119동 ~방죽공원 삼거리,고정형,2023-12-01,,,
2023,수원시,팔달구청,2023-01-06 14:31,영동 영동 수원천로275,주행형,2023-12-01,,,
2023,수원시,팔달구청,2023-01-06 14:31,영동 영동 수원천로275,주행형,2023-12-01,,,
2023,수원시,권선구청,2023-01-06 14:32,구운동 구운초교 정문 우측 삼거리,고정형,2023-12-01,,,
2023,수원시,권선구청,2023-01-06 14:35,권선2동 곡정초교 정문 좌측 사거리,고정형,2023-12-01,,,
2023,수원시,팔달구청,2023-01-06 14:35,인계동 인계동 수원천로229,주행형,2023-12-01,,,
2023,수원시,팔달구청,2023-01-06 14:35,인계동 인계동 수원천로229,주행형,2023-12-01,,,
2023,수원시,팔달구청,2023-01-06 14:35,인계동 인계동 수원천로229,주행형,2023-12-01,,,
2023,수원시,팔달구청,2023-01-06 14:35,인계동 인계동 수원천로229,주행형,2023-12-01,,,
2023,수원시,영통구청,2023-01-06 14:35,광교동 광교더사랑교회뒷길,고정형,2023-12-01,,,
2023,수원시,팔달구청,2023-01-06 14:36,고등동 수원초등학교 정문 좌측 사거리,고정형,2023-12-01,,,
2023,수원시,영통구청,2023-01-06 14:37,원천동 광교매원초등학교,고정형,2023-12-01,,,
2023,수원시,팔달구청,2023-01-06 14:39,매교동 98-30 (인도),국민신문고,2023-12-01,,,
2023,수원시,팔달구청,2023-01-06 14:55,신풍동 제일교회부설주차장 부근,고정형,2023-12-01,,,
2023,수원시,팔달구청,2023-01-06 14:55,인계동 경인통계청,고정형,2023-12-01,,,
2023,수원시,영통구청,2023-01-06 15:08,영통동 마사회뒷길,고정형,2023-12-01,,,
2023,수원시,권선구청,2023-01-06 15:30,경기도수원시권선구구운동 수원시 권선구 구운동 308,보행,2023-12-01,,,
2023,수원시,권선구청,2023-01-06 15:30,경기도수원시권선구구운동 수원시 권선구 구운동 308,보행,2023-12-01,,,
2023,수원시,영통구청,2023-01-06 15:31,영통동 롯데마트 뒤,고정형,2023-12-01,37.27220279535416,127.10856729001851,
2023,수원시,권선구청,2023-01-06 15:31,경기도수원시권선구권선동 수원시 권선구 권광로 109번길 48,보행,2023-12-01,,,
2023,수원시,권선구청,2023-01-06 15:32,경기도수원시권선구권선동 수원시 권선구 권광로 109번길 48,보행,2023-12-01,,,
2023,수원시,영통구청,2023-01-06 15:33,이의동 드림스퀘어Ⅱ 앞,고정형,2023-12-01,,,
2023,수원시,영통구청,2023-01-06 15:35,망포동 E-마트 에브리데이 앞,고정형,2023-12-01,37.2361017468141,127.060345496536,
2023,수원시,팔달구청,2023-01-06 15:47,고등동 수원초등학교 정문 좌측 사거리,고정형,2023-12-01,,,
2023,수원시,권선구청,2023-01-06 15:47,평동 고현초교 정문 좌측 삼거리,고정형,2023-12-01,,,
2023,수원시,영통구청,2023-01-06 15:55,영통동 보보스스포츠센터앞,고정형,2023-12-01,,,
2023,수원시,영통구청,2023-01-06 15:55,-1 매탄동 410-1,국민신문고,2023-12-01,,,
2023,수원시,권선구청,2023-01-06 15:57,평동 자동차매매센터2,고정형,2023-12-01,,,
2023,수원시,팔달구청,2023-01-06 15:59,인계동 드림캐슬주상복합,고정형,2023-12-01,,,
2023,수원시,팔달구청,2023-01-06 16:09,매산동 팅스몰 주차장 출구 옆,고정형,2023-12-01,,,
2023,수원시,팔달구청,2023-01-06 16:09,화서1동 푸르지오자이 북문 CU 앞 횡단보도,고정형,2023-12-01,,,
2023,수원시,권선구청,2023-01-06 16:18,입북동 당수초교 정문 우측 사거리,고정형,2023-12-01,,,
2023,수원시,팔달구청,2023-01-06 16:21,인계동 드림캐슬주상복합,고정형,2023-12-01,,,
2023,수원시,팔달구청,2023-01-06 16:21,인계동 드림캐슬주상복합,고정형,2023-12-01,,,
2023,수원시,영통구청,2023-01-06 16:26,이의동 드림스퀘어Ⅱ 앞,고정형,2023-12-01,,,
2023,수원시,팔달구청,2023-01-06 16:27,매산동 팅스몰 주차장 출구 옆,고정형,2023-12-01,,,
2023,수원시,팔달구청,2023-01-06 17:02,인계동 드림캐슬주상복합,고정형,2023-12-01,,,
2023,수원시,권선구청,2023-01-06 17:09,세류3동 신곡초교 후문 좌측 사거리,고정형,2023-12-01,,,
2023,수원시,팔달구청,2023-01-06 17:10,인계동 드림캐슬주상복합,고정형,2023-12-01,,,
2023,수원시,영통구청,2023-01-06 17:14,망포동 방죽공원 교차 삼거리,고정형,2023-12-01,,,
2023,수원시,권선구청,2023-01-06 17:33,경기도수원시권선구입북동 수원시 권선구 입북동 412,보행,2023-12-01,,,
2023,수원시,팔달구청,2023-01-06 17:38,인계동 드림캐슬주상복합,고정형,2023-12-01,,,
2023,수원시,영통구청,2023-01-06 17:43,이의동 드림스퀘어Ⅱ 앞,고정형,2023-12-01,,,
2023,수원시,팔달구청,2023-01-06 17:44,인계동 드림캐슬주상복합,고정형,2023-12-01,,,
2023,수원시,팔달구청,2023-01-06 18:43,매산동 팅스몰 주차장 출구 옆,고정형,2023-12-01,,,
2023,수원시,팔달구청,2023-01-06 18:58,매산동 팅스몰 주차장 출구 옆,고정형,2023-12-01,,,
2023,수원시,영통구청,2023-01-06 19:01,경기도수원시영통구매탄동 수원시 영통구 매탄동 404,보행,2023-12-01,,,
2023,수원시,영통구청,2023-01-06 19:02,경기도수원시영통구매탄동 수원시 영통구 매탄동 404,보행,2023-12-01,,,
2023,수원시,영통구청,2023-01-06 19:03,경기도수원시영통구매탄동 수원시 영통구 매탄동 404,보행,2023-12-01,,,
2023,수원시,영통구청,2023-01-06 19:04,경기도수원시영통구매탄동 수원시 영통구 매탄동 404,보행,2023-12-01,,,
2023,수원시,영통구청,2023-01-06 19:04,경기도수원시영통구매탄동 수원시 영통구 매탄동 404,보행,2023-12-01,,,
2023,수원시,영통구청,2023-01-06 19:05,경기도수원시영통구매탄동 수원시 영통구 매탄동 404,보행,2023-12-01,,,
2023,수원시,영통구청,2023-01-06 19:05,경기도수원시영통구매탄동 수원시 영통구 매탄동 404,보행,2023-12-01,,,
2023,수원시,영통구청,2023-01-06 19:06,경기도수원시영통구매탄동 수원시 영통구 매탄동 404,보행,2023-12-01,,,
2023,수원시,영통구청,2023-01-06 19:06,경기도수원시영통구매탄동 수원시 영통구 매탄동 404,보행,2023-12-01,,,
2023,수원시,영통구청,2023-01-06 19:07,경기도수원시영통구매탄동 수원시 영통구 매탄동 404,보행,2023-12-01,,,
2023,수원시,팔달구청,2023-01-06 19:16,화서1동 푸르지오자이 북문 CU 앞 횡단보도,고정형,2023-12-01,,,
2023,수원시,장안구청,2023-01-06 19:19,정자동 천천로152번길,주행형,2023-12-01,,,
2023,수원시,장안구청,2023-01-06 19:19,정자동 천천로152번길,주행형,2023-12-01,,,
2023,수원시,장안구청,2023-01-06 19:19,정자동 천천로152번길,주행형,2023-12-01,,,
2023,수원시,장안구청,2023-01-06 19:19,정자동 천천로152번길,주행형,2023-12-01,,,
2023,수원시,팔달구청,2023-01-06 19:19,매산동 팅스몰 주차장 출구 옆,고정형,2023-12-01,,,
2023,수원시,장안구청,2023-01-06 19:20,정자동 천천로152번길,주행형,2023-12-01,,,
2023,수원시,팔달구청,2023-01-06 19:23,경기도수원시팔달구화서동 수원시 팔달구 화서동 184,보행,2023-12-01,,,
2023,수원시,팔달구청,2023-01-06 19:31,경기도수원시팔달구장안동 수원시 팔달구 화서문로 31번길 14-5,보행,2023-12-01,,,
2023,수원시,팔달구청,2023-01-06 19:39,매산동 팅스몰 주차장 출구 옆,고정형,2023-12-01,,,
2023,수원시,팔달구청,2023-01-06 20:14,인계동 드림캐슬주상복합,고정형,2023-12-01,,,
2023,수원시,팔달구청,2023-01-06 20:24,매산동 팅스몰 주차장 출구 옆,고정형,2023-12-01,,,
2023,수원시,팔달구청,2023-01-06 20:32,인계동 드림캐슬주상복합,고정형,2023-12-01,,,
2023,수원시,팔달구청,2023-01-06 20:48,매산동 팅스몰 주차장 출구 옆,고정형,2023-12-01,,,
2023,수원시,권선구청,2023-01-06 20:51,곡반정동 562-2,국민신문고,2023-12-01,,,
2023,수원시,팔달구청,2023-01-06 20:52,인계동 드림캐슬주상복합,고정형,2023-12-01,,,
2023,수원시,팔달구청,2023-01-06 21:17,인계동 드림캐슬주상복합,고정형,2023-12-01,,,
2023,수원시,팔달구청,2023-01-06 21:26,매산동 역전농협,고정형,2023-12-01,,,
2023,수원시,권선구청,2023-01-07 9:02,곡반정동 궁촌육교앞,고정형,2023-12-01,,,
2023,수원시,권선구청,2023-01-07 9:02,곡반정동 궁촌육교앞,고정형,2023-12-01,,,
2023,수원시,팔달구청,2023-01-07 9:03,인계동 경인통계청,고정형,2023-12-01,,,
2023,수원시,팔달구청,2023-01-07 9:03,신풍동 제일교회부설주차장 부근,고정형,2023-12-01,,,
2023,수원시,팔달구청,2023-01-07 9:03,신풍동 제일교회부설주차장 부근,고정형,2023-12-01,,,
2023,수원시,권선구청,2023-01-07 9:03,곡반정동 하나로마트한국빌딩앞,고정형,2023-12-01,,,
2023,수원시,영통구청,2023-01-07 9:04,이의동 광교가재울마을사거리,고정형,2023-12-01,,,
2023,수원시,팔달구청,2023-01-07 9:04,매산동 팅스몰 주차장 출구 옆,고정형,2023-12-01,,,
2023,수원시,팔달구청,2023-01-07 9:04,인계동 드림캐슬주상복합,고정형,2023-12-01,,,
2023,수원시,팔달구청,2023-01-07 9:05,인계동 드림캐슬주상복합,고정형,2023-12-01,,,
2023,수원시,권선구청,2023-01-07 9:05,서둔동 가온팰리스옆2,고정형,2023-12-01,,,
2023,수원시,팔달구청,2023-01-07 9:05,매산동 팅스몰 주차장 출구 옆,고정형,2023-12-01,,,
2023,수원시,권선구청,2023-01-07 9:05,서둔동 가온팰리스옆2,고정형,2023-12-01,,,
2023,수원시,팔달구청,2023-01-07 9:05,인계동 드림캐슬주상복합,고정형,2023-12-01,,,
2023,수원시,팔달구청,2023-01-07 9:10,인계동 드림캐슬주상복합,고정형,2023-12-01,,,
2023,수원시,권선구청,2023-01-07 9:18,서둔동 수원역한라비발디퍼스트 앞1,고정형,2023-12-01,,,
2023,수원시,팔달구청,2023-01-07 9:19,화서1동 푸르지오자이 북문 CU 앞 횡단보도,고정형,2023-12-01,,,
2023,수원시,팔달구청,2023-01-07 9:26,매산동 팅스몰 주차장 출구 옆,고정형,2023-12-01,,,
2023,수원시,권선구청,2023-01-07 9:30,평동 수원역고가밑 (애경뒷길),고정형,2023-12-01,,,
2023,수원시,권선구청,2023-01-07 9:41,곡반정동 하나로마트한국빌딩앞,고정형,2023-12-01,,,
2023,수원시,팔달구청,2023-01-07 9:55,매산동 팅스몰 주차장 출구 옆,고정형,2023-12-01,,,
2023,수원시,권선구청,2023-01-07 9:56,곡반정동 하나로마트한국빌딩앞,고정형,2023-12-01,,,
2023,수원시,영통구청,2023-01-07 9:58,영통동 마사회뒷길,고정형,2023-12-01,,,
2023,수원시,영통구청,2023-01-07 10:14,영통동 마사회뒷길,고정형,2023-12-01,,,
2023,수원시,권선구청,2023-01-07 10:22,평동 수원역고가밑 정류장,고정형,2023-12-01,,,
2023,수원시,팔달구청,2023-01-07 10:26,인계동 드림캐슬주상복합,고정형,2023-12-01,,,
2023,수원시,영통구청,2023-01-07 10:31,이의동 광교가재울마을사거리,고정형,2023-12-01,,,
2023,수원시,영통구청,2023-01-07 10:42,이의동 드림스퀘어Ⅱ 앞,고정형,2023-12-01,,,
2023,수원시,영통구청,2023-01-07 10:59,영통동 롯데마트 뒤,고정형,2023-12-01,37.27220279535416,127.10856729001851,
2023,수원시,영통구청,2023-01-07 11:33,망포동 E-마트 에브리데이 앞,고정형,2023-12-01,37.2361017468141,127.060345496536,
2023,수원시,영통구청,2023-01-07 11:53,영통동 롯데마트 뒤,고정형,2023-12-01,37.27220279535416,127.10856729001851,
2023,수원시,팔달구청,2023-01-07 12:30,매산동 역전농협,고정형,2023-12-01,,,
2023,수원시,영통구청,2023-01-07 12:47,영통동 마사회뒷길,고정형,2023-12-01,,,
2023,수원시,영통구청,2023-01-07 12:48,망포동 힐스테이트 119동 ~방죽공원 삼거리,고정형,2023-12-01,,,
2023,수원시,영통구청,2023-01-07 12:56,망포동 힐스테이트 119동 ~방죽공원 삼거리,고정형,2023-12-01,,,
2023,수원시,팔달구청,2023-01-07 13:39,화서1동 푸르지오자이 북문 CU 앞 횡단보도,고정형,2023-12-01,,,
2023,수원시,팔달구청,2023-01-07 14:00,화서1동 푸르지오자이 북문 CU 앞 횡단보도,고정형,2023-12-01,,,
2023,수원시,영통구청,2023-01-07 14:01,영통동 롯데마트 뒤,고정형,2023-12-01,37.27220279535416,127.10856729001851,
2023,수원시,영통구청,2023-01-07 14:08,영통동 마사회뒷길,고정형,2023-12-01,,,
2023,수원시,영통구청,2023-01-07 14:30,이의동 도청예정부지,고정형,2023-12-01,,,
2023,수원시,권선구청,2023-01-07 14:31,호매실동 금호프라자 대각 맞은편,고정형,2023-12-01,,,
2023,수원시,팔달구청,2023-01-07 14:32,매산동 팔달로 10번길 8,고정형,2023-12-01,,,
2023,수원시,팔달구청,2023-01-07 14:33,매산동 팅스몰 주차장 출구 옆,고정형,2023-12-01,,,
2023,수원시,팔달구청,2023-01-07 14:33,매산동 팅스몰 주차장 출구 옆,고정형,2023-12-01,,,
2023,수원시,팔달구청,2023-01-07 14:33,인계동 드림캐슬주상복합,고정형,2023-12-01,,,
2023,수원시,팔달구청,2023-01-07 14:33,매산동 팅스몰 주차장 출구 옆,고정형,2023-12-01,,,
2023,수원시,권선구청,2023-01-07 14:34,서둔동 수원역한라비발디퍼스트 앞1,고정형,2023-12-01,,,
2023,수원시,권선구청,2023-01-07 14:34,서둔동 수원역한라비발디퍼스트 앞1,고정형,2023-12-01,,,
2023,수원시,영통구청,2023-01-07 14:34,이의동 드림스퀘어Ⅱ 앞,고정형,2023-12-01,,,
2023,수원시,영통구청,2023-01-07 14:34,이의동 드림스퀘어Ⅱ 앞,고정형,2023-12-01,,,
2023,수원시,권선구청,2023-01-07 14:34,곡반정동 하나로마트한국빌딩앞,고정형,2023-12-01,,,
2023,수원시,팔달구청,2023-01-07 14:34,인계동 경인통계청,고정형,2023-12-01,,,
2023,수원시,영통구청,2023-01-07 14:41,이의동 드림스퀘어Ⅱ 앞,고정형,2023-12-01,,,
2023,수원시,권선구청,2023-01-07 14:42,서둔동 수원역한라비발디퍼스트 앞1,고정형,2023-12-01,,,
2023,수원시,팔달구청,2023-01-07 14:46,매산동 팅스몰 주차장 출구 옆,고정형,2023-12-01,,,
2023,수원시,팔달구청,2023-01-07 14:58,인계동 경인통계청,고정형,2023-12-01,,,
2023,수원시,장안구청,2023-01-07 14:59,상광교동 광교버스정류장종점,고정형,2023-12-01,,,
2023,수원시,권선구청,2023-01-07 15:18,곡반정동 하나로마트한국빌딩앞,고정형,2023-12-01,,,
2023,수원시,영통구청,2023-01-07 15:24,영통동 롯데마트 뒤,고정형,2023-12-01,37.27220279535416,127.10856729001851,
2023,수원시,권선구청,2023-01-07 15:25,서둔동 가온팰리스옆2,고정형,2023-12-01,,,
2023,수원시,영통구청,2023-01-07 15:26,영통동 롯데마트 뒤,고정형,2023-12-01,37.27220279535416,127.10856729001851,
2023,수원시,팔달구청,2023-01-07 15:26,인계동 경인통계청,고정형,2023-12-01,,,
2023,수원시,영통구청,2023-01-07 15:28,영통동 마사회뒷길,고정형,2023-12-01,,,
2023,수원시,팔달구청,2023-01-07 15:31,매산동 팅스몰 주차장 출구 옆,고정형,2023-12-01,,,
2023,수원시,팔달구청,2023-01-07 15:32,매산동 역전농협,고정형,2023-12-01,,,
2023,수원시,팔달구청,2023-01-07 15:34,매산동 팅스몰 주차장 출구 옆,고정형,2023-12-01,,,
2023,수원시,팔달구청,2023-01-07 15:40,인계동 드림캐슬주상복합,고정형,2023-12-01,,,
2023,수원시,영통구청,2023-01-07 15:41,영통동 마사회뒷길,고정형,2023-12-01,,,
2023,수원시,팔달구청,2023-01-07 15:53,인계동 경인통계청,고정형,2023-12-01,,,
2023,수원시,팔달구청,2023-01-07 15:54,행궁동 화홍사랑채,고정형,2023-12-01,,,
2023,수원시,권선구청,2023-01-07 16:14,곡반정동 하나로마트한국빌딩앞,고정형,2023-12-01,,,
2023,수원시,팔달구청,2023-01-07 16:17,행궁동 화홍사랑채,고정형,2023-12-01,,,
2023,수원시,영통구청,2023-01-07 16:20,경기도수원시영통구원천동 수원시 영통구 원천동 28,보행,2023-12-01,,,
2023,수원시,팔달구청,2023-01-07 16:21,인계동 드림캐슬주상복합,고정형,2023-12-01,,,
2023,수원시,팔달구청,2023-01-07 16:21,인계동 드림캐슬주상복합,고정형,2023-12-01,,,
2023,수원시,권선구청,2023-01-07 16:23,서둔동 롯데마트 하역장입구,고정형,2023-12-01,,,
2023,수원시,팔달구청,2023-01-07 16:31,신풍동 미술관로터리,고정형,2023-12-01,,,
2023,수원시,권선구청,2023-01-07 16:34,곡반정동 하나로마트한국빌딩앞,고정형,2023-12-01,,,
2023,수원시,팔달구청,2023-01-07 16:36,경기도수원시팔달구지동 수원시 팔달구 인계동 954-21,보행,2023-12-01,,,
2023,수원시,팔달구청,2023-01-07 16:37,매산동 팅스몰 주차장 출구 옆,고정형,2023-12-01,,,
2023,수원시,권선구청,2023-01-07 16:38,서둔동 수원역한라비발디퍼스트 앞2,고정형,2023-12-01,,,
2023,수원시,영통구청,2023-01-07 16:57,망포동 E-마트 에브리데이 앞,고정형,2023-12-01,37.2361017468141,127.060345496536,
2023,수원시,권선구청,2023-01-07 17:05,곡반정동 하나로마트한국빌딩앞,고정형,2023-12-01,,,
2023,수원시,팔달구청,2023-01-07 17:11,매산동 팅스몰 주차장 출구 옆,고정형,2023-12-01,,,
2023,수원시,영통구청,2023-01-07 17:15,영통동 마사회뒷길,고정형,2023-12-01,,,
2023,수원시,팔달구청,2023-01-07 17:27,매산동 팅스몰 주차장 출구 옆,고정형,2023-12-01,,,
2023,수원시,팔달구청,2023-01-07 17:33,화서1동 푸르지오자이 북문 CU 앞 횡단보도,고정형,2023-12-01,,,
2023,수원시,권선구청,2023-01-07 17:33,곡반정동 하나로마트한국빌딩앞,고정형,2023-12-01,,,
2023,수원시,권선구청,2023-01-07 17:33,곡반정동 하나로마트한국빌딩앞,고정형,2023-12-01,,,
2023,수원시,팔달구청,2023-01-07 17:41,매산동 팅스몰 주차장 출구 옆,고정형,2023-12-01,,,
2023,수원시,팔달구청,2023-01-07 17:41,매산동 팅스몰 주차장 출구 옆,고정형,2023-12-01,,,
2023,수원시,팔달구청,2023-01-07 17:59,인계동 드림캐슬주상복합,고정형,2023-12-01,,,
2023,수원시,팔달구청,2023-01-07 18:09,매산동 팅스몰 주차장 출구 옆,고정형,2023-12-01,,,
2023,수원시,팔달구청,2023-01-07 18:34,인계동 드림캐슬주상복합,고정형,2023-12-01,,,
2023,수원시,팔달구청,2023-01-07 18:36,인계동 드림캐슬주상복합,고정형,2023-12-01,,,
2023,수원시,팔달구청,2023-01-07 18:43,매산동 팅스몰 주차장 출구 옆,고정형,2023-12-01,,,
2023,수원시,팔달구청,2023-01-07 19:13,인계동 드림캐슬주상복합,고정형,2023-12-01,,,
2023,수원시,팔달구청,2023-01-07 19:17,매산동 팅스몰 주차장 출구 옆,고정형,2023-12-01,,,
2023,수원시,팔달구청,2023-01-07 19:25,매산동 팅스몰 주차장 출구 옆,고정형,2023-12-01,,,
2023,수원시,팔달구청,2023-01-07 19:42,매산동 팅스몰 주차장 출구 옆,고정형,2023-12-01,,,
2023,수원시,팔달구청,2023-01-07 19:47,매산동 팅스몰 주차장 출구 옆,고정형,2023-12-01,,,
2023,수원시,팔달구청,2023-01-07 19:50,매산동 팅스몰 주차장 출구 옆,고정형,2023-12-01,,,
2023,수원시,팔달구청,2023-01-07 19:56,인계동 드림캐슬주상복합,고정형,2023-12-01,,,
2023,수원시,팔달구청,2023-01-07 20:11,인계동 드림캐슬주상복합,고정형,2023-12-01,,,
2023,수원시,팔달구청,2023-01-07 20:17,인계동 드림캐슬주상복합,고정형,2023-12-01,,,
2023,수원시,팔달구청,2023-01-07 20:31,매산동 팅스몰 주차장 출구 옆,고정형,2023-12-01,,,
2023,수원시,팔달구청,2023-01-07 20:33,매산동 팅스몰 주차장 출구 옆,고정형,2023-12-01,,,
2023,수원시,팔달구청,2023-01-07 20:38,인계동 드림캐슬주상복합,고정형,2023-12-01,,,
2023,수원시,권선구청,2023-01-08 9:02,곡반정동 궁촌육교앞,고정형,2023-12-01,,,
2023,수원시,권선구청,2023-01-08 9:02,곡반정동 궁촌육교앞,고정형,2023-12-01,,,
2023,수원시,권선구청,2023-01-08 9:03,곡반정동 하나로마트한국빌딩앞,고정형,2023-12-01,,,
2023,수원시,팔달구청,2023-01-08 9:03,매산동 팅스몰 주차장 출구 옆,고정형,2023-12-01,,,
2023,수원시,권선구청,2023-01-08 9:03,서둔동 가온팰리스옆1,고정형,2023-12-01,,,
2023,수원시,권선구청,2023-01-08 9:03,곡반정동 하나로마트한국빌딩앞,고정형,2023-12-01,,,
2023,수원시,팔달구청,2023-01-08 9:03,매산동 팅스몰 주차장 출구 옆,고정형,2023-12-01,,,
2023,수원시,권선구청,2023-01-08 9:03,곡반정동 하나로마트한국빌딩앞,고정형,2023-12-01,,,
2023,수원시,권선구청,2023-01-08 9:03,곡반정동 하나로마트한국빌딩앞,고정형,2023-12-01,,,
2023,수원시,팔달구청,2023-01-08 9:03,매산동 팅스몰 주차장 출구 옆,고정형,2023-12-01,,,
2023,수원시,팔달구청,2023-01-08 9:04,화서1동 푸르지오자이 북문 CU 앞 횡단보도,고정형,2023-12-01,,,
2023,수원시,권선구청,2023-01-08 9:04,곡반정동 궁촌육교앞,고정형,2023-12-01,,,
2023,수원시,팔달구청,2023-01-08 9:19,매교동 287-349 (인도),국민신문고,2023-12-01,,,
2023,수원시,권선구청,2023-01-08 9:39,구운동 구운동 명품닭갈비,고정형,2023-12-01,,,
2023,수원시,권선구청,2023-01-08 9:39,구운동 구운동 명품닭갈비,고정형,2023-12-01,,,
2023,수원시,권선구청,2023-01-08 9:56,곡반정동 하나로마트한국빌딩앞,고정형,2023-12-01,,,
2023,수원시,팔달구청,2023-01-08 10:27,팔달로1가 36 (인도),국민신문고,2023-12-01,,,
2023,수원시,권선구청,2023-01-08 10:29,곡반정동 궁촌육교앞,고정형,2023-12-01,,,
2023,수원시,권선구청,2023-01-08 10:32,곡반정동 궁촌육교앞,고정형,2023-12-01,,,
2023,수원시,팔달구청,2023-01-08 10:34,인계동 경인통계청,고정형,2023-12-01,,,
2023,수원시,권선구청,2023-01-08 10:37,서둔동 가온팰리스옆2,고정형,2023-12-01,,,
2023,수원시,권선구청,2023-01-08 10:48,권선동 권선동 한라비발디앞 놀이터,고정형,2023-12-01,,,
2023,수원시,영통구청,2023-01-08 10:55,영통동 마사회뒷길,고정형,2023-12-01,,,
2023,수원시,영통구청,2023-01-08 11:01,망포동 E-마트 에브리데이 앞,고정형,2023-12-01,37.2361017468141,127.060345496536,
2023,수원시,영통구청,2023-01-08 11:01,망포동 E-마트 에브리데이 앞,고정형,2023-12-01,37.2361017468141,127.060345496536,
2023,수원시,팔달구청,2023-01-08 11:04,화서1동 푸르지오자이 북문 CU 앞 횡단보도,고정형,2023-12-01,,,
2023,수원시,팔달구청,2023-01-08 12:23,매산동 역전농협,고정형,2023-12-01,,,
2023,수원시,팔달구청,2023-01-08 12:28,화서1동 푸르지오자이 북문 CU 앞 횡단보도,고정형,2023-12-01,,,
2023,수원시,권선구청,2023-01-08 13:57,곡반정동 562-2,국민신문고,2023-12-01,,,
2023,수원시,권선구청,2023-01-08 13:57,곡반정동 562-2,국민신문고,2023-12-01,,,
2023,수원시,영통구청,2023-01-08 13:58,하동 흥덕중앙로,주행형,2023-12-01,,,
2023,수원시,영통구청,2023-01-08 13:58,하동 흥덕중앙로,주행형,2023-12-01,,,
2023,수원시,권선구청,2023-01-08 14:00,곡반정동 562-2,국민신문고,2023-12-01,,,
2023,수원시,팔달구청,2023-01-08 14:03,행궁동 팔달문 버스정류장,고정형,2023-12-01,,,
2023,수원시,권선구청,2023-01-08 14:08,곡반정동 562-2,국민신문고,2023-12-01,,,
2023,수원시,권선구청,2023-01-08 14:16,곡반정동 562-2,국민신문고,2023-12-01,,,
2023,수원시,권선구청,2023-01-08 14:21,곡반정동 562-2,국민신문고,2023-12-01,,,
2023,수원시,팔달구청,2023-01-08 14:24,화서동 수원시 팔달구 화서동 184화서초등학교,보행,2023-12-01,,,
2023,수원시,영통구청,2023-01-08 14:26,이의동 광교가재울마을사거리,고정형,2023-12-01,,,
2023,수원시,영통구청,2023-01-08 14:26,이의동 광교가재울마을사거리,고정형,2023-12-01,,,
2023,수원시,팔달구청,2023-01-08 14:33,매산동 팅스몰 주차장 출구 옆,고정형,2023-12-01,,,
2023,수원시,팔달구청,2023-01-08 14:33,매산동 팔달로 10번길 8,고정형,2023-12-01,,,
2023,수원시,권선구청,2023-01-08 14:34,서둔동 가온팰리스옆2,고정형,2023-12-01,,,
2023,수원시,권선구청,2023-01-08 14:35,곡반정동 궁촌육교앞,고정형,2023-12-01,,,
2023,수원시,권선구청,2023-01-08 14:35,곡반정동 궁촌육교앞,고정형,2023-12-01,,,
2023,수원시,권선구청,2023-01-08 14:37,호매실동 금호프라자 대각 맞은편,고정형,2023-12-01,,,
2023,수원시,팔달구청,2023-01-08 14:39,인계동 경인통계청,고정형,2023-12-01,,,
2023,수원시,권선구청,2023-01-08 14:41,서둔동 가온팰리스옆1,고정형,2023-12-01,,,
2023,수원시,영통구청,2023-01-08 14:43,영통동 롯데마트 뒤,고정형,2023-12-01,37.27220279535416,127.10856729001851,
2023,수원시,권선구청,2023-01-08 14:55,곡반정동 하나로마트한국빌딩앞,고정형,2023-12-01,,,
2023,수원시,영통구청,2023-01-08 14:59,영통동 보보스스포츠센터앞,고정형,2023-12-01,,,
2023,수원시,팔달구청,2023-01-08 14:59,매산동 팅스몰 주차장 출구 옆,고정형,2023-12-01,,,
2023,수원시,팔달구청,2023-01-08 15:02,행궁동 화홍사랑채,고정형,2023-12-01,,,
2023,수원시,팔달구청,2023-01-08 15:08,인계동 드림캐슬주상복합,고정형,2023-12-01,,,
2023,수원시,권선구청,2023-01-08 15:12,오목천동 한화꿈에그린아파트 209동앞,고정형,2023-12-01,,,
2023,수원시,권선구청,2023-01-08 15:14,곡반정동 하나로마트한국빌딩앞,고정형,2023-12-01,,,
2023,수원시,권선구청,2023-01-08 15:18,서둔동 수원역한라비발디퍼스트 앞2,고정형,2023-12-01,,,
2023,수원시,팔달구청,2023-01-08 15:22,행궁동 팔달문 버스정류장,고정형,2023-12-01,,,
2023,수원시,권선구청,2023-01-08 15:31,서둔동 가온팰리스옆1,고정형,2023-12-01,,,
2023,수원시,팔달구청,2023-01-08 15:32,매산동 팅스몰 주차장 출구 옆,고정형,2023-12-01,,,
2023,수원시,팔달구청,2023-01-08 15:33,인계동 경인통계청,고정형,2023-12-01,,,
2023,수원시,팔달구청,2023-01-08 15:41,인계동 경인통계청,고정형,2023-12-01,,,
2023,수원시,팔달구청,2023-01-08 15:42,매산동 팅스몰 주차장 출구 옆,고정형,2023-12-01,,,
2023,수원시,권선구청,2023-01-08 15:43,곡반정동 하나로마트한국빌딩앞,고정형,2023-12-01,,,
2023,수원시,권선구청,2023-01-08 15:43,곡반정동 하나로마트한국빌딩앞,고정형,2023-12-01,,,
2023,수원시,팔달구청,2023-01-08 15:50,매산동 팔달로 10번길 8,고정형,2023-12-01,,,
2023,수원시,팔달구청,2023-01-08 15:55,행궁동 팔달문 버스정류장,고정형,2023-12-01,,,
2023,수원시,권선구청,2023-01-08 15:57,서둔동 수원역한라비발디퍼스트 앞1,고정형,2023-12-01,,,
2023,수원시,팔달구청,2023-01-08 16:03,인계동 경인통계청,고정형,2023-12-01,,,
2023,수원시,영통구청,2023-01-08 16:23,원천동 광교아이파크올웨이즈앞,고정형,2023-12-01,,,
2023,수원시,권선구청,2023-01-08 16:37,곡반정동 하나로마트한국빌딩앞,고정형,2023-12-01,,,
2023,수원시,영통구청,2023-01-08 16:46,영통동 마사회뒷길,고정형,2023-12-01,,,
2023,수원시,영통구청,2023-01-08 16:53,영통동 롯데마트 뒤,고정형,2023-12-01,37.27220279535416,127.10856729001851,
2023,수원시,팔달구청,2023-01-08 16:54,매산동 팅스몰 주차장 출구 옆,고정형,2023-12-01,,,
2023,수원시,영통구청,2023-01-08 16:58,영통구 영토동 1077,국민신문고,2023-12-01,,,
2023,수원시,팔달구청,2023-01-08 17:03,행궁동 팔달문 버스정류장,고정형,2023-12-01,,,
2023,수원시,팔달구청,2023-01-08 17:08,행궁동 화홍사랑채,고정형,2023-12-01,,,
2023,수원시,팔달구청,2023-01-08 17:09,매산동 팅스몰 주차장 출구 옆,고정형,2023-12-01,,,
2023,수원시,팔달구청,2023-01-08 17:15,인계동 드림캐슬주상복합,고정형,2023-12-01,,,
2023,수원시,영통구청,2023-01-08 17:25,영통동 롯데마트 뒤,고정형,2023-12-01,37.27220279535416,127.10856729001851,
2023,수원시,팔달구청,2023-01-08 17:26,인계동 드림캐슬주상복합,고정형,2023-12-01,,,
2023,수원시,팔달구청,2023-01-08 17:29,행궁동 화홍사랑채,고정형,2023-12-01,,,
2023,수원시,권선구청,2023-01-08 17:35,경기도수원시권선구오목천동 수원시 권선구 오목천동 284,보행,2023-12-01,,,
2023,수원시,팔달구청,2023-01-08 17:46,인계동 경인통계청,고정형,2023-12-01,,,
2023,수원시,권선구청,2023-01-08 17:46,구운동 구운동 명품닭갈비,고정형,2023-12-01,,,
2023,수원시,팔달구청,2023-01-08 17:58,인계동 드림캐슬주상복합,고정형,2023-12-01,,,
2023,수원시,팔달구청,2023-01-08 18:02,매산동 팅스몰 주차장 출구 옆,고정형,2023-12-01,,,
2023,수원시,팔달구청,2023-01-08 18:16,매산동 팅스몰 주차장 출구 옆,고정형,2023-12-01,,,
2023,수원시,팔달구청,2023-01-08 18:34,매산동 팅스몰 주차장 출구 옆,고정형,2023-12-01,,,
2023,수원시,팔달구청,2023-01-08 18:35,매산동 팅스몰 주차장 출구 옆,고정형,2023-12-01,,,
2023,수원시,팔달구청,2023-01-08 19:45,매산동 팅스몰 주차장 출구 옆,고정형,2023-12-01,,,
2023,수원시,팔달구청,2023-01-08 20:22,매산동 팔달로 10번길 8,고정형,2023-12-01,,,
2023,수원시,팔달구청,2023-01-08 20:22,매산동 팔달로 10번길 8,고정형,2023-12-01,,,
2023,수원시,팔달구청,2023-01-08 20:30,매산동 팅스몰 주차장 출구 옆,고정형,2023-12-01,,,
2023,수원시,영통구청,2023-01-09 7:06,영통동 롯데마트 뒤,고정형,2023-12-01,37.27220279535416,127.10856729001851,
2023,수원시,팔달구청,2023-01-09 7:32,매산동 팅스몰 주차장 출구 옆,고정형,2023-12-01,,,
2023,수원시,팔달구청,2023-01-09 7:35,인계동 드림캐슬주상복합,고정형,2023-12-01,,,
2023,수원시,팔달구청,2023-01-09 7:43,매산동 팅스몰 주차장 출구 옆,고정형,2023-12-01,,,
2023,수원시,권선구청,2023-01-09 8:03,곡반정동 하나로마트한국빌딩앞,고정형,2023-12-01,,,
2023,수원시,권선구청,2023-01-09 8:03,곡반정동 하나로마트한국빌딩앞,고정형,2023-12-01,,,
2023,수원시,권선구청,2023-01-09 8:03,곡반정동 하나로마트한국빌딩앞,고정형,2023-12-01,,,
2023,수원시,권선구청,2023-01-09 8:04,서둔동 수원역한라비발디퍼스트 앞1,고정형,2023-12-01,,,
2023,수원시,권선구청,2023-01-09 8:04,오목천동 한화꿈에그린아파트 209동앞,고정형,2023-12-01,,,
2023,수원시,팔달구청,2023-01-09 8:04,신풍동 제일교회부설주차장 부근,고정형,2023-12-01,,,
2023,수원시,권선구청,2023-01-09 8:04,구운동 구운초교 정문 우측 삼거리,고정형,2023-12-01,,,
2023,수원시,권선구청,2023-01-09 8:05,서둔동 수원역한라비발디퍼스트 앞2,고정형,2023-12-01,,,
2023,수원시,권선구청,2023-01-09 8:07,권선2동 곡정초교 정문 좌측 사거리,고정형,2023-12-01,,,
2023,수원시,권선구청,2023-01-09 8:09,금곡동 가온초교 정문 우측 사거리,고정형,2023-12-01,,,
2023,수원시,팔달구청,2023-01-09 8:32,인계동 드림캐슬주상복합,고정형,2023-12-01,,,
2023,수원시,권선구청,2023-01-09 8:44,서둔동 가온팰리스옆2,고정형,2023-12-01,,,
2023,수원시,영통구청,2023-01-09 9:29,영통동 롯데마트 뒤,고정형,2023-12-01,37.27220279535416,127.10856729001851,
2023,수원시,영통구청,2023-01-09 9:30,망포동 E-마트 에브리데이 앞,고정형,2023-12-01,37.2361017468141,127.060345496536,
2023,수원시,팔달구청,2023-01-09 9:35,매산동 팅스몰 주차장 출구 옆,고정형,2023-12-01,,,
2023,수원시,팔달구청,2023-01-09 9:35,매산동 팅스몰 주차장 출구 옆,고정형,2023-12-01,,,
2023,수원시,권선구청,2023-01-09 9:41,매교동 청원한의원 앞,고정형,2023-12-01,,,
2023,수원시,팔달구청,2023-01-09 9:55,고등동 수원초등학교 정문 좌측 사거리,고정형,2023-12-01,,,
2023,수원시,권선구청,2023-01-09 9:59,경기도수원시권선구당수동 수원시 권선구 당수동 158,보행,2023-12-01,,,
2023,수원시,팔달구청,2023-01-09 10:05,인계동 드림캐슬주상복합,고정형,2023-12-01,,,
2023,수원시,팔달구청,2023-01-09 10:20,인계동 인계동 장다리로315,주행형,2023-12-01,,,
2023,수원시,영통구청,2023-01-09 11:11,원천동 광교 한화겔러리아 앞,고정형,2023-12-01,,,
2023,수원시,영통구청,2023-01-09 11:24,광교동 광교 덴티움지식산업센터 앞 사거리,고정형,2023-12-01,,,
2023,수원시,영통구청,2023-01-09 11:26,망포동 힐스테이트 119동 ~방죽공원 삼거리,고정형,2023-12-01,,,
2023,수원시,영통구청,2023-01-09 11:32,이의동 광교가재울마을사거리,고정형,2023-12-01,,,
2023,수원시,영통구청,2023-01-09 11:50,원천동 삼성전자중문,고정형,2023-12-01,,,
2023,수원시,팔달구청,2023-01-09 11:53,고등동 수원초등학교 정문 좌측 사거리,고정형,2023-12-01,,,
2023,수원시,팔달구청,2023-01-09 11:55,매산동 역전농협,고정형,2023-12-01,,,
2023,수원시,팔달구청,2023-01-09 11:55,매산동 역전농협,고정형,2023-12-01,,,
2023,수원시,팔달구청,2023-01-09 13:10,고등동 수원초등학교 정문 좌측 사거리,고정형,2023-12-01,,,
2023,수원시,영통구청,2023-01-09 13:14,영통동 마사회뒷길,고정형,2023-12-01,,,
2023,수원시,영통구청,2023-01-09 13:26,망포동 E-마트 에브리데이 앞,고정형,2023-12-01,37.2361017468141,127.060345496536,
2023,수원시,팔달구청,2023-01-09 14:34,경기도수원시팔달구팔달로1가 수원시 팔달구 경수대로565번길,보행,2023-12-01,,,
2023,수원시,팔달구청,2023-01-09 14:34,경기도수원시팔달구팔달로1가 수원시 팔달구 경수대로565번길,보행,2023-12-01,,,
2023,수원시,권선구청,2023-01-09 14:35,서둔동 가온팰리스옆2,고정형,2023-12-01,,,
2023,수원시,팔달구청,2023-01-09 14:36,인계동 드림캐슬주상복합,고정형,2023-12-01,,,
2023,수원시,권선구청,2023-01-09 14:36,서둔동 가온팰리스옆1,고정형,2023-12-01,,,
2023,수원시,영통구청,2023-01-09 14:40,이의동 드림스퀘어Ⅱ 앞,고정형,2023-12-01,,,
2023,수원시,권선구청,2023-01-09 14:42,호매실동 금호프라자 대각 맞은편,고정형,2023-12-01,,,
2023,수원시,팔달구청,2023-01-09 14:42,신풍동 제일교회부설주차장 부근,고정형,2023-12-01,,,
2023,수원시,권선구청,2023-01-09 14:58,서둔동 가온팰리스옆2,고정형,2023-12-01,,,
2023,수원시,팔달구청,2023-01-09 15:09,매산동 역전농협,고정형,2023-12-01,,,
2023,수원시,권선구청,2023-01-09 15:19,경기도수원시권선구금곡동 수원시 권선구 금곡동 758,보행,2023-12-01,,,
2023,수원시,영통구청,2023-01-09 15:24,광교동 광교더사랑교회뒷길,고정형,2023-12-01,,,
2023,수원시,권선구청,2023-01-09 15:25,호매실동 금호프라자 대각 맞은편,고정형,2023-12-01,,,
2023,수원시,팔달구청,2023-01-09 15:31,인계동 한국씨티은행,고정형,2023-12-01,,,
2023,수원시,팔달구청,2023-01-09 15:36,인계동 드림캐슬주상복합,고정형,2023-12-01,,,
2023,수원시,영통구청,2023-01-09 15:41,이의동 광교가재울마을사거리,고정형,2023-12-01,,,
2023,수원시,팔달구청,2023-01-09 15:42,인계동 드림캐슬주상복합,고정형,2023-12-01,,,
2023,수원시,팔달구청,2023-01-09 15:53,인계동 드림캐슬주상복합,고정형,2023-12-01,,,
2023,수원시,장안구청,2023-01-09 15:58,율전동 율전파출소,고정형,2023-12-01,,,
2023,수원시,팔달구청,2023-01-09 16:13,화서1동 푸르지오자이 북문 CU 앞 횡단보도,고정형,2023-12-01,,,
2023,수원시,팔달구청,2023-01-09 16:13,화서1동 푸르지오자이 북문 CU 앞 횡단보도,고정형,2023-12-01,,,
2023,수원시,영통구청,2023-01-09 16:14,망포동 E-마트 에브리데이 앞,고정형,2023-12-01,37.2361017468141,127.060345496536,
2023,수원시,팔달구청,2023-01-09 16:34,인계동 드림캐슬주상복합,고정형,2023-12-01,,,
2023,수원시,권선구청,2023-01-09 16:40,세류3동 신곡초교 후문 좌측 사거리,고정형,2023-12-01,,,
2023,수원시,권선구청,2023-01-09 16:42,서둔동 가온팰리스옆2,고정형,2023-12-01,,,
2023,수원시,권선구청,2023-01-09 17:20,곡반정동 하나로마트한국빌딩앞,고정형,2023-12-01,,,
2023,수원시,팔달구청,2023-01-09 17:33,인계동 드림캐슬주상복합,고정형,2023-12-01,,,
2023,수원시,팔달구청,2023-01-09 17:33,인계동 드림캐슬주상복합,고정형,2023-12-01,,,
2023,수원시,영통구청,2023-01-09 17:33,망포동 힐스테이트 119동 ~방죽공원 삼거리,고정형,2023-12-01,,,
2023,수원시,팔달구청,2023-01-09 18:16,인계동 드림캐슬주상복합,고정형,2023-12-01,,,
2023,수원시,팔달구청,2023-01-09 18:30,인계동 드림캐슬주상복합,고정형,2023-12-01,,,
2023,수원시,팔달구청,2023-01-09 18:41,매산동 팅스몰 주차장 출구 옆,고정형,2023-12-01,,,
2023,수원시,팔달구청,2023-01-09 18:42,인계동 드림캐슬주상복합,고정형,2023-12-01,,,
2023,수원시,팔달구청,2023-01-09 18:43,고등동 수원초등학교 정문 좌측 사거리,고정형,2023-12-01,,,
2023,수원시,팔달구청,2023-01-09 18:56,인계동 드림캐슬주상복합,고정형,2023-12-01,,,
2023,수원시,팔달구청,2023-01-09 19:09,인계동 드림캐슬주상복합,고정형,2023-12-01,,,
2023,수원시,팔달구청,2023-01-09 19:10,매산동 팅스몰 주차장 출구 옆,고정형,2023-12-01,,,
2023,수원시,팔달구청,2023-01-09 19:10,매산동 팅스몰 주차장 출구 옆,고정형,2023-12-01,,,
2023,수원시,팔달구청,2023-01-09 19:15,고등동 184-47 (인도-자전거도로),국민신문고,2023-12-01,,,
2023,수원시,팔달구청,2023-01-09 19:15,고등동 184-47 (인도-자전거도로),국민신문고,2023-12-01,,,
2023,수원시,팔달구청,2023-01-09 19:26,매산동 역전농협,고정형,2023-12-01,,,
2023,수원시,팔달구청,2023-01-09 19:41,매산동 팅스몰 주차장 출구 옆,고정형,2023-12-01,,,
2023,수원시,팔달구청,2023-01-09 20:02,행궁동 팔달문 버스정류장,고정형,2023-12-01,,,
2023,수원시,장안구청,2023-01-09 20:04,천천동 화산로163번길,주행형,2023-12-01,,,
2023,수원시,장안구청,2023-01-09 20:04,천천동 화산로163번길,주행형,2023-12-01,,,
2023,수원시,장안구청,2023-01-09 20:04,천천동 화산로163번길,주행형,2023-12-01,,,
2023,수원시,팔달구청,2023-01-09 20:07,매산동 팅스몰 주차장 출구 옆,고정형,2023-12-01,,,
2023,수원시,영통구청,2023-01-09 20:11,영통동 롯데마트 뒤,고정형,2023-12-01,37.27220279535416,127.10856729001851,
2023,수원시,영통구청,2023-01-09 20:42,하동 영통동 1056,국민신문고,2023-12-01,,,
2023,수원시,영통구청,2023-01-09 20:43,영통동 롯데마트 뒤,고정형,2023-12-01,37.27220279535416,127.10856729001851,
2023,수원시,팔달구청,2023-01-09 21:00,인계동 드림캐슬주상복합,고정형,2023-12-01,,,
2023,수원시,권선구청,2023-01-09 22:46,오목천동 527-5,국민신문고,2023-12-01,,,
2023,수원시,권선구청,2023-01-09 22:46,오목천동 527-5,국민신문고,2023-12-01,,,
2023,수원시,권선구청,2023-01-09 22:46,오목천동 527-5,국민신문고,2023-12-01,,,
2023,수원시,권선구청,2023-01-10 3:49,곡반정동 562-2,국민신문고,2023-12-01,,,
2023,수원시,영통구청,2023-01-10 7:04,영통동 롯데마트 뒤,고정형,2023-12-01,37.27220279535416,127.10856729001851,
2023,수원시,팔달구청,2023-01-10 7:32,인계동 드림캐슬주상복합,고정형,2023-12-01,,,
2023,수원시,팔달구청,2023-01-10 7:36,인계동 한국씨티은행,고정형,2023-12-01,,,
2023,수원시,팔달구청,2023-01-10 7:39,매산동 팅스몰 주차장 출구 옆,고정형,2023-12-01,,,
2023,수원시,영통구청,2023-01-10 7:40,영통동 보보스스포츠센터앞,고정형,2023-12-01,,,
2023,수원시,팔달구청,2023-01-10 7:58,매산동 팅스몰 주차장 출구 옆,고정형,2023-12-01,,,
2023,수원시,권선구청,2023-01-10 8:03,서둔동 가온팰리스옆2,고정형,2023-12-01,,,
2023,수원시,장안구청,2023-01-10 8:45,경기도수원시장안구영화동 수원시 장안구 영화동 369,보행,2023-12-01,,,
2023,수원시,권선구청,2023-01-10 8:56,서둔동 가온팰리스옆2,고정형,2023-12-01,,,
2023,수원시,팔달구청,2023-01-10 8:58,인계동 드림캐슬주상복합,고정형,2023-12-01,,,
2023,수원시,팔달구청,2023-01-10 9:01,인계동 드림캐슬주상복합,고정형,2023-12-01,,,
2023,수원시,팔달구청,2023-01-10 9:31,행궁동 팔달문 버스정류장,고정형,2023-12-01,,,
2023,수원시,팔달구청,2023-01-10 9:35,행궁동 팔달문 버스정류장,고정형,2023-12-01,,,
2023,수원시,팔달구청,2023-01-10 9:35,행궁동 팔달문 버스정류장,고정형,2023-12-01,,,
2023,수원시,팔달구청,2023-01-10 9:50,인계동 드림캐슬주상복합,고정형,2023-12-01,,,
2023,수원시,권선구청,2023-01-10 9:55,권선2동 곡정초교 정문 좌측 사거리,고정형,2023-12-01,,,
2023,수원시,권선구청,2023-01-10 10:05,경기도수원시권선구입북동 수원시 권선구 입북동 688,보행,2023-12-01,,,
2023,수원시,팔달구청,2023-01-10 10:06,인계동 드림캐슬주상복합,고정형,2023-12-01,,,
2023,수원시,팔달구청,2023-01-10 10:06,인계동 드림캐슬주상복합,고정형,2023-12-01,,,
2023,수원시,영통구청,2023-01-10 10:19,영덕동 삼성로,주행형,2023-12-01,,,
2023,수원시,영통구청,2023-01-10 10:19,영덕동 삼성로,주행형,2023-12-01,,,
2023,수원시,영통구청,2023-01-10 10:20,영통동 마사회뒷길,고정형,2023-12-01,,,
2023,수원시,팔달구청,2023-01-10 10:42,인계동 드림캐슬주상복합,고정형,2023-12-01,,,
2023,수원시,영통구청,2023-01-10 10:49,원천동 광교 한화겔러리아 앞,고정형,2023-12-01,,,
2023,수원시,영통구청,2023-01-10 11:05,원천동 광교매원초등학교,고정형,2023-12-01,,,
2023,수원시,영통구청,2023-01-10 11:27,영통동 롯데마트 뒤,고정형,2023-12-01,37.27220279535416,127.10856729001851,
2023,수원시,영통구청,2023-01-10 11:48,영통동 롯데마트 뒤,고정형,2023-12-01,37.27220279535416,127.10856729001851,
2023,수원시,영통구청,2023-01-10 12:31,광교동 광교 덴티움지식산업센터 앞 사거리,고정형,2023-12-01,,,
2023,수원시,영통구청,2023-01-10 12:31,광교동 광교 덴티움지식산업센터 앞 사거리,고정형,2023-12-01,,,
2023,수원시,영통구청,2023-01-10 13:04,망포동 힐스테이트 119동 ~방죽공원 삼거리,고정형,2023-12-01,,,
2023,수원시,영통구청,2023-01-10 13:07,망포동 E-마트 에브리데이 앞,고정형,2023-12-01,37.2361017468141,127.060345496536,
2023,수원시,영통구청,2023-01-10 13:46,망포동 힐스테이트 119동 ~방죽공원 삼거리,고정형,2023-12-01,,,
2023,수원시,영통구청,2023-01-10 13:59,광교동 광교 덴티움지식산업센터 앞 사거리,고정형,2023-12-01,,,
2023,수원시,팔달구청,2023-01-10 14:03,고등동 수원초등학교 정문 좌측 사거리,고정형,2023-12-01,,,
2023,수원시,권선구청,2023-01-10 14:04,권선2동 곡정초교 정문 좌측 사거리,고정형,2023-12-01,,,
2023,수원시,팔달구청,2023-01-10 14:21,남창동 남창동 행궁로 18,주행형,2023-12-01,,,
2023,수원시,팔달구청,2023-01-10 14:21,팔달로2가 팔달로2가 정조로796번길,주행형,2023-12-01,,,
2023,수원시,팔달구청,2023-01-10 14:22,영동 영동 팔달문로9,주행형,2023-12-01,,,
2023,수원시,팔달구청,2023-01-10 14:23,영동 영동 팔달문로9,주행형,2023-12-01,,,
2023,수원시,팔달구청,2023-01-10 14:24,인계동 인계동 수원천로235,주행형,2023-12-01,,,
2023,수원시,팔달구청,2023-01-10 14:34,인계동 드림캐슬주상복합,고정형,2023-12-01,,,
2023,수원시,권선구청,2023-01-10 14:35,서둔동 가온팰리스옆2,고정형,2023-12-01,,,
2023,수원시,권선구청,2023-01-10 14:36,서둔동 가온팰리스옆1,고정형,2023-12-01,,,
2023,수원시,권선구청,2023-01-10 14:38,평동 고현초교 정문 좌측 삼거리,고정형,2023-12-01,,,
2023,수원시,영통구청,2023-01-10 14:40,영통동 매영로365번길,주행형,2023-12-01,,,
2023,수원시,영통구청,2023-01-10 14:40,영통동 매영로365번길,주행형,2023-12-01,,,
2023,수원시,영통구청,2023-01-10 14:40,영통동 매영로365번길,주행형,2023-12-01,,,
2023,수원시,영통구청,2023-01-10 14:40,영통동 매영로365번길,주행형,2023-12-01,,,
2023,수원시,영통구청,2023-01-10 14:40,영통동 매영로365번길,주행형,2023-12-01,,,
2023,수원시,팔달구청,2023-01-10 14:41,인계동 드림캐슬주상복합,고정형,2023-12-01,,,
2023,수원시,팔달구청,2023-01-10 14:41,인계동 드림캐슬주상복합,고정형,2023-12-01,,,
2023,수원시,팔달구청,2023-01-10 14:45,인계동 드림캐슬주상복합,고정형,2023-12-01,,,
2023,수원시,팔달구청,2023-01-10 14:45,인계동 드림캐슬주상복합,고정형,2023-12-01,,,
2023,수원시,팔달구청,2023-01-10 14:47,인계동 한국씨티은행,고정형,2023-12-01,,,
2023,수원시,팔달구청,2023-01-10 14:47,인계동 한국씨티은행,고정형,2023-12-01,,,
2023,수원시,팔달구청,2023-01-10 14:47,신풍동 제일교회부설주차장 부근,고정형,2023-12-01,,,
2023,수원시,팔달구청,2023-01-10 14:49,인계동 인계동 수원천로229,주행형,2023-12-01,,,
2023,수원시,팔달구청,2023-01-10 14:49,인계동 인계동 수원천로229,주행형,2023-12-01,,,
2023,수원시,팔달구청,2023-01-10 14:49,인계동 인계동 수원천로229,주행형,2023-12-01,,,
2023,수원시,팔달구청,2023-01-10 14:49,인계동 인계동 수원천로229,주행형,2023-12-01,,,
2023,수원시,팔달구청,2023-01-10 14:49,인계동 인계동 수원천로229,주행형,2023-12-01,,,
2023,수원시,팔달구청,2023-01-10 14:49,인계동 인계동 수원천로229,주행형,2023-12-01,,,
2023,수원시,팔달구청,2023-01-10 14:49,인계동 인계동 수원천로229,주행형,2023-12-01,,,
2023,수원시,팔달구청,2023-01-10 14:49,인계동 인계동 수원천로229,주행형,2023-12-01,,,
2023,수원시,팔달구청,2023-01-10 14:49,인계동 인계동 매산로167,주행형,2023-12-01,,,
2023,수원시,팔달구청,2023-01-10 14:49,인계동 인계동 매산로167,주행형,2023-12-01,,,
2023,수원시,팔달구청,2023-01-10 14:49,인계동 드림캐슬주상복합,고정형,2023-12-01,,,
2023,수원시,영통구청,2023-01-10 14:53,영통동 매영로365번길,주행형,2023-12-01,,,
2023,수원시,영통구청,2023-01-10 14:53,영통동 매영로365번길,주행형,2023-12-01,,,
2023,수원시,영통구청,2023-01-10 14:53,영통동 매영로365번길,주행형,2023-12-01,,,
2023,수원시,영통구청,2023-01-10 14:53,영통동 매영로365번길,주행형,2023-12-01,,,
2023,수원시,영통구청,2023-01-10 14:53,영통동 매영로365번길,주행형,2023-12-01,,,
2023,수원시,팔달구청,2023-01-10 15:03,인계동 드림캐슬주상복합,고정형,2023-12-01,,,
2023,수원시,영통구청,2023-01-10 15:05,영통동 마사회뒷길,고정형,2023-12-01,,,
2023,수원시,팔달구청,2023-01-10 15:08,인계동 드림캐슬주상복합,고정형,2023-12-01,,,
2023,수원시,권선구청,2023-01-10 15:12,호매실동 금호프라자 대각 맞은편,고정형,2023-12-01,,,
2023,수원시,영통구청,2023-01-10 15:38,영통동 마사회뒷길,고정형,2023-12-01,,,
2023,수원시,영통구청,2023-01-10 15:45,망포동 힐스테이트 119동 ~방죽공원 삼거리,고정형,2023-12-01,,,
2023,수원시,영통구청,2023-01-10 15:45,영통구 매탄동 109-20,국민신문고,2023-12-01,,,
2023,수원시,팔달구청,2023-01-10 15:51,화서1동 푸르지오자이 북문 CU 앞 횡단보도,고정형,2023-12-01,,,
2023,수원시,팔달구청,2023-01-10 16:04,인계동 경인통계청,고정형,2023-12-01,,,
2023,수원시,팔달구청,2023-01-10 16:19,매산동 팅스몰 주차장 출구 옆,고정형,2023-12-01,,,
2023,수원시,권선구청,2023-01-10 16:23,세류3동 신곡초교 후문 좌측 사거리,고정형,2023-12-01,,,
2023,수원시,권선구청,2023-01-10 16:23,세류3동 신곡초교 후문 좌측 사거리,고정형,2023-12-01,,,
2023,수원시,팔달구청,2023-01-10 16:36,인계동 경인통계청,고정형,2023-12-01,,,
2023,수원시,팔달구청,2023-01-10 16:37,인계동 드림캐슬주상복합,고정형,2023-12-01,,,
2023,수원시,장안구청,2023-01-10 16:41,경기도수원시장안구이목동 수원시 장안구 이목동 90,보행,2023-12-01,,,
2023,수원시,영통구청,2023-01-10 16:52,하동 광교호반마을한양수자인,고정형,2023-12-01,,,
2023,수원시,영통구청,2023-01-10 17:02,이의동 광교가재울마을사거리,고정형,2023-12-01,,,
2023,수원시,영통구청,2023-01-10 17:02,하동 광교호반마을한양수자인,고정형,2023-12-01,,,
2023,수원시,권선구청,2023-01-10 17:15,평동 수원역고가밑 (애경뒷길),고정형,2023-12-01,,,
2023,수원시,팔달구청,2023-01-10 17:16,인계동 한국씨티은행,고정형,2023-12-01,,,
2023,수원시,팔달구청,2023-01-10 17:16,인계동 한국씨티은행,고정형,2023-12-01,,,
2023,수원시,팔달구청,2023-01-10 17:16,인계동 드림캐슬주상복합,고정형,2023-12-01,,,
2023,수원시,팔달구청,2023-01-10 17:18,화서1동 화서초등학교 둘레길 중간지점,고정형,2023-12-01,,,
2023,수원시,팔달구청,2023-01-10 17:20,고등동 수원초등학교 정문 좌측 사거리,고정형,2023-12-01,,,
2023,수원시,권선구청,2023-01-10 17:21,서둔동 수원역한라비발디퍼스트 앞1,고정형,2023-12-01,,,
2023,수원시,팔달구청,2023-01-10 17:40,매산동 팅스몰 주차장 출구 옆,고정형,2023-12-01,,,
2023,수원시,팔달구청,2023-01-10 18:00,매산동 팅스몰 주차장 출구 옆,고정형,2023-12-01,,,
2023,수원시,팔달구청,2023-01-10 18:20,인계동 드림캐슬주상복합,고정형,2023-12-01,,,
2023,수원시,팔달구청,2023-01-10 18:57,인계동 드림캐슬주상복합,고정형,2023-12-01,,,
2023,수원시,팔달구청,2023-01-10 19:05,화서동 254-14 (교차로모퉁이 5m 이내),국민신문고,2023-12-01,,,
2023,수원시,영통구청,2023-01-10 19:30,원천동 광교매원초등학교,고정형,2023-12-01,,,
2023,수원시,팔달구청,2023-01-10 19:41,매산동 팅스몰 주차장 출구 옆,고정형,2023-12-01,,,
2023,수원시,팔달구청,2023-01-10 19:47,인계동 드림캐슬주상복합,고정형,2023-12-01,,,
2023,수원시,팔달구청,2023-01-10 19:47,인계동 드림캐슬주상복합,고정형,2023-12-01,,,
2023,수원시,영통구청,2023-01-10 19:48,망포동 E-마트 에브리데이 앞,고정형,2023-12-01,37.2361017468141,127.060345496536,
2023,수원시,영통구청,2023-01-10 19:48,망포동 E-마트 에브리데이 앞,고정형,2023-12-01,37.2361017468141,127.060345496536,
2023,수원시,팔달구청,2023-01-10 19:52,매산동 역전농협,고정형,2023-12-01,,,
2023,수원시,팔달구청,2023-01-10 19:57,고등동 156-25 (인도-자전거도로),국민신문고,2023-12-01,,,
2023,수원시,팔달구청,2023-01-10 19:57,고등동 156-25 (인도-자전거도로),국민신문고,2023-12-01,,,
2023,수원시,팔달구청,2023-01-10 20:11,매산동 팅스몰 주차장 출구 옆,고정형,2023-12-01,,,
2023,수원시,장안구청,2023-01-10 20:13,상광교동 광교버스정류장종점,고정형,2023-12-01,,,
2023,수원시,팔달구청,2023-01-10 20:21,인계동 드림캐슬주상복합,고정형,2023-12-01,,,
2023,수원시,팔달구청,2023-01-10 20:33,인계동 드림캐슬주상복합,고정형,2023-12-01,,,
2023,수원시,팔달구청,2023-01-10 20:34,매산동 팅스몰 주차장 출구 옆,고정형,2023-12-01,,,
2023,수원시,영통구청,2023-01-10 20:44,경기도수원시영통구원천동 수원시 영통구 원천동 322,보행,2023-12-01,,,
2023,수원시,팔달구청,2023-01-10 20:50,인계동 드림캐슬주상복합,고정형,2023-12-01,,,
2023,수원시,팔달구청,2023-01-11 7:28,화서동 608-1 (횡단보도),국민신문고,2023-12-01,,,
2023,수원시,팔달구청,2023-01-11 7:30,매산동 역전농협,고정형,2023-12-01,,,
2023,수원시,팔달구청,2023-01-11 7:34,매산동 팅스몰 주차장 출구 옆,고정형,2023-12-01,,,
2023,수원시,권선구청,2023-01-11 8:02,곡반정동 하나로마트한국빌딩앞,고정형,2023-12-01,,,
2023,수원시,권선구청,2023-01-11 8:04,곡반정동 하나로마트한국빌딩앞,고정형,2023-12-01,,,
2023,수원시,권선구청,2023-01-11 8:48,매산로1가 수인로9번길,주행형,2023-12-01,,,
2023,수원시,권선구청,2023-01-11 8:49,매산로1가 수인로9번길,주행형,2023-12-01,,,
2023,수원시,권선구청,2023-01-11 8:49,매산로1가 수인로9번길,주행형,2023-12-01,,,
2023,수원시,팔달구청,2023-01-11 9:04,인계동 드림캐슬주상복합,고정형,2023-12-01,,,
2023,수원시,권선구청,2023-01-11 9:23,경기도수원시권선구권선동 수원시 권선구 권광로 109번길 48,보행,2023-12-01,,,
2023,수원시,권선구청,2023-01-11 9:34,서둔동 가온팰리스옆2,고정형,2023-12-01,,,
2023,수원시,영통구청,2023-01-11 9:36,영통동 마사회뒷길,고정형,2023-12-01,,,
2023,수원시,영통구청,2023-01-11 9:37,이의동 드림스퀘어Ⅱ 앞,고정형,2023-12-01,,,
2023,수원시,팔달구청,2023-01-11 9:41,인계동 드림캐슬주상복합,고정형,2023-12-01,,,
2023,수원시,권선구청,2023-01-11 9:49,세류3동 신곡초교 후문 좌측 사거리,고정형,2023-12-01,,,
2023,수원시,영통구청,2023-01-11 10:13,이의동 드림스퀘어Ⅱ 앞,고정형,2023-12-01,,,
2023,수원시,팔달구청,2023-01-11 10:16,인계동 드림캐슬주상복합,고정형,2023-12-01,,,
2023,수원시,영통구청,2023-01-11 10:27,이의동 드림스퀘어Ⅱ 앞,고정형,2023-12-01,,,
2023,수원시,팔달구청,2023-01-11 10:31,경기도수원시팔달구고등동 수원시 팔달구 고등러 59번길 44,보행,2023-12-01,,,
2023,수원시,팔달구청,2023-01-11 10:47,인계동 드림캐슬주상복합,고정형,2023-12-01,,,
2023,수원시,영통구청,2023-01-11 10:48,망포동 영통로27번길,주행형,2023-12-01,,,
2023,수원시,영통구청,2023-01-11 10:48,망포동 영통로27번길,주행형,2023-12-01,,,
2023,수원시,영통구청,2023-01-11 10:48,망포동 영통로27번길,주행형,2023-12-01,,,
2023,수원시,팔달구청,2023-01-11 11:09,경기도수원시팔달구매산로3가 수원시 팔달구 효원로 6,보행,2023-12-01,,,
2023,수원시,팔달구청,2023-01-11 11:09,경기도수원시팔달구매산로3가 수원시 팔달구 효원로 6,보행,2023-12-01,,,
2023,수원시,영통구청,2023-01-11 11:40,이의동 광교가재울마을사거리,고정형,2023-12-01,,,
2023,수원시,영통구청,2023-01-11 11:44,영통동 마사회뒷길,고정형,2023-12-01,,,
2023,수원시,영통구청,2023-01-11 12:11,망포동 E-마트 에브리데이 앞,고정형,2023-12-01,37.2361017468141,127.060345496536,
2023,수원시,팔달구청,2023-01-11 14:01,교동 수원향교 앞 팔달보건소 뒤,고정형,2023-12-01,,,
2023,수원시,영통구청,2023-01-11 14:03,경기도수원시영통구매탄동 수원시 영통구 매탄동 404,보행,2023-12-01,,,
2023,수원시,영통구청,2023-01-11 14:04,경기도수원시영통구매탄동 수원시 영통구 매탄동 404,보행,2023-12-01,,,
2023,수원시,영통구청,2023-01-11 14:05,경기도수원시영통구매탄동 수원시 영통구 매탄동 404,보행,2023-12-01,,,
2023,수원시,영통구청,2023-01-11 14:05,경기도수원시영통구매탄동 수원시 영통구 매탄동 404,보행,2023-12-01,,,
2023,수원시,영통구청,2023-01-11 14:06,경기도수원시영통구매탄동 수원시 영통구 매탄동 404,보행,2023-12-01,,,
2023,수원시,영통구청,2023-01-11 14:06,경기도수원시영통구매탄동 수원시 영통구 매탄동 404,보행,2023-12-01,,,
2023,수원시,팔달구청,2023-01-11 14:15,장안동 장안동 화서문로17번길,주행형,2023-12-01,,,
2023,수원시,팔달구청,2023-01-11 14:17,장안동 장안동 화서문로17번길,주행형,2023-12-01,,,
2023,수원시,팔달구청,2023-01-11 14:17,장안동 장안동 화서문로17번길,주행형,2023-12-01,,,
2023,수원시,영통구청,2023-01-11 14:17,원천동 삼성전자중문,고정형,2023-12-01,,,
2023,수원시,팔달구청,2023-01-11 14:20,장안동 장안동 화서문로17번길,주행형,2023-12-01,,,
2023,수원시,영통구청,2023-01-11 14:22,반정동 반정동 621-82,주행형,2023-12-01,,,
2023,수원시,영통구청,2023-01-11 14:23,망포동 망포동 40-234,주행형,2023-12-01,,,
2023,수원시,영통구청,2023-01-11 14:23,망포동 망포동 123-19,주행형,2023-12-01,,,
2023,수원시,영통구청,2023-01-11 14:23,망포동 망포동 123-19,주행형,2023-12-01,,,
2023,수원시,영통구청,2023-01-11 14:23,망포동 망포동 123-19,주행형,2023-12-01,,,
2023,수원시,영통구청,2023-01-11 14:23,망포동 망포동 123-19,주행형,2023-12-01,,,
2023,수원시,영통구청,2023-01-11 14:23,망포동 망포동 123-19,주행형,2023-12-01,,,
2023,수원시,영통구청,2023-01-11 14:23,망포동 망포동 123-19,주행형,2023-12-01,,,
2023,수원시,영통구청,2023-01-11 14:23,망포동 망포동 123-19,주행형,2023-12-01,,,
2023,수원시,영통구청,2023-01-11 14:23,망포동 망포동 123-19,주행형,2023-12-01,,,
2023,수원시,영통구청,2023-01-11 14:23,망포동 망포동 123-19,주행형,2023-12-01,,,
2023,수원시,영통구청,2023-01-11 14:23,망포동 망포동 123-19,주행형,2023-12-01,,,
2023,수원시,영통구청,2023-01-11 14:23,망포동 망포동 123-19,주행형,2023-12-01,,,
2023,수원시,영통구청,2023-01-11 14:24,망포동 망포동 80-15,주행형,2023-12-01,,,
2023,수원시,영통구청,2023-01-11 14:24,망포동 망포동 80-15,주행형,2023-12-01,,,
2023,수원시,영통구청,2023-01-11 14:24,망포동 망포동 81-4,주행형,2023-12-01,,,
2023,수원시,영통구청,2023-01-11 14:24,망포동 망포동 81-4,주행형,2023-12-01,,,
2023,수원시,팔달구청,2023-01-11 14:32,매산동 팅스몰 주차장 출구 옆,고정형,2023-12-01,,,
2023,수원시,팔달구청,2023-01-11 14:33,북수동 쌈지공원 앞,고정형,2023-12-01,,,
2023,수원시,팔달구청,2023-01-11 14:34,매산동 팅스몰 주차장 출구 옆,고정형,2023-12-01,,,
2023,수원시,영통구청,2023-01-11 14:35,광교동 광교 덴티움지식산업센터 앞 사거리,고정형,2023-12-01,,,
2023,수원시,팔달구청,2023-01-11 14:35,매산동 팅스몰 주차장 출구 옆,고정형,2023-12-01,,,
2023,수원시,권선구청,2023-01-11 14:35,세류3동 신곡초교 후문 좌측 사거리,고정형,2023-12-01,,,
2023,수원시,팔달구청,2023-01-11 14:37,인계동 드림캐슬주상복합,고정형,2023-12-01,,,
2023,수원시,팔달구청,2023-01-11 14:37,남창동 수원시 팔달구 남창동 13,보행,2023-12-01,,,
2023,수원시,팔달구청,2023-01-11 14:40,인계동 드림캐슬주상복합,고정형,2023-12-01,,,
2023,수원시,영통구청,2023-01-11 14:40,이의동 드림스퀘어Ⅱ 앞,고정형,2023-12-01,,,
2023,수원시,팔달구청,2023-01-11 14:46,매산동 팅스몰 주차장 출구 옆,고정형,2023-12-01,,,
2023,수원시,팔달구청,2023-01-11 14:54,인계동 드림캐슬주상복합,고정형,2023-12-01,,,
2023,수원시,권선구청,2023-01-11 14:57,평동 고현초교 정문 좌측 삼거리,고정형,2023-12-01,,,
2023,수원시,팔달구청,2023-01-11 15:08,인계동 드림캐슬주상복합,고정형,2023-12-01,,,
2023,수원시,영통구청,2023-01-11 15:09,광교동 광교 덴티움지식산업센터 앞 사거리,고정형,2023-12-01,,,
2023,수원시,권선구청,2023-01-11 15:18,세류3동 신곡초교 후문 좌측 사거리,고정형,2023-12-01,,,
2023,수원시,영통구청,2023-01-11 15:27,이의동 광교가재울마을사거리,고정형,2023-12-01,,,
2023,수원시,팔달구청,2023-01-11 15:33,팔달로2가 팔달로2가 정조로796번길,주행형,2023-12-01,,,
2023,수원시,팔달구청,2023-01-11 15:33,남수동 남수동 정조로796번길,주행형,2023-12-01,,,
2023,수원시,팔달구청,2023-01-11 15:34,영동 영동 팔달문로9,주행형,2023-12-01,,,
2023,수원시,권선구청,2023-01-11 15:50,서둔동 가온팰리스옆2,고정형,2023-12-01,,,
2023,수원시,팔달구청,2023-01-11 15:52,매산동 팅스몰 주차장 출구 옆,고정형,2023-12-01,,,
2023,수원시,팔달구청,2023-01-11 16:13,매산동 팅스몰 주차장 출구 옆,고정형,2023-12-01,,,
2023,수원시,권선구청,2023-01-11 16:14,세류3동 신곡초교 후문 좌측 사거리,고정형,2023-12-01,,,
2023,수원시,영통구청,2023-01-11 16:15,이의동 드림스퀘어Ⅱ 앞,고정형,2023-12-01,,,
2023,수원시,권선구청,2023-01-11 16:16,서둔동 가온팰리스옆2,고정형,2023-12-01,,,
2023,수원시,팔달구청,2023-01-11 16:17,인계동 드림캐슬주상복합,고정형,2023-12-01,,,
2023,수원시,영통구청,2023-01-11 16:20,이의동 드림스퀘어Ⅱ 앞,고정형,2023-12-01,,,
2023,수원시,팔달구청,2023-01-11 16:23,북수동 쌈지공원 앞,고정형,2023-12-01,,,
2023,수원시,영통구청,2023-01-11 16:29,망포동 E-마트 에브리데이 앞,고정형,2023-12-01,37.2361017468141,127.060345496536,
2023,수원시,영통구청,2023-01-11 16:29,이의동 드림스퀘어Ⅱ 앞,고정형,2023-12-01,,,
2023,수원시,팔달구청,2023-01-11 16:34,고등동 수원초등학교 정문 좌측 사거리,고정형,2023-12-01,,,
2023,수원시,권선구청,2023-01-11 16:42,권선동 덕영대로1246번길,주행형,2023-12-01,,,
2023,수원시,권선구청,2023-01-11 16:44,권선동 덕영대로1246번길,주행형,2023-12-01,,,
2023,수원시,권선구청,2023-01-11 16:44,권선동 덕영대로1246번길,주행형,2023-12-01,,,
2023,수원시,권선구청,2023-01-11 16:44,권선동 덕영대로1246번길,주행형,2023-12-01,,,
2023,수원시,권선구청,2023-01-11 16:45,권선동 덕영대로1246번길,주행형,2023-12-01,,,
2023,수원시,권선구청,2023-01-11 16:45,권선동 덕영대로1246번길,주행형,2023-12-01,,,
2023,수원시,권선구청,2023-01-11 16:45,권선동 덕영대로1246번길,주행형,2023-12-01,,,
2023,수원시,팔달구청,2023-01-11 16:58,고등동 수원초등학교 정문 좌측 사거리,고정형,2023-12-01,,,
2023,수원시,팔달구청,2023-01-11 17:01,매산동 팅스몰 주차장 출구 옆,고정형,2023-12-01,,,
2023,수원시,영통구청,2023-01-11 17:10,광교동 광교더사랑교회뒷길,고정형,2023-12-01,,,
2023,수원시,영통구청,2023-01-11 17:17,영통동 마사회뒷길,고정형,2023-12-01,,,
2023,수원시,팔달구청,2023-01-11 17:45,인계동 드림캐슬주상복합,고정형,2023-12-01,,,
2023,수원시,팔달구청,2023-01-11 17:48,인계동 경인통계청,고정형,2023-12-01,,,
2023,수원시,팔달구청,2023-01-11 17:48,인계동 경인통계청,고정형,2023-12-01,,,
2023,수원시,권선구청,2023-01-11 17:49,곡반정동 하나로마트한국빌딩앞,고정형,2023-12-01,,,
2023,수원시,팔달구청,2023-01-11 17:49,인계동 드림캐슬주상복합,고정형,2023-12-01,,,
2023,수원시,팔달구청,2023-01-11 17:49,매산동 팅스몰 주차장 출구 옆,고정형,2023-12-01,,,
2023,수원시,팔달구청,2023-01-11 17:53,인계동 드림캐슬주상복합,고정형,2023-12-01,,,
2023,수원시,영통구청,2023-01-11 18:40,망포동 힐스테이트 119동 ~방죽공원 삼거리,고정형,2023-12-01,,,
2023,수원시,팔달구청,2023-01-11 18:43,고등동 수원초등학교 정문 좌측 사거리,고정형,2023-12-01,,,
2023,수원시,권선구청,2023-01-11 19:02,오목천동 527-5,국민신문고,2023-12-01,,,
2023,수원시,팔달구청,2023-01-11 19:03,매산동 팅스몰 주차장 출구 옆,고정형,2023-12-01,,,
2023,수원시,팔달구청,2023-01-11 19:09,매산동 역전농협,고정형,2023-12-01,,,
2023,수원시,팔달구청,2023-01-11 19:31,경기도수원시팔달구매산로3가 수원시 팔달구 향교로51-1,보행,2023-12-01,,,
2023,수원시,팔달구청,2023-01-11 19:31,경기도수원시팔달구매산로3가 수원시 팔달구 향교로51-1,보행,2023-12-01,,,
2023,수원시,팔달구청,2023-01-11 19:32,인계동 드림캐슬주상복합,고정형,2023-12-01,,,
2023,수원시,팔달구청,2023-01-11 19:37,인계동 드림캐슬주상복합,고정형,2023-12-01,,,
2023,수원시,영통구청,2023-01-11 19:42,경기도수원시영통구망포동 수원시 영통구 망포동 413,보행,2023-12-01,,,
2023,수원시,팔달구청,2023-01-11 19:55,매산동 팅스몰 주차장 출구 옆,고정형,2023-12-01,,,
2023,수원시,팔달구청,2023-01-11 20:09,화서1동 푸르지오자이 북문 CU 앞 횡단보도,고정형,2023-12-01,,,
2023,수원시,팔달구청,2023-01-11 20:17,인계동 드림캐슬주상복합,고정형,2023-12-01,,,
2023,수원시,팔달구청,2023-01-11 20:22,매산동 팅스몰 주차장 출구 옆,고정형,2023-12-01,,,
2023,수원시,팔달구청,2023-01-11 21:34,매산동 역전농협,고정형,2023-12-01,,,
2023,수원시,팔달구청,2023-01-12 7:32,인계동 드림캐슬주상복합,고정형,2023-12-01,,,
2023,수원시,팔달구청,2023-01-12 7:35,인계동 드림캐슬주상복합,고정형,2023-12-01,,,
2023,수원시,팔달구청,2023-01-12 7:35,인계동 경인통계청,고정형,2023-12-01,,,
2023,수원시,팔달구청,2023-01-12 7:35,인계동 경인통계청,고정형,2023-12-01,,,
2023,수원시,팔달구청,2023-01-12 7:40,인계동 경인통계청,고정형,2023-12-01,,,
2023,수원시,팔달구청,2023-01-12 7:44,인계동 한국씨티은행,고정형,2023-12-01,,,
2023,수원시,영통구청,2023-01-12 8:02,영통동 마사회뒷길,고정형,2023-12-01,,,
2023,수원시,권선구청,2023-01-12 8:03,서둔동 수원역한라비발디퍼스트 앞1,고정형,2023-12-01,,,
2023,수원시,권선구청,2023-01-12 8:04,곡반정동 하나로마트한국빌딩앞,고정형,2023-12-01,,,
2023,수원시,권선구청,2023-01-12 8:04,곡반정동 하나로마트한국빌딩앞,고정형,2023-12-01,,,
2023,수원시,권선구청,2023-01-12 8:04,곡반정동 하나로마트한국빌딩앞,고정형,2023-12-01,,,
2023,수원시,팔달구청,2023-01-12 8:32,인계동 경인통계청,고정형,2023-12-01,,,
2023,수원시,권선구청,2023-01-12 8:35,서둔동 수원역한라비발디퍼스트 앞1,고정형,2023-12-01,,,
2023,수원시,팔달구청,2023-01-12 8:35,인계동 드림캐슬주상복합,고정형,2023-12-01,,,
2023,수원시,팔달구청,2023-01-12 8:52,인계동 한국씨티은행,고정형,2023-12-01,,,
2023,수원시,팔달구청,2023-01-12 9:03,인계동 드림캐슬주상복합,고정형,2023-12-01,,,
2023,수원시,권선구청,2023-01-12 9:05,입북동 당수초교 정문 우측 사거리,고정형,2023-12-01,,,
2023,수원시,팔달구청,2023-01-12 9:16,인계동 드림캐슬주상복합,고정형,2023-12-01,,,
2023,수원시,팔달구청,2023-01-12 9:17,인계동 한국씨티은행,고정형,2023-12-01,,,
2023,수원시,팔달구청,2023-01-12 9:22,인계동 경인통계청,고정형,2023-12-01,,,
2023,수원시,팔달구청,2023-01-12 9:22,인계동 경인통계청,고정형,2023-12-01,,,
2023,수원시,권선구청,2023-01-12 9:36,서둔동 가온팰리스옆2,고정형,2023-12-01,,,
2023,수원시,팔달구청,2023-01-12 9:36,매산동 팅스몰 주차장 출구 옆,고정형,2023-12-01,,,
2023,수원시,팔달구청,2023-01-12 9:39,인계동 드림캐슬주상복합,고정형,2023-12-01,,,
2023,수원시,팔달구청,2023-01-12 9:46,인계동 드림캐슬주상복합,고정형,2023-12-01,,,
2023,수원시,권선구청,2023-01-12 9:48,경기도수원시권선구곡반정동 수원시 권선구 곡반정동 602,보행,2023-12-01,,,
2023,수원시,팔달구청,2023-01-12 10:05,인계동 드림캐슬주상복합,고정형,2023-12-01,,,
2023,수원시,권선구청,2023-01-12 10:10,평동 수원역고가밑 (애경뒷길),고정형,2023-12-01,,,
2023,수원시,팔달구청,2023-01-12 10:11,교동 수원향교 앞 팔달보건소 뒤,고정형,2023-12-01,,,
2023,수원시,팔달구청,2023-01-12 10:27,매산동 팅스몰 주차장 출구 옆,고정형,2023-12-01,,,
2023,수원시,영통구청,2023-01-12 10:27,이의동 드림스퀘어Ⅱ 앞,고정형,2023-12-01,,,
2023,수원시,영통구청,2023-01-12 10:31,이의동 드림스퀘어Ⅱ 앞,고정형,2023-12-01,,,
2023,수원시,영통구청,2023-01-12 10:31,이의동 드림스퀘어Ⅱ 앞,고정형,2023-12-01,,,
2023,수원시,영통구청,2023-01-12 10:35,경기도수원시영통구원천동 수원시 영통구 원천동 294,보행,2023-12-01,,,
2023,수원시,영통구청,2023-01-12 10:35,경기도수원시영통구원천동 수원시 영통구 원천동 294,보행,2023-12-01,,,
2023,수원시,영통구청,2023-01-12 10:35,경기도수원시영통구원천동 수원시 영통구 원천동 294,보행,2023-12-01,,,
2023,수원시,영통구청,2023-01-12 10:35,경기도수원시영통구원천동 수원시 영통구 원천동 294,보행,2023-12-01,,,
2023,수원시,영통구청,2023-01-12 10:36,경기도수원시영통구원천동 수원시 영통구 원천동 294,보행,2023-12-01,,,
2023,수원시,장안구청,2023-01-12 10:41,경기도수원시장안구이목동 수원시 장안구 이목동 330,보행,2023-12-01,,,
2023,수원시,장안구청,2023-01-12 10:43,경기도수원시장안구이목동 수원시 장안구 이목동 338,보행,2023-12-01,,,
2023,수원시,영통구청,2023-01-12 10:44,이의동 드림스퀘어Ⅱ 앞,고정형,2023-12-01,,,
2023,수원시,영통구청,2023-01-12 11:02,원천동 삼성전자중문,고정형,2023-12-01,,,
2023,수원시,영통구청,2023-01-12 11:02,원천동 삼성전자중문,고정형,2023-12-01,,,
2023,수원시,영통구청,2023-01-12 11:04,광교동 광교 덴티움지식산업센터 앞 사거리,고정형,2023-12-01,,,
2023,수원시,팔달구청,2023-01-12 11:06,행궁동 팔달문 버스정류장,고정형,2023-12-01,,,
2023,수원시,팔달구청,2023-01-12 11:47,화서1동 푸르지오자이 북문 CU 앞 횡단보도,고정형,2023-12-01,,,
2023,수원시,권선구청,2023-01-12 12:18,입북동 당수초교 정문 우측 사거리,고정형,2023-12-01,,,
2023,수원시,영통구청,2023-01-12 13:24,영통동 롯데마트 뒤,고정형,2023-12-01,37.27220279535416,127.10856729001851,
2023,수원시,영통구청,2023-01-12 13:46,이의동 광교가재울마을사거리,고정형,2023-12-01,,,
2023,수원시,팔달구청,2023-01-12 13:49,경기도수원시장안구정자동 수원시 팔달구 화서동 697,보행,2023-12-01,,,
2023,수원시,팔달구청,2023-01-12 13:50,경기도수원시장안구정자동 수원시 팔달구 화서동 697,보행,2023-12-01,,,
2023,수원시,팔달구청,2023-01-12 13:50,경기도수원시장안구정자동 수원시 팔달구 화서동 697,보행,2023-12-01,,,
2023,수원시,팔달구청,2023-01-12 13:51,경기도수원시장안구정자동 수원시 팔달구 화서동 697,보행,2023-12-01,,,
2023,수원시,팔달구청,2023-01-12 13:51,경기도수원시장안구정자동 수원시 팔달구 화서동 697,보행,2023-12-01,,,
2023,수원시,팔달구청,2023-01-12 13:52,경기도수원시장안구정자동 수원시 팔달구 화서동 697,보행,2023-12-01,,,
2023,수원시,장안구청,2023-01-12 13:52,상광교동 광교버스정류장종점,고정형,2023-12-01,,,
2023,수원시,팔달구청,2023-01-12 14:01,행궁동 팔달문 버스정류장,고정형,2023-12-01,,,
2023,수원시,영통구청,2023-01-12 14:09,망포동 힐스테이트 119동 ~방죽공원 삼거리,고정형,2023-12-01,,,
2023,수원시,영통구청,2023-01-12 14:19,경기도수원시영통구망포동 수원시 영통구 망포동 383,보행,2023-12-01,,,
2023,수원시,영통구청,2023-01-12 14:20,경기도수원시영통구망포동 수원시 영통구 망포동 383,보행,2023-12-01,,,
2023,수원시,영통구청,2023-01-12 14:21,영통동 마사회뒷길,고정형,2023-12-01,,,
2023,수원시,영통구청,2023-01-12 14:21,경기도수원시영통구망포동 수원시 영통구 망포동 383,보행,2023-12-01,,,
2023,수원시,영통구청,2023-01-12 14:21,경기도수원시영통구망포동 수원시 영통구 망포동 383,보행,2023-12-01,,,
2023,수원시,영통구청,2023-01-12 14:22,경기도수원시영통구망포동 수원시 영통구 망포동 383,보행,2023-12-01,,,
2023,수원시,팔달구청,2023-01-12 14:23,팔달로2가 팔달로2가 정조로796번길,주행형,2023-12-01,,,
2023,수원시,팔달구청,2023-01-12 14:23,남수동 남수동 정조로796번길,주행형,2023-12-01,,,
2023,수원시,팔달구청,2023-01-12 14:33,매산동 팔달로 10번길 8,고정형,2023-12-01,,,
2023,수원시,팔달구청,2023-01-12 14:34,신풍동 제일교회부설주차장 부근,고정형,2023-12-01,,,
2023,수원시,팔달구청,2023-01-12 14:35,인계동 드림캐슬주상복합,고정형,2023-12-01,,,
2023,수원시,권선구청,2023-01-12 14:42,평동 오목초교 정문 우측 삼거리,고정형,2023-12-01,,,
2023,수원시,팔달구청,2023-01-12 14:44,인계동 경인통계청,고정형,2023-12-01,,,
2023,수원시,권선구청,2023-01-12 14:46,경기도수원시권선구평동 수원시 권선구 평동 105,보행,2023-12-01,,,
2023,수원시,권선구청,2023-01-12 14:47,경기도수원시권선구평동 수원시 권선구 평동 105,보행,2023-12-01,,,
2023,수원시,팔달구청,2023-01-12 14:48,인계동 드림캐슬주상복합,고정형,2023-12-01,,,
2023,수원시,권선구청,2023-01-12 14:49,경기도수원시권선구평동 수원시 권선구 평동 105,보행,2023-12-01,,,
2023,수원시,팔달구청,2023-01-12 15:00,매산동 팔달로 10번길 8,고정형,2023-12-01,,,
2023,수원시,팔달구청,2023-01-12 15:04,인계동 경인통계청,고정형,2023-12-01,,,
2023,수원시,팔달구청,2023-01-12 15:08,인계동 드림캐슬주상복합,고정형,2023-12-01,,,
2023,수원시,영통구청,2023-01-12 15:11,광교동 광교 덴티움지식산업센터 앞 사거리,고정형,2023-12-01,,,
2023,수원시,팔달구청,2023-01-12 15:14,인계동 한국씨티은행,고정형,2023-12-01,,,
2023,수원시,팔달구청,2023-01-12 15:35,인계동 한국씨티은행,고정형,2023-12-01,,,
2023,수원시,권선구청,2023-01-12 15:54,평동 수원역고가밑 (애경뒷길),고정형,2023-12-01,,,
2023,수원시,팔달구청,2023-01-12 16:14,매산동 팅스몰 주차장 출구 옆,고정형,2023-12-01,,,
2023,수원시,팔달구청,2023-01-12 16:27,인계동 한국씨티은행,고정형,2023-12-01,,,
2023,수원시,팔달구청,2023-01-12 16:35,화서1동 푸르지오자이 북문 CU 앞 횡단보도,고정형,2023-12-01,,,
2023,수원시,팔달구청,2023-01-12 16:35,화서1동 푸르지오자이 북문 CU 앞 횡단보도,고정형,2023-12-01,,,
2023,수원시,권선구청,2023-01-12 17:01,평동 고현초교 정문 좌측 삼거리,고정형,2023-12-01,,,
2023,수원시,팔달구청,2023-01-12 17:13,화서1동 화서초등학교 둘레길 중간지점,고정형,2023-12-01,,,
2023,수원시,권선구청,2023-01-12 17:29,세류3동 신곡초교 후문 좌측 사거리,고정형,2023-12-01,,,
2023,수원시,권선구청,2023-01-12 17:43,평동 고현초교 정문 좌측 삼거리,고정형,2023-12-01,,,
2023,수원시,팔달구청,2023-01-12 18:15,행궁동 팔달문 버스정류장,고정형,2023-12-01,,,
2023,수원시,팔달구청,2023-01-12 18:32,매산동 팅스몰 주차장 출구 옆,고정형,2023-12-01,,,
2023,수원시,영통구청,2023-01-12 18:39,광교동 광교 덴티움지식산업센터 앞 사거리,고정형,2023-12-01,,,
2023,수원시,팔달구청,2023-01-12 18:54,인계동 드림캐슬주상복합,고정형,2023-12-01,,,
2023,수원시,팔달구청,2023-01-12 19:08,인계동 드림캐슬주상복합,고정형,2023-12-01,,,
2023,수원시,영통구청,2023-01-12 19:19,망포동 E-마트 에브리데이 앞,고정형,2023-12-01,37.2361017468141,127.060345496536,
2023,수원시,팔달구청,2023-01-12 19:37,인계동 드림캐슬주상복합,고정형,2023-12-01,,,
2023,수원시,팔달구청,2023-01-12 19:41,매산동 팅스몰 주차장 출구 옆,고정형,2023-12-01,,,
2023,수원시,팔달구청,2023-01-12 19:56,매산동 역전농협,고정형,2023-12-01,,,
2023,수원시,영통구청,2023-01-12 19:58,영통동 롯데마트 뒤,고정형,2023-12-01,37.27220279535416,127.10856729001851,
2023,수원시,팔달구청,2023-01-12 19:59,매산동 팅스몰 주차장 출구 옆,고정형,2023-12-01,,,
2023,수원시,팔달구청,2023-01-12 20:21,매산동 역전농협,고정형,2023-12-01,,,
2023,수원시,팔달구청,2023-01-12 20:38,매산동 팅스몰 주차장 출구 옆,고정형,2023-12-01,,,
2023,수원시,팔달구청,2023-01-12 20:50,인계동 드림캐슬주상복합,고정형,2023-12-01,,,
2023,수원시,팔달구청,2023-01-12 21:04,인계동 드림캐슬주상복합,고정형,2023-12-01,,,
2023,수원시,팔달구청,2023-01-13 7:03,화서1동 푸르지오자이 북문 CU 앞 횡단보도,고정형,2023-12-01,,,
2023,수원시,팔달구청,2023-01-13 7:36,인계동 드림캐슬주상복합,고정형,2023-12-01,,,
2023,수원시,팔달구청,2023-01-13 7:36,인계동 경인통계청,고정형,2023-12-01,,,
2023,수원시,팔달구청,2023-01-13 7:51,매산동 팅스몰 주차장 출구 옆,고정형,2023-12-01,,,
2023,수원시,권선구청,2023-01-13 7:54,권선동 경수대로190번길,주행형,2023-12-01,,,
2023,수원시,권선구청,2023-01-13 8:02,곡반정동 하나로마트한국빌딩앞,고정형,2023-12-01,,,
2023,수원시,팔달구청,2023-01-13 8:03,고등동 수원초등학교 정문 좌측 사거리,고정형,2023-12-01,,,
2023,수원시,권선구청,2023-01-13 8:13,곡반정동 하나로마트한국빌딩앞,고정형,2023-12-01,,,
2023,수원시,권선구청,2023-01-13 8:17,권선동 덕영대로1246번길,주행형,2023-12-01,,,
2023,수원시,영통구청,2023-01-13 8:37,영통동 마사회뒷길,고정형,2023-12-01,,,
2023,수원시,팔달구청,2023-01-13 8:45,인계동 한국씨티은행,고정형,2023-12-01,,,
2023,수원시,영통구청,2023-01-13 8:45,망포동 힐스테이트 119동 ~방죽공원 삼거리,고정형,2023-12-01,,,
2023,수원시,권선구청,2023-01-13 8:51,입북동 당수초교 정문 우측 사거리,고정형,2023-12-01,,,
2023,수원시,팔달구청,2023-01-13 9:03,인계동 드림캐슬주상복합,고정형,2023-12-01,,,
2023,수원시,권선구청,2023-01-13 9:31,서둔동 가온팰리스옆2,고정형,2023-12-01,,,
2023,수원시,영통구청,2023-01-13 9:55,광교동 광교더사랑교회뒷길,고정형,2023-12-01,,,
2023,수원시,권선구청,2023-01-13 10:00,호매실동 금호프라자 대각 맞은편,고정형,2023-12-01,,,
2023,수원시,팔달구청,2023-01-13 10:13,행궁동 팔달문 버스정류장,고정형,2023-12-01,,,
2023,수원시,팔달구청,2023-01-13 10:17,매산동 팅스몰 주차장 출구 옆,고정형,2023-12-01,,,
2023,수원시,영통구청,2023-01-13 10:28,망포동 E-마트 에브리데이 앞,고정형,2023-12-01,37.2361017468141,127.060345496536,
2023,수원시,팔달구청,2023-01-13 10:33,경기도수원시팔달구북수동 수원시 팔달구 수원천로317,보행,2023-12-01,,,
2023,수원시,팔달구청,2023-01-13 10:33,경기도수원시팔달구북수동 수원시 팔달구 수원천로317,보행,2023-12-01,,,
2023,수원시,권선구청,2023-01-13 10:45,구운동 구운초교 정문 우측 삼거리,고정형,2023-12-01,,,
2023,수원시,권선구청,2023-01-13 10:51,경기도수원시권선구평동 수원시 권선구 평동 105,보행,2023-12-01,,,
2023,수원시,영통구청,2023-01-13 10:56,영통동 롯데마트 뒤,고정형,2023-12-01,37.27220279535416,127.10856729001851,
2023,수원시,영통구청,2023-01-13 11:14,경기도수원시영통구망포동 수원시 영통구 망포동 84,보행,2023-12-01,,,
2023,수원시,영통구청,2023-01-13 11:15,경기도수원시영통구망포동 수원시 영통구 망포동 84,보행,2023-12-01,,,
2023,수원시,영통구청,2023-01-13 11:16,경기도수원시영통구망포동 수원시 영통구 망포동 84,보행,2023-12-01,,,
2023,수원시,영통구청,2023-01-13 11:17,경기도수원시영통구망포동 수원시 영통구 망포동 123,보행,2023-12-01,,,
2023,수원시,영통구청,2023-01-13 11:18,경기도수원시영통구망포동 수원시 영통구 망포동 123,보행,2023-12-01,,,
2023,수원시,영통구청,2023-01-13 11:18,경기도수원시영통구망포동 수원시 영통구 망포동 123,보행,2023-12-01,,,
2023,수원시,영통구청,2023-01-13 11:19,경기도수원시영통구망포동 수원시 영통구 망포동 123,보행,2023-12-01,,,
2023,수원시,영통구청,2023-01-13 11:20,경기도수원시영통구망포동 수원시 영통구 망포동 123,보행,2023-12-01,,,
2023,수원시,영통구청,2023-01-13 11:53,망포동 힐스테이트 119동 ~방죽공원 삼거리,고정형,2023-12-01,,,
2023,수원시,권선구청,2023-01-13 12:11,고색동 도이치 고객주차장 출입구,고정형,2023-12-01,,,
2023,수원시,팔달구청,2023-01-13 12:17,화서1동 푸르지오자이 북문 CU 앞 횡단보도,고정형,2023-12-01,,,
2023,수원시,영통구청,2023-01-13 12:19,영통동 마사회뒷길,고정형,2023-12-01,,,
2023,수원시,팔달구청,2023-01-13 12:44,매산동 역전농협,고정형,2023-12-01,,,
2023,수원시,영통구청,2023-01-13 14:18,영통동 마사회뒷길,고정형,2023-12-01,,,
2023,수원시,팔달구청,2023-01-13 14:34,매산동 팅스몰 주차장 출구 옆,고정형,2023-12-01,,,
2023,수원시,팔달구청,2023-01-13 14:34,신풍동 미술관로터리,고정형,2023-12-01,,,
2023,수원시,영통구청,2023-01-13 14:34,이의동 드림스퀘어Ⅱ 앞,고정형,2023-12-01,,,
2023,수원시,팔달구청,2023-01-13 14:36,인계동 드림캐슬주상복합,고정형,2023-12-01,,,
2023,수원시,팔달구청,2023-01-13 14:37,신풍동 제일교회부설주차장 부근,고정형,2023-12-01,,,
2023,수원시,영통구청,2023-01-13 14:50,영통구 망포동 276-7,국민신문고,2023-12-01,,,
2023,수원시,장안구청,2023-01-13 14:56,-1 라이프스포츠앞,고정형,2023-12-01,,,
2023,수원시,권선구청,2023-01-13 14:57,오목천동 한화꿈에그린아파트 209동앞,고정형,2023-12-01,,,
2023,수원시,영통구청,2023-01-13 15:03,망포동 E-마트 에브리데이 앞,고정형,2023-12-01,37.2361017468141,127.060345496536,
2023,수원시,영통구청,2023-01-13 15:06,영통동 마사회뒷길,고정형,2023-12-01,,,
2023,수원시,팔달구청,2023-01-13 15:15,장안동 장안동 화서문로17번길,주행형,2023-12-01,,,
2023,수원시,팔달구청,2023-01-13 15:15,장안동 장안동 화서문로17번길,주행형,2023-12-01,,,
2023,수원시,팔달구청,2023-01-13 15:16,장안동 장안동 화서문로17번길,주행형,2023-12-01,,,
2023,수원시,팔달구청,2023-01-13 15:16,장안동 장안동 화서문로17번길,주행형,2023-12-01,,,
2023,수원시,팔달구청,2023-01-13 15:17,장안동 장안동 화서문로17번길,주행형,2023-12-01,,,
2023,수원시,팔달구청,2023-01-13 15:17,장안동 장안동 화서문로17번길,주행형,2023-12-01,,,
2023,수원시,팔달구청,2023-01-13 15:17,장안동 장안동 화서문로17번길,주행형,2023-12-01,,,
2023,수원시,팔달구청,2023-01-13 15:17,장안동 장안동 화서문로17번길,주행형,2023-12-01,,,
2023,수원시,팔달구청,2023-01-13 15:18,장안동 장안동 화서문로17번길,주행형,2023-12-01,,,
2023,수원시,영통구청,2023-01-13 15:20,이의동 드림스퀘어Ⅱ 앞,고정형,2023-12-01,,,
2023,수원시,팔달구청,2023-01-13 15:22,신풍동 신풍동 화서문로 38,주행형,2023-12-01,,,
2023,수원시,팔달구청,2023-01-13 15:24,인계동 드림캐슬주상복합,고정형,2023-12-01,,,
2023,수원시,팔달구청,2023-01-13 15:32,매산동 팅스몰 주차장 출구 옆,고정형,2023-12-01,,,
2023,수원시,영통구청,2023-01-13 15:32,원천동 삼성전자중문,고정형,2023-12-01,,,
2023,수원시,팔달구청,2023-01-13 15:47,인계동 드림캐슬주상복합,고정형,2023-12-01,,,
2023,수원시,영통구청,2023-01-13 15:53,망포동 E-마트 에브리데이 앞,고정형,2023-12-01,37.2361017468141,127.060345496536,
2023,수원시,권선구청,2023-01-13 15:53,서둔동 가온팰리스옆1,고정형,2023-12-01,,,
2023,수원시,영통구청,2023-01-13 15:58,영통구 망포동 84-14,국민신문고,2023-12-01,,,
2023,수원시,권선구청,2023-01-13 16:02,서둔동 가온팰리스옆2,고정형,2023-12-01,,,
2023,수원시,영통구청,2023-01-13 16:11,광교동 광교더사랑교회뒷길,고정형,2023-12-01,,,
2023,수원시,팔달구청,2023-01-13 16:16,인계동 경인통계청,고정형,2023-12-01,,,
2023,수원시,권선구청,2023-01-13 16:19,세류3동 신곡초교 후문 좌측 사거리,고정형,2023-12-01,,,
2023,수원시,팔달구청,2023-01-13 16:27,인계동 경인통계청,고정형,2023-12-01,,,
2023,수원시,팔달구청,2023-01-13 16:36,매산동 팅스몰 주차장 출구 옆,고정형,2023-12-01,,,
2023,수원시,팔달구청,2023-01-13 16:45,인계동 드림캐슬주상복합,고정형,2023-12-01,,,
2023,수원시,팔달구청,2023-01-13 17:17,매산동 역전농협,고정형,2023-12-01,,,
2023,수원시,팔달구청,2023-01-13 17:17,인계동 드림캐슬주상복합,고정형,2023-12-01,,,
2023,수원시,장안구청,2023-01-13 17:38,정자3동 정자동 오일뱅크,고정형,2023-12-01,,,
2023,수원시,팔달구청,2023-01-13 17:42,화서1동 화서초등학교 둘레길 중간지점,고정형,2023-12-01,,,
2023,수원시,팔달구청,2023-01-13 17:43,인계동 한국씨티은행,고정형,2023-12-01,,,
2023,수원시,팔달구청,2023-01-13 18:12,매산동 역전농협,고정형,2023-12-01,,,
2023,수원시,팔달구청,2023-01-13 18:29,매산동 팅스몰 주차장 출구 옆,고정형,2023-12-01,,,
2023,수원시,팔달구청,2023-01-13 18:42,인계동 드림캐슬주상복합,고정형,2023-12-01,,,
2023,수원시,팔달구청,2023-01-13 18:46,인계동 드림캐슬주상복합,고정형,2023-12-01,,,
2023,수원시,영통구청,2023-01-13 18:50,영통동 마사회뒷길,고정형,2023-12-01,,,
2023,수원시,팔달구청,2023-01-13 18:50,매산동 역전농협,고정형,2023-12-01,,,
2023,수원시,팔달구청,2023-01-13 18:56,인계동 드림캐슬주상복합,고정형,2023-12-01,,,
2023,수원시,팔달구청,2023-01-13 19:12,매산동 팅스몰 주차장 출구 옆,고정형,2023-12-01,,,
2023,수원시,영통구청,2023-01-13 19:19,이의동 광교가재울마을사거리,고정형,2023-12-01,,,
2023,수원시,영통구청,2023-01-13 19:26,영통구 영통동 1276-11,국민신문고,2023-12-01,,,
2023,수원시,영통구청,2023-01-13 19:41,망포동 E-마트 에브리데이 앞,고정형,2023-12-01,37.2361017468141,127.060345496536,
2023,수원시,영통구청,2023-01-13 19:43,원천동 광교매원초등학교,고정형,2023-12-01,,,
2023,수원시,팔달구청,2023-01-13 19:56,인계동 드림캐슬주상복합,고정형,2023-12-01,,,
2023,수원시,팔달구청,2023-01-13 19:59,매교동 91-19 (횡단보도),국민신문고,2023-12-01,,,
2023,수원시,권선구청,2023-01-13 20:12,경기도수원시권선구권선동 수원시 권선구 권선동 193,보행,2023-12-01,,,
2023,수원시,팔달구청,2023-01-13 20:14,매산동 팅스몰 주차장 출구 옆,고정형,2023-12-01,,,
2023,수원시,권선구청,2023-01-13 20:14,경기도수원시권선구권선동 수원시 권선구 권선동 193,보행,2023-12-01,,,
2023,수원시,권선구청,2023-01-13 20:17,경기도수원시권선구권선동 수원시 권선구 권선동 200,보행,2023-12-01,,,
2023,수원시,권선구청,2023-01-13 20:18,경기도수원시권선구권선동 수원시 권선구 권선동 200,보행,2023-12-01,,,
2023,수원시,권선구청,2023-01-13 20:20,경기도수원시권선구권선동 수원시 권선구 권선동 200,보행,2023-12-01,,,
2023,수원시,팔달구청,2023-01-13 20:22,인계동 드림캐슬주상복합,고정형,2023-12-01,,,
2023,수원시,팔달구청,2023-01-13 20:22,인계동 드림캐슬주상복합,고정형,2023-12-01,,,
2023,수원시,팔달구청,2023-01-13 20:25,인계동 드림캐슬주상복합,고정형,2023-12-01,,,
2023,수원시,팔달구청,2023-01-13 20:25,매산동 팅스몰 주차장 출구 옆,고정형,2023-12-01,,,
2023,수원시,팔달구청,2023-01-13 20:48,인계동 드림캐슬주상복합,고정형,2023-12-01,,,
2023,수원시,팔달구청,2023-01-13 20:49,인계동 드림캐슬주상복합,고정형,2023-12-01,,,
2023,수원시,팔달구청,2023-01-13 21:08,인계동 드림캐슬주상복합,고정형,2023-12-01,,,
2023,수원시,팔달구청,2023-01-13 21:08,인계동 드림캐슬주상복합,고정형,2023-12-01,,,
2023,수원시,팔달구청,2023-01-13 21:39,인계동 드림캐슬주상복합,고정형,2023-12-01,,,
2023,수원시,팔달구청,2023-01-13 21:43,매산동 역전농협,고정형,2023-12-01,,,
2023,수원시,권선구청,2023-01-14 9:01,서둔동 롯데몰 육교건너,고정형,2023-12-01,,,
2023,수원시,권선구청,2023-01-14 9:02,곡반정동 궁촌육교앞,고정형,2023-12-01,,,
2023,수원시,권선구청,2023-01-14 9:03,곡반정동 하나로마트한국빌딩앞,고정형,2023-12-01,,,
2023,수원시,팔달구청,2023-01-14 9:04,인계동 드림캐슬주상복합,고정형,2023-12-01,,,
2023,수원시,권선구청,2023-01-14 9:04,곡반정동 하나로마트한국빌딩앞,고정형,2023-12-01,,,
2023,수원시,권선구청,2023-01-14 9:04,서둔동 가온팰리스옆2,고정형,2023-12-01,,,
2023,수원시,팔달구청,2023-01-14 9:06,매산동 팅스몰 주차장 출구 옆,고정형,2023-12-01,,,
2023,수원시,권선구청,2023-01-14 9:06,곡선동 권선중앙약국 건너편,고정형,2023-12-01,,,
2023,수원시,팔달구청,2023-01-14 9:12,인계동 드림캐슬주상복합,고정형,2023-12-01,,,
2023,수원시,영통구청,2023-01-14 9:19,광교동 광교더사랑교회뒷길,고정형,2023-12-01,,,
2023,수원시,권선구청,2023-01-14 9:25,곡반정동 궁촌육교앞,고정형,2023-12-01,,,
2023,수원시,영통구청,2023-01-14 9:56,영통동 보보스스포츠센터앞,고정형,2023-12-01,,,
2023,수원시,영통구청,2023-01-14 10:03,영통동 롯데마트 뒤,고정형,2023-12-01,37.27220279535416,127.10856729001851,
2023,수원시,팔달구청,2023-01-14 10:04,북수동 쌈지공원 앞,고정형,2023-12-01,,,
2023,수원시,팔달구청,2023-01-14 10:16,인계동 경인통계청,고정형,2023-12-01,,,
2023,수원시,팔달구청,2023-01-14 10:26,행궁동 팔달문 버스정류장,고정형,2023-12-01,,,
2023,수원시,팔달구청,2023-01-14 10:45,매산동 팅스몰 주차장 출구 옆,고정형,2023-12-01,,,
2023,수원시,영통구청,2023-01-14 10:52,망포동 망포동 80-15,주행형,2023-12-01,,,
2023,수원시,영통구청,2023-01-14 10:52,망포동 망포동 81-4,주행형,2023-12-01,,,
2023,수원시,영통구청,2023-01-14 10:52,망포동 망포동 40-234,주행형,2023-12-01,,,
2023,수원시,영통구청,2023-01-14 10:52,망포동 망포동 123-19,주행형,2023-12-01,,,
2023,수원시,영통구청,2023-01-14 10:52,망포동 망포동 123-19,주행형,2023-12-01,,,
2023,수원시,영통구청,2023-01-14 10:52,망포동 망포동 123-19,주행형,2023-12-01,,,
2023,수원시,영통구청,2023-01-14 10:52,망포동 망포동 123-19,주행형,2023-12-01,,,
2023,수원시,영통구청,2023-01-14 10:52,망포동 망포동 123-19,주행형,2023-12-01,,,
2023,수원시,영통구청,2023-01-14 10:52,망포동 망포동 123-19,주행형,2023-12-01,,,
2023,수원시,영통구청,2023-01-14 11:25,망포동 힐스테이트 119동 ~방죽공원 삼거리,고정형,2023-12-01,,,
2023,수원시,팔달구청,2023-01-14 11:27,매산동 역전농협,고정형,2023-12-01,,,
2023,수원시,영통구청,2023-01-14 11:31,광교동 광교더사랑교회뒷길,고정형,2023-12-01,,,
2023,수원시,영통구청,2023-01-14 11:31,광교동 광교더사랑교회뒷길,고정형,2023-12-01,,,
2023,수원시,권선구청,2023-01-14 11:33,경기도수원시권선구탑동 수원시 권선구 탑동 748,보행,2023-12-01,,,
2023,수원시,팔달구청,2023-01-14 11:43,경기도수원시팔달구남창동 수원시 팔달구 정조로777번길2,보행,2023-12-01,,,
2023,수원시,팔달구청,2023-01-14 11:43,경기도수원시팔달구남창동 수원시 팔달구 정조로777번길2,보행,2023-12-01,,,
2023,수원시,팔달구청,2023-01-14 11:44,경기도수원시팔달구남창동 수원시 팔달구 정조로777번길8,보행,2023-12-01,,,
2023,수원시,팔달구청,2023-01-14 11:45,경기도수원시팔달구남창동 수원시 팔달구 정조로777번길8,보행,2023-12-01,,,
2023,수원시,영통구청,2023-01-14 12:27,영통동 롯데마트 뒤,고정형,2023-12-01,37.27220279535416,127.10856729001851,
2023,수원시,영통구청,2023-01-14 12:30,이의동 광교가재울마을사거리,고정형,2023-12-01,,,
2023,수원시,팔달구청,2023-01-14 12:40,화서1동 푸르지오자이 북문 CU 앞 횡단보도,고정형,2023-12-01,,,
2023,수원시,팔달구청,2023-01-14 12:57,고등동 215-49 (소화전 주변 5m 이내),국민신문고,2023-12-01,,,
2023,수원시,영통구청,2023-01-14 13:01,영통동 마사회뒷길,고정형,2023-12-01,,,
2023,수원시,팔달구청,2023-01-14 13:01,화서1동 푸르지오자이 북문 CU 앞 횡단보도,고정형,2023-12-01,,,
2023,수원시,영통구청,2023-01-14 13:03,망포동 E-마트 에브리데이 앞,고정형,2023-12-01,37.2361017468141,127.060345496536,
2023,수원시,영통구청,2023-01-14 13:19,영통동 롯데마트 뒤,고정형,2023-12-01,37.27220279535416,127.10856729001851,
2023,수원시,영통구청,2023-01-14 13:22,광교동 광교더사랑교회뒷길,고정형,2023-12-01,,,
2023,수원시,영통구청,2023-01-14 13:32,망포동 힐스테이트 119동 ~방죽공원 삼거리,고정형,2023-12-01,,,
2023,수원시,팔달구청,2023-01-14 13:40,화서1동 푸르지오자이 북문 CU 앞 횡단보도,고정형,2023-12-01,,,
2023,수원시,팔달구청,2023-01-14 13:47,행궁동 팔달문 버스정류장,고정형,2023-12-01,,,
2023,수원시,영통구청,2023-01-14 13:57,망포동 E-마트 에브리데이 앞,고정형,2023-12-01,37.2361017468141,127.060345496536,
2023,수원시,권선구청,2023-01-14 14:33,곡반정동 궁촌육교앞,고정형,2023-12-01,,,
2023,수원시,영통구청,2023-01-14 14:33,이의동 드림스퀘어Ⅱ 앞,고정형,2023-12-01,,,
2023,수원시,팔달구청,2023-01-14 14:33,인계동 드림캐슬주상복합,고정형,2023-12-01,,,
2023,수원시,영통구청,2023-01-14 14:34,이의동 드림스퀘어Ⅱ 앞,고정형,2023-12-01,,,
2023,수원시,권선구청,2023-01-14 14:34,서둔동 가온팰리스옆2,고정형,2023-12-01,,,
2023,수원시,권선구청,2023-01-14 14:34,서둔동 가온팰리스옆2,고정형,2023-12-01,,,
2023,수원시,팔달구청,2023-01-14 14:34,인계동 드림캐슬주상복합,고정형,2023-12-01,,,
2023,수원시,권선구청,2023-01-14 14:35,서둔동 수원역한라비발디퍼스트 앞1,고정형,2023-12-01,,,
2023,수원시,영통구청,2023-01-14 14:35,이의동 드림스퀘어Ⅱ 앞,고정형,2023-12-01,,,
2023,수원시,팔달구청,2023-01-14 14:36,행궁동 화홍사랑채,고정형,2023-12-01,,,
2023,수원시,팔달구청,2023-01-14 14:37,인계동 경인통계청,고정형,2023-12-01,,,
2023,수원시,팔달구청,2023-01-14 14:37,인계동 경인통계청,고정형,2023-12-01,,,
2023,수원시,팔달구청,2023-01-14 14:37,인계동 경인통계청,고정형,2023-12-01,,,
2023,수원시,팔달구청,2023-01-14 14:40,매산동 팅스몰 주차장 출구 옆,고정형,2023-12-01,,,
2023,수원시,팔달구청,2023-01-14 14:42,인계동 경인통계청,고정형,2023-12-01,,,
2023,수원시,권선구청,2023-01-14 14:42,서둔동 가온팰리스옆2,고정형,2023-12-01,,,
2023,수원시,영통구청,2023-01-14 14:43,영통동 마사회뒷길,고정형,2023-12-01,,,
2023,수원시,영통구청,2023-01-14 14:51,영통동 마사회뒷길,고정형,2023-12-01,,,
2023,수원시,권선구청,2023-01-14 14:51,서둔동 가온팰리스옆2,고정형,2023-12-01,,,
2023,수원시,팔달구청,2023-01-14 14:56,인계동 드림캐슬주상복합,고정형,2023-12-01,,,
2023,수원시,영통구청,2023-01-14 15:00,영통동 롯데마트 뒤,고정형,2023-12-01,37.27220279535416,127.10856729001851,
2023,수원시,팔달구청,2023-01-14 15:05,인계동 드림캐슬주상복합,고정형,2023-12-01,,,
2023,수원시,팔달구청,2023-01-14 15:07,매산동 팅스몰 주차장 출구 옆,고정형,2023-12-01,,,
2023,수원시,팔달구청,2023-01-14 15:07,인계동 경인통계청,고정형,2023-12-01,,,
2023,수원시,권선구청,2023-01-14 15:08,곡반정동 궁촌육교앞,고정형,2023-12-01,,,
2023,수원시,장안구청,2023-01-14 15:08,상광교동 광교버스정류장종점,고정형,2023-12-01,,,
2023,수원시,팔달구청,2023-01-14 15:09,인계동 경인통계청,고정형,2023-12-01,,,
2023,수원시,팔달구청,2023-01-14 15:12,인계동 한국씨티은행,고정형,2023-12-01,,,
2023,수원시,영통구청,2023-01-14 15:16,영통동 롯데마트 뒤,고정형,2023-12-01,37.27220279535416,127.10856729001851,
2023,수원시,권선구청,2023-01-14 15:16,평동 수원역고가밑 (애경뒷길),고정형,2023-12-01,,,
2023,수원시,영통구청,2023-01-14 15:19,이의동 드림스퀘어Ⅱ 앞,고정형,2023-12-01,,,
2023,수원시,권선구청,2023-01-14 15:22,곡반정동 하나로마트한국빌딩앞,고정형,2023-12-01,,,
2023,수원시,팔달구청,2023-01-14 15:24,매산동 팅스몰 주차장 출구 옆,고정형,2023-12-01,,,
2023,수원시,팔달구청,2023-01-14 15:26,인계동 경인통계청,고정형,2023-12-01,,,
2023,수원시,영통구청,2023-01-14 15:27,원천동 삼성전자중문,고정형,2023-12-01,,,
2023,수원시,권선구청,2023-01-14 15:28,서둔동 수원역한라비발디퍼스트 앞1,고정형,2023-12-01,,,
2023,수원시,권선구청,2023-01-14 15:39,서둔동 가온팰리스옆2,고정형,2023-12-01,,,
2023,수원시,영통구청,2023-01-14 15:44,망포동 E-마트 에브리데이 앞,고정형,2023-12-01,37.2361017468141,127.060345496536,
2023,수원시,팔달구청,2023-01-14 15:50,인계동 경인통계청,고정형,2023-12-01,,,
2023,수원시,권선구청,2023-01-14 15:51,고색동 도이치 고객주차장 출입구,고정형,2023-12-01,,,
2023,수원시,팔달구청,2023-01-14 15:52,인계동 드림캐슬주상복합,고정형,2023-12-01,,,
2023,수원시,권선구청,2023-01-14 15:52,곡선동 권선중앙약국 건너편,고정형,2023-12-01,,,
2023,수원시,권선구청,2023-01-14 15:52,곡선동 권선중앙약국 건너편,고정형,2023-12-01,,,
2023,수원시,영통구청,2023-01-14 16:00,망포동 E-마트 에브리데이 앞,고정형,2023-12-01,37.2361017468141,127.060345496536,
2023,수원시,권선구청,2023-01-14 16:17,서둔동 가온팰리스옆2,고정형,2023-12-01,,,
2023,수원시,팔달구청,2023-01-14 16:26,인계동 경인통계청,고정형,2023-12-01,,,
2023,수원시,팔달구청,2023-01-14 16:29,매산동 팅스몰 주차장 출구 옆,고정형,2023-12-01,,,
2023,수원시,팔달구청,2023-01-14 16:31,매산동 팅스몰 주차장 출구 옆,고정형,2023-12-01,,,
2023,수원시,팔달구청,2023-01-14 16:31,경기도수원시팔달구팔달로3가 수원시 팔달구 팔달로120번길 7,보행,2023-12-01,,,
2023,수원시,팔달구청,2023-01-14 16:33,경기도수원시팔달구팔달로3가 수원시 팔달구 팔달로120번길 7,보행,2023-12-01,,,
2023,수원시,영통구청,2023-01-14 16:36,영통동 보보스스포츠센터앞,고정형,2023-12-01,,,
2023,수원시,영통구청,2023-01-14 16:36,영통동 보보스스포츠센터앞,고정형,2023-12-01,,,
2023,수원시,영통구청,2023-01-14 16:42,망포동 E-마트 에브리데이 앞,고정형,2023-12-01,37.2361017468141,127.060345496536,
2023,수원시,팔달구청,2023-01-14 16:49,인계동 드림캐슬주상복합,고정형,2023-12-01,,,
2023,수원시,팔달구청,2023-01-14 16:52,매산동 팅스몰 주차장 출구 옆,고정형,2023-12-01,,,
2023,수원시,팔달구청,2023-01-14 16:54,인계동 드림캐슬주상복합,고정형,2023-12-01,,,
2023,수원시,팔달구청,2023-01-14 16:57,인계동 경인통계청,고정형,2023-12-01,,,
2023,수원시,권선구청,2023-01-14 16:57,곡반정동 하나로마트한국빌딩앞,고정형,2023-12-01,,,
2023,수원시,권선구청,2023-01-14 16:57,곡반정동 하나로마트한국빌딩앞,고정형,2023-12-01,,,
2023,수원시,팔달구청,2023-01-14 17:02,매산동 팅스몰 주차장 출구 옆,고정형,2023-12-01,,,
2023,수원시,권선구청,2023-01-14 17:22,곡선동 권선중앙약국 건너편,고정형,2023-12-01,,,
2023,수원시,영통구청,2023-01-14 17:24,영통동 마사회뒷길,고정형,2023-12-01,,,
2023,수원시,영통구청,2023-01-14 17:24,영통동 마사회뒷길,고정형,2023-12-01,,,
2023,수원시,팔달구청,2023-01-14 17:39,매산동 팅스몰 주차장 출구 옆,고정형,2023-12-01,,,
2023,수원시,팔달구청,2023-01-14 18:17,인계동 드림캐슬주상복합,고정형,2023-12-01,,,
2023,수원시,팔달구청,2023-01-14 18:31,인계동 드림캐슬주상복합,고정형,2023-12-01,,,
2023,수원시,팔달구청,2023-01-14 18:45,매산동 팅스몰 주차장 출구 옆,고정형,2023-12-01,,,
2023,수원시,팔달구청,2023-01-14 18:45,매산동 팅스몰 주차장 출구 옆,고정형,2023-12-01,,,
2023,수원시,팔달구청,2023-01-14 18:45,매산동 팅스몰 주차장 출구 옆,고정형,2023-12-01,,,
2023,수원시,팔달구청,2023-01-14 19:02,매산동 팅스몰 주차장 출구 옆,고정형,2023-12-01,,,
2023,수원시,팔달구청,2023-01-14 19:08,인계동 드림캐슬주상복합,고정형,2023-12-01,,,
2023,수원시,팔달구청,2023-01-14 19:08,인계동 드림캐슬주상복합,고정형,2023-12-01,,,
2023,수원시,팔달구청,2023-01-14 19:29,인계동 드림캐슬주상복합,고정형,2023-12-01,,,
2023,수원시,권선구청,2023-01-14 19:58,곡반정동 562-2,국민신문고,2023-12-01,,,
2023,수원시,팔달구청,2023-01-14 20:05,매산동 팔달로 10번길 8,고정형,2023-12-01,,,
2023,수원시,팔달구청,2023-01-14 20:06,인계동 드림캐슬주상복합,고정형,2023-12-01,,,
2023,수원시,팔달구청,2023-01-14 20:20,매산동 팅스몰 주차장 출구 옆,고정형,2023-12-01,,,
2023,수원시,팔달구청,2023-01-14 20:33,매산동 역전농협,고정형,2023-12-01,,,
2023,수원시,팔달구청,2023-01-14 20:42,화서1동 푸르지오자이 북문 CU 앞 횡단보도,고정형,2023-12-01,,,
2023,수원시,팔달구청,2023-01-14 20:46,매산동 팅스몰 주차장 출구 옆,고정형,2023-12-01,,,
2023,수원시,권선구청,2023-01-15 9:02,서둔동 수원역한라비발디퍼스트 앞1,고정형,2023-12-01,,,
2023,수원시,팔달구청,2023-01-15 9:02,매산동 팅스몰 주차장 출구 옆,고정형,2023-12-01,,,
2023,수원시,권선구청,2023-01-15 9:03,곡반정동 하나로마트한국빌딩앞,고정형,2023-12-01,,,
2023,수원시,권선구청,2023-01-15 9:03,곡반정동 궁촌육교앞,고정형,2023-12-01,,,
2023,수원시,권선구청,2023-01-15 9:03,서둔동 가온팰리스옆2,고정형,2023-12-01,,,
2023,수원시,권선구청,2023-01-15 9:03,곡반정동 궁촌육교앞,고정형,2023-12-01,,,
2023,수원시,영통구청,2023-01-15 9:04,광교동 광교더사랑교회뒷길,고정형,2023-12-01,,,
2023,수원시,영통구청,2023-01-15 9:04,광교동 광교더사랑교회뒷길,고정형,2023-12-01,,,
2023,수원시,팔달구청,2023-01-15 9:04,인계동 드림캐슬주상복합,고정형,2023-12-01,,,
2023,수원시,권선구청,2023-01-15 9:04,곡반정동 하나로마트한국빌딩앞,고정형,2023-12-01,,,
2023,수원시,팔달구청,2023-01-15 9:05,매산동 팅스몰 주차장 출구 옆,고정형,2023-12-01,,,
2023,수원시,팔달구청,2023-01-15 9:05,매산동 팅스몰 주차장 출구 옆,고정형,2023-12-01,,,
2023,수원시,팔달구청,2023-01-15 9:05,인계동 경인통계청,고정형,2023-12-01,,,
2023,수원시,권선구청,2023-01-15 9:08,서둔동 수원역한라비발디퍼스트 앞1,고정형,2023-12-01,,,
2023,수원시,권선구청,2023-01-15 9:10,서둔동 가온팰리스옆2,고정형,2023-12-01,,,
2023,수원시,영통구청,2023-01-15 9:10,영통동 마사회뒷길,고정형,2023-12-01,,,
2023,수원시,권선구청,2023-01-15 9:12,곡반정동 하나로마트한국빌딩앞,고정형,2023-12-01,,,
2023,수원시,권선구청,2023-01-15 9:12,서둔동 가온팰리스옆2,고정형,2023-12-01,,,
2023,수원시,팔달구청,2023-01-15 9:20,화서1동 푸르지오자이 북문 CU 앞 횡단보도,고정형,2023-12-01,,,
2023,수원시,팔달구청,2023-01-15 9:26,인계동 경인통계청,고정형,2023-12-01,,,
2023,수원시,권선구청,2023-01-15 9:28,곡반정동 하나로마트한국빌딩앞,고정형,2023-12-01,,,
2023,수원시,팔달구청,2023-01-15 9:56,인계동 수원시 팔달구 매산로 2가 27-6,보행,2023-12-01,,,
2023,수원시,권선구청,2023-01-15 9:58,서둔동 가온팰리스옆2,고정형,2023-12-01,,,
2023,수원시,팔달구청,2023-01-15 10:16,매산동 팅스몰 주차장 출구 옆,고정형,2023-12-01,,,
2023,수원시,권선구청,2023-01-15 10:20,호매실동 금호프라자 대각 맞은편,고정형,2023-12-01,,,
2023,수원시,영통구청,2023-01-15 10:20,망포동 E-마트 에브리데이 앞,고정형,2023-12-01,37.2361017468141,127.060345496536,
2023,수원시,영통구청,2023-01-15 10:25,망포동 E-마트 에브리데이 앞,고정형,2023-12-01,37.2361017468141,127.060345496536,
2023,수원시,팔달구청,2023-01-15 10:28,행궁동 팔달문 버스정류장,고정형,2023-12-01,,,
2023,수원시,영통구청,2023-01-15 10:30,이의동 광교호반베르디움 103동 앞,고정형,2023-12-01,,,
2023,수원시,팔달구청,2023-01-15 10:37,매산동 팅스몰 주차장 출구 옆,고정형,2023-12-01,,,
2023,수원시,팔달구청,2023-01-15 10:38,매산동 역전농협,고정형,2023-12-01,,,
2023,수원시,영통구청,2023-01-15 10:42,망포동 E-마트 에브리데이 앞,고정형,2023-12-01,37.2361017468141,127.060345496536,
2023,수원시,영통구청,2023-01-15 10:42,망포동 E-마트 에브리데이 앞,고정형,2023-12-01,37.2361017468141,127.060345496536,
2023,수원시,영통구청,2023-01-15 10:55,원천동 광교 한화겔러리아 앞,고정형,2023-12-01,,,
2023,수원시,팔달구청,2023-01-15 11:00,화서1동 푸르지오자이 북문 CU 앞 횡단보도,고정형,2023-12-01,,,
2023,수원시,영통구청,2023-01-15 11:00,영통동 마사회뒷길,고정형,2023-12-01,,,
2023,수원시,팔달구청,2023-01-15 11:43,화서1동 푸르지오자이 북문 CU 앞 횡단보도,고정형,2023-12-01,,,
2023,수원시,영통구청,2023-01-15 11:43,영통동 롯데마트 뒤,고정형,2023-12-01,37.27220279535416,127.10856729001851,
2023,수원시,팔달구청,2023-01-15 11:47,화서1동 푸르지오자이 북문 CU 앞 횡단보도,고정형,2023-12-01,,,
2023,수원시,영통구청,2023-01-15 11:47,영통동 마사회뒷길,고정형,2023-12-01,,,
2023,수원시,영통구청,2023-01-15 12:18,영통동 마사회뒷길,고정형,2023-12-01,,,
2023,수원시,영통구청,2023-01-15 12:48,영통동 롯데마트 뒤,고정형,2023-12-01,37.27220279535416,127.10856729001851,
2023,수원시,영통구청,2023-01-15 12:52,망포동 힐스테이트 119동 ~방죽공원 삼거리,고정형,2023-12-01,,,
2023,수원시,영통구청,2023-01-15 13:18,영통동 마사회뒷길,고정형,2023-12-01,,,
2023,수원시,팔달구청,2023-01-15 13:27,화서1동 푸르지오자이 북문 CU 앞 횡단보도,고정형,2023-12-01,,,
2023,수원시,권선구청,2023-01-15 13:35,금곡동 수원문산고속도로,주행형,2023-12-01,,,
2023,수원시,권선구청,2023-01-15 13:35,금곡동 수원문산고속도로,주행형,2023-12-01,,,
2023,수원시,권선구청,2023-01-15 13:35,금곡동 수원문산고속도로,주행형,2023-12-01,,,
2023,수원시,권선구청,2023-01-15 13:35,금곡동 수원문산고속도로,주행형,2023-12-01,,,
2023,수원시,권선구청,2023-01-15 13:35,금곡동 봉담과천로,주행형,2023-12-01,,,
2023,수원시,권선구청,2023-01-15 13:35,금곡동 봉담과천로,주행형,2023-12-01,,,
2023,수원시,영통구청,2023-01-15 13:44,광교동 광교 덴티움지식산업센터 앞 사거리,고정형,2023-12-01,,,
2023,수원시,영통구청,2023-01-15 13:54,망포동 E-마트 에브리데이 앞,고정형,2023-12-01,37.2361017468141,127.060345496536,
2023,수원시,영통구청,2023-01-15 13:56,영통동 마사회뒷길,고정형,2023-12-01,,,
2023,수원시,영통구청,2023-01-15 13:59,영통구 영통동 1507-2,국민신문고,2023-12-01,,,
2023,수원시,영통구청,2023-01-15 13:59,영통구 영통동 1057,국민신문고,2023-12-01,,,
2023,수원시,영통구청,2023-01-15 13:59,영통구 영통동 1507-2,국민신문고,2023-12-01,,,
2023,수원시,팔달구청,2023-01-15 14:19,경기도수원시팔달구화서동 수원시 팔달구 화서1동104-2,보행,2023-12-01,,,
2023,수원시,권선구청,2023-01-15 14:21,오목천동 966-5,국민신문고,2023-12-01,,,
2023,수원시,권선구청,2023-01-15 14:33,곡반정동 하나로마트한국빌딩앞,고정형,2023-12-01,,,
2023,수원시,팔달구청,2023-01-15 14:33,인계동 드림캐슬주상복합,고정형,2023-12-01,,,
2023,수원시,팔달구청,2023-01-15 14:33,행궁동 화홍사랑채,고정형,2023-12-01,,,
2023,수원시,팔달구청,2023-01-15 14:34,매산동 팅스몰 주차장 출구 옆,고정형,2023-12-01,,,
2023,수원시,권선구청,2023-01-15 14:34,곡반정동 하나로마트한국빌딩앞,고정형,2023-12-01,,,
2023,수원시,권선구청,2023-01-15 14:35,서둔동 가온팰리스옆2,고정형,2023-12-01,,,
2023,수원시,권선구청,2023-01-15 14:35,곡반정동 궁촌육교앞,고정형,2023-12-01,,,
2023,수원시,팔달구청,2023-01-15 14:35,경기도수원시팔달구장안동 수원시 팔달구 장안동 33,보행,2023-12-01,,,
2023,수원시,팔달구청,2023-01-15 14:36,경기도수원시팔달구장안동 수원시 팔달구 장안동 33,보행,2023-12-01,,,
2023,수원시,팔달구청,2023-01-15 14:37,경기도수원시팔달구장안동 수원시 팔달구 장안동 33,보행,2023-12-01,,,
2023,수원시,팔달구청,2023-01-15 14:37,경기도수원시팔달구장안동 수원시 팔달구 장안동 33,보행,2023-12-01,,,
2023,수원시,영통구청,2023-01-15 14:37,하동 영통동 1057-2,국민신문고,2023-12-01,,,
2023,수원시,팔달구청,2023-01-15 14:40,북수동 쌈지공원 앞,고정형,2023-12-01,,,
2023,수원시,팔달구청,2023-01-15 14:41,매산동 팔달로 10번길 8,고정형,2023-12-01,,,
2023,수원시,팔달구청,2023-01-15 14:41,인계동 경인통계청,고정형,2023-12-01,,,
2023,수원시,팔달구청,2023-01-15 14:50,인계동 드림캐슬주상복합,고정형,2023-12-01,,,
2023,수원시,팔달구청,2023-01-15 14:51,인계동 경인통계청,고정형,2023-12-01,,,
2023,수원시,팔달구청,2023-01-15 14:53,인계동 드림캐슬주상복합,고정형,2023-12-01,,,
2023,수원시,팔달구청,2023-01-15 14:53,매산동 팅스몰 주차장 출구 옆,고정형,2023-12-01,,,
2023,수원시,팔달구청,2023-01-15 14:55,행궁동 화홍사랑채,고정형,2023-12-01,,,
2023,수원시,팔달구청,2023-01-15 14:56,인계동 한국씨티은행,고정형,2023-12-01,,,
2023,수원시,권선구청,2023-01-15 14:58,서둔동 수원역한라비발디퍼스트 앞1,고정형,2023-12-01,,,
2023,수원시,권선구청,2023-01-15 14:58,곡반정동 하나로마트한국빌딩앞,고정형,2023-12-01,,,
2023,수원시,권선구청,2023-01-15 15:07,서둔동 가온팰리스옆2,고정형,2023-12-01,,,
2023,수원시,팔달구청,2023-01-15 15:11,인계동 경인통계청,고정형,2023-12-01,,,
2023,수원시,팔달구청,2023-01-15 15:18,인계동 드림캐슬주상복합,고정형,2023-12-01,,,
2023,수원시,팔달구청,2023-01-15 15:18,인계동 한국씨티은행,고정형,2023-12-01,,,
2023,수원시,권선구청,2023-01-15 15:20,오목천동 한화꿈에그린아파트 209동앞,고정형,2023-12-01,,,
2023,수원시,팔달구청,2023-01-15 15:21,인계동 드림캐슬주상복합,고정형,2023-12-01,,,
2023,수원시,팔달구청,2023-01-15 15:22,신풍동 미술관로터리,고정형,2023-12-01,,,
2023,수원시,팔달구청,2023-01-15 15:50,인계동 경인통계청,고정형,2023-12-01,,,
2023,수원시,팔달구청,2023-01-15 15:54,인계동 한국씨티은행,고정형,2023-12-01,,,
2023,수원시,팔달구청,2023-01-15 15:57,고등동 고등동 갓매산로 59,주행형,2023-12-01,,,
2023,수원시,팔달구청,2023-01-15 15:57,고등동 고등동 갓매산로 59,주행형,2023-12-01,,,
2023,수원시,팔달구청,2023-01-15 15:57,고등동 고등동 갓매산로 59,주행형,2023-12-01,,,
2023,수원시,팔달구청,2023-01-15 16:01,화서1동 푸르지오자이 북문 CU 앞 횡단보도,고정형,2023-12-01,,,
2023,수원시,팔달구청,2023-01-15 16:01,행궁동 화홍사랑채,고정형,2023-12-01,,,
2023,수원시,팔달구청,2023-01-15 16:02,인계동 경인통계청,고정형,2023-12-01,,,
2023,수원시,팔달구청,2023-01-15 16:02,매산동 팅스몰 주차장 출구 옆,고정형,2023-12-01,,,
2023,수원시,팔달구청,2023-01-15 16:11,매산동 팅스몰 주차장 출구 옆,고정형,2023-12-01,,,
2023,수원시,팔달구청,2023-01-15 16:13,인계동 드림캐슬주상복합,고정형,2023-12-01,,,
2023,수원시,팔달구청,2023-01-15 16:13,화서1동 푸르지오자이 북문 CU 앞 횡단보도,고정형,2023-12-01,,,
2023,수원시,팔달구청,2023-01-15 16:15,인계동 드림캐슬주상복합,고정형,2023-12-01,,,
2023,수원시,팔달구청,2023-01-15 16:17,신풍동 미술관로터리,고정형,2023-12-01,,,
2023,수원시,팔달구청,2023-01-15 16:17,신풍동 미술관로터리,고정형,2023-12-01,,,
2023,수원시,팔달구청,2023-01-15 16:17,경기도수원시팔달구고등동 수원시 팔달구 팔달로120번길,보행,2023-12-01,,,
2023,수원시,영통구청,2023-01-15 16:30,영통동 롯데마트 뒤,고정형,2023-12-01,37.27220279535416,127.10856729001851,
2023,수원시,팔달구청,2023-01-15 16:36,매산동 역전농협,고정형,2023-12-01,,,
2023,수원시,권선구청,2023-01-15 16:40,곡반정동 궁촌육교앞,고정형,2023-12-01,,,
2023,수원시,팔달구청,2023-01-15 16:44,인계동 경인통계청,고정형,2023-12-01,,,
2023,수원시,팔달구청,2023-01-15 16:44,인계동 경인통계청,고정형,2023-12-01,,,
2023,수원시,권선구청,2023-01-15 16:48,곡반정동 하나로마트한국빌딩앞,고정형,2023-12-01,,,
2023,수원시,권선구청,2023-01-15 16:51,평동 수원역고가밑 (애경뒷길),고정형,2023-12-01,,,
2023,수원시,영통구청,2023-01-15 17:05,망포동 힐스테이트 119동 ~방죽공원 삼거리,고정형,2023-12-01,,,
2023,수원시,영통구청,2023-01-15 17:05,망포동 힐스테이트 119동 ~방죽공원 삼거리,고정형,2023-12-01,,,
2023,수원시,영통구청,2023-01-15 17:08,망포동 E-마트 에브리데이 앞,고정형,2023-12-01,37.2361017468141,127.060345496536,
2023,수원시,팔달구청,2023-01-15 17:22,매산동 팅스몰 주차장 출구 옆,고정형,2023-12-01,,,
2023,수원시,권선구청,2023-01-15 17:23,곡반정동 궁촌육교앞,고정형,2023-12-01,,,
2023,수원시,영통구청,2023-01-15 17:29,영통동 마사회뒷길,고정형,2023-12-01,,,
2023,수원시,팔달구청,2023-01-15 17:29,매산동 팅스몰 주차장 출구 옆,고정형,2023-12-01,,,
2023,수원시,팔달구청,2023-01-15 18:08,매산동 팅스몰 주차장 출구 옆,고정형,2023-12-01,,,
2023,수원시,팔달구청,2023-01-15 19:42,매산동 역전농협,고정형,2023-12-01,,,
2023,수원시,팔달구청,2023-01-15 20:30,매산동 팅스몰 주차장 출구 옆,고정형,2023-12-01,,,
2023,수원시,영통구청,2023-01-16 7:06,영통동 롯데마트 뒤,고정형,2023-12-01,37.27220279535416,127.10856729001851,
2023,수원시,팔달구청,2023-01-16 7:32,매산동 팅스몰 주차장 출구 옆,고정형,2023-12-01,,,
2023,수원시,팔달구청,2023-01-16 7:33,인계동 드림캐슬주상복합,고정형,2023-12-01,,,
2023,수원시,팔달구청,2023-01-16 7:35,매산동 팅스몰 주차장 출구 옆,고정형,2023-12-01,,,
2023,수원시,팔달구청,2023-01-16 7:38,행궁동 팔달문 버스정류장,고정형,2023-12-01,,,
2023,수원시,팔달구청,2023-01-16 7:52,인계동 경인통계청,고정형,2023-12-01,,,
2023,수원시,팔달구청,2023-01-16 7:55,인계동 경인통계청,고정형,2023-12-01,,,
2023,수원시,팔달구청,2023-01-16 7:55,매산동 팅스몰 주차장 출구 옆,고정형,2023-12-01,,,
2023,수원시,권선구청,2023-01-16 8:02,곡반정동 하나로마트한국빌딩앞,고정형,2023-12-01,,,
2023,수원시,권선구청,2023-01-16 8:04,곡반정동 하나로마트한국빌딩앞,고정형,2023-12-01,,,
2023,수원시,권선구청,2023-01-16 8:11,서둔동 가온팰리스옆2,고정형,2023-12-01,,,
2023,수원시,팔달구청,2023-01-16 8:18,인계동 드림캐슬주상복합,고정형,2023-12-01,,,
2023,수원시,권선구청,2023-01-16 8:32,권선2동 곡정초교 정문 좌측 사거리,고정형,2023-12-01,,,
2023,수원시,권선구청,2023-01-16 8:33,서둔동 가온팰리스옆2,고정형,2023-12-01,,,
2023,수원시,영통구청,2023-01-16 8:34,망포동 E-마트 에브리데이 앞,고정형,2023-12-01,37.2361017468141,127.060345496536,
2023,수원시,팔달구청,2023-01-16 8:43,화서1동 화서초등학교 둘레길 중간지점,고정형,2023-12-01,,,
2023,수원시,권선구청,2023-01-16 8:56,곡반정동 하나로마트한국빌딩앞,고정형,2023-12-01,,,
2023,수원시,권선구청,2023-01-16 8:56,곡반정동 하나로마트한국빌딩앞,고정형,2023-12-01,,,
2023,수원시,팔달구청,2023-01-16 9:06,인계동 드림캐슬주상복합,고정형,2023-12-01,,,
2023,수원시,영통구청,2023-01-16 9:13,이의동 광교호반베르디움 103동 앞,고정형,2023-12-01,,,
2023,수원시,팔달구청,2023-01-16 9:41,지동 374 (횡단보도),국민신문고,2023-12-01,,,
2023,수원시,팔달구청,2023-01-16 10:16,인계동 드림캐슬주상복합,고정형,2023-12-01,,,
2023,수원시,팔달구청,2023-01-16 10:24,경기도수원시팔달구북수동 수원시 팔달구 화서문로 79,보행,2023-12-01,,,
2023,수원시,팔달구청,2023-01-16 10:35,화서1동 푸르지오자이 북문 CU 앞 횡단보도,고정형,2023-12-01,,,
2023,수원시,영통구청,2023-01-16 10:36,이의동 드림스퀘어Ⅱ 앞,고정형,2023-12-01,,,
2023,수원시,영통구청,2023-01-16 10:36,이의동 드림스퀘어Ⅱ 앞,고정형,2023-12-01,,,
2023,수원시,영통구청,2023-01-16 10:37,영통구 망포동 84-35,국민신문고,2023-12-01,,,
2023,수원시,권선구청,2023-01-16 10:40,평동 자동차매매센터2,고정형,2023-12-01,,,
2023,수원시,팔달구청,2023-01-16 10:42,매교동 수원시 팔달구 매교동 288,보행,2023-12-01,,,
2023,수원시,팔달구청,2023-01-16 11:04,행궁동 팔달문 버스정류장,고정형,2023-12-01,,,
2023,수원시,영통구청,2023-01-16 11:34,광교동 광교 덴티움지식산업센터 앞 사거리,고정형,2023-12-01,,,
2023,수원시,영통구청,2023-01-16 11:38,영통동 마사회뒷길,고정형,2023-12-01,,,
2023,수원시,팔달구청,2023-01-16 12:00,화서1동 푸르지오자이 북문 CU 앞 횡단보도,고정형,2023-12-01,,,
2023,수원시,영통구청,2023-01-16 12:21,영통동 롯데마트 뒤,고정형,2023-12-01,37.27220279535416,127.10856729001851,
2023,수원시,영통구청,2023-01-16 12:32,망포동 힐스테이트 119동 ~방죽공원 삼거리,고정형,2023-12-01,,,
2023,수원시,영통구청,2023-01-16 12:39,이의동 광교가재울마을사거리,고정형,2023-12-01,,,
2023,수원시,팔달구청,2023-01-16 13:37,행궁동 팔달문 버스정류장,고정형,2023-12-01,,,
2023,수원시,권선구청,2023-01-16 14:02,입북동 당수초교 정문 우측 사거리,고정형,2023-12-01,,,
2023,수원시,권선구청,2023-01-16 14:02,입북동 당수초교 정문 우측 사거리,고정형,2023-12-01,,,
2023,수원시,팔달구청,2023-01-16 14:09,화서1동 푸르지오자이 북문 CU 앞 횡단보도,고정형,2023-12-01,,,
2023,수원시,영통구청,2023-01-16 14:14,영통동 마사회뒷길,고정형,2023-12-01,,,
2023,수원시,영통구청,2023-01-16 14:14,영통동 마사회뒷길,고정형,2023-12-01,,,
2023,수원시,팔달구청,2023-01-16 14:20,행궁동 팔달문 버스정류장,고정형,2023-12-01,,,
2023,수원시,영통구청,2023-01-16 14:32,이의동 드림스퀘어Ⅱ 앞,고정형,2023-12-01,,,
2023,수원시,권선구청,2023-01-16 14:33,입북동 당수초교 정문 우측 사거리,고정형,2023-12-01,,,
2023,수원시,팔달구청,2023-01-16 14:33,인계동 드림캐슬주상복합,고정형,2023-12-01,,,
2023,수원시,영통구청,2023-01-16 14:34,영통동 롯데마트 뒤,고정형,2023-12-01,37.27220279535416,127.10856729001851,
2023,수원시,영통구청,2023-01-16 14:34,광교동 광교 덴티움지식산업센터 앞 사거리,고정형,2023-12-01,,,
2023,수원시,권선구청,2023-01-16 14:35,호매실동 금호프라자 대각 맞은편,고정형,2023-12-01,,,
2023,수원시,팔달구청,2023-01-16 14:35,인계동 드림캐슬주상복합,고정형,2023-12-01,,,
2023,수원시,권선구청,2023-01-16 14:38,서둔동 가온팰리스옆1,고정형,2023-12-01,,,
2023,수원시,권선구청,2023-01-16 14:39,권선2동 곡정초교 정문 좌측 사거리,고정형,2023-12-01,,,
2023,수원시,팔달구청,2023-01-16 14:40,매산로2가 매산로2가 향교로 56,주행형,2023-12-01,,,
2023,수원시,권선구청,2023-01-16 14:40,권선2동 곡정초교 정문 좌측 사거리,고정형,2023-12-01,,,
2023,수원시,팔달구청,2023-01-16 14:40,매산로2가 매산로2가 향교로 56,주행형,2023-12-01,,,
2023,수원시,팔달구청,2023-01-16 14:40,매산로2가 매산로2가 향교로 56,주행형,2023-12-01,,,
2023,수원시,팔달구청,2023-01-16 14:40,매산로2가 매산로2가 향교로 56,주행형,2023-12-01,,,
2023,수원시,팔달구청,2023-01-16 14:46,매교동 매교동 효원로93번길,주행형,2023-12-01,,,
2023,수원시,팔달구청,2023-01-16 14:50,경기도수원시팔달구남수동 수원시 팔달구 남수동 114,보행,2023-12-01,,,
2023,수원시,팔달구청,2023-01-16 14:51,경기도수원시팔달구남수동 수원시 팔달구 남수동 114,보행,2023-12-01,,,
2023,수원시,팔달구청,2023-01-16 14:55,인계동 드림캐슬주상복합,고정형,2023-12-01,,,
2023,수원시,팔달구청,2023-01-16 15:07,교동 교동 행궁로 83,주행형,2023-12-01,,,
2023,수원시,권선구청,2023-01-16 15:16,세류3동 신곡초교 후문 좌측 사거리,고정형,2023-12-01,,,
2023,수원시,권선구청,2023-01-16 15:18,서둔동 가온팰리스옆2,고정형,2023-12-01,,,
2023,수원시,팔달구청,2023-01-16 15:19,인계동 드림캐슬주상복합,고정형,2023-12-01,,,
2023,수원시,팔달구청,2023-01-16 15:25,인계동 한국씨티은행,고정형,2023-12-01,,,
2023,수원시,영통구청,2023-01-16 15:28,원천동 광교매원초등학교,고정형,2023-12-01,,,
2023,수원시,영통구청,2023-01-16 15:40,이의동 드림스퀘어Ⅱ 앞,고정형,2023-12-01,,,
2023,수원시,영통구청,2023-01-16 15:52,영통구 매탄동 109-20,국민신문고,2023-12-01,,,
2023,수원시,팔달구청,2023-01-16 15:53,매산동 팅스몰 주차장 출구 옆,고정형,2023-12-01,,,
2023,수원시,권선구청,2023-01-16 15:56,입북동 당수초교 정문 우측 사거리,고정형,2023-12-01,,,
2023,수원시,영통구청,2023-01-16 15:59,원천동 삼성전자중문,고정형,2023-12-01,,,
2023,수원시,영통구청,2023-01-16 16:01,광교동 광교더사랑교회뒷길,고정형,2023-12-01,,,
2023,수원시,팔달구청,2023-01-16 16:04,인계동 경인통계청,고정형,2023-12-01,,,
2023,수원시,장안구청,2023-01-16 16:05,경기도수원시장안구영화동 수원시 장안구 영화동 368,보행,2023-12-01,,,
2023,수원시,권선구청,2023-01-16 16:23,입북동 율전로37번길,주행형,2023-12-01,,,
2023,수원시,권선구청,2023-01-16 16:23,입북동 율전로37번길,주행형,2023-12-01,,,
2023,수원시,권선구청,2023-01-16 16:23,입북동 율전로37번길,주행형,2023-12-01,,,
2023,수원시,권선구청,2023-01-16 16:23,입북동 율전로37번길,주행형,2023-12-01,,,
2023,수원시,권선구청,2023-01-16 16:23,입북동 율전로37번길,주행형,2023-12-01,,,
2023,수원시,권선구청,2023-01-16 16:23,입북동 율전로37번길,주행형,2023-12-01,,,
2023,수원시,권선구청,2023-01-16 16:23,입북동 율전로37번길,주행형,2023-12-01,,,
2023,수원시,권선구청,2023-01-16 16:24,입북동 율전로37번길,주행형,2023-12-01,,,
2023,수원시,권선구청,2023-01-16 16:24,입북동 율전로37번길,주행형,2023-12-01,,,
2023,수원시,권선구청,2023-01-16 16:25,입북동 율전로37번길,주행형,2023-12-01,,,
2023,수원시,권선구청,2023-01-16 16:25,입북동 율전로37번길,주행형,2023-12-01,,,
2023,수원시,영통구청,2023-01-16 16:49,영통동 보보스스포츠센터앞,고정형,2023-12-01,,,
2023,수원시,팔달구청,2023-01-16 16:55,인계동 경인통계청,고정형,2023-12-01,,,
2023,수원시,권선구청,2023-01-16 17:18,서둔동 가온팰리스옆2,고정형,2023-12-01,,,
2023,수원시,팔달구청,2023-01-16 17:22,고등동 215-47 (소화전 주변 5m 이내),국민신문고,2023-12-01,,,
2023,수원시,팔달구청,2023-01-16 17:25,인계동 경인통계청,고정형,2023-12-01,,,
2023,수원시,팔달구청,2023-01-16 17:25,인계동 경인통계청,고정형,2023-12-01,,,
2023,수원시,팔달구청,2023-01-16 17:27,인계동 드림캐슬주상복합,고정형,2023-12-01,,,
2023,수원시,팔달구청,2023-01-16 17:40,인계동 드림캐슬주상복합,고정형,2023-12-01,,,
2023,수원시,팔달구청,2023-01-16 17:45,인계동 경인통계청,고정형,2023-12-01,,,
2023,수원시,팔달구청,2023-01-16 17:45,인계동 드림캐슬주상복합,고정형,2023-12-01,,,
2023,수원시,영통구청,2023-01-16 17:49,원천동 삼성전자중문,고정형,2023-12-01,,,
2023,수원시,팔달구청,2023-01-16 17:49,매산동 팅스몰 주차장 출구 옆,고정형,2023-12-01,,,
2023,수원시,팔달구청,2023-01-16 18:15,인계동 드림캐슬주상복합,고정형,2023-12-01,,,
2023,수원시,팔달구청,2023-01-16 18:15,인계동 드림캐슬주상복합,고정형,2023-12-01,,,
2023,수원시,팔달구청,2023-01-16 18:29,인계동 드림캐슬주상복합,고정형,2023-12-01,,,
2023,수원시,팔달구청,2023-01-16 19:12,매산동 팅스몰 주차장 출구 옆,고정형,2023-12-01,,,
2023,수원시,팔달구청,2023-01-16 19:14,화서1동 푸르지오자이 북문 CU 앞 횡단보도,고정형,2023-12-01,,,
2023,수원시,팔달구청,2023-01-16 19:29,인계동 드림캐슬주상복합,고정형,2023-12-01,,,
2023,수원시,팔달구청,2023-01-16 19:42,화서1동 푸르지오자이 북문 CU 앞 횡단보도,고정형,2023-12-01,,,
2023,수원시,팔달구청,2023-01-16 19:48,인계동 드림캐슬주상복합,고정형,2023-12-01,,,
2023,수원시,팔달구청,2023-01-16 20:10,매산동 팅스몰 주차장 출구 옆,고정형,2023-12-01,,,
2023,수원시,팔달구청,2023-01-16 20:10,매산동 팅스몰 주차장 출구 옆,고정형,2023-12-01,,,
2023,수원시,팔달구청,2023-01-16 20:44,인계동 드림캐슬주상복합,고정형,2023-12-01,,,
2023,수원시,팔달구청,2023-01-16 20:57,매교동 287-78 (횡단보도),국민신문고,2023-12-01,,,
2023,수원시,팔달구청,2023-01-16 21:28,매산동 역전농협,고정형,2023-12-01,,,
2023,수원시,팔달구청,2023-01-16 21:32,인계동 드림캐슬주상복합,고정형,2023-12-01,,,
2023,수원시,권선구청,2023-01-17 6:08,곡반정동 562-2,국민신문고,2023-12-01,,,
2023,수원시,권선구청,2023-01-17 6:08,곡반정동 562-2,국민신문고,2023-12-01,,,
2023,수원시,팔달구청,2023-01-17 7:32,인계동 드림캐슬주상복합,고정형,2023-12-01,,,
2023,수원시,팔달구청,2023-01-17 7:32,인계동 드림캐슬주상복합,고정형,2023-12-01,,,
2023,수원시,팔달구청,2023-01-17 7:33,인계동 경인통계청,고정형,2023-12-01,,,
2023,수원시,팔달구청,2023-01-17 7:33,인계동 한국씨티은행,고정형,2023-12-01,,,
2023,수원시,팔달구청,2023-01-17 7:33,인계동 한국씨티은행,고정형,2023-12-01,,,
2023,수원시,팔달구청,2023-01-17 7:33,인계동 드림캐슬주상복합,고정형,2023-12-01,,,
2023,수원시,팔달구청,2023-01-17 7:34,매산동 팅스몰 주차장 출구 옆,고정형,2023-12-01,,,
2023,수원시,영통구청,2023-01-17 7:39,광교동 광교더사랑교회뒷길,고정형,2023-12-01,,,
2023,수원시,팔달구청,2023-01-17 7:41,매산동 팅스몰 주차장 출구 옆,고정형,2023-12-01,,,
2023,수원시,권선구청,2023-01-17 8:02,평동 오목초교 정문 우측 삼거리,고정형,2023-12-01,,,
2023,수원시,권선구청,2023-01-17 8:03,곡반정동 하나로마트한국빌딩앞,고정형,2023-12-01,,,
2023,수원시,권선구청,2023-01-17 8:03,평동 오목초교 정문 우측 삼거리,고정형,2023-12-01,,,
2023,수원시,권선구청,2023-01-17 8:03,곡반정동 하나로마트한국빌딩앞,고정형,2023-12-01,,,
2023,수원시,권선구청,2023-01-17 8:04,곡반정동 하나로마트한국빌딩앞,고정형,2023-12-01,,,
2023,수원시,권선구청,2023-01-17 8:11,곡반정동 하나로마트한국빌딩앞,고정형,2023-12-01,,,
2023,수원시,권선구청,2023-01-17 8:11,곡반정동 하나로마트한국빌딩앞,고정형,2023-12-01,,,
2023,수원시,팔달구청,2023-01-17 8:13,인계동 드림캐슬주상복합,고정형,2023-12-01,,,
2023,수원시,권선구청,2023-01-17 8:25,세류동 신곡초교 후문 좌측 사거리,고정형,2023-12-01,,,
2023,수원시,팔달구청,2023-01-17 8:33,화서1동 화서초등학교 둘레길 중간지점,고정형,2023-12-01,,,
2023,수원시,권선구청,2023-01-17 8:35,곡반정동 하나로마트한국빌딩앞,고정형,2023-12-01,,,
2023,수원시,팔달구청,2023-01-17 9:20,매산동 팅스몰 주차장 출구 옆,고정형,2023-12-01,,,
2023,수원시,팔달구청,2023-01-17 9:37,인계동 드림캐슬주상복합,고정형,2023-12-01,,,
2023,수원시,영통구청,2023-01-17 10:04,광교동 광교더사랑교회뒷길,고정형,2023-12-01,,,
2023,수원시,영통구청,2023-01-17 10:07,영통동 롯데마트 뒤,고정형,2023-12-01,37.27220279535416,127.10856729001851,
2023,수원시,영통구청,2023-01-17 10:07,영통동 롯데마트 뒤,고정형,2023-12-01,37.27220279535416,127.10856729001851,
2023,수원시,영통구청,2023-01-17 10:23,원천동 광교 한화겔러리아 앞,고정형,2023-12-01,,,
2023,수원시,팔달구청,2023-01-17 10:47,인계동 드림캐슬주상복합,고정형,2023-12-01,,,
2023,수원시,영통구청,2023-01-17 11:09,영통동 롯데마트 뒤,고정형,2023-12-01,37.27220279535416,127.10856729001851,
2023,수원시,팔달구청,2023-01-17 11:14,행궁동 팔달문 버스정류장,고정형,2023-12-01,,,
2023,수원시,영통구청,2023-01-17 12:08,영통동 마사회뒷길,고정형,2023-12-01,,,
2023,수원시,팔달구청,2023-01-17 12:39,팔달로3가 매산로3가 57-3(인도),국민신문고,2023-12-01,,,
2023,수원시,영통구청,2023-01-17 12:55,이의동 광교호반베르디움 103동 앞,고정형,2023-12-01,,,
2023,수원시,영통구청,2023-01-17 13:12,영통동 롯데마트 뒤,고정형,2023-12-01,37.27220279535416,127.10856729001851,
2023,수원시,영통구청,2023-01-17 13:34,영통동 롯데마트 뒤,고정형,2023-12-01,37.27220279535416,127.10856729001851,
2023,수원시,영통구청,2023-01-17 14:05,경기도수원시영통구매탄동 수원시 영통구 인계로 189번길 14주공4단지아파트,보행,2023-12-01,,,
2023,수원시,영통구청,2023-01-17 14:06,경기도수원시영통구매탄동 수원시 영통구 인계로 189번길 14주공4단지아파트,보행,2023-12-01,,,
2023,수원시,영통구청,2023-01-17 14:07,경기도수원시영통구매탄동 수원시 영통구 인계로 189번길 14주공4단지아파트,보행,2023-12-01,,,
2023,수원시,영통구청,2023-01-17 14:09,광교동 광교 덴티움지식산업센터 앞 사거리,고정형,2023-12-01,,,
2023,수원시,팔달구청,2023-01-17 14:12,교동 수원향교 앞 팔달보건소 뒤,고정형,2023-12-01,,,
2023,수원시,영통구청,2023-01-17 14:14,망포동 E-마트 에브리데이 앞,고정형,2023-12-01,37.2361017468141,127.060345496536,
2023,수원시,영통구청,2023-01-17 14:24,망포동 힐스테이트 119동 ~방죽공원 삼거리,고정형,2023-12-01,,,
2023,수원시,권선구청,2023-01-17 14:30,서둔동 롯데몰 평동로입구,고정형,2023-12-01,,,
2023,수원시,팔달구청,2023-01-17 14:33,인계동 드림캐슬주상복합,고정형,2023-12-01,,,
2023,수원시,팔달구청,2023-01-17 14:33,인계동 드림캐슬주상복합,고정형,2023-12-01,,,
2023,수원시,팔달구청,2023-01-17 14:34,인계동 드림캐슬주상복합,고정형,2023-12-01,,,
2023,수원시,팔달구청,2023-01-17 14:34,인계동 드림캐슬주상복합,고정형,2023-12-01,,,
2023,수원시,팔달구청,2023-01-17 14:34,북수동 쌈지공원 앞,고정형,2023-12-01,,,
2023,수원시,팔달구청,2023-01-17 14:35,행궁동 화홍사랑채,고정형,2023-12-01,,,
2023,수원시,권선구청,2023-01-17 14:35,서둔동 가온팰리스옆2,고정형,2023-12-01,,,
2023,수원시,팔달구청,2023-01-17 14:36,신풍동 제일교회부설주차장 부근,고정형,2023-12-01,,,
2023,수원시,팔달구청,2023-01-17 14:37,인계동 경인통계청,고정형,2023-12-01,,,
2023,수원시,팔달구청,2023-01-17 14:37,인계동 경인통계청,고정형,2023-12-01,,,
2023,수원시,팔달구청,2023-01-17 14:39,매교동 매교동 매산로116번길,주행형,2023-12-01,,,
2023,수원시,권선구청,2023-01-17 14:47,평동 오현초교 정문 우측 사거리,고정형,2023-12-01,,,
2023,수원시,팔달구청,2023-01-17 14:47,고등동 수원초등학교 정문 좌측 사거리,고정형,2023-12-01,,,
2023,수원시,팔달구청,2023-01-17 14:50,매산동 팔달로 10번길 8,고정형,2023-12-01,,,
2023,수원시,팔달구청,2023-01-17 14:53,남창동 남창동 행궁로 55,주행형,2023-12-01,,,
2023,수원시,팔달구청,2023-01-17 14:53,남창동 남창동 행궁로 55,주행형,2023-12-01,,,
2023,수원시,팔달구청,2023-01-17 14:53,남창동 남창동 행궁로 55,주행형,2023-12-01,,,
2023,수원시,팔달구청,2023-01-17 14:53,남창동 남창동 행궁로 55,주행형,2023-12-01,,,
2023,수원시,영통구청,2023-01-17 14:55,경기도수원시영통구매탄동 수원시 영통구 매탄동 549,보행,2023-12-01,,,
2023,수원시,팔달구청,2023-01-17 14:56,매산동 팔달로 10번길 8,고정형,2023-12-01,,,
2023,수원시,영통구청,2023-01-17 14:56,경기도수원시영통구매탄동 수원시 영통구 매탄동 549,보행,2023-12-01,,,
2023,수원시,영통구청,2023-01-17 14:56,경기도수원시영통구매탄동 수원시 영통구 매탄동 549,보행,2023-12-01,,,
2023,수원시,팔달구청,2023-01-17 15:11,인계동 드림캐슬주상복합,고정형,2023-12-01,,,
2023,수원시,팔달구청,2023-01-17 15:13,인계동 한국씨티은행,고정형,2023-12-01,,,
2023,수원시,영통구청,2023-01-17 15:23,영통동 보보스스포츠센터앞,고정형,2023-12-01,,,
2023,수원시,영통구청,2023-01-17 15:27,광교동 광교더사랑교회뒷길,고정형,2023-12-01,,,
2023,수원시,권선구청,2023-01-17 15:29,서둔동 가온팰리스옆2,고정형,2023-12-01,,,
2023,수원시,팔달구청,2023-01-17 15:44,인계동 드림캐슬주상복합,고정형,2023-12-01,,,
2023,수원시,장안구청,2023-01-17 15:51,상광교동 광교버스정류장종점,고정형,2023-12-01,,,
2023,수원시,팔달구청,2023-01-17 15:51,인계동 한국씨티은행,고정형,2023-12-01,,,
2023,수원시,영통구청,2023-01-17 15:55,영통동 롯데마트 뒤,고정형,2023-12-01,37.27220279535416,127.10856729001851,
2023,수원시,권선구청,2023-01-17 15:59,서둔동 가온팰리스옆2,고정형,2023-12-01,,,
2023,수원시,영통구청,2023-01-17 15:59,영통동 보보스스포츠센터앞,고정형,2023-12-01,,,
2023,수원시,팔달구청,2023-01-17 15:59,인계동 드림캐슬주상복합,고정형,2023-12-01,,,
2023,수원시,팔달구청,2023-01-17 16:27,매산동 팅스몰 주차장 출구 옆,고정형,2023-12-01,,,
2023,수원시,영통구청,2023-01-17 16:29,이의동 광교가재울마을사거리,고정형,2023-12-01,,,
2023,수원시,권선구청,2023-01-17 16:31,금곡동 금곡로222번길,주행형,2023-12-01,,,
2023,수원시,권선구청,2023-01-17 16:31,금곡동 금곡로222번길,주행형,2023-12-01,,,
2023,수원시,권선구청,2023-01-17 16:31,금곡동 금곡로222번길,주행형,2023-12-01,,,
2023,수원시,장안구청,2023-01-17 16:46,정자3동 정자동 오일뱅크,고정형,2023-12-01,,,
2023,수원시,영통구청,2023-01-17 16:51,영통동 보보스스포츠센터앞,고정형,2023-12-01,,,
2023,수원시,팔달구청,2023-01-17 17:25,인계동 드림캐슬주상복합,고정형,2023-12-01,,,
2023,수원시,팔달구청,2023-01-17 17:33,매산동 팅스몰 주차장 출구 옆,고정형,2023-12-01,,,
2023,수원시,영통구청,2023-01-17 17:43,영통동 보보스스포츠센터앞,고정형,2023-12-01,,,
2023,수원시,팔달구청,2023-01-17 18:04,매산동 팅스몰 주차장 출구 옆,고정형,2023-12-01,,,
2023,수원시,영통구청,2023-01-17 18:32,영통구 395-3,국민신문고,2023-12-01,,,
2023,수원시,팔달구청,2023-01-17 18:40,경기도수원시팔달구인계동 수원시 팔달구 인계동 347,보행,2023-12-01,,,
2023,수원시,팔달구청,2023-01-17 19:27,경기도수원시팔달구화서동 수원시 팔달구 화서동 437,보행,2023-12-01,,,
2023,수원시,팔달구청,2023-01-17 19:35,인계동 드림캐슬주상복합,고정형,2023-12-01,,,
2023,수원시,팔달구청,2023-01-17 19:42,인계동 드림캐슬주상복합,고정형,2023-12-01,,,
2023,수원시,팔달구청,2023-01-17 19:53,인계동 드림캐슬주상복합,고정형,2023-12-01,,,
2023,수원시,팔달구청,2023-01-17 19:53,매산동 팅스몰 주차장 출구 옆,고정형,2023-12-01,,,
2023,수원시,영통구청,2023-01-17 19:55,경기도수원시영통구망포동 수원시 영통구 망포동 413,보행,2023-12-01,,,
2023,수원시,영통구청,2023-01-17 19:55,경기도수원시영통구망포동 수원시 영통구 망포동 413,보행,2023-12-01,,,
2023,수원시,영통구청,2023-01-17 19:56,경기도수원시영통구망포동 수원시 영통구 망포동 413,보행,2023-12-01,,,
2023,수원시,영통구청,2023-01-17 19:56,경기도수원시영통구망포동 수원시 영통구 망포동 413,보행,2023-12-01,,,
2023,수원시,권선구청,2023-01-17 19:58,곡반정동 562-2,국민신문고,2023-12-01,,,
2023,수원시,팔달구청,2023-01-17 20:52,화서1동 푸르지오자이 북문 CU 앞 횡단보도,고정형,2023-12-01,,,
2023,수원시,팔달구청,2023-01-17 20:52,인계동 드림캐슬주상복합,고정형,2023-12-01,,,
2023,수원시,팔달구청,2023-01-17 20:58,인계동 드림캐슬주상복합,고정형,2023-12-01,,,
2023,수원시,팔달구청,2023-01-17 20:58,인계동 드림캐슬주상복합,고정형,2023-12-01,,,
2023,수원시,팔달구청,2023-01-17 21:34,인계동 드림캐슬주상복합,고정형,2023-12-01,,,
2023,수원시,팔달구청,2023-01-17 22:21,고등동 215-47 (소화전),국민신문고,2023-12-01,,,
2023,수원시,팔달구청,2023-01-18 7:34,매산동 팅스몰 주차장 출구 옆,고정형,2023-12-01,,,
2023,수원시,팔달구청,2023-01-18 7:39,인계동 드림캐슬주상복합,고정형,2023-12-01,,,
2023,수원시,권선구청,2023-01-18 8:03,곡반정동 하나로마트한국빌딩앞,고정형,2023-12-01,,,
2023,수원시,팔달구청,2023-01-18 8:31,인계동 드림캐슬주상복합,고정형,2023-12-01,,,
2023,수원시,팔달구청,2023-01-18 8:58,화서1동 화서초등학교 둘레길 중간지점,고정형,2023-12-01,,,
2023,수원시,권선구청,2023-01-18 9:26,평동 오현초교 정문 우측 사거리,고정형,2023-12-01,,,
2023,수원시,영통구청,2023-01-18 9:28,영통동 마사회뒷길,고정형,2023-12-01,,,
2023,수원시,권선구청,2023-01-18 9:33,세류3동 신곡초교 후문 좌측 사거리,고정형,2023-12-01,,,
2023,수원시,영통구청,2023-01-18 10:05,영통구 망포동 84-35,국민신문고,2023-12-01,,,
2023,수원시,영통구청,2023-01-18 10:12,하동 26.04,주행형,2023-12-01,,,
2023,수원시,영통구청,2023-01-18 10:12,하동 24.25,주행형,2023-12-01,,,
2023,수원시,영통구청,2023-01-18 10:12,하동 21.49,주행형,2023-12-01,,,
2023,수원시,영통구청,2023-01-18 10:12,하동 21.49,주행형,2023-12-01,,,
2023,수원시,영통구청,2023-01-18 10:12,하동 13.18,주행형,2023-12-01,,,
2023,수원시,팔달구청,2023-01-18 10:14,경기도수원시팔달구화서동 수원시 팔달구 화서동 184,보행,2023-12-01,,,
2023,수원시,팔달구청,2023-01-18 10:14,경기도수원시팔달구화서동 수원시 팔달구 화서동 184,보행,2023-12-01,,,
2023,수원시,팔달구청,2023-01-18 10:15,매산동 팅스몰 주차장 출구 옆,고정형,2023-12-01,,,
2023,수원시,팔달구청,2023-01-18 10:15,경기도수원시팔달구화서동 수원시 팔달구 화서동 184,보행,2023-12-01,,,
2023,수원시,팔달구청,2023-01-18 10:15,경기도수원시팔달구화서동 수원시 팔달구 화서동 184,보행,2023-12-01,,,
2023,수원시,팔달구청,2023-01-18 10:16,경기도수원시팔달구화서동 수원시 팔달구 화서동 184,보행,2023-12-01,,,
2023,수원시,팔달구청,2023-01-18 10:16,경기도수원시팔달구화서동 수원시 팔달구 화서동 184,보행,2023-12-01,,,
2023,수원시,권선구청,2023-01-18 10:23,평동 오목초교 정문 우측 삼거리,고정형,2023-12-01,,,
2023,수원시,팔달구청,2023-01-18 10:33,장안동 장안동 화서문로17번길,주행형,2023-12-01,,,
2023,수원시,팔달구청,2023-01-18 10:33,장안동 장안동 화서문로17번길,주행형,2023-12-01,,,
2023,수원시,팔달구청,2023-01-18 10:33,장안동 장안동 화서문로17번길,주행형,2023-12-01,,,
2023,수원시,팔달구청,2023-01-18 10:39,매산로3가 수원시 팔달구 정조로777번길7,보행,2023-12-01,,,
2023,수원시,영통구청,2023-01-18 10:48,원천동 광교 한화겔러리아 앞,고정형,2023-12-01,,,
2023,수원시,영통구청,2023-01-18 11:15,광교동 광교더사랑교회뒷길,고정형,2023-12-01,,,
2023,수원시,영통구청,2023-01-18 11:25,이의동 광교가재울마을사거리,고정형,2023-12-01,,,
2023,수원시,팔달구청,2023-01-18 11:35,행궁동 팔달문 버스정류장,고정형,2023-12-01,,,
2023,수원시,팔달구청,2023-01-18 11:42,매산동 역전농협,고정형,2023-12-01,,,
2023,수원시,팔달구청,2023-01-18 11:42,매산동 역전농협,고정형,2023-12-01,,,
2023,수원시,팔달구청,2023-01-18 12:32,매산로2가 53-9 (인도),국민신문고,2023-12-01,,,
2023,수원시,장안구청,2023-01-18 12:40,상광교동 광교버스정류장종점,고정형,2023-12-01,,,
2023,수원시,영통구청,2023-01-18 12:59,광교동 광교더사랑교회뒷길,고정형,2023-12-01,,,
2023,수원시,영통구청,2023-01-18 13:21,원천동 삼성전자중문,고정형,2023-12-01,,,
2023,수원시,영통구청,2023-01-18 13:36,광교동 광교더사랑교회뒷길,고정형,2023-12-01,,,
2023,수원시,영통구청,2023-01-18 13:44,영통동 마사회뒷길,고정형,2023-12-01,,,
2023,수원시,영통구청,2023-01-18 14:03,경기도수원시영통구매탄동 수원시 영통구 매탄동 549,보행,2023-12-01,,,
2023,수원시,영통구청,2023-01-18 14:04,경기도수원시영통구매탄동 수원시 영통구 매탄동 549,보행,2023-12-01,,,
2023,수원시,영통구청,2023-01-18 14:06,망포동 힐스테이트 119동 ~방죽공원 삼거리,고정형,2023-12-01,,,
2023,수원시,영통구청,2023-01-18 14:18,경기도수원시영통구망포동 수원시 영통구 망포동 433,보행,2023-12-01,,,
2023,수원시,영통구청,2023-01-18 14:19,경기도수원시영통구망포동 수원시 영통구 망포동 433,보행,2023-12-01,,,
2023,수원시,영통구청,2023-01-18 14:33,영통동 보보스스포츠센터앞,고정형,2023-12-01,,,
2023,수원시,팔달구청,2023-01-18 14:34,인계동 경인통계청,고정형,2023-12-01,,,
2023,수원시,권선구청,2023-01-18 14:35,서둔동 가온팰리스옆2,고정형,2023-12-01,,,
2023,수원시,영통구청,2023-01-18 14:40,영통동 매영로365번길,주행형,2023-12-01,,,
2023,수원시,영통구청,2023-01-18 14:40,영통동 매영로365번길,주행형,2023-12-01,,,
2023,수원시,영통구청,2023-01-18 14:40,영통동 매영로365번길,주행형,2023-12-01,,,
2023,수원시,영통구청,2023-01-18 14:40,영통동 매영로365번길,주행형,2023-12-01,,,
2023,수원시,영통구청,2023-01-18 14:40,영통동 매영로365번길,주행형,2023-12-01,,,
2023,수원시,영통구청,2023-01-18 14:41,영통동 매영로365번길,주행형,2023-12-01,,,
2023,수원시,영통구청,2023-01-18 14:41,영통동 매영로365번길,주행형,2023-12-01,,,
2023,수원시,영통구청,2023-01-18 14:41,영통동 매영로365번길,주행형,2023-12-01,,,
2023,수원시,영통구청,2023-01-18 14:41,영통동 매영로365번길,주행형,2023-12-01,,,
2023,수원시,영통구청,2023-01-18 14:41,영통동 매영로365번길,주행형,2023-12-01,,,
2023,수원시,팔달구청,2023-01-18 14:43,인계동 드림캐슬주상복합,고정형,2023-12-01,,,
2023,수원시,팔달구청,2023-01-18 14:44,인계동 한국씨티은행,고정형,2023-12-01,,,
2023,수원시,팔달구청,2023-01-18 14:45,매산동 팔달로 10번길 8,고정형,2023-12-01,,,
2023,수원시,팔달구청,2023-01-18 14:48,매교동 77-108 (교차로모퉁이),국민신문고,2023-12-01,,,
2023,수원시,팔달구청,2023-01-18 14:59,인계동 드림캐슬주상복합,고정형,2023-12-01,,,
2023,수원시,팔달구청,2023-01-18 14:59,인계동 드림캐슬주상복합,고정형,2023-12-01,,,
2023,수원시,영통구청,2023-01-18 15:11,광교동 광교더사랑교회뒷길,고정형,2023-12-01,,,
2023,수원시,영통구청,2023-01-18 15:23,원천동 광교매원초등학교,고정형,2023-12-01,,,
2023,수원시,팔달구청,2023-01-18 15:39,매산동 팅스몰 주차장 출구 옆,고정형,2023-12-01,,,
2023,수원시,팔달구청,2023-01-18 15:40,경기도수원시팔달구매교동 수원시 팔달구 매교동 287,보행,2023-12-01,,,
2023,수원시,팔달구청,2023-01-18 15:41,화서1동 푸르지오자이 북문 CU 앞 횡단보도,고정형,2023-12-01,,,
2023,수원시,팔달구청,2023-01-18 15:41,화서1동 푸르지오자이 북문 CU 앞 횡단보도,고정형,2023-12-01,,,
2023,수원시,영통구청,2023-01-18 15:55,이의동 드림스퀘어Ⅱ 앞,고정형,2023-12-01,,,
2023,수원시,팔달구청,2023-01-18 16:05,인계동 한국씨티은행,고정형,2023-12-01,,,
2023,수원시,팔달구청,2023-01-18 16:05,인계동 경인통계청,고정형,2023-12-01,,,
2023,수원시,팔달구청,2023-01-18 16:10,화서1동 푸르지오자이 북문 CU 앞 횡단보도,고정형,2023-12-01,,,
2023,수원시,영통구청,2023-01-18 16:22,망포동 E-마트 에브리데이 앞,고정형,2023-12-01,37.2361017468141,127.060345496536,
2023,수원시,팔달구청,2023-01-18 16:36,인계동 드림캐슬주상복합,고정형,2023-12-01,,,
2023,수원시,팔달구청,2023-01-18 17:10,매산동 팅스몰 주차장 출구 옆,고정형,2023-12-01,,,
2023,수원시,팔달구청,2023-01-18 17:22,화서1동 푸르지오자이 북문 CU 앞 횡단보도,고정형,2023-12-01,,,
2023,수원시,팔달구청,2023-01-18 17:22,화서1동 푸르지오자이 북문 CU 앞 횡단보도,고정형,2023-12-01,,,
2023,수원시,영통구청,2023-01-18 17:31,이의동 광교가재울마을사거리,고정형,2023-12-01,,,
2023,수원시,팔달구청,2023-01-18 17:39,매산동 팅스몰 주차장 출구 옆,고정형,2023-12-01,,,
2023,수원시,영통구청,2023-01-18 17:47,원천동 삼성전자중문,고정형,2023-12-01,,,
2023,수원시,영통구청,2023-01-18 17:53,하동 광교호반마을한양수자인,고정형,2023-12-01,,,
2023,수원시,팔달구청,2023-01-18 18:06,고등동 수원초등학교 정문 좌측 사거리,고정형,2023-12-01,,,
2023,수원시,팔달구청,2023-01-18 18:10,매산동 팅스몰 주차장 출구 옆,고정형,2023-12-01,,,
2023,수원시,팔달구청,2023-01-18 18:14,인계동 드림캐슬주상복합,고정형,2023-12-01,,,
2023,수원시,팔달구청,2023-01-18 18:14,인계동 드림캐슬주상복합,고정형,2023-12-01,,,
2023,수원시,팔달구청,2023-01-18 18:21,매산동 팅스몰 주차장 출구 옆,고정형,2023-12-01,,,
2023,수원시,팔달구청,2023-01-18 18:22,인계동 드림캐슬주상복합,고정형,2023-12-01,,,
2023,수원시,팔달구청,2023-01-18 18:50,인계동 드림캐슬주상복합,고정형,2023-12-01,,,
2023,수원시,팔달구청,2023-01-18 18:54,매산동 팅스몰 주차장 출구 옆,고정형,2023-12-01,,,
2023,수원시,팔달구청,2023-01-18 18:57,인계동 드림캐슬주상복합,고정형,2023-12-01,,,
2023,수원시,팔달구청,2023-01-18 18:57,인계동 드림캐슬주상복합,고정형,2023-12-01,,,
2023,수원시,영통구청,2023-01-18 19:02,이의동 광교가재울마을사거리,고정형,2023-12-01,,,
2023,수원시,영통구청,2023-01-18 19:02,이의동 광교가재울마을사거리,고정형,2023-12-01,,,
2023,수원시,팔달구청,2023-01-18 19:03,인계동 드림캐슬주상복합,고정형,2023-12-01,,,
2023,수원시,영통구청,2023-01-18 19:05,망포동 E-마트 에브리데이 앞,고정형,2023-12-01,37.2361017468141,127.060345496536,
2023,수원시,팔달구청,2023-01-18 19:20,인계동 드림캐슬주상복합,고정형,2023-12-01,,,
2023,수원시,팔달구청,2023-01-18 19:20,인계동 드림캐슬주상복합,고정형,2023-12-01,,,
2023,수원시,팔달구청,2023-01-18 19:32,장안동 장안동 화서문로 29-1,주행형,2023-12-01,,,
2023,수원시,영통구청,2023-01-18 19:39,망포동 힐스테이트 119동 ~방죽공원 삼거리,고정형,2023-12-01,,,
2023,수원시,팔달구청,2023-01-18 19:50,매산동 팅스몰 주차장 출구 옆,고정형,2023-12-01,,,
2023,수원시,영통구청,2023-01-18 20:05,원천동 광교매원초등학교,고정형,2023-12-01,,,
2023,수원시,팔달구청,2023-01-18 20:09,인계동 드림캐슬주상복합,고정형,2023-12-01,,,
2023,수원시,팔달구청,2023-01-18 20:10,매산동 팅스몰 주차장 출구 옆,고정형,2023-12-01,,,
2023,수원시,팔달구청,2023-01-18 20:21,매산동 팅스몰 주차장 출구 옆,고정형,2023-12-01,,,
2023,수원시,팔달구청,2023-01-18 20:33,매산동 팅스몰 주차장 출구 옆,고정형,2023-12-01,,,
2023,수원시,영통구청,2023-01-18 20:39,영통동 롯데마트 뒤,고정형,2023-12-01,37.27220279535416,127.10856729001851,
2023,수원시,영통구청,2023-01-18 20:47,이의동 광교호반베르디움 103동 앞,고정형,2023-12-01,,,
2023,수원시,영통구청,2023-01-18 20:47,이의동 광교호반베르디움 103동 앞,고정형,2023-12-01,,,
2023,수원시,팔달구청,2023-01-18 20:58,화서1동 푸르지오자이 북문 CU 앞 횡단보도,고정형,2023-12-01,,,
2023,수원시,팔달구청,2023-01-18 21:29,인계동 드림캐슬주상복합,고정형,2023-12-01,,,
2023,수원시,권선구청,2023-01-19 0:03,오목천동 527-66,국민신문고,2023-12-01,,,
2023,수원시,팔달구청,2023-01-19 7:33,매산동 팅스몰 주차장 출구 옆,고정형,2023-12-01,,,
2023,수원시,팔달구청,2023-01-19 7:33,인계동 경인통계청,고정형,2023-12-01,,,
2023,수원시,팔달구청,2023-01-19 7:39,인계동 한국씨티은행,고정형,2023-12-01,,,
2023,수원시,팔달구청,2023-01-19 7:39,인계동 한국씨티은행,고정형,2023-12-01,,,
2023,수원시,권선구청,2023-01-19 8:03,곡반정동 하나로마트한국빌딩앞,고정형,2023-12-01,,,
2023,수원시,권선구청,2023-01-19 8:03,곡반정동 하나로마트한국빌딩앞,고정형,2023-12-01,,,
2023,수원시,권선구청,2023-01-19 8:03,곡반정동 하나로마트한국빌딩앞,고정형,2023-12-01,,,
2023,수원시,권선구청,2023-01-19 8:03,금곡동 일신건영아파트 앞 놀이터,고정형,2023-12-01,,,
2023,수원시,권선구청,2023-01-19 8:03,곡반정동 곡정초교 정문 좌측 사거리,고정형,2023-12-01,,,
2023,수원시,권선구청,2023-01-19 8:09,곡반정동 하나로마트한국빌딩앞,고정형,2023-12-01,,,
2023,수원시,권선구청,2023-01-19 8:10,곡반정동 곡정초교 정문 좌측 사거리,고정형,2023-12-01,,,
2023,수원시,팔달구청,2023-01-19 8:17,북수동 쌈지공원 앞,고정형,2023-12-01,,,
2023,수원시,팔달구청,2023-01-19 8:17,북수동 쌈지공원 앞,고정형,2023-12-01,,,
2023,수원시,팔달구청,2023-01-19 8:23,인계동 드림캐슬주상복합,고정형,2023-12-01,,,
2023,수원시,권선구청,2023-01-19 8:31,곡반정동 하나로마트한국빌딩앞,고정형,2023-12-01,,,
2023,수원시,영통구청,2023-01-19 8:41,영통동 마사회뒷길,고정형,2023-12-01,,,
2023,수원시,팔달구청,2023-01-19 8:42,매산동 팅스몰 주차장 출구 옆,고정형,2023-12-01,,,
2023,수원시,팔달구청,2023-01-19 8:56,인계동 드림캐슬주상복합,고정형,2023-12-01,,,
2023,수원시,팔달구청,2023-01-19 8:57,매산동 팅스몰 주차장 출구 옆,고정형,2023-12-01,,,
2023,수원시,팔달구청,2023-01-19 9:19,화서1동 화서초등학교 둘레길 중간지점,고정형,2023-12-01,,,
2023,수원시,팔달구청,2023-01-19 9:34,인계동 드림캐슬주상복합,고정형,2023-12-01,,,
2023,수원시,영통구청,2023-01-19 9:37,망포동 국민은행신영통지점(태장동),고정형,2023-12-01,,,
2023,수원시,팔달구청,2023-01-19 9:48,인계동 드림캐슬주상복합,고정형,2023-12-01,,,
2023,수원시,팔달구청,2023-01-19 10:06,인계동 드림캐슬주상복합,고정형,2023-12-01,,,
2023,수원시,팔달구청,2023-01-19 10:10,경기도수원시팔달구매향동 수원시 팔달구 우만동 469-7,보행,2023-12-01,,,
2023,수원시,팔달구청,2023-01-19 10:30,매산동 팅스몰 주차장 출구 옆,고정형,2023-12-01,,,
2023,수원시,영통구청,2023-01-19 10:34,원천동 광교 한화겔러리아 앞,고정형,2023-12-01,,,
2023,수원시,권선구청,2023-01-19 10:37,세류3동 신곡초교 후문 좌측 사거리,고정형,2023-12-01,,,
2023,수원시,팔달구청,2023-01-19 10:42,인계동 드림캐슬주상복합,고정형,2023-12-01,,,
2023,수원시,팔달구청,2023-01-19 10:44,인계동 드림캐슬주상복합,고정형,2023-12-01,,,
2023,수원시,팔달구청,2023-01-19 10:44,매산동 팔달로 10번길 8,고정형,2023-12-01,,,
2023,수원시,팔달구청,2023-01-19 10:45,매교동 매교동 매산로96번길,주행형,2023-12-01,,,
2023,수원시,팔달구청,2023-01-19 10:47,인계동 수원시 팔달구 효원로 55번길 27-1,보행,2023-12-01,,,
2023,수원시,영통구청,2023-01-19 10:52,원천동 광교매원초등학교,고정형,2023-12-01,,,
2023,수원시,장안구청,2023-01-19 11:03,경기도수원시장안구파장동 수원시 장안구 파장동 208,보행,2023-12-01,,,
2023,수원시,권선구청,2023-01-19 11:43,입북동 당수초교 정문 우측 사거리,고정형,2023-12-01,,,
2023,수원시,팔달구청,2023-01-19 11:50,고등동 수원초등학교 정문 좌측 사거리,고정형,2023-12-01,,,
2023,수원시,영통구청,2023-01-19 12:45,영통동 마사회뒷길,고정형,2023-12-01,,,
2023,수원시,영통구청,2023-01-19 13:39,이의동 광교호반베르디움 103동 앞,고정형,2023-12-01,,,
2023,수원시,영통구청,2023-01-19 13:39,이의동 광교호반베르디움 103동 앞,고정형,2023-12-01,,,
2023,수원시,팔달구청,2023-01-19 13:48,우만동 우만동 경수대로 649,주행형,2023-12-01,,,
2023,수원시,권선구청,2023-01-19 13:49,입북동 당수초교 정문 우측 사거리,고정형,2023-12-01,,,
2023,수원시,권선구청,2023-01-19 13:49,입북동 당수초교 정문 우측 사거리,고정형,2023-12-01,,,
2023,수원시,영통구청,2023-01-19 14:24,망포동 E-마트 에브리데이 앞,고정형,2023-12-01,37.2361017468141,127.060345496536,
2023,수원시,팔달구청,2023-01-19 14:29,고등동 수원초등학교 정문 좌측 사거리,고정형,2023-12-01,,,
2023,수원시,권선구청,2023-01-19 14:32,서둔동 가온팰리스옆2,고정형,2023-12-01,,,
2023,수원시,권선구청,2023-01-19 14:32,서둔동 가온팰리스옆2,고정형,2023-12-01,,,
2023,수원시,권선구청,2023-01-19 14:33,평동 오목초교 정문 우측 삼거리,고정형,2023-12-01,,,
2023,수원시,권선구청,2023-01-19 14:34,평동 고현초교 정문 좌측 삼거리,고정형,2023-12-01,,,
2023,수원시,팔달구청,2023-01-19 14:35,인계동 드림캐슬주상복합,고정형,2023-12-01,,,
2023,수원시,팔달구청,2023-01-19 14:36,인계동 드림캐슬주상복합,고정형,2023-12-01,,,
2023,수원시,영통구청,2023-01-19 14:38,이의동 드림스퀘어Ⅱ 앞,고정형,2023-12-01,,,
2023,수원시,권선구청,2023-01-19 14:41,서둔동 가온팰리스옆2,고정형,2023-12-01,,,
2023,수원시,영통구청,2023-01-19 14:50,광교동 광교 덴티움지식산업센터 앞 사거리,고정형,2023-12-01,,,
2023,수원시,영통구청,2023-01-19 14:50,광교동 광교 덴티움지식산업센터 앞 사거리,고정형,2023-12-01,,,
2023,수원시,팔달구청,2023-01-19 14:53,팔달로3가 팔달문 버스정류장,고정형,2023-12-01,,,
2023,수원시,팔달구청,2023-01-19 14:54,남창동 남창동 행궁로 18,주행형,2023-12-01,,,
2023,수원시,팔달구청,2023-01-19 14:54,남창동 남창동 행궁로 18,주행형,2023-12-01,,,
2023,수원시,팔달구청,2023-01-19 14:56,남창동 남창동 정조로777번길,주행형,2023-12-01,,,
2023,수원시,팔달구청,2023-01-19 14:56,남창동 남창동 정조로777번길,주행형,2023-12-01,,,
2023,수원시,팔달구청,2023-01-19 15:03,인계동 드림캐슬주상복합,고정형,2023-12-01,,,
2023,수원시,권선구청,2023-01-19 15:03,서둔동 가온팰리스옆2,고정형,2023-12-01,,,
2023,수원시,권선구청,2023-01-19 15:11,금곡동 금곡로222번길,주행형,2023-12-01,,,
2023,수원시,팔달구청,2023-01-19 15:11,인계동 한국씨티은행,고정형,2023-12-01,,,
2023,수원시,권선구청,2023-01-19 15:11,금곡동 금곡로222번길,주행형,2023-12-01,,,
2023,수원시,팔달구청,2023-01-19 15:30,인계동 드림캐슬주상복합,고정형,2023-12-01,,,
2023,수원시,영통구청,2023-01-19 15:31,광교동 광교 덴티움지식산업센터 앞 사거리,고정형,2023-12-01,,,
2023,수원시,팔달구청,2023-01-19 15:32,인계동 한국씨티은행,고정형,2023-12-01,,,
2023,수원시,권선구청,2023-01-19 15:56,경기도수원시권선구당수동 수원시 권선구 당수동 285,보행,2023-12-01,,,
2023,수원시,권선구청,2023-01-19 16:00,경기도수원시권선구당수동 수원시 권선구 당수동 285,보행,2023-12-01,,,
2023,수원시,권선구청,2023-01-19 16:01,경기도수원시권선구당수동 수원시 권선구 당수동 285,보행,2023-12-01,,,
2023,수원시,권선구청,2023-01-19 16:21,평동 오목초교 정문 우측 삼거리,고정형,2023-12-01,,,
2023,수원시,영통구청,2023-01-19 16:31,이의동 드림스퀘어Ⅱ 앞,고정형,2023-12-01,,,
2023,수원시,영통구청,2023-01-19 16:31,이의동 드림스퀘어Ⅱ 앞,고정형,2023-12-01,,,
2023,수원시,팔달구청,2023-01-19 16:33,화서1동 푸르지오자이 북문 CU 앞 횡단보도,고정형,2023-12-01,,,
2023,수원시,권선구청,2023-01-19 16:36,세류3동 신곡초교 후문 좌측 사거리,고정형,2023-12-01,,,
2023,수원시,영통구청,2023-01-19 16:37,망포동 E-마트 에브리데이 앞,고정형,2023-12-01,37.2361017468141,127.060345496536,
2023,수원시,권선구청,2023-01-19 16:37,세류3동 신곡초교 후문 좌측 사거리,고정형,2023-12-01,,,
2023,수원시,팔달구청,2023-01-19 16:43,매산동 팅스몰 주차장 출구 옆,고정형,2023-12-01,,,
2023,수원시,영통구청,2023-01-19 16:44,영통동 보보스스포츠센터앞,고정형,2023-12-01,,,
2023,수원시,팔달구청,2023-01-19 17:02,인계동 드림캐슬주상복합,고정형,2023-12-01,,,
2023,수원시,팔달구청,2023-01-19 17:06,인계동 한국씨티은행,고정형,2023-12-01,,,
2023,수원시,팔달구청,2023-01-19 17:07,화서1동 화서초등학교 둘레길 중간지점,고정형,2023-12-01,,,
2023,수원시,팔달구청,2023-01-19 17:07,화서1동 화서초등학교 둘레길 중간지점,고정형,2023-12-01,,,
2023,수원시,영통구청,2023-01-19 17:12,이의동 드림스퀘어Ⅱ 앞,고정형,2023-12-01,,,
2023,수원시,권선구청,2023-01-19 17:12,평동 고현초교 정문 좌측 삼거리,고정형,2023-12-01,,,
2023,수원시,영통구청,2023-01-19 17:21,영통동 롯데마트 뒤,고정형,2023-12-01,37.27220279535416,127.10856729001851,
2023,수원시,권선구청,2023-01-19 17:25,세류3동 신곡초교 후문 좌측 사거리,고정형,2023-12-01,,,
2023,수원시,팔달구청,2023-01-19 17:37,매산동 팅스몰 주차장 출구 옆,고정형,2023-12-01,,,
2023,수원시,영통구청,2023-01-19 17:39,-1 영통동 1079,국민신문고,2023-12-01,,,
2023,수원시,팔달구청,2023-01-19 17:50,매산동 팅스몰 주차장 출구 옆,고정형,2023-12-01,,,
2023,수원시,팔달구청,2023-01-19 17:56,매산동 팅스몰 주차장 출구 옆,고정형,2023-12-01,,,
2023,수원시,팔달구청,2023-01-19 18:46,매산동 팅스몰 주차장 출구 옆,고정형,2023-12-01,,,
2023,수원시,팔달구청,2023-01-19 18:58,인계동 드림캐슬주상복합,고정형,2023-12-01,,,
2023,수원시,팔달구청,2023-01-19 18:58,고등동 수원초등학교 정문 좌측 사거리,고정형,2023-12-01,,,
2023,수원시,팔달구청,2023-01-19 18:59,매산동 팅스몰 주차장 출구 옆,고정형,2023-12-01,,,
2023,수원시,팔달구청,2023-01-19 19:04,인계동 드림캐슬주상복합,고정형,2023-12-01,,,
2023,수원시,영통구청,2023-01-19 19:10,영통동 마사회뒷길,고정형,2023-12-01,,,
2023,수원시,팔달구청,2023-01-19 19:21,매산동 팅스몰 주차장 출구 옆,고정형,2023-12-01,,,
2023,수원시,팔달구청,2023-01-19 19:23,매산동 팅스몰 주차장 출구 옆,고정형,2023-12-01,,,
2023,수원시,팔달구청,2023-01-19 19:29,인계동 드림캐슬주상복합,고정형,2023-12-01,,,
2023,수원시,권선구청,2023-01-19 19:30,경기도수원시권선구탑동 수원시 권선구 탑동 800,보행,2023-12-01,,,
2023,수원시,팔달구청,2023-01-19 19:37,인계동 드림캐슬주상복합,고정형,2023-12-01,,,
2023,수원시,팔달구청,2023-01-19 19:40,매산동 팅스몰 주차장 출구 옆,고정형,2023-12-01,,,
2023,수원시,팔달구청,2023-01-19 19:42,인계동 드림캐슬주상복합,고정형,2023-12-01,,,
2023,수원시,권선구청,2023-01-19 19:49,곡반정동 562-2,국민신문고,2023-12-01,,,
2023,수원시,영통구청,2023-01-19 19:52,경기도수원시영통구망포동 수원시 영통구 망포동 574,보행,2023-12-01,,,
2023,수원시,영통구청,2023-01-19 19:52,경기도수원시영통구망포동 수원시 영통구 망포동 573,보행,2023-12-01,,,
2023,수원시,팔달구청,2023-01-19 20:07,인계동 드림캐슬주상복합,고정형,2023-12-01,,,
2023,수원시,영통구청,2023-01-19 20:15,영통구 영통동 1802,국민신문고,2023-12-01,,,
2023,수원시,팔달구청,2023-01-20 7:33,매산동 팅스몰 주차장 출구 옆,고정형,2023-12-01,,,
2023,수원시,팔달구청,2023-01-20 7:40,인계동 한국씨티은행,고정형,2023-12-01,,,
2023,수원시,팔달구청,2023-01-20 7:59,매산동 팅스몰 주차장 출구 옆,고정형,2023-12-01,,,
2023,수원시,권선구청,2023-01-20 8:07,평동 오목초교 정문 우측 삼거리,고정형,2023-12-01,,,
2023,수원시,권선구청,2023-01-20 8:11,곡반정동 하나로마트한국빌딩앞,고정형,2023-12-01,,,
2023,수원시,권선구청,2023-01-20 8:13,권선2동 곡정초교 정문 좌측 사거리,고정형,2023-12-01,,,
2023,수원시,권선구청,2023-01-20 8:24,세류3동 신곡초교 후문 좌측 사거리,고정형,2023-12-01,,,
2023,수원시,팔달구청,2023-01-20 8:32,화서1동 화서초등학교 둘레길 중간지점,고정형,2023-12-01,,,
2023,수원시,권선구청,2023-01-20 8:40,고색동 도이치 고객주차장 출입구,고정형,2023-12-01,,,
2023,수원시,팔달구청,2023-01-20 8:42,인계동 드림캐슬주상복합,고정형,2023-12-01,,,
2023,수원시,팔달구청,2023-01-20 9:05,인계동 드림캐슬주상복합,고정형,2023-12-01,,,
2023,수원시,팔달구청,2023-01-20 9:17,화서1동 화서초등학교 둘레길 중간지점,고정형,2023-12-01,,,
2023,수원시,팔달구청,2023-01-20 9:27,인계동 드림캐슬주상복합,고정형,2023-12-01,,,
2023,수원시,팔달구청,2023-01-20 9:28,인계동 드림캐슬주상복합,고정형,2023-12-01,,,
2023,수원시,권선구청,2023-01-20 10:04,금곡동 가온초교 정문 우측 사거리,고정형,2023-12-01,,,
2023,수원시,영통구청,2023-01-20 10:06,경기도수원시영통구매탄동 수원시 영통구 동수원로 322-1구두수선대2,보행,2023-12-01,,,
2023,수원시,영통구청,2023-01-20 10:13,광교동 광교더사랑교회뒷길,고정형,2023-12-01,,,
2023,수원시,팔달구청,2023-01-20 10:58,경기도수원시팔달구우만동 수원시 팔달구 인계로108번길39-17,보행,2023-12-01,,,
2023,수원시,영통구청,2023-01-20 11:02,망포동 E-마트 에브리데이 앞,고정형,2023-12-01,37.2361017468141,127.060345496536,
2023,수원시,영통구청,2023-01-20 11:07,망포동 힐스테이트 119동 ~방죽공원 삼거리,고정형,2023-12-01,,,
2023,수원시,팔달구청,2023-01-20 11:30,고등동 수원초등학교 정문 좌측 사거리,고정형,2023-12-01,,,
2023,수원시,팔달구청,2023-01-20 11:52,고등동 수원초등학교 정문 좌측 사거리,고정형,2023-12-01,,,
2023,수원시,영통구청,2023-01-20 12:19,망포동 E-마트 에브리데이 앞,고정형,2023-12-01,37.2361017468141,127.060345496536,
2023,수원시,팔달구청,2023-01-20 13:38,화서1동 푸르지오자이 북문 CU 앞 횡단보도,고정형,2023-12-01,,,
2023,수원시,권선구청,2023-01-20 13:39,입북동 당수초교 정문 우측 사거리,고정형,2023-12-01,,,
2023,수원시,권선구청,2023-01-20 13:39,입북동 당수초교 정문 우측 사거리,고정형,2023-12-01,,,
2023,수원시,장안구청,2023-01-20 14:03,상광교동 광교버스정류장종점,고정형,2023-12-01,,,
2023,수원시,영통구청,2023-01-20 14:15,망포동 E-마트 에브리데이 앞,고정형,2023-12-01,37.2361017468141,127.060345496536,
2023,수원시,팔달구청,2023-01-20 14:43,신풍동 제일교회부설주차장 부근,고정형,2023-12-01,,,
2023,수원시,권선구청,2023-01-20 14:47,호매실동 금호프라자 대각 맞은편,고정형,2023-12-01,,,
2023,수원시,영통구청,2023-01-20 14:49,망포동 E-마트 에브리데이 앞,고정형,2023-12-01,37.2361017468141,127.060345496536,
2023,수원시,팔달구청,2023-01-20 14:54,인계동 드림캐슬주상복합,고정형,2023-12-01,,,
2023,수원시,팔달구청,2023-01-20 14:57,우만동 우만동 경수대로 649,주행형,2023-12-01,,,
2023,수원시,팔달구청,2023-01-20 14:57,우만동 우만동 경수대로 649,주행형,2023-12-01,,,
2023,수원시,영통구청,2023-01-20 15:01,망포동 힐스테이트 119동 ~방죽공원 삼거리,고정형,2023-12-01,,,
2023,수원시,팔달구청,2023-01-20 15:03,인계동 드림캐슬주상복합,고정형,2023-12-01,,,
2023,수원시,팔달구청,2023-01-20 15:06,매산동 팅스몰 주차장 출구 옆,고정형,2023-12-01,,,
2023,수원시,팔달구청,2023-01-20 15:06,팔달로1가 팔달로1가 행궁로 11,주행형,2023-12-01,,,
2023,수원시,팔달구청,2023-01-20 15:08,화서1동 화서초등학교 둘레길 중간지점,고정형,2023-12-01,,,
2023,수원시,팔달구청,2023-01-20 15:09,교동 교동 행궁로 93,주행형,2023-12-01,,,
2023,수원시,영통구청,2023-01-20 15:13,망포동 힐스테이트 119동 ~방죽공원 삼거리,고정형,2023-12-01,,,
2023,수원시,팔달구청,2023-01-20 15:22,인계동 드림캐슬주상복합,고정형,2023-12-01,,,
2023,수원시,팔달구청,2023-01-20 15:22,인계동 드림캐슬주상복합,고정형,2023-12-01,,,
2023,수원시,권선구청,2023-01-20 15:28,평동 수원역고가밑 (애경뒷길),고정형,2023-12-01,,,
2023,수원시,팔달구청,2023-01-20 15:55,매산동 팅스몰 주차장 출구 옆,고정형,2023-12-01,,,
2023,수원시,팔달구청,2023-01-20 16:04,화서1동 푸르지오자이 북문 CU 앞 횡단보도,고정형,2023-12-01,,,
2023,수원시,영통구청,2023-01-20 16:08,영통동 롯데마트 뒤,고정형,2023-12-01,37.27220279535416,127.10856729001851,
2023,수원시,팔달구청,2023-01-20 16:08,고등동 수원초등학교 정문 좌측 사거리,고정형,2023-12-01,,,
2023,수원시,팔달구청,2023-01-20 16:09,인계동 드림캐슬주상복합,고정형,2023-12-01,,,
2023,수원시,팔달구청,2023-01-20 16:17,매산동 팔달로 10번길 8,고정형,2023-12-01,,,
2023,수원시,권선구청,2023-01-20 16:21,서둔동 롯데몰9번출구앞주변,고정형,2023-12-01,,,
2023,수원시,팔달구청,2023-01-20 16:25,인계동 드림캐슬주상복합,고정형,2023-12-01,,,
2023,수원시,영통구청,2023-01-20 16:37,하동 매탄동 914,국민신문고,2023-12-01,,,
2023,수원시,팔달구청,2023-01-20 16:42,고등동 수원초등학교 정문 좌측 사거리,고정형,2023-12-01,,,
2023,수원시,권선구청,2023-01-20 16:48,입북동 당수초교 정문 우측 사거리,고정형,2023-12-01,,,
2023,수원시,팔달구청,2023-01-20 16:49,매산동 팅스몰 주차장 출구 옆,고정형,2023-12-01,,,
2023,수원시,권선구청,2023-01-20 16:55,곡반정동 하나로마트한국빌딩앞,고정형,2023-12-01,,,
2023,수원시,팔달구청,2023-01-20 17:00,인계동 한국씨티은행,고정형,2023-12-01,,,
2023,수원시,팔달구청,2023-01-20 17:15,고등동 수원초등학교 정문 좌측 사거리,고정형,2023-12-01,,,
2023,수원시,팔달구청,2023-01-20 17:23,매산동 팅스몰 주차장 출구 옆,고정형,2023-12-01,,,
2023,수원시,권선구청,2023-01-20 17:24,평동 오목초교 정문 우측 삼거리,고정형,2023-12-01,,,
2023,수원시,팔달구청,2023-01-20 17:25,행궁동 팔달문 버스정류장,고정형,2023-12-01,,,
2023,수원시,권선구청,2023-01-20 17:25,평동 오목초교 정문 우측 삼거리,고정형,2023-12-01,,,
2023,수원시,영통구청,2023-01-20 17:26,원천동 삼성전자중문,고정형,2023-12-01,,,
2023,수원시,팔달구청,2023-01-20 17:27,인계동 한국씨티은행,고정형,2023-12-01,,,
2023,수원시,권선구청,2023-01-20 17:31,평동 오목초교 정문 우측 삼거리,고정형,2023-12-01,,,
2023,수원시,장안구청,2023-01-20 17:33,정자3동 정자동 오일뱅크,고정형,2023-12-01,,,
2023,수원시,영통구청,2023-01-20 17:42,망포동 E-마트 에브리데이 앞,고정형,2023-12-01,37.2361017468141,127.060345496536,
2023,수원시,팔달구청,2023-01-20 17:47,고등동 수원초등학교 정문 좌측 사거리,고정형,2023-12-01,,,
2023,수원시,팔달구청,2023-01-20 18:03,화서1동 푸르지오자이 북문 CU 앞 횡단보도,고정형,2023-12-01,,,
2023,수원시,팔달구청,2023-01-20 18:14,인계동 드림캐슬주상복합,고정형,2023-12-01,,,
2023,수원시,팔달구청,2023-01-20 18:26,인계동 드림캐슬주상복합,고정형,2023-12-01,,,
2023,수원시,팔달구청,2023-01-20 18:47,매산동 팅스몰 주차장 출구 옆,고정형,2023-12-01,,,
2023,수원시,팔달구청,2023-01-20 18:48,매산동 팅스몰 주차장 출구 옆,고정형,2023-12-01,,,
2023,수원시,팔달구청,2023-01-20 18:57,매산동 팅스몰 주차장 출구 옆,고정형,2023-12-01,,,
2023,수원시,팔달구청,2023-01-20 18:59,인계동 드림캐슬주상복합,고정형,2023-12-01,,,
2023,수원시,영통구청,2023-01-20 19:01,영통동 마사회뒷길,고정형,2023-12-01,,,
2023,수원시,팔달구청,2023-01-20 19:17,인계동 드림캐슬주상복합,고정형,2023-12-01,,,
2023,수원시,팔달구청,2023-01-20 19:24,매산동 역전농협,고정형,2023-12-01,,,
2023,수원시,팔달구청,2023-01-20 19:34,경기도수원시팔달구매교동 수원시 팔달구 매교동 163,보행,2023-12-01,,,
2023,수원시,팔달구청,2023-01-20 19:34,경기도수원시팔달구매교동 수원시 팔달구 매교동 163,보행,2023-12-01,,,
2023,수원시,팔달구청,2023-01-20 19:39,인계동 드림캐슬주상복합,고정형,2023-12-01,,,
2023,수원시,팔달구청,2023-01-20 19:39,인계동 드림캐슬주상복합,고정형,2023-12-01,,,
2023,수원시,팔달구청,2023-01-20 20:01,화서1동 푸르지오자이 북문 CU 앞 횡단보도,고정형,2023-12-01,,,
2023,수원시,영통구청,2023-01-20 20:06,영통동 롯데마트 뒤,고정형,2023-12-01,37.27220279535416,127.10856729001851,
2023,수원시,영통구청,2023-01-20 20:14,망포동 방죽공원 교차 삼거리,고정형,2023-12-01,,,
2023,수원시,장안구청,2023-01-20 20:24,상광교동 광교버스정류장종점,고정형,2023-12-01,,,
2023,수원시,영통구청,2023-01-20 20:28,망포동 방죽공원 교차 삼거리,고정형,2023-12-01,,,
2023,수원시,팔달구청,2023-01-20 20:56,인계동 드림캐슬주상복합,고정형,2023-12-01,,,
2023,수원시,팔달구청,2023-01-20 21:18,인계동 드림캐슬주상복합,고정형,2023-12-01,,,
2023,수원시,팔달구청,2023-01-20 21:29,고등동 역전농협,고정형,2023-12-01,,,
2023,수원시,팔달구청,2023-01-20 21:32,인계동 드림캐슬주상복합,고정형,2023-12-01,,,
2023,수원시,팔달구청,2023-01-20 22:39,매교동 120-12 (소화전),국민신문고,2023-12-01,,,
2023,수원시,팔달구청,2023-01-20 22:39,매교동 120-12 (소화전),국민신문고,2023-12-01,,,
2023,수원시,팔달구청,2023-01-20 22:47,매교동 287-53 (횡단보도),국민신문고,2023-12-01,,,
2023,수원시,팔달구청,2023-01-20 22:47,매교동 287-53 (횡단보도),국민신문고,2023-12-01,,,
2023,수원시,팔달구청,2023-01-20 22:48,매교동 287-53 (횡단보도),국민신문고,2023-12-01,,,
2023,수원시,팔달구청,2023-01-20 23:43,매교동 287-478 (횡단보도),국민신문고,2023-12-01,,,
2023,수원시,팔달구청,2023-01-21 9:01,매산동 역전농협,고정형,2023-12-01,,,
2023,수원시,팔달구청,2023-01-21 9:01,매산동 역전농협,고정형,2023-12-01,,,
2023,수원시,팔달구청,2023-01-21 9:02,매산동 역전농협,고정형,2023-12-01,,,
2023,수원시,권선구청,2023-01-21 9:03,서둔동 가온팰리스옆2,고정형,2023-12-01,,,
2023,수원시,팔달구청,2023-01-21 9:05,인계동 드림캐슬주상복합,고정형,2023-12-01,,,
2023,수원시,팔달구청,2023-01-21 9:06,매산동 팅스몰 주차장 출구 옆,고정형,2023-12-01,,,
2023,수원시,팔달구청,2023-01-21 9:06,매산동 팅스몰 주차장 출구 옆,고정형,2023-12-01,,,
2023,수원시,팔달구청,2023-01-21 9:08,매산동 팅스몰 주차장 출구 옆,고정형,2023-12-01,,,
2023,수원시,팔달구청,2023-01-21 9:12,인계동 한국씨티은행,고정형,2023-12-01,,,
2023,수원시,장안구청,2023-01-21 9:19,정자동 정자동 383,국민신문고,2023-12-01,,,
2023,수원시,권선구청,2023-01-21 9:33,구운동 구운동 명품닭갈비,고정형,2023-12-01,,,
2023,수원시,권선구청,2023-01-21 9:52,서둔동 가온팰리스옆1,고정형,2023-12-01,,,
2023,수원시,팔달구청,2023-01-21 10:31,인계동 경인통계청,고정형,2023-12-01,,,
2023,수원시,팔달구청,2023-01-21 10:32,영동 영동 중부대로 24,주행형,2023-12-01,,,
2023,수원시,영통구청,2023-01-21 10:39,망포동 E-마트 에브리데이 앞,고정형,2023-12-01,37.2361017468141,127.060345496536,
2023,수원시,팔달구청,2023-01-21 10:46,인계동 경인통계청,고정형,2023-12-01,,,
2023,수원시,팔달구청,2023-01-21 11:54,행궁동 팔달문 버스정류장,고정형,2023-12-01,,,
2023,수원시,팔달구청,2023-01-21 11:56,매산동 역전농협,고정형,2023-12-01,,,
2023,수원시,팔달구청,2023-01-21 13:24,매산동 역전농협,고정형,2023-12-01,,,
2023,수원시,팔달구청,2023-01-21 13:34,행궁동 팔달문 버스정류장,고정형,2023-12-01,,,
2023,수원시,팔달구청,2023-01-21 14:02,행궁동 팔달문 버스정류장,고정형,2023-12-01,,,
2023,수원시,영통구청,2023-01-21 14:32,망포동 힐스테이트 119동 ~방죽공원 삼거리,고정형,2023-12-01,,,
2023,수원시,팔달구청,2023-01-21 14:33,인계동 경인통계청,고정형,2023-12-01,,,
2023,수원시,팔달구청,2023-01-21 14:33,인계동 경인통계청,고정형,2023-12-01,,,
2023,수원시,팔달구청,2023-01-21 14:33,인계동 경인통계청,고정형,2023-12-01,,,
2023,수원시,팔달구청,2023-01-21 14:34,매산동 팅스몰 주차장 출구 옆,고정형,2023-12-01,,,
2023,수원시,팔달구청,2023-01-21 14:34,매산동 팅스몰 주차장 출구 옆,고정형,2023-12-01,,,
2023,수원시,팔달구청,2023-01-21 14:34,매산동 팅스몰 주차장 출구 옆,고정형,2023-12-01,,,
2023,수원시,팔달구청,2023-01-21 14:34,인계동 드림캐슬주상복합,고정형,2023-12-01,,,
2023,수원시,권선구청,2023-01-21 14:39,서둔동 가온팰리스옆1,고정형,2023-12-01,,,
2023,수원시,권선구청,2023-01-21 14:41,오목천동 한화꿈에그린아파트 214동앞,고정형,2023-12-01,,,
2023,수원시,팔달구청,2023-01-21 14:52,행궁동 팔달문 버스정류장,고정형,2023-12-01,,,
2023,수원시,팔달구청,2023-01-21 15:26,인계동 경인통계청,고정형,2023-12-01,,,
2023,수원시,팔달구청,2023-01-21 15:26,신풍동 미술관로터리,고정형,2023-12-01,,,
2023,수원시,팔달구청,2023-01-21 15:58,행궁동 팔달문 버스정류장,고정형,2023-12-01,,,
2023,수원시,팔달구청,2023-01-21 16:02,행궁동 팔달문 버스정류장,고정형,2023-12-01,,,
2023,수원시,팔달구청,2023-01-21 16:02,행궁동 팔달문 버스정류장,고정형,2023-12-01,,,
2023,수원시,팔달구청,2023-01-21 16:05,매산동 팅스몰 주차장 출구 옆,고정형,2023-12-01,,,
2023,수원시,권선구청,2023-01-21 16:08,곡반정동 궁촌육교앞,고정형,2023-12-01,,,
2023,수원시,권선구청,2023-01-21 16:10,서둔동 가온팰리스옆1,고정형,2023-12-01,,,
2023,수원시,권선구청,2023-01-21 16:10,서둔동 가온팰리스옆1,고정형,2023-12-01,,,
2023,수원시,영통구청,2023-01-21 16:14,망포동 힐스테이트 119동 ~방죽공원 삼거리,고정형,2023-12-01,,,
2023,수원시,권선구청,2023-01-21 16:17,곡반정동 궁촌육교앞,고정형,2023-12-01,,,
2023,수원시,팔달구청,2023-01-21 16:36,인계동 경인통계청,고정형,2023-12-01,,,
2023,수원시,영통구청,2023-01-21 16:50,망포동 E-마트 에브리데이 앞,고정형,2023-12-01,37.2361017468141,127.060345496536,
2023,수원시,팔달구청,2023-01-21 16:56,매산동 팅스몰 주차장 출구 옆,고정형,2023-12-01,,,
2023,수원시,팔달구청,2023-01-21 17:11,매산동 팅스몰 주차장 출구 옆,고정형,2023-12-01,,,
2023,수원시,팔달구청,2023-01-21 17:11,매산동 팅스몰 주차장 출구 옆,고정형,2023-12-01,,,
2023,수원시,팔달구청,2023-01-21 17:12,매산동 팅스몰 주차장 출구 옆,고정형,2023-12-01,,,
2023,수원시,권선구청,2023-01-21 17:25,서둔동 수원역한라비발디퍼스트 앞1,고정형,2023-12-01,,,
2023,수원시,영통구청,2023-01-22 9:02,원천동 광교매원초등학교,고정형,2023-12-01,,,
2023,수원시,팔달구청,2023-01-22 9:02,매산동 팅스몰 주차장 출구 옆,고정형,2023-12-01,,,
2023,수원시,권선구청,2023-01-22 9:02,구운동 구운동 명품닭갈비,고정형,2023-12-01,,,
2023,수원시,권선구청,2023-01-22 9:03,서둔동 가온팰리스옆1,고정형,2023-12-01,,,
2023,수원시,팔달구청,2023-01-22 9:03,매산동 팅스몰 주차장 출구 옆,고정형,2023-12-01,,,
2023,수원시,권선구청,2023-01-22 9:04,오목천동 한화꿈에그린아파트 209동앞,고정형,2023-12-01,,,
2023,수원시,팔달구청,2023-01-22 9:04,매산동 팅스몰 주차장 출구 옆,고정형,2023-12-01,,,
2023,수원시,팔달구청,2023-01-22 9:05,인계동 경인통계청,고정형,2023-12-01,,,
2023,수원시,팔달구청,2023-01-22 9:06,매산동 팅스몰 주차장 출구 옆,고정형,2023-12-01,,,
2023,수원시,팔달구청,2023-01-22 9:20,매산동 팅스몰 주차장 출구 옆,고정형,2023-12-01,,,
2023,수원시,팔달구청,2023-01-22 9:31,인계동 드림캐슬주상복합,고정형,2023-12-01,,,
2023,수원시,팔달구청,2023-01-22 9:46,인계동 경인통계청,고정형,2023-12-01,,,
2023,수원시,팔달구청,2023-01-22 9:54,매산동 팅스몰 주차장 출구 옆,고정형,2023-12-01,,,
2023,수원시,팔달구청,2023-01-22 10:10,매산동 역전농협,고정형,2023-12-01,,,
2023,수원시,권선구청,2023-01-22 10:35,오목천동 한화꿈에그린아파트 214동앞,고정형,2023-12-01,,,
2023,수원시,영통구청,2023-01-22 10:45,망포동 E-마트 에브리데이 앞,고정형,2023-12-01,37.2361017468141,127.060345496536,
2023,수원시,팔달구청,2023-01-22 10:56,행궁동 팔달문 버스정류장,고정형,2023-12-01,,,
2023,수원시,팔달구청,2023-01-22 11:00,경기도수원시팔달구고등동 수원시 팔달구 고등동 50,보행,2023-12-01,,,
2023,수원시,영통구청,2023-01-22 11:56,망포동 방죽공원 교차 삼거리,고정형,2023-12-01,,,
2023,수원시,영통구청,2023-01-22 12:35,망포동 힐스테이트 119동 ~방죽공원 삼거리,고정형,2023-12-01,,,
2023,수원시,팔달구청,2023-01-22 12:56,행궁동 팔달문 버스정류장,고정형,2023-12-01,,,
2023,수원시,팔달구청,2023-01-22 13:48,행궁동 팔달문 버스정류장,고정형,2023-12-01,,,
2023,수원시,영통구청,2023-01-22 14:12,망포동 힐스테이트 119동 ~방죽공원 삼거리,고정형,2023-12-01,,,
2023,수원시,팔달구청,2023-01-22 14:17,중동 지동 465-36,국민신문고,2023-12-01,,,
2023,수원시,권선구청,2023-01-22 14:30,호매실동 금호프라자 대각 맞은편,고정형,2023-12-01,,,
2023,수원시,팔달구청,2023-01-22 14:32,신풍동 제일교회부설주차장 부근,고정형,2023-12-01,,,
2023,수원시,권선구청,2023-01-22 14:34,곡반정동 하나로마트한국빌딩앞,고정형,2023-12-01,,,
2023,수원시,팔달구청,2023-01-22 14:34,매산동 팅스몰 주차장 출구 옆,고정형,2023-12-01,,,
2023,수원시,팔달구청,2023-01-22 14:34,인계동 경인통계청,고정형,2023-12-01,,,
2023,수원시,팔달구청,2023-01-22 14:35,신풍동 미술관로터리,고정형,2023-12-01,,,
2023,수원시,팔달구청,2023-01-22 14:35,매산동 팅스몰 주차장 출구 옆,고정형,2023-12-01,,,
2023,수원시,팔달구청,2023-01-22 14:36,매산동 팅스몰 주차장 출구 옆,고정형,2023-12-01,,,
2023,수원시,권선구청,2023-01-22 14:38,오목천동 한화꿈에그린아파트 214동앞,고정형,2023-12-01,,,
2023,수원시,팔달구청,2023-01-22 14:46,인계동 경인통계청,고정형,2023-12-01,,,
2023,수원시,권선구청,2023-01-22 14:48,권선동 권선동 한라비발디앞 놀이터,고정형,2023-12-01,,,
2023,수원시,팔달구청,2023-01-22 15:19,매산동 팅스몰 주차장 출구 옆,고정형,2023-12-01,,,
2023,수원시,팔달구청,2023-01-22 15:23,매산동 팅스몰 주차장 출구 옆,고정형,2023-12-01,,,
2023,수원시,영통구청,2023-01-22 15:35,광교동 광교더사랑교회뒷길,고정형,2023-12-01,,,
2023,수원시,영통구청,2023-01-22 15:35,광교동 광교더사랑교회뒷길,고정형,2023-12-01,,,
2023,수원시,팔달구청,2023-01-22 15:39,매산동 팅스몰 주차장 출구 옆,고정형,2023-12-01,,,
2023,수원시,영통구청,2023-01-22 15:46,망포동 힐스테이트 119동 ~방죽공원 삼거리,고정형,2023-12-01,,,
2023,수원시,영통구청,2023-01-22 15:46,망포동 힐스테이트 119동 ~방죽공원 삼거리,고정형,2023-12-01,,,
2023,수원시,팔달구청,2023-01-22 16:06,매산동 팅스몰 주차장 출구 옆,고정형,2023-12-01,,,
2023,수원시,팔달구청,2023-01-22 16:09,매산동 팅스몰 주차장 출구 옆,고정형,2023-12-01,,,
2023,수원시,팔달구청,2023-01-22 16:09,매산동 팅스몰 주차장 출구 옆,고정형,2023-12-01,,,
2023,수원시,영통구청,2023-01-22 16:10,원천동 광교매원초등학교,고정형,2023-12-01,,,
2023,수원시,팔달구청,2023-01-22 16:22,매산동 역전농협,고정형,2023-12-01,,,
2023,수원시,권선구청,2023-01-22 16:26,서둔동 롯데몰9번출구앞주변,고정형,2023-12-01,,,
2023,수원시,팔달구청,2023-01-22 16:31,인계동 경인통계청,고정형,2023-12-01,,,
2023,수원시,팔달구청,2023-01-22 16:40,매산동 팅스몰 주차장 출구 옆,고정형,2023-12-01,,,
2023,수원시,팔달구청,2023-01-22 16:46,인계동 경인통계청,고정형,2023-12-01,,,
2023,수원시,팔달구청,2023-01-22 16:52,매산동 역전농협,고정형,2023-12-01,,,
2023,수원시,팔달구청,2023-01-22 17:25,매산동 팅스몰 주차장 출구 옆,고정형,2023-12-01,,,
2023,수원시,권선구청,2023-01-23 2:08,오목천동 527-5,국민신문고,2023-12-01,,,
2023,수원시,권선구청,2023-01-23 2:14,오목천동 527-21,국민신문고,2023-12-01,,,
2023,수원시,팔달구청,2023-01-23 9:02,매산동 팅스몰 주차장 출구 옆,고정형,2023-12-01,,,
2023,수원시,팔달구청,2023-01-23 9:03,매산동 팅스몰 주차장 출구 옆,고정형,2023-12-01,,,
2023,수원시,팔달구청,2023-01-23 9:03,매산동 팅스몰 주차장 출구 옆,고정형,2023-12-01,,,
2023,수원시,권선구청,2023-01-23 9:03,곡반정동 하나로마트한국빌딩앞,고정형,2023-12-01,,,
2023,수원시,권선구청,2023-01-23 9:04,호매실동 금호프라자 대각 맞은편,고정형,2023-12-01,,,
2023,수원시,영통구청,2023-01-23 9:09,광교동 광교더사랑교회뒷길,고정형,2023-12-01,,,
2023,수원시,팔달구청,2023-01-23 9:14,매산동 팅스몰 주차장 출구 옆,고정형,2023-12-01,,,
2023,수원시,영통구청,2023-01-23 10:54,원천동 삼성전자중문,고정형,2023-12-01,,,
2023,수원시,영통구청,2023-01-23 11:02,원천동 광교매원초등학교,고정형,2023-12-01,,,
2023,수원시,팔달구청,2023-01-23 11:25,행궁동 팔달문 버스정류장,고정형,2023-12-01,,,
2023,수원시,팔달구청,2023-01-23 11:40,행궁동 팔달문 버스정류장,고정형,2023-12-01,,,
2023,수원시,영통구청,2023-01-23 11:56,원천동 광교아이파크올웨이즈앞,고정형,2023-12-01,,,
2023,수원시,팔달구청,2023-01-23 11:58,매산동 역전농협,고정형,2023-12-01,,,
2023,수원시,영통구청,2023-01-23 12:32,원천동 광교아이파크올웨이즈앞,고정형,2023-12-01,,,
2023,수원시,영통구청,2023-01-23 12:32,원천동 광교아이파크올웨이즈앞,고정형,2023-12-01,,,
2023,수원시,영통구청,2023-01-23 12:34,원천동 삼성전자중문,고정형,2023-12-01,,,
2023,수원시,영통구청,2023-01-23 12:49,원천동 광교매원초등학교,고정형,2023-12-01,,,
2023,수원시,팔달구청,2023-01-23 13:14,행궁동 팔달문 버스정류장,고정형,2023-12-01,,,
2023,수원시,영통구청,2023-01-23 14:05,망포동 E-마트 에브리데이 앞,고정형,2023-12-01,37.2361017468141,127.060345496536,
2023,수원시,팔달구청,2023-01-23 14:33,신풍동 미술관로터리,고정형,2023-12-01,,,
2023,수원시,팔달구청,2023-01-23 14:33,인계동 드림캐슬주상복합,고정형,2023-12-01,,,
2023,수원시,팔달구청,2023-01-23 14:33,매산동 팅스몰 주차장 출구 옆,고정형,2023-12-01,,,
2023,수원시,팔달구청,2023-01-23 14:34,매산동 팅스몰 주차장 출구 옆,고정형,2023-12-01,,,
2023,수원시,팔달구청,2023-01-23 14:34,매산동 팔달로 10번길 8,고정형,2023-12-01,,,
2023,수원시,팔달구청,2023-01-23 14:38,매산동 팅스몰 주차장 출구 옆,고정형,2023-12-01,,,
2023,수원시,권선구청,2023-01-23 14:50,권선동 권선동 한라비발디앞 놀이터,고정형,2023-12-01,,,
2023,수원시,팔달구청,2023-01-23 14:55,신풍동 미술관로터리,고정형,2023-12-01,,,
2023,수원시,팔달구청,2023-01-23 14:55,신풍동 미술관로터리,고정형,2023-12-01,,,
2023,수원시,팔달구청,2023-01-23 15:01,매산동 팅스몰 주차장 출구 옆,고정형,2023-12-01,,,
2023,수원시,팔달구청,2023-01-23 15:03,행궁동 팔달문 버스정류장,고정형,2023-12-01,,,
2023,수원시,팔달구청,2023-01-23 15:03,행궁동 팔달문 버스정류장,고정형,2023-12-01,,,
2023,수원시,권선구청,2023-01-23 15:16,권선동 권선동 한라비발디앞 놀이터,고정형,2023-12-01,,,
2023,수원시,팔달구청,2023-01-23 15:18,매산동 팔달로 10번길 8,고정형,2023-12-01,,,
2023,수원시,팔달구청,2023-01-23 15:19,인계동 드림캐슬주상복합,고정형,2023-12-01,,,
2023,수원시,권선구청,2023-01-23 15:21,서둔동 가온팰리스옆1,고정형,2023-12-01,,,
2023,수원시,팔달구청,2023-01-23 15:22,매산동 팅스몰 주차장 출구 옆,고정형,2023-12-01,,,
2023,수원시,영통구청,2023-01-23 15:22,망포동 E-마트 에브리데이 앞,고정형,2023-12-01,37.2361017468141,127.060345496536,
2023,수원시,권선구청,2023-01-23 15:43,서둔동 가온팰리스옆1,고정형,2023-12-01,,,
2023,수원시,영통구청,2023-01-23 15:49,망포동 E-마트 에브리데이 앞,고정형,2023-12-01,37.2361017468141,127.060345496536,
2023,수원시,팔달구청,2023-01-23 16:03,매산동 팅스몰 주차장 출구 옆,고정형,2023-12-01,,,
2023,수원시,권선구청,2023-01-23 16:16,권선동 권선동 한라비발디앞 놀이터,고정형,2023-12-01,,,
2023,수원시,영통구청,2023-01-23 16:20,이의동 드림스퀘어Ⅱ 앞,고정형,2023-12-01,,,
2023,수원시,권선구청,2023-01-23 16:28,평동 수원역고가밑 (애경뒷길),고정형,2023-12-01,,,
2023,수원시,장안구청,2023-01-23 16:35,율전동 율전동 507,국민신문고,2023-12-01,,,
2023,수원시,팔달구청,2023-01-23 16:38,매산동 팔달로 10번길 8,고정형,2023-12-01,,,
2023,수원시,팔달구청,2023-01-23 16:42,매산동 팔달로 10번길 8,고정형,2023-12-01,,,
2023,수원시,팔달구청,2023-01-23 16:50,인계동 경인통계청,고정형,2023-12-01,,,
2023,수원시,팔달구청,2023-01-23 16:51,인계동 한국씨티은행,고정형,2023-12-01,,,
2023,수원시,팔달구청,2023-01-23 16:53,매산동 팅스몰 주차장 출구 옆,고정형,2023-12-01,,,
2023,수원시,팔달구청,2023-01-23 16:58,매산동 팅스몰 주차장 출구 옆,고정형,2023-12-01,,,
2023,수원시,팔달구청,2023-01-23 17:01,신풍동 미술관로터리,고정형,2023-12-01,,,
2023,수원시,팔달구청,2023-01-23 17:07,매산동 팔달로 10번길 8,고정형,2023-12-01,,,
2023,수원시,팔달구청,2023-01-23 17:21,인계동 경인통계청,고정형,2023-12-01,,,
2023,수원시,팔달구청,2023-01-23 17:21,인계동 경인통계청,고정형,2023-12-01,,,
2023,수원시,영통구청,2023-01-23 17:22,원천동 광교에일린의뜰 북측,고정형,2023-12-01,,,
2023,수원시,팔달구청,2023-01-23 17:28,매산동 팅스몰 주차장 출구 옆,고정형,2023-12-01,,,
2023,수원시,팔달구청,2023-01-23 17:30,신풍동 미술관로터리,고정형,2023-12-01,,,
2023,수원시,영통구청,2023-01-23 17:37,이의동 드림스퀘어Ⅱ 앞,고정형,2023-12-01,,,
2023,수원시,팔달구청,2023-01-23 17:39,인계동 한국씨티은행,고정형,2023-12-01,,,
2023,수원시,권선구청,2023-01-23 21:59,오목천동 527-12,국민신문고,2023-12-01,,,
2023,수원시,권선구청,2023-01-24 9:02,서둔동 가온팰리스옆2,고정형,2023-12-01,,,
2023,수원시,권선구청,2023-01-24 9:02,곡반정동 궁촌육교앞,고정형,2023-12-01,,,
2023,수원시,팔달구청,2023-01-24 9:03,매산동 팅스몰 주차장 출구 옆,고정형,2023-12-01,,,
2023,수원시,권선구청,2023-01-24 9:03,오목천동 한화꿈에그린아파트 209동앞,고정형,2023-12-01,,,
2023,수원시,팔달구청,2023-01-24 9:04,매산동 팅스몰 주차장 출구 옆,고정형,2023-12-01,,,
2023,수원시,팔달구청,2023-01-24 9:07,매산동 팅스몰 주차장 출구 옆,고정형,2023-12-01,,,
2023,수원시,팔달구청,2023-01-24 9:19,매산동 팅스몰 주차장 출구 옆,고정형,2023-12-01,,,
2023,수원시,권선구청,2023-01-24 9:52,권선동 권선동 한라비발디앞 놀이터,고정형,2023-12-01,,,
2023,수원시,팔달구청,2023-01-24 10:17,매산동 팅스몰 주차장 출구 옆,고정형,2023-12-01,,,
2023,수원시,영통구청,2023-01-24 10:18,원천동 광교매원초등학교,고정형,2023-12-01,,,
2023,수원시,영통구청,2023-01-24 10:18,원천동 광교매원초등학교,고정형,2023-12-01,,,
2023,수원시,권선구청,2023-01-24 10:37,곡반정동 하나로마트한국빌딩앞,고정형,2023-12-01,,,
2023,수원시,팔달구청,2023-01-24 11:22,행궁동 팔달문 버스정류장,고정형,2023-12-01,,,
2023,수원시,팔달구청,2023-01-24 11:52,경기도수원시팔달구남창동 수원시 팔달구 신풍동 121-20,보행,2023-12-01,,,
2023,수원시,팔달구청,2023-01-24 12:02,경기도수원시팔달구남창동 수원시 팔달구 우만동 31-2,보행,2023-12-01,,,
2023,수원시,영통구청,2023-01-24 12:09,망포동 E-마트 에브리데이 앞,고정형,2023-12-01,37.2361017468141,127.060345496536,
2023,수원시,팔달구청,2023-01-24 12:20,매산동 역전농협,고정형,2023-12-01,,,
2023,수원시,영통구청,2023-01-24 12:33,영통동 마사회뒷길,고정형,2023-12-01,,,
2023,수원시,영통구청,2023-01-24 12:46,광교동 광교더사랑교회뒷길,고정형,2023-12-01,,,
2023,수원시,영통구청,2023-01-24 12:46,광교동 광교더사랑교회뒷길,고정형,2023-12-01,,,
2023,수원시,영통구청,2023-01-24 12:47,영통구 영토동 1037-11,국민신문고,2023-12-01,,,
2023,수원시,팔달구청,2023-01-24 13:25,행궁동 팔달문 버스정류장,고정형,2023-12-01,,,
2023,수원시,권선구청,2023-01-24 14:33,곡반정동 궁촌육교앞,고정형,2023-12-01,,,
2023,수원시,팔달구청,2023-01-24 14:33,매산동 팔달로 10번길 8,고정형,2023-12-01,,,
2023,수원시,팔달구청,2023-01-24 14:34,매산동 팅스몰 주차장 출구 옆,고정형,2023-12-01,,,
2023,수원시,팔달구청,2023-01-24 14:35,매산동 팅스몰 주차장 출구 옆,고정형,2023-12-01,,,
2023,수원시,팔달구청,2023-01-24 14:35,인계동 드림캐슬주상복합,고정형,2023-12-01,,,
2023,수원시,팔달구청,2023-01-24 14:35,인계동 드림캐슬주상복합,고정형,2023-12-01,,,
2023,수원시,팔달구청,2023-01-24 14:38,매산동 덕영대로 895번길 9-8,고정형,2023-12-01,,,
2023,수원시,팔달구청,2023-01-24 14:39,매산동 팅스몰 주차장 출구 옆,고정형,2023-12-01,,,
2023,수원시,팔달구청,2023-01-24 14:40,인계동 드림캐슬주상복합,고정형,2023-12-01,,,
2023,수원시,영통구청,2023-01-24 14:43,망포동 E-마트 에브리데이 앞,고정형,2023-12-01,37.2361017468141,127.060345496536,
2023,수원시,권선구청,2023-01-24 14:44,곡반정동 궁촌육교앞,고정형,2023-12-01,,,
2023,수원시,팔달구청,2023-01-24 14:44,매산동 팅스몰 주차장 출구 옆,고정형,2023-12-01,,,
2023,수원시,권선구청,2023-01-24 14:46,곡반정동 하나로마트한국빌딩앞,고정형,2023-12-01,,,
2023,수원시,권선구청,2023-01-24 14:47,곡반정동 하나로마트한국빌딩앞,고정형,2023-12-01,,,
2023,수원시,팔달구청,2023-01-24 15:05,인계동 드림캐슬주상복합,고정형,2023-12-01,,,
2023,수원시,권선구청,2023-01-24 15:14,곡반정동 궁촌육교앞,고정형,2023-12-01,,,
2023,수원시,영통구청,2023-01-24 15:16,망포동 E-마트 에브리데이 앞,고정형,2023-12-01,37.2361017468141,127.060345496536,
2023,수원시,권선구청,2023-01-24 15:17,서둔동 가온팰리스옆2,고정형,2023-12-01,,,
2023,수원시,영통구청,2023-01-24 15:21,광교동 광교 덴티움지식산업센터 앞 사거리,고정형,2023-12-01,,,
2023,수원시,영통구청,2023-01-24 15:21,광교동 광교 덴티움지식산업센터 앞 사거리,고정형,2023-12-01,,,
2023,수원시,팔달구청,2023-01-24 15:22,인계동 드림캐슬주상복합,고정형,2023-12-01,,,
2023,수원시,팔달구청,2023-01-24 15:26,인계동 드림캐슬주상복합,고정형,2023-12-01,,,
2023,수원시,팔달구청,2023-01-24 15:33,매산동 팅스몰 주차장 출구 옆,고정형,2023-12-01,,,
2023,수원시,권선구청,2023-01-24 15:42,오목천동 한화꿈에그린아파트 209동앞,고정형,2023-12-01,,,
2023,수원시,팔달구청,2023-01-24 15:57,매산동 팅스몰 주차장 출구 옆,고정형,2023-12-01,,,
2023,수원시,팔달구청,2023-01-24 16:04,매산동 팅스몰 주차장 출구 옆,고정형,2023-12-01,,,
2023,수원시,팔달구청,2023-01-24 16:30,매산동 팔달로 10번길 8,고정형,2023-12-01,,,
2023,수원시,팔달구청,2023-01-24 16:39,매산동 팔달로 10번길 8,고정형,2023-12-01,,,
2023,수원시,권선구청,2023-01-24 17:06,곡반정동 하나로마트한국빌딩앞,고정형,2023-12-01,,,
2023,수원시,팔달구청,2023-01-24 17:13,매산동 팅스몰 주차장 출구 옆,고정형,2023-12-01,,,
2023,수원시,팔달구청,2023-01-24 17:17,인계동 드림캐슬주상복합,고정형,2023-12-01,,,
2023,수원시,권선구청,2023-01-24 17:29,곡반정동 하나로마트한국빌딩앞,고정형,2023-12-01,,,
2023,수원시,권선구청,2023-01-24 17:31,곡반정동 하나로마트한국빌딩앞,고정형,2023-12-01,,,
2023,수원시,영통구청,2023-01-24 20:49,하동 매탄동 1321,국민신문고,2023-12-01,,,
2023,수원시,영통구청,2023-01-24 20:49,하동 매탄동 1321,국민신문고,2023-12-01,,,
2023,수원시,영통구청,2023-01-25 7:30,광교동 광교더사랑교회뒷길,고정형,2023-12-01,,,
2023,수원시,팔달구청,2023-01-25 7:33,매산동 팅스몰 주차장 출구 옆,고정형,2023-12-01,,,
2023,수원시,팔달구청,2023-01-25 7:34,매산동 팅스몰 주차장 출구 옆,고정형,2023-12-01,,,
2023,수원시,팔달구청,2023-01-25 7:35,인계동 드림캐슬주상복합,고정형,2023-12-01,,,
2023,수원시,팔달구청,2023-01-25 7:35,매산동 팅스몰 주차장 출구 옆,고정형,2023-12-01,,,
2023,수원시,팔달구청,2023-01-25 7:39,매산동 팅스몰 주차장 출구 옆,고정형,2023-12-01,,,
2023,수원시,영통구청,2023-01-25 7:54,영통동 마사회뒷길,고정형,2023-12-01,,,
2023,수원시,권선구청,2023-01-25 8:01,평동 수원역고가밑 정류장,고정형,2023-12-01,,,
2023,수원시,권선구청,2023-01-25 8:03,서둔동 가온팰리스옆2,고정형,2023-12-01,,,
2023,수원시,권선구청,2023-01-25 8:04,곡반정동 하나로마트한국빌딩앞,고정형,2023-12-01,,,
2023,수원시,장안구청,2023-01-25 8:08,율전동 율전파출소,고정형,2023-12-01,,,
2023,수원시,팔달구청,2023-01-25 8:33,화서1동 화서초등학교 둘레길 중간지점,고정형,2023-12-01,,,
2023,수원시,팔달구청,2023-01-25 8:33,화서1동 화서초등학교 둘레길 중간지점,고정형,2023-12-01,,,
2023,수원시,권선구청,2023-01-25 8:59,서둔동 가온팰리스옆2,고정형,2023-12-01,,,
2023,수원시,영통구청,2023-01-25 9:04,하동 매탄동 1188-1,국민신문고,2023-12-01,,,
2023,수원시,장안구청,2023-01-25 9:13,정자3동 정자동 오일뱅크,고정형,2023-12-01,,,
2023,수원시,팔달구청,2023-01-25 9:23,매산동 팅스몰 주차장 출구 옆,고정형,2023-12-01,,,
2023,수원시,권선구청,2023-01-25 9:28,세류3동 신곡초교 후문 좌측 사거리,고정형,2023-12-01,,,
2023,수원시,팔달구청,2023-01-25 9:43,인계동 드림캐슬주상복합,고정형,2023-12-01,,,
2023,수원시,팔달구청,2023-01-25 9:48,인계동 드림캐슬주상복합,고정형,2023-12-01,,,
2023,수원시,팔달구청,2023-01-25 10:03,매산동 팅스몰 주차장 출구 옆,고정형,2023-12-01,,,
2023,수원시,장안구청,2023-01-25 10:03,정자3동 정자동 오일뱅크,고정형,2023-12-01,,,
2023,수원시,권선구청,2023-01-25 10:14,평동 오현초교 정문 우측 사거리,고정형,2023-12-01,,,
2023,수원시,팔달구청,2023-01-25 10:18,매산동 팅스몰 주차장 출구 옆,고정형,2023-12-01,,,
2023,수원시,권선구청,2023-01-25 10:28,세류3동 신곡초교 후문 좌측 사거리,고정형,2023-12-01,,,
2023,수원시,영통구청,2023-01-25 10:45,망포동 힐스테이트 119동 ~방죽공원 삼거리,고정형,2023-12-01,,,
2023,수원시,팔달구청,2023-01-25 10:46,인계동 드림캐슬주상복합,고정형,2023-12-01,,,
2023,수원시,영통구청,2023-01-25 11:36,망포동 힐스테이트 119동 ~방죽공원 삼거리,고정형,2023-12-01,,,
2023,수원시,팔달구청,2023-01-25 11:48,교동 수원향교 앞 팔달보건소 뒤,고정형,2023-12-01,,,
2023,수원시,영통구청,2023-01-25 11:57,영통동 롯데마트 뒤,고정형,2023-12-01,37.27220279535416,127.10856729001851,
2023,수원시,영통구청,2023-01-25 11:58,망포동 힐스테이트 119동 ~방죽공원 삼거리,고정형,2023-12-01,,,
2023,수원시,영통구청,2023-01-25 12:04,망포동 힐스테이트 119동 ~방죽공원 삼거리,고정형,2023-12-01,,,
2023,수원시,팔달구청,2023-01-25 12:15,교동 수원향교 앞 팔달보건소 뒤,고정형,2023-12-01,,,
2023,수원시,권선구청,2023-01-25 12:22,입북동 당수초교 정문 우측 사거리,고정형,2023-12-01,,,
2023,수원시,영통구청,2023-01-25 12:35,망포동 힐스테이트 119동 ~방죽공원 삼거리,고정형,2023-12-01,,,
2023,수원시,팔달구청,2023-01-25 12:44,매산동 역전농협,고정형,2023-12-01,,,
2023,수원시,영통구청,2023-01-25 13:22,망포동 힐스테이트 119동 ~방죽공원 삼거리,고정형,2023-12-01,,,
2023,수원시,팔달구청,2023-01-25 13:30,화서1동 화서초등학교 둘레길 중간지점,고정형,2023-12-01,,,
2023,수원시,장안구청,2023-01-25 13:58,상광교동 광교버스정류장종점,고정형,2023-12-01,,,
2023,수원시,팔달구청,2023-01-25 14:15,행궁동 팔달문 버스정류장,고정형,2023-12-01,,,
2023,수원시,팔달구청,2023-01-25 14:28,인계동 인계동 장다리로306,주행형,2023-12-01,,,
2023,수원시,팔달구청,2023-01-25 14:32,매산동 팅스몰 주차장 출구 옆,고정형,2023-12-01,,,
2023,수원시,영통구청,2023-01-25 14:32,이의동 드림스퀘어Ⅱ 앞,고정형,2023-12-01,,,
2023,수원시,권선구청,2023-01-25 14:35,호매실동 금호프라자 대각 맞은편,고정형,2023-12-01,,,
2023,수원시,팔달구청,2023-01-25 14:36,매산동 팅스몰 주차장 출구 옆,고정형,2023-12-01,,,
2023,수원시,팔달구청,2023-01-25 14:36,인계동 드림캐슬주상복합,고정형,2023-12-01,,,
2023,수원시,팔달구청,2023-01-25 14:40,인계동 드림캐슬주상복합,고정형,2023-12-01,,,
2023,수원시,팔달구청,2023-01-25 14:41,인계동 구천동 매산로169,주행형,2023-12-01,,,
2023,수원시,팔달구청,2023-01-25 14:47,경기도수원시팔달구우만동 수원시 팔달구 우만동 고가밑,보행,2023-12-01,,,
2023,수원시,팔달구청,2023-01-25 14:48,경기도수원시팔달구우만동 수원시 팔달구 우만동 고가밑,보행,2023-12-01,,,
2023,수원시,팔달구청,2023-01-25 14:59,매산동 팅스몰 주차장 출구 옆,고정형,2023-12-01,,,
2023,수원시,팔달구청,2023-01-25 15:10,인계동 드림캐슬주상복합,고정형,2023-12-01,,,
2023,수원시,권선구청,2023-01-25 15:11,경기도수원시권선구세류동 수원시 권선구 세류동 1033,보행,2023-12-01,,,
2023,수원시,영통구청,2023-01-25 15:13,망포동 힐스테이트 119동 ~방죽공원 삼거리,고정형,2023-12-01,,,
2023,수원시,팔달구청,2023-01-25 15:15,인계동 드림캐슬주상복합,고정형,2023-12-01,,,
2023,수원시,팔달구청,2023-01-25 15:17,경기도수원시팔달구팔달로2가 수원시 팔달구 행궁로 57,보행,2023-12-01,,,
2023,수원시,팔달구청,2023-01-25 15:19,경기도수원시팔달구남창동 수원시 팔달구 정조로777번길4,보행,2023-12-01,,,
2023,수원시,팔달구청,2023-01-25 15:30,인계동 한국씨티은행,고정형,2023-12-01,,,
2023,수원시,권선구청,2023-01-25 15:31,입북동 당수초교 정문 우측 사거리,고정형,2023-12-01,,,
2023,수원시,팔달구청,2023-01-25 15:59,매산동 팅스몰 주차장 출구 옆,고정형,2023-12-01,,,
2023,수원시,권선구청,2023-01-25 16:02,세류3동 신곡초교 후문 좌측 사거리,고정형,2023-12-01,,,
2023,수원시,팔달구청,2023-01-25 16:04,매산동 팅스몰 주차장 출구 옆,고정형,2023-12-01,,,
2023,수원시,권선구청,2023-01-25 16:07,서둔동 수원역한라비발디퍼스트 앞1,고정형,2023-12-01,,,
2023,수원시,영통구청,2023-01-25 16:11,이의동 드림스퀘어Ⅱ 앞,고정형,2023-12-01,,,
2023,수원시,팔달구청,2023-01-25 16:19,고등동 수원초등학교 정문 좌측 사거리,고정형,2023-12-01,,,
2023,수원시,팔달구청,2023-01-25 16:21,매산동 팅스몰 주차장 출구 옆,고정형,2023-12-01,,,
2023,수원시,영통구청,2023-01-25 16:39,영통동 보보스스포츠센터앞,고정형,2023-12-01,,,
2023,수원시,영통구청,2023-01-25 16:39,망포동 E-마트 에브리데이 앞,고정형,2023-12-01,37.2361017468141,127.060345496536,
2023,수원시,영통구청,2023-01-25 16:50,망포동 힐스테이트 119동 ~방죽공원 삼거리,고정형,2023-12-01,,,
2023,수원시,권선구청,2023-01-25 17:01,세류3동 신곡초교 후문 좌측 사거리,고정형,2023-12-01,,,
2023,수원시,팔달구청,2023-01-25 17:16,인계동 한국씨티은행,고정형,2023-12-01,,,
2023,수원시,영통구청,2023-01-25 17:18,영통동 보보스스포츠센터앞,고정형,2023-12-01,,,
2023,수원시,영통구청,2023-01-25 17:20,이의동 드림스퀘어Ⅱ 앞,고정형,2023-12-01,,,
2023,수원시,팔달구청,2023-01-25 17:55,인계동 드림캐슬주상복합,고정형,2023-12-01,,,
2023,수원시,영통구청,2023-01-25 18:29,영통동 마사회뒷길,고정형,2023-12-01,,,
2023,수원시,장안구청,2023-01-25 18:43,조원동 조원동 431-2,국민신문고,2023-12-01,,,
2023,수원시,장안구청,2023-01-25 18:46,조원동 조원동 431-2,국민신문고,2023-12-01,,,
2023,수원시,팔달구청,2023-01-25 18:59,매산동 팅스몰 주차장 출구 옆,고정형,2023-12-01,,,
2023,수원시,팔달구청,2023-01-25 19:08,매산동 역전농협,고정형,2023-12-01,,,
2023,수원시,팔달구청,2023-01-25 19:13,행궁동 팔달문 버스정류장,고정형,2023-12-01,,,
2023,수원시,장안구청,2023-01-25 19:29,경기도수원시장안구영화동 수원시 장안구 영화동 333,보행,2023-12-01,,,
2023,수원시,영통구청,2023-01-25 19:36,이의동 광교가재울마을사거리,고정형,2023-12-01,,,
2023,수원시,영통구청,2023-01-25 19:36,이의동 광교가재울마을사거리,고정형,2023-12-01,,,
2023,수원시,팔달구청,2023-01-25 19:37,인계동 드림캐슬주상복합,고정형,2023-12-01,,,
2023,수원시,팔달구청,2023-01-25 19:37,인계동 드림캐슬주상복합,고정형,2023-12-01,,,
2023,수원시,팔달구청,2023-01-25 19:47,인계동 드림캐슬주상복합,고정형,2023-12-01,,,
2023,수원시,팔달구청,2023-01-25 19:47,인계동 드림캐슬주상복합,고정형,2023-12-01,,,
2023,수원시,팔달구청,2023-01-25 20:02,인계동 드림캐슬주상복합,고정형,2023-12-01,,,
2023,수원시,영통구청,2023-01-25 20:18,이의동 광교가재울마을사거리,고정형,2023-12-01,,,
2023,수원시,영통구청,2023-01-25 20:18,이의동 광교가재울마을사거리,고정형,2023-12-01,,,
2023,수원시,팔달구청,2023-01-25 20:19,매산동 팅스몰 주차장 출구 옆,고정형,2023-12-01,,,
2023,수원시,팔달구청,2023-01-25 20:23,매산동 역전농협,고정형,2023-12-01,,,
2023,수원시,권선구청,2023-01-25 21:18,오목천동 527-21,국민신문고,2023-12-01,,,
2023,수원시,팔달구청,2023-01-26 8:07,매산동 팅스몰 주차장 출구 옆,고정형,2023-12-01,,,
2023,수원시,영통구청,2023-01-26 8:25,원천동 삼성전자중문,고정형,2023-12-01,,,
2023,수원시,영통구청,2023-01-26 9:49,영통동 롯데마트 뒤,고정형,2023-12-01,37.27220279535416,127.10856729001851,
2023,수원시,영통구청,2023-01-26 10:00,이의동 광교호반베르디움 103동 앞,고정형,2023-12-01,,,
2023,수원시,영통구청,2023-01-26 10:19,이의동 드림스퀘어Ⅱ 앞,고정형,2023-12-01,,,
2023,수원시,영통구청,2023-01-26 10:20,경기도수원시영통구영통동 수원시 영통구 영통동 964,보행,2023-12-01,,,
2023,수원시,팔달구청,2023-01-26 10:28,인계동 드림캐슬주상복합,고정형,2023-12-01,,,
2023,수원시,팔달구청,2023-01-26 10:46,인계동 드림캐슬주상복합,고정형,2023-12-01,,,
2023,수원시,영통구청,2023-01-26 12:37,영통동 롯데마트 뒤,고정형,2023-12-01,37.27220279535416,127.10856729001851,
2023,수원시,영통구청,2023-01-26 13:44,-1 영통동 1081,국민신문고,2023-12-01,,,
2023,수원시,팔달구청,2023-01-26 14:02,고등동 수원초등학교 정문 좌측 사거리,고정형,2023-12-01,,,
2023,수원시,영통구청,2023-01-26 14:05,경기도수원시영통구원천동 수원시 영통구 원천동 90,보행,2023-12-01,,,
2023,수원시,영통구청,2023-01-26 14:05,경기도수원시영통구원천동 수원시 영통구 원천동 90,보행,2023-12-01,,,
2023,수원시,권선구청,2023-01-26 14:13,입북동 당수초교 정문 우측 사거리,고정형,2023-12-01,,,
2023,수원시,영통구청,2023-01-26 14:33,영통동 보보스스포츠센터앞,고정형,2023-12-01,,,
2023,수원시,팔달구청,2023-01-26 14:35,인계동 드림캐슬주상복합,고정형,2023-12-01,,,
2023,수원시,팔달구청,2023-01-26 14:40,매산동 팅스몰 주차장 출구 옆,고정형,2023-12-01,,,
2023,수원시,팔달구청,2023-01-26 14:42,인계동 경인통계청,고정형,2023-12-01,,,
2023,수원시,팔달구청,2023-01-26 15:10,매산동 역전농협,고정형,2023-12-01,,,
2023,수원시,팔달구청,2023-01-26 15:12,인계동 한국씨티은행,고정형,2023-12-01,,,
2023,수원시,팔달구청,2023-01-26 15:12,인계동 드림캐슬주상복합,고정형,2023-12-01,,,
2023,수원시,장안구청,2023-01-26 15:32,천천동 화산로163번길,주행형,2023-12-01,,,
2023,수원시,팔달구청,2023-01-26 15:33,인계동 드림캐슬주상복합,고정형,2023-12-01,,,
2023,수원시,팔달구청,2023-01-26 15:33,인계동 드림캐슬주상복합,고정형,2023-12-01,,,
2023,수원시,권선구청,2023-01-26 15:35,세류3동 신곡초교 후문 좌측 사거리,고정형,2023-12-01,,,
2023,수원시,영통구청,2023-01-26 15:36,이의동 드림스퀘어Ⅱ 앞,고정형,2023-12-01,,,
2023,수원시,팔달구청,2023-01-26 15:42,인계동 경인통계청,고정형,2023-12-01,,,
2023,수원시,팔달구청,2023-01-26 15:47,인계동 드림캐슬주상복합,고정형,2023-12-01,,,
2023,수원시,팔달구청,2023-01-26 15:53,인계동 경인통계청,고정형,2023-12-01,,,
2023,수원시,팔달구청,2023-01-26 15:57,인계동 드림캐슬주상복합,고정형,2023-12-01,,,
2023,수원시,권선구청,2023-01-26 15:57,경기도수원시권선구고색동 수원시 권선구 고색동 73,보행,2023-12-01,,,
2023,수원시,장안구청,2023-01-26 16:02,정자3동 정자동 오일뱅크,고정형,2023-12-01,,,
2023,수원시,팔달구청,2023-01-26 16:28,인계동 경인통계청,고정형,2023-12-01,,,
2023,수원시,팔달구청,2023-01-26 16:31,매산동 팅스몰 주차장 출구 옆,고정형,2023-12-01,,,
2023,수원시,영통구청,2023-01-26 17:00,영통동 마사회뒷길,고정형,2023-12-01,,,
2023,수원시,팔달구청,2023-01-26 17:03,인계동 경인통계청,고정형,2023-12-01,,,
2023,수원시,권선구청,2023-01-26 17:20,권선2동 곡정초교 정문 좌측 사거리,고정형,2023-12-01,,,
2023,수원시,권선구청,2023-01-26 17:25,입북동 당수초교 정문 우측 사거리,고정형,2023-12-01,,,
2023,수원시,권선구청,2023-01-26 17:25,입북동 당수초교 정문 우측 사거리,고정형,2023-12-01,,,
2023,수원시,팔달구청,2023-01-26 18:05,인계동 드림캐슬주상복합,고정형,2023-12-01,,,
2023,수원시,팔달구청,2023-01-26 18:05,인계동 드림캐슬주상복합,고정형,2023-12-01,,,
2023,수원시,팔달구청,2023-01-26 18:52,매산동 팅스몰 주차장 출구 옆,고정형,2023-12-01,,,
2023,수원시,팔달구청,2023-01-26 19:02,매산동 역전농협,고정형,2023-12-01,,,
2023,수원시,권선구청,2023-01-26 19:11,곡반정동 경기도 수원시 권선구 곡반정동 562-2,국민신문고,2023-12-01,,,
2023,수원시,영통구청,2023-01-26 19:14,망포동 E-마트 에브리데이 앞,고정형,2023-12-01,37.2361017468141,127.060345496536,
2023,수원시,팔달구청,2023-01-26 19:49,매산동 팅스몰 주차장 출구 옆,고정형,2023-12-01,,,
2023,수원시,팔달구청,2023-01-26 20:14,행궁동 팔달문 버스정류장,고정형,2023-12-01,,,
2023,수원시,팔달구청,2023-01-26 20:18,고등동 교동 222,국민신문고,2023-12-01,,,
2023,수원시,권선구청,2023-01-26 20:19,경기도수원시권선구서둔동 수원시 권선구 서둔동 17,보행,2023-12-01,,,
2023,수원시,팔달구청,2023-01-26 20:28,인계동 드림캐슬주상복합,고정형,2023-12-01,,,
2023,수원시,팔달구청,2023-01-26 20:28,인계동 드림캐슬주상복합,고정형,2023-12-01,,,
2023,수원시,영통구청,2023-01-26 20:36,원천동 삼성전자중문,고정형,2023-12-01,,,
2023,수원시,영통구청,2023-01-26 20:36,망포동 E-마트 에브리데이 앞,고정형,2023-12-01,37.2361017468141,127.060345496536,
2023,수원시,팔달구청,2023-01-26 21:09,인계동 드림캐슬주상복합,고정형,2023-12-01,,,
2023,수원시,팔달구청,2023-01-26 21:09,인계동 드림캐슬주상복합,고정형,2023-12-01,,,
2023,수원시,팔달구청,2023-01-26 21:09,인계동 드림캐슬주상복합,고정형,2023-12-01,,,
2023,수원시,영통구청,2023-01-27 7:22,영통동 롯데마트 뒤,고정형,2023-12-01,37.27220279535416,127.10856729001851,
2023,수원시,팔달구청,2023-01-27 7:26,화서1동 푸르지오자이 북문 CU 앞 횡단보도,고정형,2023-12-01,,,
2023,수원시,영통구청,2023-01-27 7:32,이의동 광교호반베르디움 103동 앞,고정형,2023-12-01,,,
2023,수원시,팔달구청,2023-01-27 7:39,인계동 경인통계청,고정형,2023-12-01,,,
2023,수원시,영통구청,2023-01-27 7:45,망포동 힐스테이트 119동 ~방죽공원 삼거리,고정형,2023-12-01,,,
2023,수원시,권선구청,2023-01-27 8:08,권선2동 곡정초교 정문 좌측 사거리,고정형,2023-12-01,,,
2023,수원시,권선구청,2023-01-27 9:01,서둔동 롯데쇼핑몰 주차장입구,고정형,2023-12-01,,,
2023,수원시,팔달구청,2023-01-27 9:11,인계동 드림캐슬주상복합,고정형,2023-12-01,,,
2023,수원시,팔달구청,2023-01-27 9:13,매산동 역전농협,고정형,2023-12-01,,,
2023,수원시,팔달구청,2023-01-27 9:13,화서1동 화서초등학교 둘레길 중간지점,고정형,2023-12-01,,,
2023,수원시,팔달구청,2023-01-27 9:23,인계동 드림캐슬주상복합,고정형,2023-12-01,,,
2023,수원시,팔달구청,2023-01-27 9:43,교동 수원향교 앞 팔달보건소 뒤,고정형,2023-12-01,,,
2023,수원시,팔달구청,2023-01-27 9:55,인계동 드림캐슬주상복합,고정형,2023-12-01,,,
2023,수원시,권선구청,2023-01-27 10:13,경기도수원시권선구세류동 수원시 권선구 세류동 991,보행,2023-12-01,,,
2023,수원시,권선구청,2023-01-27 10:21,금곡동 가온초교 정문 우측 사거리,고정형,2023-12-01,,,
2023,수원시,영통구청,2023-01-27 10:28,원천동 아주로27번길,주행형,2023-12-01,,,
2023,수원시,팔달구청,2023-01-27 10:33,매산로2가 매산로2가 향교로 56,주행형,2023-12-01,,,
2023,수원시,권선구청,2023-01-27 10:35,구운동 구운동 명품닭갈비,고정형,2023-12-01,,,
2023,수원시,팔달구청,2023-01-27 10:35,인계동 드림캐슬주상복합,고정형,2023-12-01,,,
2023,수원시,팔달구청,2023-01-27 10:38,매산동 팔달로 10번길 8,고정형,2023-12-01,,,
2023,수원시,권선구청,2023-01-27 10:38,곡반정동 하나로마트한국빌딩앞,고정형,2023-12-01,,,
2023,수원시,팔달구청,2023-01-27 10:46,인계동 드림캐슬주상복합,고정형,2023-12-01,,,
2023,수원시,팔달구청,2023-01-27 10:46,인계동 드림캐슬주상복합,고정형,2023-12-01,,,
2023,수원시,영통구청,2023-01-27 10:50,영통동 마사회뒷길,고정형,2023-12-01,,,
2023,수원시,영통구청,2023-01-27 12:09,영통동 롯데마트 뒤,고정형,2023-12-01,37.27220279535416,127.10856729001851,
2023,수원시,팔달구청,2023-01-27 12:14,고등동 수원초등학교 정문 좌측 사거리,고정형,2023-12-01,,,
2023,수원시,팔달구청,2023-01-27 12:22,행궁동 팔달문 버스정류장,고정형,2023-12-01,,,
2023,수원시,영통구청,2023-01-27 12:22,광교동 광교더사랑교회뒷길,고정형,2023-12-01,,,
2023,수원시,권선구청,2023-01-27 12:42,입북동 당수초교 정문 우측 사거리,고정형,2023-12-01,,,
2023,수원시,권선구청,2023-01-27 12:42,입북동 당수초교 정문 우측 사거리,고정형,2023-12-01,,,
2023,수원시,권선구청,2023-01-27 13:09,입북동 당수초교 정문 우측 사거리,고정형,2023-12-01,,,
2023,수원시,영통구청,2023-01-27 13:25,영통동 롯데마트 뒤,고정형,2023-12-01,37.27220279535416,127.10856729001851,
2023,수원시,영통구청,2023-01-27 13:33,광교동 광교 덴티움지식산업센터 앞 사거리,고정형,2023-12-01,,,
2023,수원시,영통구청,2023-01-27 14:07,원천동 삼성전자중문,고정형,2023-12-01,,,
2023,수원시,영통구청,2023-01-27 14:25,망포동 E-마트 에브리데이 앞,고정형,2023-12-01,37.2361017468141,127.060345496536,
2023,수원시,영통구청,2023-01-27 14:34,이의동 광교호반베르디움 103동 앞,고정형,2023-12-01,,,
2023,수원시,영통구청,2023-01-27 14:34,이의동 광교호반베르디움 103동 앞,고정형,2023-12-01,,,
2023,수원시,팔달구청,2023-01-27 14:35,매산동 팅스몰 주차장 출구 옆,고정형,2023-12-01,,,
2023,수원시,권선구청,2023-01-27 14:36,평동 오현초교 정문 우측 사거리,고정형,2023-12-01,,,
2023,수원시,영통구청,2023-01-27 14:37,이의동 광교호반베르디움 103동 앞,고정형,2023-12-01,,,
2023,수원시,팔달구청,2023-01-27 14:38,인계동 경인통계청,고정형,2023-12-01,,,
2023,수원시,팔달구청,2023-01-27 14:43,인계동 드림캐슬주상복합,고정형,2023-12-01,,,
2023,수원시,팔달구청,2023-01-27 14:43,매산동 팅스몰 주차장 출구 옆,고정형,2023-12-01,,,
2023,수원시,영통구청,2023-01-27 14:43,원천동 삼성전자중문,고정형,2023-12-01,,,
2023,수원시,팔달구청,2023-01-27 14:47,인계동 한국씨티은행,고정형,2023-12-01,,,
2023,수원시,팔달구청,2023-01-27 15:02,인계동 드림캐슬주상복합,고정형,2023-12-01,,,
2023,수원시,팔달구청,2023-01-27 15:08,인계동 수원시 팔달구 인계동 863,보행,2023-12-01,,,
2023,수원시,팔달구청,2023-01-27 15:09,경기도수원시팔달구인계동 수원시 팔달구 인계동 863,보행,2023-12-01,,,
2023,수원시,팔달구청,2023-01-27 15:10,경기도수원시팔달구인계동 수원시 팔달구 인계동 863,보행,2023-12-01,,,
2023,수원시,팔달구청,2023-01-27 15:10,경기도수원시팔달구인계동 수원시 팔달구 인계동 863,보행,2023-12-01,,,
2023,수원시,팔달구청,2023-01-27 15:12,인계동 드림캐슬주상복합,고정형,2023-12-01,,,
2023,수원시,팔달구청,2023-01-27 15:12,인계동 드림캐슬주상복합,고정형,2023-12-01,,,
2023,수원시,권선구청,2023-01-27 15:15,평동 오현초교 정문 우측 사거리,고정형,2023-12-01,,,
2023,수원시,팔달구청,2023-01-27 15:15,인계동 드림캐슬주상복합,고정형,2023-12-01,,,
2023,수원시,팔달구청,2023-01-27 15:16,팔달로2가 팔달로2가 정조로 802,주행형,2023-12-01,,,
2023,수원시,팔달구청,2023-01-27 15:17,남수동 남수동 정조로800번길,주행형,2023-12-01,,,
2023,수원시,팔달구청,2023-01-27 15:17,남수동 남수동 정조로800번길,주행형,2023-12-01,,,
2023,수원시,팔달구청,2023-01-27 15:17,남수동 남수동 정조로800번길,주행형,2023-12-01,,,
2023,수원시,팔달구청,2023-01-27 15:18,팔달로2가 팔달로2가 정조로796번길,주행형,2023-12-01,,,
2023,수원시,팔달구청,2023-01-27 15:19,영동 영동 팔달문로9,주행형,2023-12-01,,,
2023,수원시,팔달구청,2023-01-27 15:19,영동 영동 수원천로275,주행형,2023-12-01,,,
2023,수원시,팔달구청,2023-01-27 15:19,영동 영동 수원천로275,주행형,2023-12-01,,,
2023,수원시,권선구청,2023-01-27 15:19,호매실동 금호프라자 대각 맞은편,고정형,2023-12-01,,,
2023,수원시,팔달구청,2023-01-27 15:20,매산동 팅스몰 주차장 출구 옆,고정형,2023-12-01,,,
2023,수원시,영통구청,2023-01-27 15:24,망포동 E-마트 에브리데이 앞,고정형,2023-12-01,37.2361017468141,127.060345496536,
2023,수원시,팔달구청,2023-01-27 15:27,인계동 드림캐슬주상복합,고정형,2023-12-01,,,
2023,수원시,팔달구청,2023-01-27 15:34,인계동 드림캐슬주상복합,고정형,2023-12-01,,,
2023,수원시,팔달구청,2023-01-27 15:40,인계동 드림캐슬주상복합,고정형,2023-12-01,,,
2023,수원시,영통구청,2023-01-27 15:47,광교동 광교더사랑교회뒷길,고정형,2023-12-01,,,
2023,수원시,영통구청,2023-01-27 15:51,이의동 드림스퀘어Ⅱ 앞,고정형,2023-12-01,,,
2023,수원시,권선구청,2023-01-27 15:59,세류3동 신곡초교 후문 좌측 사거리,고정형,2023-12-01,,,
2023,수원시,영통구청,2023-01-27 16:03,망포동 E-마트 에브리데이 앞,고정형,2023-12-01,37.2361017468141,127.060345496536,
2023,수원시,영통구청,2023-01-27 16:09,원천동 광교 한화겔러리아 앞,고정형,2023-12-01,,,
2023,수원시,영통구청,2023-01-27 16:44,망포동 E-마트 에브리데이 앞,고정형,2023-12-01,37.2361017468141,127.060345496536,
2023,수원시,영통구청,2023-01-27 16:47,원천동 삼성전자중문,고정형,2023-12-01,,,
2023,수원시,팔달구청,2023-01-27 16:50,인계동 드림캐슬주상복합,고정형,2023-12-01,,,
2023,수원시,팔달구청,2023-01-27 16:51,인계동 드림캐슬주상복합,고정형,2023-12-01,,,
2023,수원시,영통구청,2023-01-27 16:58,이의동 광교가재울마을사거리,고정형,2023-12-01,,,
2023,수원시,영통구청,2023-01-27 16:58,이의동 광교가재울마을사거리,고정형,2023-12-01,,,
2023,수원시,팔달구청,2023-01-27 17:02,신풍동 제일교회부설주차장 부근,고정형,2023-12-01,,,
2023,수원시,영통구청,2023-01-27 17:15,이의동 드림스퀘어Ⅱ 앞,고정형,2023-12-01,,,
2023,수원시,영통구청,2023-01-27 17:17,이의동 드림스퀘어Ⅱ 앞,고정형,2023-12-01,,,
2023,수원시,팔달구청,2023-01-27 17:28,인계동 드림캐슬주상복합,고정형,2023-12-01,,,
2023,수원시,팔달구청,2023-01-27 17:28,인계동 드림캐슬주상복합,고정형,2023-12-01,,,
2023,수원시,팔달구청,2023-01-27 17:45,매산동 팅스몰 주차장 출구 옆,고정형,2023-12-01,,,
2023,수원시,팔달구청,2023-01-27 17:46,인계동 한국씨티은행,고정형,2023-12-01,,,
2023,수원시,팔달구청,2023-01-27 17:53,인계동 드림캐슬주상복합,고정형,2023-12-01,,,
2023,수원시,영통구청,2023-01-27 18:14,망포동 E-마트 에브리데이 앞,고정형,2023-12-01,37.2361017468141,127.060345496536,
2023,수원시,팔달구청,2023-01-27 18:18,매산동 팅스몰 주차장 출구 옆,고정형,2023-12-01,,,
2023,수원시,팔달구청,2023-01-27 18:19,인계동 드림캐슬주상복합,고정형,2023-12-01,,,
2023,수원시,팔달구청,2023-01-27 18:23,고등동 수원초등학교 정문 좌측 사거리,고정형,2023-12-01,,,
2023,수원시,팔달구청,2023-01-27 18:51,매산동 팅스몰 주차장 출구 옆,고정형,2023-12-01,,,
2023,수원시,팔달구청,2023-01-27 19:17,매산동 팅스몰 주차장 출구 옆,고정형,2023-12-01,,,
2023,수원시,장안구청,2023-01-27 19:37,상광교동 광교버스정류장종점,고정형,2023-12-01,,,
2023,수원시,팔달구청,2023-01-27 19:38,인계동 드림캐슬주상복합,고정형,2023-12-01,,,
2023,수원시,팔달구청,2023-01-27 19:38,인계동 드림캐슬주상복합,고정형,2023-12-01,,,
2023,수원시,팔달구청,2023-01-27 19:47,인계동 드림캐슬주상복합,고정형,2023-12-01,,,
2023,수원시,팔달구청,2023-01-27 19:55,고등동 고등동 156-117,국민신문고,2023-12-01,,,
2023,수원시,권선구청,2023-01-27 19:56,권선동 주행형 (매탄로),보행,2023-12-01,,,
2023,수원시,팔달구청,2023-01-27 20:08,인계동 드림캐슬주상복합,고정형,2023-12-01,,,
2023,수원시,팔달구청,2023-01-27 20:09,인계동 드림캐슬주상복합,고정형,2023-12-01,,,
2023,수원시,팔달구청,2023-01-27 20:40,인계동 드림캐슬주상복합,고정형,2023-12-01,,,
2023,수원시,팔달구청,2023-01-27 20:48,매산동 팅스몰 주차장 출구 옆,고정형,2023-12-01,,,
2023,수원시,팔달구청,2023-01-27 21:07,인계동 드림캐슬주상복합,고정형,2023-12-01,,,
2023,수원시,팔달구청,2023-01-27 21:24,인계동 드림캐슬주상복합,고정형,2023-12-01,,,
2023,수원시,팔달구청,2023-01-28 9:02,매산동 팅스몰 주차장 출구 옆,고정형,2023-12-01,,,
2023,수원시,권선구청,2023-01-28 9:02,곡반정동 궁촌육교앞,고정형,2023-12-01,,,
2023,수원시,권선구청,2023-01-28 9:02,곡반정동 하나로마트한국빌딩앞,고정형,2023-12-01,,,
2023,수원시,팔달구청,2023-01-28 9:03,매산동 팅스몰 주차장 출구 옆,고정형,2023-12-01,,,
2023,수원시,팔달구청,2023-01-28 9:04,신풍동 제일교회부설주차장 부근,고정형,2023-12-01,,,
2023,수원시,팔달구청,2023-01-28 9:05,인계동 경인통계청,고정형,2023-12-01,,,
2023,수원시,팔달구청,2023-01-28 9:05,인계동 경인통계청,고정형,2023-12-01,,,
2023,수원시,팔달구청,2023-01-28 9:08,인계동 드림캐슬주상복합,고정형,2023-12-01,,,
2023,수원시,권선구청,2023-01-28 9:14,서둔동 수원역한라비발디퍼스트 앞1,고정형,2023-12-01,,,
2023,수원시,팔달구청,2023-01-28 9:21,매산동 팔달로 10번길 8,고정형,2023-12-01,,,
2023,수원시,영통구청,2023-01-28 9:28,광교동 광교더사랑교회뒷길,고정형,2023-12-01,,,
2023,수원시,팔달구청,2023-01-28 9:38,인계동 드림캐슬주상복합,고정형,2023-12-01,,,
2023,수원시,팔달구청,2023-01-28 10:02,인계동 드림캐슬주상복합,고정형,2023-12-01,,,
2023,수원시,영통구청,2023-01-28 10:40,망포동 E-마트 에브리데이 앞,고정형,2023-12-01,37.2361017468141,127.060345496536,
2023,수원시,영통구청,2023-01-28 10:41,하동 광교호반마을한양수자인,고정형,2023-12-01,,,
2023,수원시,팔달구청,2023-01-28 10:54,매산동 역전농협,고정형,2023-12-01,,,
2023,수원시,팔달구청,2023-01-28 11:00,화서1동 푸르지오자이 북문 CU 앞 횡단보도,고정형,2023-12-01,,,
2023,수원시,영통구청,2023-01-28 11:28,망포동 E-마트 에브리데이 앞,고정형,2023-12-01,37.2361017468141,127.060345496536,
2023,수원시,팔달구청,2023-01-28 11:30,화서1동 푸르지오자이 북문 CU 앞 횡단보도,고정형,2023-12-01,,,
2023,수원시,영통구청,2023-01-28 12:05,망포동 E-마트 에브리데이 앞,고정형,2023-12-01,37.2361017468141,127.060345496536,
2023,수원시,영통구청,2023-01-28 12:32,원천동 광교매원초등학교,고정형,2023-12-01,,,
2023,수원시,영통구청,2023-01-28 12:33,영통동 마사회뒷길,고정형,2023-12-01,,,
2023,수원시,팔달구청,2023-01-28 12:36,매산동 역전농협,고정형,2023-12-01,,,
2023,수원시,영통구청,2023-01-28 12:46,영통동 롯데마트 뒤,고정형,2023-12-01,37.27220279535416,127.10856729001851,
2023,수원시,영통구청,2023-01-28 13:06,영통동 마사회뒷길,고정형,2023-12-01,,,
2023,수원시,권선구청,2023-01-28 13:15,오목천동 26-5,국민신문고,2023-12-01,,,
2023,수원시,팔달구청,2023-01-28 13:19,화서1동 푸르지오자이 북문 CU 앞 횡단보도,고정형,2023-12-01,,,
2023,수원시,영통구청,2023-01-28 13:21,망포동 E-마트 에브리데이 앞,고정형,2023-12-01,37.2361017468141,127.060345496536,
2023,수원시,영통구청,2023-01-28 13:39,영통동 마사회뒷길,고정형,2023-12-01,,,
2023,수원시,영통구청,2023-01-28 13:49,망포동 E-마트 에브리데이 앞,고정형,2023-12-01,37.2361017468141,127.060345496536,
2023,수원시,영통구청,2023-01-28 14:11,영통동 롯데마트 뒤,고정형,2023-12-01,37.27220279535416,127.10856729001851,
2023,수원시,영통구청,2023-01-28 14:29,망포동 E-마트 에브리데이 앞,고정형,2023-12-01,37.2361017468141,127.060345496536,
2023,수원시,영통구청,2023-01-28 14:32,광교동 광교 덴티움지식산업센터 앞 사거리,고정형,2023-12-01,,,
2023,수원시,영통구청,2023-01-28 14:32,영통동 마사회뒷길,고정형,2023-12-01,,,
2023,수원시,팔달구청,2023-01-28 14:33,인계동 드림캐슬주상복합,고정형,2023-12-01,,,
2023,수원시,팔달구청,2023-01-28 14:33,인계동 경인통계청,고정형,2023-12-01,,,
2023,수원시,팔달구청,2023-01-28 14:33,매산동 팅스몰 주차장 출구 옆,고정형,2023-12-01,,,
2023,수원시,권선구청,2023-01-28 14:34,곡반정동 하나로마트한국빌딩앞,고정형,2023-12-01,,,
2023,수원시,영통구청,2023-01-28 14:34,하동 광교호반마을한양수자인,고정형,2023-12-01,,,
2023,수원시,팔달구청,2023-01-28 14:34,매산동 팅스몰 주차장 출구 옆,고정형,2023-12-01,,,
2023,수원시,권선구청,2023-01-28 14:34,곡반정동 하나로마트한국빌딩앞,고정형,2023-12-01,,,
2023,수원시,권선구청,2023-01-28 14:35,곡반정동 하나로마트한국빌딩앞,고정형,2023-12-01,,,
2023,수원시,팔달구청,2023-01-28 14:38,인계동 경인통계청,고정형,2023-12-01,,,
2023,수원시,영통구청,2023-01-28 14:39,이의동 광교가재울마을사거리,고정형,2023-12-01,,,
2023,수원시,팔달구청,2023-01-28 14:39,행궁동 화홍사랑채,고정형,2023-12-01,,,
2023,수원시,팔달구청,2023-01-28 14:41,인계동 경인통계청,고정형,2023-12-01,,,
2023,수원시,팔달구청,2023-01-28 14:44,매산동 팅스몰 주차장 출구 옆,고정형,2023-12-01,,,
2023,수원시,팔달구청,2023-01-28 14:48,행궁동 팔달문 버스정류장,고정형,2023-12-01,,,
2023,수원시,권선구청,2023-01-28 14:49,서둔동 가온팰리스옆2,고정형,2023-12-01,,,
2023,수원시,영통구청,2023-01-28 14:56,영통동 롯데마트 뒤,고정형,2023-12-01,37.27220279535416,127.10856729001851,
2023,수원시,영통구청,2023-01-28 14:59,원천동 삼성전자중문,고정형,2023-12-01,,,
2023,수원시,팔달구청,2023-01-28 15:00,매산동 팔달로 10번길 8,고정형,2023-12-01,,,
2023,수원시,영통구청,2023-01-28 15:02,영통동 마사회뒷길,고정형,2023-12-01,,,
2023,수원시,팔달구청,2023-01-28 15:03,인계동 경인통계청,고정형,2023-12-01,,,
2023,수원시,영통구청,2023-01-28 15:09,망포동 E-마트 에브리데이 앞,고정형,2023-12-01,37.2361017468141,127.060345496536,
2023,수원시,영통구청,2023-01-28 15:10,망포동 E-마트 에브리데이 앞,고정형,2023-12-01,37.2361017468141,127.060345496536,
2023,수원시,영통구청,2023-01-28 15:10,망포동 힐스테이트 119동 ~방죽공원 삼거리,고정형,2023-12-01,,,
2023,수원시,영통구청,2023-01-28 15:10,망포동 힐스테이트 119동 ~방죽공원 삼거리,고정형,2023-12-01,,,
2023,수원시,권선구청,2023-01-28 15:13,서둔동 가온팰리스옆2,고정형,2023-12-01,,,
2023,수원시,영통구청,2023-01-28 15:13,영통동 마사회뒷길,고정형,2023-12-01,,,
2023,수원시,영통구청,2023-01-28 15:17,영통동 마사회뒷길,고정형,2023-12-01,,,
2023,수원시,영통구청,2023-01-28 15:17,영통동 마사회뒷길,고정형,2023-12-01,,,
2023,수원시,팔달구청,2023-01-28 15:19,매산동 팅스몰 주차장 출구 옆,고정형,2023-12-01,,,
2023,수원시,영통구청,2023-01-28 15:24,망포동 힐스테이트 119동 ~방죽공원 삼거리,고정형,2023-12-01,,,
2023,수원시,권선구청,2023-01-28 15:26,호매실동 금호프라자 대각 맞은편,고정형,2023-12-01,,,
2023,수원시,권선구청,2023-01-28 15:26,곡반정동 하나로마트한국빌딩앞,고정형,2023-12-01,,,
2023,수원시,영통구청,2023-01-28 15:27,원천동 광교 한화겔러리아 앞,고정형,2023-12-01,,,
2023,수원시,팔달구청,2023-01-28 15:27,인계동 드림캐슬주상복합,고정형,2023-12-01,,,
2023,수원시,팔달구청,2023-01-28 15:28,인계동 경인통계청,고정형,2023-12-01,,,
2023,수원시,영통구청,2023-01-28 15:29,망포동 E-마트 에브리데이 앞,고정형,2023-12-01,37.2361017468141,127.060345496536,
2023,수원시,팔달구청,2023-01-28 15:31,인계동 드림캐슬주상복합,고정형,2023-12-01,,,
2023,수원시,팔달구청,2023-01-28 15:31,인계동 드림캐슬주상복합,고정형,2023-12-01,,,
2023,수원시,권선구청,2023-01-28 15:36,서둔동 수원역한라비발디퍼스트 앞1,고정형,2023-12-01,,,
2023,수원시,팔달구청,2023-01-28 15:39,신풍동 미술관로터리,고정형,2023-12-01,,,
2023,수원시,권선구청,2023-01-28 15:46,호매실동 금호프라자 대각 맞은편,고정형,2023-12-01,,,
2023,수원시,영통구청,2023-01-28 15:46,경기도수원시영통구매탄동 수원시 영통구 동수원로 322-1구두수선대2,보행,2023-12-01,,,
2023,수원시,영통구청,2023-01-28 15:46,경기도수원시영통구매탄동 수원시 영통구 동수원로 322-1구두수선대2,보행,2023-12-01,,,
2023,수원시,팔달구청,2023-01-28 15:47,매산동 팅스몰 주차장 출구 옆,고정형,2023-12-01,,,
2023,수원시,권선구청,2023-01-28 15:49,곡반정동 하나로마트한국빌딩앞,고정형,2023-12-01,,,
2023,수원시,권선구청,2023-01-28 15:49,곡반정동 하나로마트한국빌딩앞,고정형,2023-12-01,,,
2023,수원시,팔달구청,2023-01-28 15:52,매산동 팅스몰 주차장 출구 옆,고정형,2023-12-01,,,
2023,수원시,팔달구청,2023-01-28 15:52,인계동 드림캐슬주상복합,고정형,2023-12-01,,,
2023,수원시,영통구청,2023-01-28 15:58,영통동 마사회뒷길,고정형,2023-12-01,,,
2023,수원시,권선구청,2023-01-28 16:00,호매실동 금호프라자 대각 맞은편,고정형,2023-12-01,,,
2023,수원시,팔달구청,2023-01-28 16:05,매산동 팅스몰 주차장 출구 옆,고정형,2023-12-01,,,
2023,수원시,권선구청,2023-01-28 16:08,서둔동 수원역한라비발디퍼스트 앞1,고정형,2023-12-01,,,
2023,수원시,팔달구청,2023-01-28 16:10,매산동 팅스몰 주차장 출구 옆,고정형,2023-12-01,,,
2023,수원시,권선구청,2023-01-28 16:16,곡반정동 하나로마트한국빌딩앞,고정형,2023-12-01,,,
2023,수원시,영통구청,2023-01-28 16:17,망포동 힐스테이트 119동 ~방죽공원 삼거리,고정형,2023-12-01,,,
2023,수원시,영통구청,2023-01-28 16:18,영통동 보보스스포츠센터앞,고정형,2023-12-01,,,
2023,수원시,팔달구청,2023-01-28 16:18,매산동 팅스몰 주차장 출구 옆,고정형,2023-12-01,,,
2023,수원시,영통구청,2023-01-28 16:25,영통동 롯데마트 뒤,고정형,2023-12-01,37.27220279535416,127.10856729001851,
2023,수원시,영통구청,2023-01-28 16:26,이의동 광교가재울마을사거리,고정형,2023-12-01,,,
2023,수원시,권선구청,2023-01-28 16:29,서둔동 가온팰리스옆2,고정형,2023-12-01,,,
2023,수원시,팔달구청,2023-01-28 16:42,행궁동 화홍사랑채,고정형,2023-12-01,,,
2023,수원시,팔달구청,2023-01-28 16:46,신풍동 미술관로터리,고정형,2023-12-01,,,
2023,수원시,영통구청,2023-01-28 16:52,광교동 광교 덴티움지식산업센터 앞 사거리,고정형,2023-12-01,,,
2023,수원시,권선구청,2023-01-28 17:00,곡반정동 하나로마트한국빌딩앞,고정형,2023-12-01,,,
2023,수원시,팔달구청,2023-01-28 17:01,행궁동 팔달문 버스정류장,고정형,2023-12-01,,,
2023,수원시,팔달구청,2023-01-28 17:01,행궁동 팔달문 버스정류장,고정형,2023-12-01,,,
2023,수원시,영통구청,2023-01-28 17:01,광교동 광교더사랑교회뒷길,고정형,2023-12-01,,,
2023,수원시,팔달구청,2023-01-28 17:06,행궁동 화홍사랑채,고정형,2023-12-01,,,
2023,수원시,팔달구청,2023-01-28 17:07,인계동 드림캐슬주상복합,고정형,2023-12-01,,,
2023,수원시,팔달구청,2023-01-28 17:08,인계동 경인통계청,고정형,2023-12-01,,,
2023,수원시,팔달구청,2023-01-28 17:09,매산동 팅스몰 주차장 출구 옆,고정형,2023-12-01,,,
2023,수원시,영통구청,2023-01-28 17:12,영통동 보보스스포츠센터앞,고정형,2023-12-01,,,
2023,수원시,영통구청,2023-01-28 17:13,영통동 롯데마트 뒤,고정형,2023-12-01,37.27220279535416,127.10856729001851,
2023,수원시,팔달구청,2023-01-28 17:15,인계동 드림캐슬주상복합,고정형,2023-12-01,,,
2023,수원시,팔달구청,2023-01-28 17:16,매산동 팅스몰 주차장 출구 옆,고정형,2023-12-01,,,
2023,수원시,권선구청,2023-01-28 17:16,곡반정동 하나로마트한국빌딩앞,고정형,2023-12-01,,,
2023,수원시,권선구청,2023-01-28 17:16,곡반정동 하나로마트한국빌딩앞,고정형,2023-12-01,,,
2023,수원시,영통구청,2023-01-28 17:26,영통동 롯데마트 뒤,고정형,2023-12-01,37.27220279535416,127.10856729001851,
2023,수원시,영통구청,2023-01-28 17:27,영통동 롯데마트 뒤,고정형,2023-12-01,37.27220279535416,127.10856729001851,
2023,수원시,팔달구청,2023-01-28 17:29,매산동 팅스몰 주차장 출구 옆,고정형,2023-12-01,,,
2023,수원시,팔달구청,2023-01-28 17:42,인계동 경인통계청,고정형,2023-12-01,,,
2023,수원시,팔달구청,2023-01-28 17:45,인계동 한국씨티은행,고정형,2023-12-01,,,
2023,수원시,권선구청,2023-01-28 17:54,곡반정동 562-2,국민신문고,2023-12-01,,,
2023,수원시,권선구청,2023-01-28 17:55,곡반정동 562-2,국민신문고,2023-12-01,,,
2023,수원시,팔달구청,2023-01-28 18:59,매산동 팅스몰 주차장 출구 옆,고정형,2023-12-01,,,
2023,수원시,팔달구청,2023-01-28 19:04,인계동 드림캐슬주상복합,고정형,2023-12-01,,,
2023,수원시,팔달구청,2023-01-28 19:12,매산동 역전농협,고정형,2023-12-01,,,
2023,수원시,팔달구청,2023-01-28 19:41,인계동 드림캐슬주상복합,고정형,2023-12-01,,,
2023,수원시,팔달구청,2023-01-28 19:41,인계동 드림캐슬주상복합,고정형,2023-12-01,,,
2023,수원시,팔달구청,2023-01-28 19:57,화서1동 푸르지오자이 북문 CU 앞 횡단보도,고정형,2023-12-01,,,
2023,수원시,팔달구청,2023-01-28 20:03,인계동 드림캐슬주상복합,고정형,2023-12-01,,,
2023,수원시,팔달구청,2023-01-28 20:10,인계동 드림캐슬주상복합,고정형,2023-12-01,,,
2023,수원시,팔달구청,2023-01-28 20:16,매산동 팅스몰 주차장 출구 옆,고정형,2023-12-01,,,
2023,수원시,팔달구청,2023-01-28 20:20,화서1동 푸르지오자이 북문 CU 앞 횡단보도,고정형,2023-12-01,,,
2023,수원시,팔달구청,2023-01-28 20:20,매산동 팅스몰 주차장 출구 옆,고정형,2023-12-01,,,
2023,수원시,팔달구청,2023-01-28 20:23,매산동 팅스몰 주차장 출구 옆,고정형,2023-12-01,,,
2023,수원시,권선구청,2023-01-28 20:23,서둔동 1255,국민신문고,2023-12-01,,,
2023,수원시,팔달구청,2023-01-28 20:49,매산동 팅스몰 주차장 출구 옆,고정형,2023-12-01,,,
2023,수원시,권선구청,2023-01-28 20:55,곡반정동 927,국민신문고,2023-12-01,,,
2023,수원시,팔달구청,2023-01-28 22:05,고등동 고등동 180-9,국민신문고,2023-12-01,,,
2023,수원시,권선구청,2023-01-29 2:07,오목천동 527-5,국민신문고,2023-12-01,,,
2023,수원시,권선구청,2023-01-29 7:21,서둔동 1185,국민신문고,2023-12-01,,,
2023,수원시,권선구청,2023-01-29 9:02,곡반정동 하나로마트한국빌딩앞,고정형,2023-12-01,,,
2023,수원시,권선구청,2023-01-29 9:02,곡반정동 궁촌육교앞,고정형,2023-12-01,,,
2023,수원시,권선구청,2023-01-29 9:03,서둔동 가온팰리스옆1,고정형,2023-12-01,,,
2023,수원시,팔달구청,2023-01-29 9:03,매산동 팔달로 10번길 8,고정형,2023-12-01,,,
2023,수원시,팔달구청,2023-01-29 9:03,매산동 팔달로 10번길 8,고정형,2023-12-01,,,
2023,수원시,팔달구청,2023-01-29 9:03,매산동 팅스몰 주차장 출구 옆,고정형,2023-12-01,,,
2023,수원시,팔달구청,2023-01-29 9:03,매산동 팅스몰 주차장 출구 옆,고정형,2023-12-01,,,
2023,수원시,권선구청,2023-01-29 9:03,곡반정동 하나로마트한국빌딩앞,고정형,2023-12-01,,,
2023,수원시,권선구청,2023-01-29 9:03,곡반정동 궁촌육교앞,고정형,2023-12-01,,,
2023,수원시,팔달구청,2023-01-29 9:04,인계동 드림캐슬주상복합,고정형,2023-12-01,,,
2023,수원시,팔달구청,2023-01-29 9:04,화서1동 푸르지오자이 북문 CU 앞 횡단보도,고정형,2023-12-01,,,
2023,수원시,팔달구청,2023-01-29 9:04,매산동 팅스몰 주차장 출구 옆,고정형,2023-12-01,,,
2023,수원시,영통구청,2023-01-29 9:04,영통동 보보스스포츠센터앞,고정형,2023-12-01,,,
2023,수원시,팔달구청,2023-01-29 9:04,인계동 드림캐슬주상복합,고정형,2023-12-01,,,
2023,수원시,팔달구청,2023-01-29 9:05,인계동 경인통계청,고정형,2023-12-01,,,
2023,수원시,팔달구청,2023-01-29 9:05,인계동 경인통계청,고정형,2023-12-01,,,
2023,수원시,권선구청,2023-01-29 9:06,곡선동 권선중앙약국 건너편,고정형,2023-12-01,,,
2023,수원시,팔달구청,2023-01-29 9:06,인계동 드림캐슬주상복합,고정형,2023-12-01,,,
2023,수원시,팔달구청,2023-01-29 9:17,인계동 한국씨티은행,고정형,2023-12-01,,,
2023,수원시,팔달구청,2023-01-29 9:18,신풍동 제일교회부설주차장 부근,고정형,2023-12-01,,,
2023,수원시,권선구청,2023-01-29 9:21,평동 수원역고가밑 (애경뒷길),고정형,2023-12-01,,,
2023,수원시,팔달구청,2023-01-29 9:33,인계동 경인통계청,고정형,2023-12-01,,,
2023,수원시,권선구청,2023-01-29 9:39,서둔동 수원역한라비발디퍼스트 앞1,고정형,2023-12-01,,,
2023,수원시,팔달구청,2023-01-29 10:01,매산동 팅스몰 주차장 출구 옆,고정형,2023-12-01,,,
2023,수원시,팔달구청,2023-01-29 10:43,매산동 역전농협,고정형,2023-12-01,,,
2023,수원시,팔달구청,2023-01-29 10:50,경기도수원시팔달구화서동 수원시 팔달구 효원로292번길33-22,보행,2023-12-01,,,
2023,수원시,팔달구청,2023-01-29 10:50,경기도수원시팔달구화서동 수원시 팔달구 효원로292번길33-22,보행,2023-12-01,,,
2023,수원시,팔달구청,2023-01-29 11:39,행궁동 팔달문 버스정류장,고정형,2023-12-01,,,
2023,수원시,팔달구청,2023-01-29 12:24,행궁동 팔달문 버스정류장,고정형,2023-12-01,,,
2023,수원시,영통구청,2023-01-29 12:34,영통동 마사회뒷길,고정형,2023-12-01,,,
2023,수원시,장안구청,2023-01-29 12:35,상광교동 광교버스정류장종점,고정형,2023-12-01,,,
2023,수원시,영통구청,2023-01-29 12:36,영통동 마사회뒷길,고정형,2023-12-01,,,
2023,수원시,영통구청,2023-01-29 12:53,영통동 마사회뒷길,고정형,2023-12-01,,,
2023,수원시,영통구청,2023-01-29 13:26,망포동 힐스테이트 119동 ~방죽공원 삼거리,고정형,2023-12-01,,,
2023,수원시,영통구청,2023-01-29 13:26,망포동 힐스테이트 119동 ~방죽공원 삼거리,고정형,2023-12-01,,,
2023,수원시,팔달구청,2023-01-29 14:03,화서1동 푸르지오자이 북문 CU 앞 횡단보도,고정형,2023-12-01,,,
2023,수원시,팔달구청,2023-01-29 14:32,매산동 팔달로 10번길 8,고정형,2023-12-01,,,
2023,수원시,팔달구청,2023-01-29 14:33,매산동 팔달로 10번길 8,고정형,2023-12-01,,,
2023,수원시,권선구청,2023-01-29 14:33,곡반정동 궁촌육교앞,고정형,2023-12-01,,,
2023,수원시,권선구청,2023-01-29 14:33,곡반정동 궁촌육교앞,고정형,2023-12-01,,,
2023,수원시,팔달구청,2023-01-29 14:33,매산동 팔달로 10번길 8,고정형,2023-12-01,,,
2023,수원시,권선구청,2023-01-29 14:33,곡반정동 궁촌육교앞,고정형,2023-12-01,,,
2023,수원시,팔달구청,2023-01-29 14:34,인계동 경인통계청,고정형,2023-12-01,,,
2023,수원시,팔달구청,2023-01-29 14:34,인계동 드림캐슬주상복합,고정형,2023-12-01,,,
2023,수원시,팔달구청,2023-01-29 14:34,인계동 드림캐슬주상복합,고정형,2023-12-01,,,
2023,수원시,팔달구청,2023-01-29 14:35,매산동 팅스몰 주차장 출구 옆,고정형,2023-12-01,,,
2023,수원시,팔달구청,2023-01-29 14:36,인계동 경인통계청,고정형,2023-12-01,,,
2023,수원시,팔달구청,2023-01-29 14:36,화서1동 푸르지오자이 북문 CU 앞 횡단보도,고정형,2023-12-01,,,
2023,수원시,팔달구청,2023-01-29 14:42,매산동 역전농협,고정형,2023-12-01,,,
2023,수원시,팔달구청,2023-01-29 14:42,인계동 경인통계청,고정형,2023-12-01,,,
2023,수원시,권선구청,2023-01-29 14:48,오목천동 한화꿈에그린아파트 214동앞,고정형,2023-12-01,,,
2023,수원시,팔달구청,2023-01-29 14:52,매산동 팅스몰 주차장 출구 옆,고정형,2023-12-01,,,
2023,수원시,팔달구청,2023-01-29 14:55,인계동 경인통계청,고정형,2023-12-01,,,
2023,수원시,영통구청,2023-01-29 14:56,이의동 광교가재울마을사거리,고정형,2023-12-01,,,
2023,수원시,권선구청,2023-01-29 15:00,곡반정동 하나로마트한국빌딩앞,고정형,2023-12-01,,,
2023,수원시,팔달구청,2023-01-29 15:01,화서1동 푸르지오자이 북문 CU 앞 횡단보도,고정형,2023-12-01,,,
2023,수원시,권선구청,2023-01-29 15:02,금곡동 수원문산고속도로,주행형,2023-12-01,,,
2023,수원시,권선구청,2023-01-29 15:02,금곡동 수원문산고속도로,주행형,2023-12-01,,,
2023,수원시,권선구청,2023-01-29 15:04,곡반정동 하나로마트한국빌딩앞,고정형,2023-12-01,,,
2023,수원시,팔달구청,2023-01-29 15:06,인계동 경인통계청,고정형,2023-12-01,,,
2023,수원시,팔달구청,2023-01-29 15:08,매산동 팅스몰 주차장 출구 옆,고정형,2023-12-01,,,
2023,수원시,권선구청,2023-01-29 15:09,호매실동 금호프라자 대각 맞은편,고정형,2023-12-01,,,
2023,수원시,권선구청,2023-01-29 15:13,평동 수원역고가밑 (애경뒷길),고정형,2023-12-01,,,
2023,수원시,팔달구청,2023-01-29 15:13,매산동 팅스몰 주차장 출구 옆,고정형,2023-12-01,,,
2023,수원시,영통구청,2023-01-29 15:17,경기도수원시영통구망포동 수원시 영통구 망포동 677,보행,2023-12-01,,,
2023,수원시,팔달구청,2023-01-29 15:26,행궁동 팔달문 버스정류장,고정형,2023-12-01,,,
2023,수원시,팔달구청,2023-01-29 15:34,인계동 드림캐슬주상복합,고정형,2023-12-01,,,
2023,수원시,권선구청,2023-01-29 15:41,서둔동 롯데몰9번출구앞주변,고정형,2023-12-01,,,
2023,수원시,장안구청,2023-01-29 15:43,경기도수원시장안구파장동 수원시 장안구 파장동 211,보행,2023-12-01,,,
2023,수원시,장안구청,2023-01-29 15:44,경기도수원시장안구파장동 수원시 장안구 파장동 211,보행,2023-12-01,,,
2023,수원시,영통구청,2023-01-29 15:45,영통동 마사회뒷길,고정형,2023-12-01,,,
2023,수원시,팔달구청,2023-01-29 15:47,인계동 경인통계청,고정형,2023-12-01,,,
2023,수원시,권선구청,2023-01-29 15:53,곡반정동 궁촌육교앞,고정형,2023-12-01,,,
2023,수원시,팔달구청,2023-01-29 16:11,매산동 팅스몰 주차장 출구 옆,고정형,2023-12-01,,,
2023,수원시,영통구청,2023-01-29 16:12,영통동 롯데마트 뒤,고정형,2023-12-01,37.27220279535416,127.10856729001851,
2023,수원시,팔달구청,2023-01-29 16:15,인계동 드림캐슬주상복합,고정형,2023-12-01,,,
2023,수원시,팔달구청,2023-01-29 16:31,인계동 경인통계청,고정형,2023-12-01,,,
2023,수원시,팔달구청,2023-01-29 16:31,인계동 경인통계청,고정형,2023-12-01,,,
2023,수원시,영통구청,2023-01-29 16:41,이의동 광교가재울마을사거리,고정형,2023-12-01,,,
2023,수원시,영통구청,2023-01-29 16:41,이의동 광교가재울마을사거리,고정형,2023-12-01,,,
2023,수원시,권선구청,2023-01-29 16:42,평동 수원역고가밑 (애경뒷길),고정형,2023-12-01,,,
2023,수원시,권선구청,2023-01-29 16:42,평동 수원역고가밑 (애경뒷길),고정형,2023-12-01,,,
2023,수원시,팔달구청,2023-01-29 16:42,매산동 팅스몰 주차장 출구 옆,고정형,2023-12-01,,,
2023,수원시,팔달구청,2023-01-29 16:55,인계동 드림캐슬주상복합,고정형,2023-12-01,,,
2023,수원시,권선구청,2023-01-29 16:55,곡반정동 궁촌육교앞,고정형,2023-12-01,,,
2023,수원시,팔달구청,2023-01-29 16:58,인계동 경인통계청,고정형,2023-12-01,,,
2023,수원시,팔달구청,2023-01-29 16:58,인계동 경인통계청,고정형,2023-12-01,,,
2023,수원시,권선구청,2023-01-29 17:06,호매실동 금호프라자 대각 맞은편,고정형,2023-12-01,,,
2023,수원시,팔달구청,2023-01-29 17:16,화서1동 푸르지오자이 북문 CU 앞 횡단보도,고정형,2023-12-01,,,
2023,수원시,팔달구청,2023-01-29 17:17,행궁동 화홍사랑채,고정형,2023-12-01,,,
2023,수원시,팔달구청,2023-01-29 17:47,행궁동 화홍사랑채,고정형,2023-12-01,,,
2023,수원시,팔달구청,2023-01-29 18:03,행궁동 팔달문 버스정류장,고정형,2023-12-01,,,
2023,수원시,팔달구청,2023-01-29 18:13,매산동 팅스몰 주차장 출구 옆,고정형,2023-12-01,,,
2023,수원시,팔달구청,2023-01-29 18:13,매산동 팅스몰 주차장 출구 옆,고정형,2023-12-01,,,
2023,수원시,팔달구청,2023-01-29 19:19,매산동 팅스몰 주차장 출구 옆,고정형,2023-12-01,,,
2023,수원시,팔달구청,2023-01-29 20:11,매산동 팅스몰 주차장 출구 옆,고정형,2023-12-01,,,
2023,수원시,팔달구청,2023-01-29 20:20,매산동 팅스몰 주차장 출구 옆,고정형,2023-12-01,,,
2023,수원시,팔달구청,2023-01-29 20:26,매산동 팅스몰 주차장 출구 옆,고정형,2023-12-01,,,
2023,수원시,권선구청,2023-01-29 20:43,오목천동 527-21,국민신문고,2023-12-01,,,
2023,수원시,팔달구청,2023-01-30 7:32,매산동 팅스몰 주차장 출구 옆,고정형,2023-12-01,,,
2023,수원시,팔달구청,2023-01-30 7:35,인계동 드림캐슬주상복합,고정형,2023-12-01,,,
2023,수원시,팔달구청,2023-01-30 7:35,인계동 드림캐슬주상복합,고정형,2023-12-01,,,
2023,수원시,팔달구청,2023-01-30 7:36,매산동 팅스몰 주차장 출구 옆,고정형,2023-12-01,,,
2023,수원시,팔달구청,2023-01-30 7:37,인계동 드림캐슬주상복합,고정형,2023-12-01,,,
2023,수원시,팔달구청,2023-01-30 7:42,인계동 경인통계청,고정형,2023-12-01,,,
2023,수원시,권선구청,2023-01-30 8:02,서둔동 가온팰리스옆2,고정형,2023-12-01,,,
2023,수원시,권선구청,2023-01-30 8:07,곡반정동 곡정초교 정문 좌측 사거리,고정형,2023-12-01,,,
2023,수원시,권선구청,2023-01-30 8:10,세류3동 신곡초교 후문 좌측 사거리,고정형,2023-12-01,,,
2023,수원시,팔달구청,2023-01-30 8:12,인계동 드림캐슬주상복합,고정형,2023-12-01,,,
2023,수원시,팔달구청,2023-01-30 8:27,인계동 경인통계청,고정형,2023-12-01,,,
2023,수원시,권선구청,2023-01-30 8:57,권선2동 곡정초교 정문 좌측 사거리,고정형,2023-12-01,,,
2023,수원시,팔달구청,2023-01-30 9:12,화서1동 화서초등학교 둘레길 중간지점,고정형,2023-12-01,,,
2023,수원시,팔달구청,2023-01-30 9:14,인계동 드림캐슬주상복합,고정형,2023-12-01,,,
2023,수원시,장안구청,2023-01-30 9:17,정자3동 정자동 오일뱅크,고정형,2023-12-01,,,
2023,수원시,권선구청,2023-01-30 9:32,경기도수원시권선구금곡동 수원시 권선구 금곡동 9,보행,2023-12-01,,,
2023,수원시,팔달구청,2023-01-30 9:33,인계동 드림캐슬주상복합,고정형,2023-12-01,,,
2023,수원시,영통구청,2023-01-30 9:54,원천동 광교 한화겔러리아 앞,고정형,2023-12-01,,,
2023,수원시,영통구청,2023-01-30 10:01,원천동 광교 한화겔러리아 앞,고정형,2023-12-01,,,
2023,수원시,팔달구청,2023-01-30 10:02,인계동 드림캐슬주상복합,고정형,2023-12-01,,,
2023,수원시,팔달구청,2023-01-30 10:04,인계동 드림캐슬주상복합,고정형,2023-12-01,,,
2023,수원시,팔달구청,2023-01-30 10:09,화서1동 푸르지오자이 북문 CU 앞 횡단보도,고정형,2023-12-01,,,
2023,수원시,팔달구청,2023-01-30 10:11,북수동 북수동 수원천로 372,주행형,2023-12-01,,,
2023,수원시,권선구청,2023-01-30 10:16,금곡동 가온초교 정문 우측 사거리,고정형,2023-12-01,,,
2023,수원시,팔달구청,2023-01-30 10:24,인계동 경인통계청,고정형,2023-12-01,,,
2023,수원시,팔달구청,2023-01-30 10:24,인계동 경인통계청,고정형,2023-12-01,,,
2023,수원시,팔달구청,2023-01-30 10:28,장안동 장안동 화서문로17번길,주행형,2023-12-01,,,
2023,수원시,팔달구청,2023-01-30 10:28,장안동 장안동 화서문로17번길,주행형,2023-12-01,,,
2023,수원시,팔달구청,2023-01-30 10:28,장안동 장안동 화서문로17번길,주행형,2023-12-01,,,
2023,수원시,팔달구청,2023-01-30 10:29,장안동 장안동 화서문로17번길,주행형,2023-12-01,,,
2023,수원시,팔달구청,2023-01-30 10:31,고등동 수원초등학교 정문 좌측 사거리,고정형,2023-12-01,,,
2023,수원시,팔달구청,2023-01-30 10:32,북수동 북수동 정조로 869,주행형,2023-12-01,,,
2023,수원시,팔달구청,2023-01-30 10:43,인계동 드림캐슬주상복합,고정형,2023-12-01,,,
2023,수원시,영통구청,2023-01-30 11:00,망포동 E-마트 에브리데이 앞,고정형,2023-12-01,37.2361017468141,127.060345496536,
2023,수원시,영통구청,2023-01-30 11:13,망포동 힐스테이트 119동 ~방죽공원 삼거리,고정형,2023-12-01,,,
2023,수원시,권선구청,2023-01-30 11:33,입북동 당수초교 정문 우측 사거리,고정형,2023-12-01,,,
2023,수원시,영통구청,2023-01-30 11:59,망포동 힐스테이트 119동 ~방죽공원 삼거리,고정형,2023-12-01,,,
2023,수원시,영통구청,2023-01-30 12:04,영통동 롯데마트 뒤,고정형,2023-12-01,37.27220279535416,127.10856729001851,
2023,수원시,권선구청,2023-01-30 14:01,금곡동 가온초교 정문 우측 사거리,고정형,2023-12-01,,,
2023,수원시,영통구청,2023-01-30 14:16,이의동 창룡대로298번길,주행형,2023-12-01,,,
2023,수원시,팔달구청,2023-01-30 14:19,경기도수원시팔달구화서동 수원시 팔달구 팔달로141길13,보행,2023-12-01,,,
2023,수원시,권선구청,2023-01-30 14:35,서둔동 가온팰리스옆2,고정형,2023-12-01,,,
2023,수원시,팔달구청,2023-01-30 14:35,인계동 드림캐슬주상복합,고정형,2023-12-01,,,
2023,수원시,팔달구청,2023-01-30 14:36,고등동 수원초등학교 정문 좌측 사거리,고정형,2023-12-01,,,
2023,수원시,영통구청,2023-01-30 14:38,이의동 드림스퀘어Ⅱ 앞,고정형,2023-12-01,,,
2023,수원시,영통구청,2023-01-30 14:38,이의동 드림스퀘어Ⅱ 앞,고정형,2023-12-01,,,
2023,수원시,권선구청,2023-01-30 14:38,서둔동 롯데몰 평동로입구,고정형,2023-12-01,,,
2023,수원시,팔달구청,2023-01-30 14:40,인계동 드림캐슬주상복합,고정형,2023-12-01,,,
2023,수원시,장안구청,2023-01-30 14:44,상광교동 광교버스정류장종점,고정형,2023-12-01,,,
2023,수원시,권선구청,2023-01-30 14:45,입북동 율전로37번길,주행형,2023-12-01,,,
2023,수원시,권선구청,2023-01-30 14:45,서둔동 가온팰리스옆2,고정형,2023-12-01,,,
2023,수원시,팔달구청,2023-01-30 14:45,매산동 팅스몰 주차장 출구 옆,고정형,2023-12-01,,,
2023,수원시,권선구청,2023-01-30 14:46,입북동 율전로37번길,주행형,2023-12-01,,,
2023,수원시,권선구청,2023-01-30 14:46,입북동 율전로37번길,주행형,2023-12-01,,,
2023,수원시,권선구청,2023-01-30 14:46,입북동 율전로37번길,주행형,2023-12-01,,,
2023,수원시,권선구청,2023-01-30 14:46,입북동 율전로37번길,주행형,2023-12-01,,,
2023,수원시,권선구청,2023-01-30 14:46,입북동 율전로37번길,주행형,2023-12-01,,,
2023,수원시,권선구청,2023-01-30 14:47,입북동 율전로37번길,주행형,2023-12-01,,,
2023,수원시,권선구청,2023-01-30 14:48,입북동 율전로37번길,주행형,2023-12-01,,,
2023,수원시,권선구청,2023-01-30 14:48,입북동 율전로37번길,주행형,2023-12-01,,,
2023,수원시,팔달구청,2023-01-30 14:48,매교동 매교동 효원로93번길,주행형,2023-12-01,,,
2023,수원시,권선구청,2023-01-30 14:48,입북동 율전로37번길,주행형,2023-12-01,,,
2023,수원시,영통구청,2023-01-30 14:58,이의동 드림스퀘어Ⅱ 앞,고정형,2023-12-01,,,
2023,수원시,팔달구청,2023-01-30 15:16,인계동 드림캐슬주상복합,고정형,2023-12-01,,,
2023,수원시,팔달구청,2023-01-30 15:25,인계동 경인통계청,고정형,2023-12-01,,,
2023,수원시,팔달구청,2023-01-30 15:44,고등동 수원초등학교 정문 좌측 사거리,고정형,2023-12-01,,,
2023,수원시,권선구청,2023-01-30 15:50,서둔동 가온팰리스옆1,고정형,2023-12-01,,,
2023,수원시,영통구청,2023-01-30 15:54,영통동 롯데마트 뒤,고정형,2023-12-01,37.27220279535416,127.10856729001851,
2023,수원시,영통구청,2023-01-30 15:54,영통동 롯데마트 뒤,고정형,2023-12-01,37.27220279535416,127.10856729001851,
2023,수원시,권선구청,2023-01-30 15:59,곡반정동 하나로마트한국빌딩앞,고정형,2023-12-01,,,
2023,수원시,영통구청,2023-01-30 16:04,영통동 롯데마트 뒤,고정형,2023-12-01,37.27220279535416,127.10856729001851,
2023,수원시,팔달구청,2023-01-30 16:13,인계동 경인통계청,고정형,2023-12-01,,,
2023,수원시,팔달구청,2023-01-30 16:21,인계동 드림캐슬주상복합,고정형,2023-12-01,,,
2023,수원시,팔달구청,2023-01-30 16:23,인계동 경인통계청,고정형,2023-12-01,,,
2023,수원시,팔달구청,2023-01-30 16:23,인계동 경인통계청,고정형,2023-12-01,,,
2023,수원시,영통구청,2023-01-30 16:35,원천동 삼성전자중문,고정형,2023-12-01,,,
2023,수원시,팔달구청,2023-01-30 16:45,인계동 드림캐슬주상복합,고정형,2023-12-01,,,
2023,수원시,팔달구청,2023-01-30 16:56,행궁동 팔달문 버스정류장,고정형,2023-12-01,,,
2023,수원시,권선구청,2023-01-30 17:08,입북동 당수초교 정문 우측 사거리,고정형,2023-12-01,,,
2023,수원시,팔달구청,2023-01-30 17:10,인계동 한국씨티은행,고정형,2023-12-01,,,
2023,수원시,영통구청,2023-01-30 17:17,망포동 힐스테이트 119동 ~방죽공원 삼거리,고정형,2023-12-01,,,
2023,수원시,팔달구청,2023-01-30 17:24,매산동 팅스몰 주차장 출구 옆,고정형,2023-12-01,,,
2023,수원시,권선구청,2023-01-30 17:25,평동 오목초교 정문 우측 삼거리,고정형,2023-12-01,,,
2023,수원시,팔달구청,2023-01-30 17:33,인계동 경인통계청,고정형,2023-12-01,,,
2023,수원시,권선구청,2023-01-30 17:44,호매실동 금호프라자 대각 맞은편,고정형,2023-12-01,,,
2023,수원시,팔달구청,2023-01-30 17:46,매산동 팅스몰 주차장 출구 옆,고정형,2023-12-01,,,
2023,수원시,팔달구청,2023-01-30 17:50,인계동 드림캐슬주상복합,고정형,2023-12-01,,,
2023,수원시,팔달구청,2023-01-30 18:26,인계동 드림캐슬주상복합,고정형,2023-12-01,,,
2023,수원시,장안구청,2023-01-30 18:41,천천동 화산로163번길,주행형,2023-12-01,,,
2023,수원시,장안구청,2023-01-30 18:42,천천동 화산로163번길,주행형,2023-12-01,,,
2023,수원시,팔달구청,2023-01-30 18:53,매산동 팅스몰 주차장 출구 옆,고정형,2023-12-01,,,
2023,수원시,장안구청,2023-01-30 18:53,율전동 율전동 507,국민신문고,2023-12-01,,,
2023,수원시,팔달구청,2023-01-30 19:07,인계동 드림캐슬주상복합,고정형,2023-12-01,,,
2023,수원시,팔달구청,2023-01-30 19:08,인계동 드림캐슬주상복합,고정형,2023-12-01,,,
2023,수원시,팔달구청,2023-01-30 19:16,인계동 드림캐슬주상복합,고정형,2023-12-01,,,
2023,수원시,팔달구청,2023-01-30 19:19,매산동 역전농협,고정형,2023-12-01,,,
2023,수원시,팔달구청,2023-01-30 19:36,인계동 드림캐슬주상복합,고정형,2023-12-01,,,
2023,수원시,팔달구청,2023-01-30 19:57,인계동 드림캐슬주상복합,고정형,2023-12-01,,,
2023,수원시,영통구청,2023-01-30 20:07,망포동 E-마트 에브리데이 앞,고정형,2023-12-01,37.2361017468141,127.060345496536,
2023,수원시,팔달구청,2023-01-30 20:14,인계동 드림캐슬주상복합,고정형,2023-12-01,,,
2023,수원시,영통구청,2023-01-30 20:16,이의동 광교호반베르디움 103동 앞,고정형,2023-12-01,,,
2023,수원시,영통구청,2023-01-30 20:16,이의동 광교호반베르디움 103동 앞,고정형,2023-12-01,,,
2023,수원시,팔달구청,2023-01-30 20:33,매교동 매교동 91-19,주민신고제,2023-12-01,,,
2023,수원시,권선구청,2023-01-31 0:44,곡반정동 562-2,국민신문고,2023-12-01,,,
2023,수원시,권선구청,2023-01-31 0:47,곡반정동 562-2,국민신문고,2023-12-01,,,
2023,수원시,권선구청,2023-01-31 0:49,곡반정동 562-2,국민신문고,2023-12-01,,,
2023,수원시,권선구청,2023-01-31 0:52,곡반정동 562-2,국민신문고,2023-12-01,,,
2023,수원시,권선구청,2023-01-31 0:52,오목천동 527-5,국민신문고,2023-12-01,,,
2023,수원시,권선구청,2023-01-31 0:54,오목천동 527-5,국민신문고,2023-12-01,,,
2023,수원시,권선구청,2023-01-31 0:54,오목천동 527-5,국민신문고,2023-12-01,,,
2023,수원시,권선구청,2023-01-31 6:05,곡반정동 562-2,국민신문고,2023-12-01,,,
2023,수원시,권선구청,2023-01-31 6:08,곡반정동 156-7,국민신문고,2023-12-01,,,
2023,수원시,팔달구청,2023-01-31 7:22,화서1동 푸르지오자이 북문 CU 앞 횡단보도,고정형,2023-12-01,,,
2023,수원시,팔달구청,2023-01-31 7:33,인계동 드림캐슬주상복합,고정형,2023-12-01,,,
2023,수원시,팔달구청,2023-01-31 7:34,매산동 팅스몰 주차장 출구 옆,고정형,2023-12-01,,,
2023,수원시,팔달구청,2023-01-31 7:34,매산동 팅스몰 주차장 출구 옆,고정형,2023-12-01,,,
2023,수원시,권선구청,2023-01-31 7:34,오목천동 966-6,국민신문고,2023-12-01,,,
2023,수원시,팔달구청,2023-01-31 7:35,인계동 드림캐슬주상복합,고정형,2023-12-01,,,
2023,수원시,권선구청,2023-01-31 8:02,곡반정동 하나로마트한국빌딩앞,고정형,2023-12-01,,,
2023,수원시,권선구청,2023-01-31 8:02,곡반정동 하나로마트한국빌딩앞,고정형,2023-12-01,,,
2023,수원시,권선구청,2023-01-31 8:04,권선2동 곡정초교 정문 좌측 사거리,고정형,2023-12-01,,,
2023,수원시,권선구청,2023-01-31 8:05,권선2동 곡정초교 정문 좌측 사거리,고정형,2023-12-01,,,
2023,수원시,권선구청,2023-01-31 8:06,곡반정동 하나로마트한국빌딩앞,고정형,2023-12-01,,,
2023,수원시,권선구청,2023-01-31 8:09,곡반정동 곡정초교 정문 좌측 사거리,고정형,2023-12-01,,,
2023,수원시,영통구청,2023-01-31 9:03,이의동 광교호반베르디움 103동 앞,고정형,2023-12-01,,,
2023,수원시,영통구청,2023-01-31 9:32,원천동 광교 한화겔러리아 앞,고정형,2023-12-01,,,
2023,수원시,권선구청,2023-01-31 9:32,서둔동 수원역한라비발디퍼스트 앞1,고정형,2023-12-01,,,
2023,수원시,권선구청,2023-01-31 9:55,평동 고현초교 정문 좌측 삼거리,고정형,2023-12-01,,,
2023,수원시,장안구청,2023-01-31 10:03,천천동 화산로163번길,주행형,2023-12-01,,,
2023,수원시,영통구청,2023-01-31 10:04,원천동 신원로284번길,주행형,2023-12-01,,,
2023,수원시,팔달구청,2023-01-31 10:10,매향동 매향동 창룡대로 48,주행형,2023-12-01,,,
2023,수원시,팔달구청,2023-01-31 10:11,남수동 남수동 창룡대로 59-1,주행형,2023-12-01,,,
2023,수원시,팔달구청,2023-01-31 10:11,남수동 남수동 창룡대로 59-1,주행형,2023-12-01,,,
2023,수원시,팔달구청,2023-01-31 10:11,매향동 매향동 창룡대로 56,주행형,2023-12-01,,,
2023,수원시,팔달구청,2023-01-31 10:11,매향동 매향동 창룡대로 54,주행형,2023-12-01,,,
2023,수원시,팔달구청,2023-01-31 10:12,인계동 드림캐슬주상복합,고정형,2023-12-01,,,
2023,수원시,권선구청,2023-01-31 10:16,금곡동 가온초교 정문 우측 사거리,고정형,2023-12-01,,,
2023,수원시,권선구청,2023-01-31 10:18,세류3동 신곡초교 후문 좌측 사거리,고정형,2023-12-01,,,
2023,수원시,권선구청,2023-01-31 10:20,서둔동 롯데몰 육교건너,고정형,2023-12-01,,,
2023,수원시,권선구청,2023-01-31 10:20,서둔동 롯데몰 육교건너,고정형,2023-12-01,,,
2023,수원시,팔달구청,2023-01-31 10:24,매산동 팅스몰 주차장 출구 옆,고정형,2023-12-01,,,
2023,수원시,팔달구청,2023-01-31 10:30,교동 교동 매산로92번길,주행형,2023-12-01,,,
2023,수원시,팔달구청,2023-01-31 10:31,교동 교동 매산로92번길,주행형,2023-12-01,,,
2023,수원시,팔달구청,2023-01-31 10:31,교동 교동 매산로92번길,주행형,2023-12-01,,,
2023,수원시,팔달구청,2023-01-31 10:43,인계동 드림캐슬주상복합,고정형,2023-12-01,,,
2023,수원시,권선구청,2023-01-31 10:45,경기도수원시권선구서둔동 수원시 권선구 서둔동 243,보행,2023-12-01,,,
2023,수원시,영통구청,2023-01-31 10:48,망포동 영통로27번길,주행형,2023-12-01,,,
2023,수원시,영통구청,2023-01-31 10:48,망포동 영통로27번길,주행형,2023-12-01,,,
2023,수원시,영통구청,2023-01-31 11:10,망포동 E-마트 에브리데이 앞,고정형,2023-12-01,37.2361017468141,127.060345496536,
2023,수원시,영통구청,2023-01-31 11:39,원천동 광교 한화겔러리아 앞,고정형,2023-12-01,,,
2023,수원시,팔달구청,2023-01-31 11:54,교동 수원향교 앞 팔달보건소 뒤,고정형,2023-12-01,,,
2023,수원시,영통구청,2023-01-31 11:58,이의동 광교호반베르디움 103동 앞,고정형,2023-12-01,,,
2023,수원시,영통구청,2023-01-31 12:40,이의동 광교가재울마을사거리,고정형,2023-12-01,,,
2023,수원시,팔달구청,2023-01-31 12:52,고등동 수원초등학교 정문 좌측 사거리,고정형,2023-12-01,,,
2023,수원시,영통구청,2023-01-31 14:07,경기도수원시영통구매탄동 수원시 영통구 매탄동 404,보행,2023-12-01,,,
2023,수원시,영통구청,2023-01-31 14:07,경기도수원시영통구매탄동 수원시 영통구 매탄동 404,보행,2023-12-01,,,
2023,수원시,영통구청,2023-01-31 14:09,경기도수원시영통구매탄동 수원시 영통구 매탄동 404,보행,2023-12-01,,,
2023,수원시,영통구청,2023-01-31 14:09,경기도수원시영통구매탄동 수원시 영통구 매탄동 404,보행,2023-12-01,,,
2023,수원시,팔달구청,2023-01-31 14:20,화서1동 푸르지오자이 북문 CU 앞 횡단보도,고정형,2023-12-01,,,
2023,수원시,팔달구청,2023-01-31 14:33,경기도수원시팔달구우만동 수원시 팔달구 우만동 108,보행,2023-12-01,,,
2023,수원시,권선구청,2023-01-31 14:34,서둔동 가온팰리스옆2,고정형,2023-12-01,,,
2023,수원시,권선구청,2023-01-31 14:34,서둔동 가온팰리스옆2,고정형,2023-12-01,,,
2023,수원시,권선구청,2023-01-31 14:36,서둔동 수원역한라비발디퍼스트 앞1,고정형,2023-12-01,,,
2023,수원시,팔달구청,2023-01-31 14:36,매산로3가 매산로3가 향교로 61,주행형,2023-12-01,,,
2023,수원시,팔달구청,2023-01-31 14:48,중동 중동 행궁로 108,주행형,2023-12-01,,,
2023,수원시,팔달구청,2023-01-31 14:49,인계동 드림캐슬주상복합,고정형,2023-12-01,,,
2023,수원시,권선구청,2023-01-31 14:58,서둔동 수원역한라비발디퍼스트 앞1,고정형,2023-12-01,,,
2023,수원시,권선구청,2023-01-31 15:00,금곡동 금곡로222번길,주행형,2023-12-01,,,
2023,수원시,권선구청,2023-01-31 15:04,서둔동 롯데몰 평동로입구,고정형,2023-12-01,,,
2023,수원시,권선구청,2023-01-31 15:04,서둔동 롯데몰 평동로입구,고정형,2023-12-01,,,
2023,수원시,영통구청,2023-01-31 15:05,광교동 광교 덴티움지식산업센터 앞 사거리,고정형,2023-12-01,,,
2023,수원시,팔달구청,2023-01-31 15:11,북수동 쌈지공원 앞,고정형,2023-12-01,,,
2023,수원시,권선구청,2023-01-31 15:13,금곡동 금곡로222번길,주행형,2023-12-01,,,
2023,수원시,권선구청,2023-01-31 15:13,금곡동 금곡로222번길,주행형,2023-12-01,,,
2023,수원시,팔달구청,2023-01-31 15:17,인계동 한국씨티은행,고정형,2023-12-01,,,
2023,수원시,권선구청,2023-01-31 15:36,서둔동 수원역한라비발디퍼스트 앞1,고정형,2023-12-01,,,
2023,수원시,팔달구청,2023-01-31 15:40,인계동 드림캐슬주상복합,고정형,2023-12-01,,,
2023,수원시,영통구청,2023-01-31 15:44,영통동 보보스스포츠센터앞,고정형,2023-12-01,,,
2023,수원시,영통구청,2023-01-31 15:44,영통동 보보스스포츠센터앞,고정형,2023-12-01,,,
2023,수원시,영통구청,2023-01-31 15:48,원천동 삼성전자중문,고정형,2023-12-01,,,
2023,수원시,권선구청,2023-01-31 15:48,서둔동 가온팰리스옆2,고정형,2023-12-01,,,
2023,수원시,팔달구청,2023-01-31 15:54,인계동 경인통계청,고정형,2023-12-01,,,
2023,수원시,권선구청,2023-01-31 15:54,경기도수원시권선구대황교동 수원시 권선구 대황교동 1,보행,2023-12-01,,,
2023,수원시,영통구청,2023-01-31 16:35,영통동 롯데마트 뒤,고정형,2023-12-01,37.27220279535416,127.10856729001851,
2023,수원시,팔달구청,2023-01-31 16:37,고등동 수원초등학교 정문 좌측 사거리,고정형,2023-12-01,,,
2023,수원시,권선구청,2023-01-31 16:54,곡반정동 하나로마트한국빌딩앞,고정형,2023-12-01,,,
2023,수원시,권선구청,2023-01-31 16:54,곡반정동 하나로마트한국빌딩앞,고정형,2023-12-01,,,
2023,수원시,권선구청,2023-01-31 17:09,곡반정동 하나로마트한국빌딩앞,고정형,2023-12-01,,,
2023,수원시,권선구청,2023-01-31 17:09,곡반정동 하나로마트한국빌딩앞,고정형,2023-12-01,,,
2023,수원시,팔달구청,2023-01-31 17:13,신풍동 미술관로터리,고정형,2023-12-01,,,
2023,수원시,권선구청,2023-01-31 17:18,서둔동 롯데몰 육교건너,고정형,2023-12-01,,,
2023,수원시,팔달구청,2023-01-31 17:44,매산동 팔달로 10번길 8,고정형,2023-12-01,,,
2023,수원시,권선구청,2023-01-31 17:44,세류3동 신곡초교 후문 좌측 사거리,고정형,2023-12-01,,,
2023,수원시,권선구청,2023-01-31 17:44,곡반정동 하나로마트한국빌딩앞,고정형,2023-12-01,,,
2023,수원시,권선구청,2023-01-31 17:44,곡반정동 하나로마트한국빌딩앞,고정형,2023-12-01,,,
2023,수원시,팔달구청,2023-01-31 17:46,화서1동 화서초등학교 둘레길 중간지점,고정형,2023-12-01,,,
2023,수원시,권선구청,2023-01-31 17:48,곡반정동 하나로마트한국빌딩앞,고정형,2023-12-01,,,
2023,수원시,팔달구청,2023-01-31 17:52,인계동 드림캐슬주상복합,고정형,2023-12-01,,,
2023,수원시,팔달구청,2023-01-31 17:52,인계동 드림캐슬주상복합,고정형,2023-12-01,,,
2023,수원시,팔달구청,2023-01-31 18:25,인계동 드림캐슬주상복합,고정형,2023-12-01,,,
2023,수원시,팔달구청,2023-01-31 18:36,인계동 드림캐슬주상복합,고정형,2023-12-01,,,
2023,수원시,팔달구청,2023-01-31 18:37,인계동 드림캐슬주상복합,고정형,2023-12-01,,,
2023,수원시,팔달구청,2023-01-31 18:49,매산동 팔달로 10번길 8,고정형,2023-12-01,,,
2023,수원시,영통구청,2023-01-31 18:49,광교동 광교더사랑교회뒷길,고정형,2023-12-01,,,
2023,수원시,영통구청,2023-01-31 18:50,원천동 광교 한화겔러리아 앞,고정형,2023-12-01,,,
2023,수원시,팔달구청,2023-01-31 18:58,매산동 팅스몰 주차장 출구 옆,고정형,2023-12-01,,,
2023,수원시,팔달구청,2023-01-31 19:46,고등동 수원초등학교 정문 좌측 사거리,고정형,2023-12-01,,,
2023,수원시,팔달구청,2023-01-31 19:59,인계동 드림캐슬주상복합,고정형,2023-12-01,,,
2023,수원시,팔달구청,2023-01-31 20:05,인계동 드림캐슬주상복합,고정형,2023-12-01,,,
2023,수원시,영통구청,2023-01-31 20:31,영통동 롯데마트 뒤,고정형,2023-12-01,37.27220279535416,127.10856729001851,
2023,수원시,팔달구청,2023-01-31 20:33,매산동 팅스몰 주차장 출구 옆,고정형,2023-12-01,,,
2023,수원시,장안구청,2023-01-31 20:36,상광교동 광교버스정류장종점,고정형,2023-12-01,,,
2023,수원시,권선구청,2023-02-01 1:11,오목천동 527-57,국민신문고,2023-12-01,,,
2023,수원시,권선구청,2023-02-01 1:12,오목천동 527-12,국민신문고,2023-12-01,,,
2023,수원시,장안구청,2023-02-01 7:29,조원동 조원로41번길,주행형,2023-12-01,,,
2023,수원시,장안구청,2023-02-01 7:29,조원동 조원로41번길,주행형,2023-12-01,,,
2023,수원시,팔달구청,2023-02-01 7:32,인계동 드림캐슬주상복합,고정형,2023-12-01,,,
2023,수원시,팔달구청,2023-02-01 7:37,매산동 팅스몰 주차장 출구 옆,고정형,2023-12-01,,,
2023,수원시,권선구청,2023-02-01 8:04,권선2동 곡정초교 정문 좌측 사거리,고정형,2023-12-01,,,
2023,수원시,팔달구청,2023-02-01 8:07,인계동 드림캐슬주상복합,고정형,2023-12-01,,,
2023,수원시,권선구청,2023-02-01 8:25,권선2동 곡정초교 정문 좌측 사거리,고정형,2023-12-01,,,
2023,수원시,팔달구청,2023-02-01 8:33,인계동 화서초등학교 둘레길 중간지점,고정형,2023-12-01,,,
2023,수원시,영통구청,2023-02-01 8:44,영통구 이의동 177-1,국민신문고,2023-12-01,,,
2023,수원시,권선구청,2023-02-01 8:45,서둔동 가온팰리스옆2,고정형,2023-12-01,,,
2023,수원시,팔달구청,2023-02-01 9:05,인계동 드림캐슬주상복합,고정형,2023-12-01,,,
2023,수원시,영통구청,2023-02-01 9:12,영통동 마사회뒷길,고정형,2023-12-01,,,
2023,수원시,팔달구청,2023-02-01 9:14,인계동 드림캐슬주상복합,고정형,2023-12-01,,,
2023,수원시,팔달구청,2023-02-01 9:44,인계동 드림캐슬주상복합,고정형,2023-12-01,,,
2023,수원시,팔달구청,2023-02-01 10:20,경기도수원시팔달구고등동 수원시 팔달구 고화로9번길 18,보행,2023-12-01,,,
2023,수원시,영통구청,2023-02-01 10:22,영통동 롯데마트 뒤,고정형,2023-12-01,37.27220279535416,127.10856729001851,
2023,수원시,팔달구청,2023-02-01 10:28,고등동 팅스몰 주차장 출구 옆,고정형,2023-12-01,,,
2023,수원시,팔달구청,2023-02-01 10:28,인계동 경인통계청,고정형,2023-12-01,,,
2023,수원시,영통구청,2023-02-01 10:29,영통동 마사회뒷길,고정형,2023-12-01,,,
2023,수원시,영통구청,2023-02-01 11:11,이의동 광교가재울마을사거리,고정형,2023-12-01,,,
2023,수원시,영통구청,2023-02-01 11:27,원천동 삼성전자중문,고정형,2023-12-01,,,
2023,수원시,영통구청,2023-02-01 11:47,망포동 E-마트 에브리데이 앞,고정형,2023-12-01,37.2361017468141,127.060345496536,
2023,수원시,영통구청,2023-02-01 12:10,망포동 E-마트 에브리데이 앞,고정형,2023-12-01,37.2361017468141,127.060345496536,
2023,수원시,영통구청,2023-02-01 12:36,영통동 롯데마트 뒤,고정형,2023-12-01,37.27220279535416,127.10856729001851,
2023,수원시,영통구청,2023-02-01 12:36,영통동 롯데마트 뒤,고정형,2023-12-01,37.27220279535416,127.10856729001851,
2023,수원시,영통구청,2023-02-01 12:43,광교동 광교 덴티움지식산업센터 앞 사거리,고정형,2023-12-01,,,
2023,수원시,영통구청,2023-02-01 12:52,영통동 롯데마트 뒤,고정형,2023-12-01,37.27220279535416,127.10856729001851,
2023,수원시,영통구청,2023-02-01 12:56,영통동 마사회뒷길,고정형,2023-12-01,,,
2023,수원시,영통구청,2023-02-01 14:01,경기도수원시영통구매탄동 수원시 영통구 매탄동 404,보행,2023-12-01,,,
2023,수원시,영통구청,2023-02-01 14:02,경기도수원시영통구매탄동 수원시 영통구 매탄동 404,보행,2023-12-01,,,
2023,수원시,영통구청,2023-02-01 14:02,경기도수원시영통구매탄동 수원시 영통구 매탄동 404,보행,2023-12-01,,,
2023,수원시,영통구청,2023-02-01 14:02,경기도수원시영통구매탄동 수원시 영통구 매탄동 404,보행,2023-12-01,,,
2023,수원시,영통구청,2023-02-01 14:03,경기도수원시영통구매탄동 수원시 영통구 매탄동 404,보행,2023-12-01,,,
2023,수원시,영통구청,2023-02-01 14:04,경기도수원시영통구매탄동 수원시 영통구 매탄동 404,보행,2023-12-01,,,
2023,수원시,팔달구청,2023-02-01 14:18,행궁동 팔달문 버스정류장,고정형,2023-12-01,,,
2023,수원시,팔달구청,2023-02-01 14:27,중동 중동 행궁로 94-1,주행형,2023-12-01,,,
2023,수원시,권선구청,2023-02-01 14:31,평동 수원역고가밑 (애경뒷길),고정형,2023-12-01,,,
2023,수원시,영통구청,2023-02-01 14:33,영통동 보보스스포츠센터앞,고정형,2023-12-01,,,
2023,수원시,팔달구청,2023-02-01 14:34,매산동 팅스몰 주차장 출구 옆,고정형,2023-12-01,,,
2023,수원시,권선구청,2023-02-01 14:35,평동 오현초교 정문 우측 사거리,고정형,2023-12-01,,,
2023,수원시,권선구청,2023-02-01 14:35,평동 오현초교 정문 우측 사거리,고정형,2023-12-01,,,
2023,수원시,팔달구청,2023-02-01 14:37,매산동 팔달로 10번길 8,고정형,2023-12-01,,,
2023,수원시,팔달구청,2023-02-01 14:42,인계동 드림캐슬주상복합,고정형,2023-12-01,,,
2023,수원시,팔달구청,2023-02-01 14:58,인계동 드림캐슬주상복합,고정형,2023-12-01,,,
2023,수원시,권선구청,2023-02-01 15:00,세류3동 신곡초교 후문 좌측 사거리,고정형,2023-12-01,,,
2023,수원시,권선구청,2023-02-01 15:01,오목천동 459-4,국민신문고,2023-12-01,,,
2023,수원시,팔달구청,2023-02-01 15:17,인계동 드림캐슬주상복합,고정형,2023-12-01,,,
2023,수원시,팔달구청,2023-02-01 15:26,인계동 경인통계청,고정형,2023-12-01,,,
2023,수원시,팔달구청,2023-02-01 15:29,인계동 드림캐슬주상복합,고정형,2023-12-01,,,
2023,수원시,팔달구청,2023-02-01 15:30,인계동 경인통계청,고정형,2023-12-01,,,
2023,수원시,팔달구청,2023-02-01 15:36,인계동 경인통계청,고정형,2023-12-01,,,
2023,수원시,권선구청,2023-02-01 15:42,입북동 율전로37번길,주행형,2023-12-01,,,
2023,수원시,권선구청,2023-02-01 15:42,입북동 율전로37번길,주행형,2023-12-01,,,
2023,수원시,권선구청,2023-02-01 15:42,입북동 율전로37번길,주행형,2023-12-01,,,
2023,수원시,팔달구청,2023-02-01 15:43,인계동 드림캐슬주상복합,고정형,2023-12-01,,,
2023,수원시,권선구청,2023-02-01 15:44,입북동 율전로37번길,주행형,2023-12-01,,,
2023,수원시,영통구청,2023-02-01 15:46,원천동 광교매원초등학교,고정형,2023-12-01,,,
2023,수원시,영통구청,2023-02-01 15:51,망포동 E-마트 에브리데이 앞,고정형,2023-12-01,37.2361017468141,127.060345496536,
2023,수원시,권선구청,2023-02-01 16:04,세류3동 신곡초교 후문 좌측 사거리,고정형,2023-12-01,,,
2023,수원시,팔달구청,2023-02-01 16:25,인계동 드림캐슬주상복합,고정형,2023-12-01,,,
2023,수원시,팔달구청,2023-02-01 16:25,인계동 드림캐슬주상복합,고정형,2023-12-01,,,
2023,수원시,팔달구청,2023-02-01 16:33,인계동 드림캐슬주상복합,고정형,2023-12-01,,,
2023,수원시,권선구청,2023-02-01 17:09,입북동 당수초교 정문 우측 사거리,고정형,2023-12-01,,,
2023,수원시,팔달구청,2023-02-01 17:19,인계동 경인통계청,고정형,2023-12-01,,,
2023,수원시,팔달구청,2023-02-01 17:26,인계동 한국씨티은행,고정형,2023-12-01,,,
2023,수원시,팔달구청,2023-02-01 17:34,인계동 드림캐슬주상복합,고정형,2023-12-01,,,
2023,수원시,영통구청,2023-02-01 17:51,영통동 롯데마트 뒤,고정형,2023-12-01,37.27220279535416,127.10856729001851,
2023,수원시,팔달구청,2023-02-01 17:56,고등동 고등동 215-48,국민신문고,2023-12-01,,,
2023,수원시,영통구청,2023-02-01 18:16,경기도수원시영통구원천동 수원시 영통구 원천동 547,보행,2023-12-01,,,
2023,수원시,팔달구청,2023-02-01 18:29,매산동 팅스몰 주차장 출구 옆,고정형,2023-12-01,,,
2023,수원시,영통구청,2023-02-01 19:15,경기도수원시영통구망포동 수원시 영통구 망포동 413,보행,2023-12-01,,,
2023,수원시,팔달구청,2023-02-01 19:25,화서1동 푸르지오자이 북문 CU 앞 횡단보도,고정형,2023-12-01,,,
2023,수원시,팔달구청,2023-02-01 19:30,고등동 수원초등학교 정문 좌측 사거리,고정형,2023-12-01,,,
2023,수원시,팔달구청,2023-02-01 19:41,인계동 드림캐슬주상복합,고정형,2023-12-01,,,
2023,수원시,팔달구청,2023-02-01 19:45,인계동 드림캐슬주상복합,고정형,2023-12-01,,,
2023,수원시,팔달구청,2023-02-01 19:48,매산동 팅스몰 주차장 출구 옆,고정형,2023-12-01,,,
2023,수원시,팔달구청,2023-02-01 20:06,매산동 팅스몰 주차장 출구 옆,고정형,2023-12-01,,,
2023,수원시,팔달구청,2023-02-01 20:09,인계동 드림캐슬주상복합,고정형,2023-12-01,,,
2023,수원시,팔달구청,2023-02-01 20:31,매산동 팅스몰 주차장 출구 옆,고정형,2023-12-01,,,
2023,수원시,팔달구청,2023-02-01 20:33,경기도수원시팔달구화서동 수원시 팔달구 화서동 127,보행,2023-12-01,,,
2023,수원시,팔달구청,2023-02-01 20:34,경기도수원시팔달구화서동 수원시 팔달구 화서동 127,보행,2023-12-01,,,
2023,수원시,팔달구청,2023-02-01 21:26,인계동 드림캐슬주상복합,고정형,2023-12-01,,,
2023,수원시,팔달구청,2023-02-01 21:43,매교동 매교동 287-66,국민신문고,2023-12-01,,,
2023,수원시,팔달구청,2023-02-01 21:47,인계동 드림캐슬주상복합,고정형,2023-12-01,,,
2023,수원시,팔달구청,2023-02-01 21:48,매산동 역전농협,고정형,2023-12-01,,,
2023,수원시,권선구청,2023-02-01 23:01,오목천동 572-5,국민신문고,2023-12-01,,,
2023,수원시,팔달구청,2023-02-01 23:09,매교동 매교동 122-38,국민신문고,2023-12-01,,,
2023,수원시,팔달구청,2023-02-01 23:10,매교동 매교동 120-12,국민신문고,2023-12-01,,,
2023,수원시,권선구청,2023-02-02 6:02,곡반정동 562-9,국민신문고,2023-12-01,,,
2023,수원시,영통구청,2023-02-02 7:12,망포동 힐스테이트 119동 ~방죽공원 삼거리,고정형,2023-12-01,,,
2023,수원시,영통구청,2023-02-02 7:15,영통동 롯데마트 뒤,고정형,2023-12-01,37.27220279535416,127.10856729001851,
2023,수원시,팔달구청,2023-02-02 7:32,인계동 경인통계청,고정형,2023-12-01,,,
2023,수원시,팔달구청,2023-02-02 7:33,매산동 팅스몰 주차장 출구 옆,고정형,2023-12-01,,,
2023,수원시,팔달구청,2023-02-02 7:43,인계동 경인통계청,고정형,2023-12-01,,,
2023,수원시,권선구청,2023-02-02 8:02,곡반정동 하나로마트한국빌딩앞,고정형,2023-12-01,,,
2023,수원시,영통구청,2023-02-02 8:03,원천동 광교 한화겔러리아 앞,고정형,2023-12-01,,,
2023,수원시,권선구청,2023-02-02 8:03,곡반정동 하나로마트한국빌딩앞,고정형,2023-12-01,,,
2023,수원시,권선구청,2023-02-02 8:04,서둔동 수원역한라비발디퍼스트 앞1,고정형,2023-12-01,,,
2023,수원시,권선구청,2023-02-02 8:10,권선2동 곡정초교 정문 좌측 사거리,고정형,2023-12-01,,,
2023,수원시,영통구청,2023-02-02 8:46,광교동 광교 덴티움지식산업센터 앞 사거리,고정형,2023-12-01,,,
2023,수원시,팔달구청,2023-02-02 8:50,인계동 드림캐슬주상복합,고정형,2023-12-01,,,
2023,수원시,팔달구청,2023-02-02 8:50,인계동 드림캐슬주상복합,고정형,2023-12-01,,,
2023,수원시,권선구청,2023-02-02 9:05,곡반정동 하나로마트한국빌딩앞,고정형,2023-12-01,,,
2023,수원시,팔달구청,2023-02-02 9:15,매산동 팅스몰 주차장 출구 옆,고정형,2023-12-01,,,
2023,수원시,팔달구청,2023-02-02 9:19,인계동 드림캐슬주상복합,고정형,2023-12-01,,,
2023,수원시,권선구청,2023-02-02 9:49,곡반정동 궁촌육교앞,고정형,2023-12-01,,,
2023,수원시,팔달구청,2023-02-02 9:58,우만동 1049 (어린이보호구역),국민신문고,2023-12-01,,,
2023,수원시,팔달구청,2023-02-02 10:18,인계동 인계동 매산로 169,주행형,2023-12-01,,,
2023,수원시,팔달구청,2023-02-02 10:19,인계동 인계동 매산로 169,주행형,2023-12-01,,,
2023,수원시,팔달구청,2023-02-02 10:22,인계동 드림캐슬주상복합,고정형,2023-12-01,,,
2023,수원시,팔달구청,2023-02-02 10:28,경기도수원시팔달구화서동 수원시 팔달구 팔달문로75번길 80-17,보행,2023-12-01,,,
2023,수원시,팔달구청,2023-02-02 10:28,경기도수원시팔달구화서동 수원시 팔달구 팔달문로75번길 80-17,보행,2023-12-01,,,
2023,수원시,팔달구청,2023-02-02 10:30,인계동 한국씨티은행,고정형,2023-12-01,,,
2023,수원시,영통구청,2023-02-02 10:40,영통동 롯데마트 뒤,고정형,2023-12-01,37.27220279535416,127.10856729001851,
2023,수원시,팔달구청,2023-02-02 10:45,인계동 경인통계청,고정형,2023-12-01,,,
2023,수원시,권선구청,2023-02-02 10:49,평동 오목초교 정문 우측 삼거리,고정형,2023-12-01,,,
2023,수원시,장안구청,2023-02-02 11:29,경기도수원시장안구율전동 수원시 장안구 율전동 181,보행,2023-12-01,,,
2023,수원시,영통구청,2023-02-02 11:31,광교동 광교 덴티움지식산업센터 앞 사거리,고정형,2023-12-01,,,
2023,수원시,영통구청,2023-02-02 12:15,원천동 광교 한화겔러리아 앞,고정형,2023-12-01,,,
2023,수원시,영통구청,2023-02-02 13:11,영통동 롯데마트 뒤,고정형,2023-12-01,37.27220279535416,127.10856729001851,
2023,수원시,영통구청,2023-02-02 13:53,이의동 광교가재울마을사거리,고정형,2023-12-01,,,
2023,수원시,영통구청,2023-02-02 14:02,영통동 롯데마트 뒤,고정형,2023-12-01,37.27220279535416,127.10856729001851,
2023,수원시,영통구청,2023-02-02 14:08,영통동 마사회뒷길,고정형,2023-12-01,,,
2023,수원시,권선구청,2023-02-02 14:13,입북동 당수초교 정문 우측 사거리,고정형,2023-12-01,,,
2023,수원시,팔달구청,2023-02-02 14:20,남수동 남수동 정조로800번길,주행형,2023-12-01,,,
2023,수원시,영통구청,2023-02-02 14:21,이의동 창룡대로298번길,주행형,2023-12-01,,,
2023,수원시,영통구청,2023-02-02 14:21,이의동 창룡대로298번길,주행형,2023-12-01,,,
2023,수원시,팔달구청,2023-02-02 14:33,인계동 드림캐슬주상복합,고정형,2023-12-01,,,
2023,수원시,팔달구청,2023-02-02 14:33,인계동 드림캐슬주상복합,고정형,2023-12-01,,,
2023,수원시,팔달구청,2023-02-02 14:34,인계동 드림캐슬주상복합,고정형,2023-12-01,,,
2023,수원시,팔달구청,2023-02-02 14:34,인계동 드림캐슬주상복합,고정형,2023-12-01,,,
2023,수원시,팔달구청,2023-02-02 14:35,매산동 팅스몰 주차장 출구 옆,고정형,2023-12-01,,,
2023,수원시,팔달구청,2023-02-02 14:36,인계동 경인통계청,고정형,2023-12-01,,,
2023,수원시,권선구청,2023-02-02 14:37,서둔동 가온팰리스옆2,고정형,2023-12-01,,,
2023,수원시,팔달구청,2023-02-02 14:43,인계동 드림캐슬주상복합,고정형,2023-12-01,,,
2023,수원시,팔달구청,2023-02-02 14:45,매교동 매교동 효원로93번길,주행형,2023-12-01,,,
2023,수원시,팔달구청,2023-02-02 14:48,인계동 경인통계청,고정형,2023-12-01,,,
2023,수원시,팔달구청,2023-02-02 15:01,매산동 팅스몰 주차장 출구 옆,고정형,2023-12-01,,,
2023,수원시,팔달구청,2023-02-02 15:07,신풍동 제일교회부설주차장 부근,고정형,2023-12-01,,,
2023,수원시,팔달구청,2023-02-02 15:17,경기도수원시팔달구매교동 수원시 팔달구 매교동 163,보행,2023-12-01,,,
2023,수원시,영통구청,2023-02-02 15:18,이의동 드림스퀘어Ⅱ 앞,고정형,2023-12-01,,,
2023,수원시,팔달구청,2023-02-02 15:18,화서1동 푸르지오자이 북문 CU 앞 횡단보도,고정형,2023-12-01,,,
2023,수원시,팔달구청,2023-02-02 15:18,경기도수원시팔달구매교동 수원시 팔달구 매교동 163,보행,2023-12-01,,,
2023,수원시,팔달구청,2023-02-02 15:18,경기도수원시팔달구매교동 수원시 팔달구 매교동 163,보행,2023-12-01,,,
2023,수원시,팔달구청,2023-02-02 15:19,경기도수원시팔달구매교동 수원시 팔달구 매교동 163,보행,2023-12-01,,,
2023,수원시,팔달구청,2023-02-02 15:23,인계동 한국씨티은행,고정형,2023-12-01,,,
2023,수원시,권선구청,2023-02-02 15:37,금곡동 금곡로222번길,주행형,2023-12-01,,,
2023,수원시,팔달구청,2023-02-02 15:45,행궁동 팔달문 버스정류장,고정형,2023-12-01,,,
2023,수원시,영통구청,2023-02-02 15:46,영통동 마사회뒷길,고정형,2023-12-01,,,
2023,수원시,권선구청,2023-02-02 15:50,서둔동 가온팰리스옆2,고정형,2023-12-01,,,
2023,수원시,영통구청,2023-02-02 15:52,이의동 드림스퀘어Ⅱ 앞,고정형,2023-12-01,,,
2023,수원시,권선구청,2023-02-02 15:56,평동 고현초교 정문 좌측 삼거리,고정형,2023-12-01,,,
2023,수원시,팔달구청,2023-02-02 16:05,경기도수원시팔달구인계동 수원시 팔달구 지동481-9,보행,2023-12-01,,,
2023,수원시,권선구청,2023-02-02 16:18,세류3동 신곡초교 후문 좌측 사거리,고정형,2023-12-01,,,
2023,수원시,권선구청,2023-02-02 16:18,세류3동 신곡초교 후문 좌측 사거리,고정형,2023-12-01,,,
2023,수원시,권선구청,2023-02-02 16:24,서둔동 서둔로256번길,주행형,2023-12-01,,,
2023,수원시,권선구청,2023-02-02 16:24,서둔동 서둔로256번길,주행형,2023-12-01,,,
2023,수원시,영통구청,2023-02-02 16:43,이의동 드림스퀘어Ⅱ 앞,고정형,2023-12-01,,,
2023,수원시,팔달구청,2023-02-02 16:55,매산동 팔달로 10번길 8,고정형,2023-12-01,,,
2023,수원시,영통구청,2023-02-02 17:11,영통동 마사회뒷길,고정형,2023-12-01,,,
2023,수원시,팔달구청,2023-02-02 17:16,매산동 팅스몰 주차장 출구 옆,고정형,2023-12-01,,,
2023,수원시,권선구청,2023-02-02 17:18,서둔동 가온팰리스옆2,고정형,2023-12-01,,,
2023,수원시,권선구청,2023-02-02 17:18,서둔동 가온팰리스옆2,고정형,2023-12-01,,,
2023,수원시,영통구청,2023-02-02 17:19,영통동 롯데마트 뒤,고정형,2023-12-01,37.27220279535416,127.10856729001851,
2023,수원시,팔달구청,2023-02-02 17:48,고등동 수원초등학교 정문 좌측 사거리,고정형,2023-12-01,,,
2023,수원시,팔달구청,2023-02-02 18:08,인계동 드림캐슬주상복합,고정형,2023-12-01,,,
2023,수원시,팔달구청,2023-02-02 18:26,매산동 팅스몰 주차장 출구 옆,고정형,2023-12-01,,,
2023,수원시,팔달구청,2023-02-02 18:57,인계동 드림캐슬주상복합,고정형,2023-12-01,,,
2023,수원시,팔달구청,2023-02-02 19:07,매산동 팅스몰 주차장 출구 옆,고정형,2023-12-01,,,
2023,수원시,팔달구청,2023-02-02 19:10,화서1동 푸르지오자이 북문 CU 앞 횡단보도,고정형,2023-12-01,,,
2023,수원시,팔달구청,2023-02-02 19:13,인계동 드림캐슬주상복합,고정형,2023-12-01,,,
2023,수원시,영통구청,2023-02-02 19:13,광교동 광교 덴티움지식산업센터 앞 사거리,고정형,2023-12-01,,,
2023,수원시,영통구청,2023-02-02 19:13,광교동 광교 덴티움지식산업센터 앞 사거리,고정형,2023-12-01,,,
2023,수원시,팔달구청,2023-02-02 19:14,매산동 팅스몰 주차장 출구 옆,고정형,2023-12-01,,,
2023,수원시,팔달구청,2023-02-02 19:18,매산동 팅스몰 주차장 출구 옆,고정형,2023-12-01,,,
2023,수원시,팔달구청,2023-02-02 19:38,매산동 팅스몰 주차장 출구 옆,고정형,2023-12-01,,,
2023,수원시,팔달구청,2023-02-02 19:44,인계동 팅스몰 주차장 출구 옆,고정형,2023-12-01,,,
2023,수원시,팔달구청,2023-02-02 19:44,인계동 팅스몰 주차장 출구 옆,고정형,2023-12-01,,,
2023,수원시,팔달구청,2023-02-02 20:00,인계동 팅스몰 주차장 출구 옆,고정형,2023-12-01,,,
2023,수원시,팔달구청,2023-02-02 20:02,인계동 드림캐슬주상복합,고정형,2023-12-01,,,
2023,수원시,영통구청,2023-02-02 20:29,광교동 광교 덴티움지식산업센터 앞 사거리,고정형,2023-12-01,,,
2023,수원시,팔달구청,2023-02-02 21:22,인계동 드림캐슬주상복합,고정형,2023-12-01,,,
2023,수원시,팔달구청,2023-02-02 21:22,인계동 드림캐슬주상복합,고정형,2023-12-01,,,
2023,수원시,팔달구청,2023-02-02 21:23,인계동 드림캐슬주상복합,고정형,2023-12-01,,,
2023,수원시,팔달구청,2023-02-02 21:23,인계동 드림캐슬주상복합,고정형,2023-12-01,,,
2023,수원시,팔달구청,2023-02-02 21:48,매교동 287-480 (횡단보도),국민신문고,2023-12-01,,,
2023,수원시,권선구청,2023-02-03 0:57,오목천동 527-5,국민신문고,2023-12-01,,,
2023,수원시,권선구청,2023-02-03 6:06,곡반정동 562-2,국민신문고,2023-12-01,,,
2023,수원시,팔달구청,2023-02-03 7:32,인계동 경인통계청,고정형,2023-12-01,,,
2023,수원시,팔달구청,2023-02-03 7:32,인계동 드림캐슬주상복합,고정형,2023-12-01,,,
2023,수원시,팔달구청,2023-02-03 7:33,매산동 팅스몰 주차장 출구 옆,고정형,2023-12-01,,,
2023,수원시,팔달구청,2023-02-03 7:33,인계동 드림캐슬주상복합,고정형,2023-12-01,,,
2023,수원시,팔달구청,2023-02-03 7:39,인계동 드림캐슬주상복합,고정형,2023-12-01,,,
2023,수원시,팔달구청,2023-02-03 7:39,인계동 드림캐슬주상복합,고정형,2023-12-01,,,
2023,수원시,권선구청,2023-02-03 8:02,서둔동 수원역한라비발디퍼스트 앞1,고정형,2023-12-01,,,
2023,수원시,권선구청,2023-02-03 8:02,곡반정동 하나로마트한국빌딩앞,고정형,2023-12-01,,,
2023,수원시,권선구청,2023-02-03 8:03,평동 오목초교 정문 우측 삼거리,고정형,2023-12-01,,,
2023,수원시,권선구청,2023-02-03 8:03,서둔동 가온팰리스옆2,고정형,2023-12-01,,,
2023,수원시,권선구청,2023-02-03 8:03,서둔동 가온팰리스옆2,고정형,2023-12-01,,,
2023,수원시,권선구청,2023-02-03 8:03,곡반정동 하나로마트한국빌딩앞,고정형,2023-12-01,,,
2023,수원시,권선구청,2023-02-03 8:03,곡반정동 곡정초교 정문 좌측 사거리,고정형,2023-12-01,,,
2023,수원시,권선구청,2023-02-03 8:27,권선2동 곡정초교 정문 좌측 사거리,고정형,2023-12-01,,,
2023,수원시,팔달구청,2023-02-03 8:29,인계동 드림캐슬주상복합,고정형,2023-12-01,,,
2023,수원시,팔달구청,2023-02-03 8:29,인계동 드림캐슬주상복합,고정형,2023-12-01,,,
2023,수원시,영통구청,2023-02-03 8:55,영통구 이의동 177-1,국민신문고,2023-12-01,,,
2023,수원시,팔달구청,2023-02-03 9:06,매산동 팅스몰 주차장 출구 옆,고정형,2023-12-01,,,
2023,수원시,팔달구청,2023-02-03 10:02,매산동 팅스몰 주차장 출구 옆,고정형,2023-12-01,,,
2023,수원시,팔달구청,2023-02-03 10:04,교동 수원향교 앞 팔달보건소 뒤,고정형,2023-12-01,,,
2023,수원시,팔달구청,2023-02-03 10:10,경기도수원시팔달구장안동 수원시 팔달구 화서문로 41-1,보행,2023-12-01,,,
2023,수원시,팔달구청,2023-02-03 10:18,매산동 팅스몰 주차장 출구 옆,고정형,2023-12-01,,,
2023,수원시,권선구청,2023-02-03 10:19,구운동 구운동 명품닭갈비,고정형,2023-12-01,,,
2023,수원시,팔달구청,2023-02-03 10:21,영동 영동 수원천로 275,주행형,2023-12-01,,,
2023,수원시,권선구청,2023-02-03 10:21,서둔동 수원역한라비발디퍼스트 앞1,고정형,2023-12-01,,,
2023,수원시,팔달구청,2023-02-03 10:23,교동 교동 효원로55번길,주행형,2023-12-01,,,
2023,수원시,팔달구청,2023-02-03 10:23,교동 교동 매산로92번길,주행형,2023-12-01,,,
2023,수원시,팔달구청,2023-02-03 10:24,인계동 인계동 매산로 169,주행형,2023-12-01,,,
2023,수원시,팔달구청,2023-02-03 10:24,인계동 인계동 매산로 169,주행형,2023-12-01,,,
2023,수원시,팔달구청,2023-02-03 10:24,인계동 인계동 매산로 169,주행형,2023-12-01,,,
2023,수원시,팔달구청,2023-02-03 10:24,인계동 인계동 매산로 169,주행형,2023-12-01,,,
2023,수원시,팔달구청,2023-02-03 10:24,인계동 인계동 매산로 169,주행형,2023-12-01,,,
2023,수원시,팔달구청,2023-02-03 10:24,경기도수원시팔달구매교동 수원시 팔달구 매교동 287,보행,2023-12-01,,,
2023,수원시,팔달구청,2023-02-03 10:25,매교동 매교동 매산로116번길,주행형,2023-12-01,,,
2023,수원시,팔달구청,2023-02-03 10:25,매교동 매교동 매산로116번길,주행형,2023-12-01,,,
2023,수원시,팔달구청,2023-02-03 10:25,매교동 매교동 매산로116번길,주행형,2023-12-01,,,
2023,수원시,팔달구청,2023-02-03 10:25,매교동 매교동 매산로116번길,주행형,2023-12-01,,,
2023,수원시,팔달구청,2023-02-03 10:25,인계동 인계동 매산로 169,주행형,2023-12-01,,,
2023,수원시,팔달구청,2023-02-03 10:25,인계동 인계동 매산로 169,주행형,2023-12-01,,,
2023,수원시,팔달구청,2023-02-03 10:25,인계동 인계동 매산로 169,주행형,2023-12-01,,,
2023,수원시,영통구청,2023-02-03 10:27,망포동 힐스테이트 119동 ~방죽공원 삼거리,고정형,2023-12-01,,,
2023,수원시,팔달구청,2023-02-03 10:38,고등동 수원초등학교 정문 좌측 사거리,고정형,2023-12-01,,,
2023,수원시,팔달구청,2023-02-03 10:39,인계동 경인통계청,고정형,2023-12-01,,,
2023,수원시,팔달구청,2023-02-03 10:54,경기도수원시팔달구화서동 수원시 팔달구 화서동 379,보행,2023-12-01,,,
2023,수원시,팔달구청,2023-02-03 10:54,경기도수원시팔달구화서동 수원시 팔달구 화서동 379,보행,2023-12-01,,,
2023,수원시,팔달구청,2023-02-03 10:54,화서동 수원시 팔달구 화서동 379,보행,2023-12-01,,,
2023,수원시,팔달구청,2023-02-03 10:55,경기도수원시팔달구화서동 수원시 팔달구 화서동 379,보행,2023-12-01,,,
2023,수원시,팔달구청,2023-02-03 11:02,교동 수원향교 앞 팔달보건소 뒤,고정형,2023-12-01,,,
2023,수원시,팔달구청,2023-02-03 11:35,교동 수원향교 앞 팔달보건소 뒤,고정형,2023-12-01,,,
2023,수원시,팔달구청,2023-02-03 11:41,매산동 역전농협,고정형,2023-12-01,,,
2023,수원시,영통구청,2023-02-03 13:00,이의동 광교가재울마을사거리,고정형,2023-12-01,,,
2023,수원시,영통구청,2023-02-03 13:00,이의동 광교가재울마을사거리,고정형,2023-12-01,,,
2023,수원시,영통구청,2023-02-03 13:01,이의동 광교가재울마을사거리,고정형,2023-12-01,,,
2023,수원시,영통구청,2023-02-03 13:17,영통동 롯데마트 뒤,고정형,2023-12-01,37.27220279535416,127.10856729001851,
2023,수원시,영통구청,2023-02-03 13:48,이의동 광교호반베르디움 103동 앞,고정형,2023-12-01,,,
2023,수원시,팔달구청,2023-02-03 14:24,경기도수원시팔달구북수동 수원시 팔달구 북수동 186,보행,2023-12-01,,,
2023,수원시,팔달구청,2023-02-03 14:25,경기도수원시팔달구북수동 수원시 팔달구 북수동 186,보행,2023-12-01,,,
2023,수원시,팔달구청,2023-02-03 14:34,매산동 팅스몰 주차장 출구 옆,고정형,2023-12-01,,,
2023,수원시,팔달구청,2023-02-03 14:37,인계동 한국씨티은행,고정형,2023-12-01,,,
2023,수원시,팔달구청,2023-02-03 14:38,인계동 드림캐슬주상복합,고정형,2023-12-01,,,
2023,수원시,권선구청,2023-02-03 14:38,서둔동 가온팰리스옆2,고정형,2023-12-01,,,
2023,수원시,권선구청,2023-02-03 14:38,서둔동 가온팰리스옆2,고정형,2023-12-01,,,
2023,수원시,권선구청,2023-02-03 14:53,평동 고현초교 정문 좌측 삼거리,고정형,2023-12-01,,,
2023,수원시,팔달구청,2023-02-03 14:53,매산동 팅스몰 주차장 출구 옆,고정형,2023-12-01,,,
2023,수원시,팔달구청,2023-02-03 14:58,인계동 드림캐슬주상복합,고정형,2023-12-01,,,
2023,수원시,팔달구청,2023-02-03 15:04,매교동 매교동 매산로116번길,주행형,2023-12-01,,,
2023,수원시,장안구청,2023-02-03 15:13,정자3동 정자동 오일뱅크,고정형,2023-12-01,,,
2023,수원시,팔달구청,2023-02-03 15:16,인계동 드림캐슬주상복합,고정형,2023-12-01,,,
2023,수원시,영통구청,2023-02-03 15:37,영통동 롯데마트 뒤,고정형,2023-12-01,37.27220279535416,127.10856729001851,
2023,수원시,영통구청,2023-02-03 15:50,이의동 드림스퀘어Ⅱ 앞,고정형,2023-12-01,,,
2023,수원시,팔달구청,2023-02-03 15:54,인계동 한국씨티은행,고정형,2023-12-01,,,
2023,수원시,팔달구청,2023-02-03 15:54,인계동 한국씨티은행,고정형,2023-12-01,,,
2023,수원시,권선구청,2023-02-03 16:04,평동 고현초교 정문 좌측 삼거리,고정형,2023-12-01,,,
2023,수원시,팔달구청,2023-02-03 16:28,매산동 팅스몰 주차장 출구 옆,고정형,2023-12-01,,,
2023,수원시,권선구청,2023-02-03 16:45,평동 고현초교 정문 좌측 삼거리,고정형,2023-12-01,,,
2023,수원시,영통구청,2023-02-03 16:47,망포동 E-마트 에브리데이 앞,고정형,2023-12-01,37.2361017468141,127.060345496536,
2023,수원시,영통구청,2023-02-03 16:47,망포동 E-마트 에브리데이 앞,고정형,2023-12-01,37.2361017468141,127.060345496536,
2023,수원시,영통구청,2023-02-03 16:47,망포동 E-마트 에브리데이 앞,고정형,2023-12-01,37.2361017468141,127.060345496536,
2023,수원시,권선구청,2023-02-03 17:01,서둔동 가온팰리스옆1,고정형,2023-12-01,,,
2023,수원시,팔달구청,2023-02-03 17:23,매산동 덕영대로 895번길 9-8,고정형,2023-12-01,,,
2023,수원시,권선구청,2023-02-03 17:24,오목천동 한화꿈에그린아파트 209동앞,고정형,2023-12-01,,,
2023,수원시,권선구청,2023-02-03 17:42,권선2동 곡정초교 정문 좌측 사거리,고정형,2023-12-01,,,
2023,수원시,영통구청,2023-02-03 17:42,원천동 삼성전자중문,고정형,2023-12-01,,,
2023,수원시,팔달구청,2023-02-03 17:44,인계동 드림캐슬주상복합,고정형,2023-12-01,,,
2023,수원시,팔달구청,2023-02-03 18:39,매산동 팅스몰 주차장 출구 옆,고정형,2023-12-01,,,
2023,수원시,영통구청,2023-02-03 18:44,망포동 E-마트 에브리데이 앞,고정형,2023-12-01,37.2361017468141,127.060345496536,
2023,수원시,팔달구청,2023-02-03 19:10,고등동 수원초등학교 정문 좌측 사거리,고정형,2023-12-01,,,
2023,수원시,영통구청,2023-02-03 19:14,망포동 E-마트 에브리데이 앞,고정형,2023-12-01,37.2361017468141,127.060345496536,
2023,수원시,팔달구청,2023-02-03 19:15,경기도수원시팔달구매향동 수원시 팔달구 매향동 124,보행,2023-12-01,,,
2023,수원시,팔달구청,2023-02-03 19:17,인계동 드림캐슬주상복합,고정형,2023-12-01,,,
2023,수원시,팔달구청,2023-02-03 19:49,인계동 드림캐슬주상복합,고정형,2023-12-01,,,
2023,수원시,팔달구청,2023-02-03 19:50,매산동 팅스몰 주차장 출구 옆,고정형,2023-12-01,,,
2023,수원시,영통구청,2023-02-03 20:04,영통동 롯데마트 뒤,고정형,2023-12-01,37.27220279535416,127.10856729001851,
2023,수원시,팔달구청,2023-02-03 20:06,인계동 팅스몰 주차장 출구 옆,고정형,2023-12-01,,,
2023,수원시,팔달구청,2023-02-03 20:13,매산동 팅스몰 주차장 출구 옆,고정형,2023-12-01,,,
2023,수원시,팔달구청,2023-02-03 20:21,매산동 팔달로 10번길 8,고정형,2023-12-01,,,
2023,수원시,영통구청,2023-02-03 20:26,이의동 광교가재울마을사거리,고정형,2023-12-01,,,
2023,수원시,팔달구청,2023-02-03 20:27,경기도수원시팔달구매산로2가 수원시 팔달구 매산로2가 60,보행,2023-12-01,,,
2023,수원시,팔달구청,2023-02-03 20:27,경기도수원시팔달구매산로2가 수원시 팔달구 매산로2가 60,보행,2023-12-01,,,
2023,수원시,팔달구청,2023-02-03 20:28,경기도수원시팔달구매산로2가 수원시 팔달구 매산로2가 60,보행,2023-12-01,,,
2023,수원시,팔달구청,2023-02-03 20:47,매산동 역전농협,고정형,2023-12-01,,,
2023,수원시,팔달구청,2023-02-03 20:50,인계동 드림캐슬주상복합,고정형,2023-12-01,,,
2023,수원시,팔달구청,2023-02-03 21:05,인계동 드림캐슬주상복합,고정형,2023-12-01,,,
2023,수원시,팔달구청,2023-02-03 21:24,화서1동 푸르지오자이 북문 CU 앞 횡단보도,고정형,2023-12-01,,,
2023,수원시,팔달구청,2023-02-03 21:48,인계동 드림캐슬주상복합,고정형,2023-12-01,,,
2023,수원시,영통구청,2023-02-03 22:06,영통구 망포동 775-8,국민신문고,2023-12-01,,,
2023,수원시,권선구청,2023-02-04 9:02,곡반정동 하나로마트한국빌딩앞,고정형,2023-12-01,,,
2023,수원시,팔달구청,2023-02-04 9:03,인계동 드림캐슬주상복합,고정형,2023-12-01,,,
2023,수원시,팔달구청,2023-02-04 9:03,신풍동 제일교회부설주차장 부근,고정형,2023-12-01,,,
2023,수원시,팔달구청,2023-02-04 9:04,인계동 경인통계청,고정형,2023-12-01,,,
2023,수원시,팔달구청,2023-02-04 9:04,인계동 경인통계청,고정형,2023-12-01,,,
2023,수원시,팔달구청,2023-02-04 9:05,매산동 팅스몰 주차장 출구 옆,고정형,2023-12-01,,,
2023,수원시,권선구청,2023-02-04 9:06,서둔동 가온팰리스옆1,고정형,2023-12-01,,,
2023,수원시,권선구청,2023-02-04 9:21,곡반정동 하나로마트한국빌딩앞,고정형,2023-12-01,,,
2023,수원시,권선구청,2023-02-04 9:21,곡반정동 하나로마트한국빌딩앞,고정형,2023-12-01,,,
2023,수원시,영통구청,2023-02-04 9:26,영통동 롯데마트 뒤,고정형,2023-12-01,37.27220279535416,127.10856729001851,
2023,수원시,팔달구청,2023-02-04 9:31,북수동 쌈지공원 앞,고정형,2023-12-01,,,
2023,수원시,권선구청,2023-02-04 9:38,서둔동 수원역한라비발디퍼스트 앞1,고정형,2023-12-01,,,
2023,수원시,팔달구청,2023-02-04 9:53,매산동 팅스몰 주차장 출구 옆,고정형,2023-12-01,,,
2023,수원시,권선구청,2023-02-04 10:01,곡반정동 하나로마트한국빌딩앞,고정형,2023-12-01,,,
2023,수원시,팔달구청,2023-02-04 10:06,신풍동 제일교회부설주차장 부근,고정형,2023-12-01,,,
2023,수원시,영통구청,2023-02-04 10:08,망포동 E-마트 에브리데이 앞,고정형,2023-12-01,37.2361017468141,127.060345496536,
2023,수원시,권선구청,2023-02-04 10:08,경기도수원시권선구서둔동 수원시 권선구 서둔동 225,보행,2023-12-01,,,
2023,수원시,권선구청,2023-02-04 10:09,경기도수원시권선구서둔동 수원시 권선구 서둔동 225,보행,2023-12-01,,,
2023,수원시,권선구청,2023-02-04 10:11,경기도수원시권선구서둔동 수원시 권선구 서둔동 225,보행,2023-12-01,,,
2023,수원시,권선구청,2023-02-04 10:11,경기도수원시권선구서둔동 수원시 권선구 서둔동 225,보행,2023-12-01,,,
2023,수원시,팔달구청,2023-02-04 10:13,교동 수원향교 앞 팔달보건소 뒤,고정형,2023-12-01,,,
2023,수원시,권선구청,2023-02-04 10:29,서둔동 수원역한라비발디퍼스트 앞1,고정형,2023-12-01,,,
2023,수원시,팔달구청,2023-02-04 10:32,인계동 드림캐슬주상복합,고정형,2023-12-01,,,
2023,수원시,팔달구청,2023-02-04 10:37,고등동 180-55 (횡단보도),국민신문고,2023-12-01,,,
2023,수원시,팔달구청,2023-02-04 10:37,고등동 180-55 (횡단보도),국민신문고,2023-12-01,,,
2023,수원시,팔달구청,2023-02-04 10:42,인계동 드림캐슬주상복합,고정형,2023-12-01,,,
2023,수원시,영통구청,2023-02-04 10:57,망포동 E-마트 에브리데이 앞,고정형,2023-12-01,37.2361017468141,127.060345496536,
2023,수원시,영통구청,2023-02-04 11:04,망포동 E-마트 에브리데이 앞,고정형,2023-12-01,37.2361017468141,127.060345496536,
2023,수원시,장안구청,2023-02-04 11:26,경기도수원시장안구정자동 수원시 장안구 정자동 840,보행,2023-12-01,,,
2023,수원시,팔달구청,2023-02-04 11:41,매교동 287-486 (횡단보도),국민신문고,2023-12-01,,,
2023,수원시,영통구청,2023-02-04 11:43,영통동 롯데마트 뒤,고정형,2023-12-01,37.27220279535416,127.10856729001851,
2023,수원시,영통구청,2023-02-04 11:48,영통동 롯데마트 뒤,고정형,2023-12-01,37.27220279535416,127.10856729001851,
2023,수원시,영통구청,2023-02-04 12:10,영통동 마사회뒷길,고정형,2023-12-01,,,
2023,수원시,팔달구청,2023-02-04 13:02,매산동 역전농협,고정형,2023-12-01,,,
2023,수원시,팔달구청,2023-02-04 13:26,매산로3가 67-12 (횡단보도),국민신문고,2023-12-01,,,
2023,수원시,영통구청,2023-02-04 13:40,망포동 힐스테이트 119동 ~방죽공원 삼거리,고정형,2023-12-01,,,
2023,수원시,영통구청,2023-02-04 13:46,이의동 광교가재울마을사거리,고정형,2023-12-01,,,
2023,수원시,팔달구청,2023-02-04 13:54,고등동 267-177 (횡단보도),국민신문고,2023-12-01,,,
2023,수원시,권선구청,2023-02-04 14:01,서둔동 225-29,국민신문고,2023-12-01,,,
2023,수원시,팔달구청,2023-02-04 14:09,화서1동 푸르지오자이 북문 CU 앞 횡단보도,고정형,2023-12-01,,,
2023,수원시,팔달구청,2023-02-04 14:28,화서1동 푸르지오자이 북문 CU 앞 횡단보도,고정형,2023-12-01,,,
2023,수원시,팔달구청,2023-02-04 14:33,인계동 경인통계청,고정형,2023-12-01,,,
2023,수원시,팔달구청,2023-02-04 14:33,매산동 팅스몰 주차장 출구 옆,고정형,2023-12-01,,,
2023,수원시,팔달구청,2023-02-04 14:33,매산동 팅스몰 주차장 출구 옆,고정형,2023-12-01,,,
2023,수원시,팔달구청,2023-02-04 14:33,매산동 팔달로 10번길 8,고정형,2023-12-01,,,
2023,수원시,팔달구청,2023-02-04 14:33,인계동 경인통계청,고정형,2023-12-01,,,
2023,수원시,팔달구청,2023-02-04 14:33,행궁동 화홍사랑채,고정형,2023-12-01,,,
2023,수원시,팔달구청,2023-02-04 14:34,인계동 경인통계청,고정형,2023-12-01,,,
2023,수원시,팔달구청,2023-02-04 14:35,북수동 쌈지공원 앞,고정형,2023-12-01,,,
2023,수원시,팔달구청,2023-02-04 14:35,매산동 팔달로 10번길 8,고정형,2023-12-01,,,
2023,수원시,권선구청,2023-02-04 14:35,곡반정동 하나로마트한국빌딩앞,고정형,2023-12-01,,,
2023,수원시,팔달구청,2023-02-04 14:35,인계동 경인통계청,고정형,2023-12-01,,,
2023,수원시,팔달구청,2023-02-04 14:35,매산동 팔달로 10번길 8,고정형,2023-12-01,,,
2023,수원시,팔달구청,2023-02-04 14:36,매산동 팅스몰 주차장 출구 옆,고정형,2023-12-01,,,
2023,수원시,권선구청,2023-02-04 14:41,서둔동 가온팰리스옆1,고정형,2023-12-01,,,
2023,수원시,팔달구청,2023-02-04 14:48,매산동 팅스몰 주차장 출구 옆,고정형,2023-12-01,,,
2023,수원시,팔달구청,2023-02-04 14:52,화서1동 푸르지오자이 북문 CU 앞 횡단보도,고정형,2023-12-01,,,
2023,수원시,권선구청,2023-02-04 14:55,서둔동 가온팰리스옆1,고정형,2023-12-01,,,
2023,수원시,영통구청,2023-02-04 14:56,망포동 E-마트 에브리데이 앞,고정형,2023-12-01,37.2361017468141,127.060345496536,
2023,수원시,팔달구청,2023-02-04 14:57,인계동 한국씨티은행,고정형,2023-12-01,,,
2023,수원시,팔달구청,2023-02-04 15:00,인계동 드림캐슬주상복합,고정형,2023-12-01,,,
2023,수원시,팔달구청,2023-02-04 15:04,인계동 경인통계청,고정형,2023-12-01,,,
2023,수원시,권선구청,2023-02-04 15:05,서둔동 가온팰리스옆2,고정형,2023-12-01,,,
2023,수원시,영통구청,2023-02-04 15:06,영통동 보보스스포츠센터앞,고정형,2023-12-01,,,
2023,수원시,팔달구청,2023-02-04 15:11,행궁동 화홍사랑채,고정형,2023-12-01,,,
2023,수원시,팔달구청,2023-02-04 15:14,매산동 팔달로 10번길 8,고정형,2023-12-01,,,
2023,수원시,팔달구청,2023-02-04 15:17,매산동 팅스몰 주차장 출구 옆,고정형,2023-12-01,,,
2023,수원시,팔달구청,2023-02-04 15:18,매산동 팅스몰 주차장 출구 옆,고정형,2023-12-01,,,
2023,수원시,영통구청,2023-02-04 15:32,원천동 삼성전자중문,고정형,2023-12-01,,,
2023,수원시,권선구청,2023-02-04 15:44,서둔동 가온팰리스옆2,고정형,2023-12-01,,,
2023,수원시,팔달구청,2023-02-04 15:47,경기도수원시팔달구지동 수원시 팔달구 중부대로 39번길 16-12,보행,2023-12-01,,,
2023,수원시,팔달구청,2023-02-04 15:50,인계동 경인통계청,고정형,2023-12-01,,,
2023,수원시,팔달구청,2023-02-04 15:55,매산동 팅스몰 주차장 출구 옆,고정형,2023-12-01,,,
2023,수원시,팔달구청,2023-02-04 15:55,매산동 팅스몰 주차장 출구 옆,고정형,2023-12-01,,,
2023,수원시,권선구청,2023-02-04 16:06,곡반정동 하나로마트한국빌딩앞,고정형,2023-12-01,,,
2023,수원시,팔달구청,2023-02-04 16:07,화서1동 푸르지오자이 북문 CU 앞 횡단보도,고정형,2023-12-01,,,
2023,수원시,팔달구청,2023-02-04 16:07,인계동 드림캐슬주상복합,고정형,2023-12-01,,,
2023,수원시,팔달구청,2023-02-04 16:08,경기도수원시권선구세류동 수원시 팔달구 갓매산로71번길 24,보행,2023-12-01,,,
2023,수원시,영통구청,2023-02-04 16:13,이의동 광교가재울마을사거리,고정형,2023-12-01,,,
2023,수원시,팔달구청,2023-02-04 16:34,행궁동 팔달문 버스정류장,고정형,2023-12-01,,,
2023,수원시,팔달구청,2023-02-04 16:37,인계동 드림캐슬주상복합,고정형,2023-12-01,,,
2023,수원시,팔달구청,2023-02-04 16:38,경기도수원시권선구세류동 수원시 팔달구 경수대로565번길40,보행,2023-12-01,,,
2023,수원시,팔달구청,2023-02-04 16:38,경기도수원시권선구세류동 수원시 팔달구 경수대로565번길40,보행,2023-12-01,,,
2023,수원시,팔달구청,2023-02-04 16:39,경기도수원시권선구세류동 수원시 팔달구 경수대로565번길40,보행,2023-12-01,,,
2023,수원시,권선구청,2023-02-04 16:40,서둔동 수원역한라비발디퍼스트 앞2,고정형,2023-12-01,,,
2023,수원시,영통구청,2023-02-04 16:40,망포동 힐스테이트 119동 ~방죽공원 삼거리,고정형,2023-12-01,,,
2023,수원시,팔달구청,2023-02-04 16:48,인계동 드림캐슬주상복합,고정형,2023-12-01,,,
2023,수원시,팔달구청,2023-02-04 16:48,인계동 드림캐슬주상복합,고정형,2023-12-01,,,
2023,수원시,팔달구청,2023-02-04 16:51,경기도수원시권선구세류동 수원시 팔달구 중부대로73,보행,2023-12-01,,,
2023,수원시,권선구청,2023-02-04 16:52,오목천동 한화꿈에그린아파트 209동앞,고정형,2023-12-01,,,
2023,수원시,권선구청,2023-02-04 16:56,서둔동 가온팰리스옆2,고정형,2023-12-01,,,
2023,수원시,팔달구청,2023-02-04 16:59,행궁동 화홍사랑채,고정형,2023-12-01,,,
2023,수원시,영통구청,2023-02-04 17:06,망포동 E-마트 에브리데이 앞,고정형,2023-12-01,37.2361017468141,127.060345496536,
2023,수원시,권선구청,2023-02-04 17:14,곡반정동 궁촌육교앞,고정형,2023-12-01,,,
2023,수원시,팔달구청,2023-02-04 17:24,매산동 팅스몰 주차장 출구 옆,고정형,2023-12-01,,,
2023,수원시,팔달구청,2023-02-04 17:24,매산동 역전농협,고정형,2023-12-01,,,
2023,수원시,권선구청,2023-02-04 17:25,곡선동 권선중앙약국 건너편,고정형,2023-12-01,,,
2023,수원시,영통구청,2023-02-04 17:28,영통동 마사회뒷길,고정형,2023-12-01,,,
2023,수원시,팔달구청,2023-02-04 17:31,매산동 팅스몰 주차장 출구 옆,고정형,2023-12-01,,,
2023,수원시,팔달구청,2023-02-04 17:37,인계동 경인통계청,고정형,2023-12-01,,,
2023,수원시,팔달구청,2023-02-04 18:03,화서1동 푸르지오자이 북문 CU 앞 횡단보도,고정형,2023-12-01,,,
2023,수원시,팔달구청,2023-02-04 18:20,매산동 팅스몰 주차장 출구 옆,고정형,2023-12-01,,,
2023,수원시,팔달구청,2023-02-04 18:53,매산동 팅스몰 주차장 출구 옆,고정형,2023-12-01,,,
2023,수원시,팔달구청,2023-02-04 18:56,매산동 팅스몰 주차장 출구 옆,고정형,2023-12-01,,,
2023,수원시,팔달구청,2023-02-04 19:10,매산동 팅스몰 주차장 출구 옆,고정형,2023-12-01,,,
2023,수원시,권선구청,2023-02-04 19:22,곡반정동 562-2,주민신고제,2023-12-01,,,
2023,수원시,권선구청,2023-02-04 19:22,곡반정동 562-2,주민신고제,2023-12-01,,,
2023,수원시,팔달구청,2023-02-04 19:23,인계동 드림캐슬주상복합,고정형,2023-12-01,,,
2023,수원시,권선구청,2023-02-04 19:29,곡반정동 562-2,국민신문고,2023-12-01,,,
2023,수원시,팔달구청,2023-02-04 19:52,매산동 팅스몰 주차장 출구 옆,고정형,2023-12-01,,,
2023,수원시,팔달구청,2023-02-04 19:59,인계동 드림캐슬주상복합,고정형,2023-12-01,,,
2023,수원시,팔달구청,2023-02-04 20:20,매산동 팅스몰 주차장 출구 옆,고정형,2023-12-01,,,
2023,수원시,팔달구청,2023-02-04 20:30,인계동 드림캐슬주상복합,고정형,2023-12-01,,,
2023,수원시,권선구청,2023-02-04 20:37,곡반정동 149-1,국민신문고,2023-12-01,,,
2023,수원시,권선구청,2023-02-04 20:40,곡반정동 149-1,국민신문고,2023-12-01,,,
2023,수원시,팔달구청,2023-02-04 20:42,매산동 팅스몰 주차장 출구 옆,고정형,2023-12-01,,,
2023,수원시,권선구청,2023-02-04 20:42,곡반정동 562-2,국민신문고,2023-12-01,,,
2023,수원시,권선구청,2023-02-04 20:46,곡반정동 562-8,국민신문고,2023-12-01,,,
2023,수원시,권선구청,2023-02-04 20:52,곡반정동 196-7,국민신문고,2023-12-01,,,
2023,수원시,팔달구청,2023-02-04 22:16,영동 534 (버스정류소),국민신문고,2023-12-01,,,
2023,수원시,권선구청,2023-02-04 22:29,곡반정동 196-7,국민신문고,2023-12-01,,,
2023,수원시,팔달구청,2023-02-04 22:55,우만동 1140 (횡단보도),국민신문고,2023-12-01,,,
2023,수원시,팔달구청,2023-02-05 8:41,매교동 매교동 287-66,국민신문고,2023-12-01,,,
2023,수원시,팔달구청,2023-02-05 8:43,매교동 매교동 287-480,국민신문고,2023-12-01,,,
2023,수원시,권선구청,2023-02-05 9:02,곡반정동 하나로마트한국빌딩앞,고정형,2023-12-01,,,
2023,수원시,권선구청,2023-02-05 9:03,곡반정동 하나로마트한국빌딩앞,고정형,2023-12-01,,,
2023,수원시,권선구청,2023-02-05 9:03,곡반정동 하나로마트한국빌딩앞,고정형,2023-12-01,,,
2023,수원시,권선구청,2023-02-05 9:03,곡반정동 하나로마트한국빌딩앞,고정형,2023-12-01,,,
2023,수원시,권선구청,2023-02-05 9:03,곡반정동 궁촌육교앞,고정형,2023-12-01,,,
2023,수원시,권선구청,2023-02-05 9:03,곡반정동 하나로마트한국빌딩앞,고정형,2023-12-01,,,
2023,수원시,권선구청,2023-02-05 9:03,곡반정동 궁촌육교앞,고정형,2023-12-01,,,
2023,수원시,팔달구청,2023-02-05 9:04,매산동 팔달로 10번길 8,고정형,2023-12-01,,,
2023,수원시,팔달구청,2023-02-05 9:04,인계동 드림캐슬주상복합,고정형,2023-12-01,,,
2023,수원시,팔달구청,2023-02-05 9:04,인계동 경인통계청,고정형,2023-12-01,,,
2023,수원시,권선구청,2023-02-05 9:04,오목천동 한화꿈에그린아파트 209동앞,고정형,2023-12-01,,,
2023,수원시,권선구청,2023-02-05 9:04,서둔동 가온팰리스옆2,고정형,2023-12-01,,,
2023,수원시,팔달구청,2023-02-05 9:05,인계동 드림캐슬주상복합,고정형,2023-12-01,,,
2023,수원시,팔달구청,2023-02-05 9:05,인계동 드림캐슬주상복합,고정형,2023-12-01,,,
2023,수원시,팔달구청,2023-02-05 9:05,인계동 드림캐슬주상복합,고정형,2023-12-01,,,
2023,수원시,권선구청,2023-02-05 9:05,오목천동 한화꿈에그린아파트 209동앞,고정형,2023-12-01,,,
2023,수원시,팔달구청,2023-02-05 9:06,인계동 드림캐슬주상복합,고정형,2023-12-01,,,
2023,수원시,팔달구청,2023-02-05 9:06,매산동 팅스몰 주차장 출구 옆,고정형,2023-12-01,,,
2023,수원시,팔달구청,2023-02-05 9:06,매산동 팅스몰 주차장 출구 옆,고정형,2023-12-01,,,
2023,수원시,팔달구청,2023-02-05 9:06,매산동 팅스몰 주차장 출구 옆,고정형,2023-12-01,,,
2023,수원시,권선구청,2023-02-05 9:07,곡선동 권선중앙약국 건너편,고정형,2023-12-01,,,
2023,수원시,팔달구청,2023-02-05 9:11,매산동 팅스몰 주차장 출구 옆,고정형,2023-12-01,,,
2023,수원시,팔달구청,2023-02-05 10:03,인계동 드림캐슬주상복합,고정형,2023-12-01,,,
2023,수원시,팔달구청,2023-02-05 10:03,매산동 팅스몰 주차장 출구 옆,고정형,2023-12-01,,,
2023,수원시,팔달구청,2023-02-05 10:15,경기도수원시팔달구화서동 수원시 팔달구 화서동 127,보행,2023-12-01,,,
2023,수원시,팔달구청,2023-02-05 10:17,경기도수원시팔달구화서동 수원시 팔달구 화서동 127,보행,2023-12-01,,,
2023,수원시,팔달구청,2023-02-05 10:18,경기도수원시팔달구화서동 수원시 팔달구 화서동 127,보행,2023-12-01,,,
2023,수원시,팔달구청,2023-02-05 10:25,매산동 팅스몰 주차장 출구 옆,고정형,2023-12-01,,,
2023,수원시,팔달구청,2023-02-05 10:31,경기도수원시팔달구고등동 수원시 팔달구 고등동 61,보행,2023-12-01,,,
2023,수원시,팔달구청,2023-02-05 10:38,인계동 드림캐슬주상복합,고정형,2023-12-01,,,
2023,수원시,권선구청,2023-02-05 10:42,권선동 권선동 한라비발디앞 놀이터,고정형,2023-12-01,,,
2023,수원시,팔달구청,2023-02-05 10:43,매산동 팅스몰 주차장 출구 옆,고정형,2023-12-01,,,
2023,수원시,팔달구청,2023-02-05 11:31,행궁동 팔달문 버스정류장,고정형,2023-12-01,,,
2023,수원시,영통구청,2023-02-05 12:12,원천동 광교 한화겔러리아 앞,고정형,2023-12-01,,,
2023,수원시,영통구청,2023-02-05 12:23,영통동 마사회뒷길,고정형,2023-12-01,,,
2023,수원시,권선구청,2023-02-05 12:51,오목천동 44-13,국민신문고,2023-12-01,,,
2023,수원시,영통구청,2023-02-05 13:23,영통동 마사회뒷길,고정형,2023-12-01,,,
2023,수원시,영통구청,2023-02-05 13:23,영통동 마사회뒷길,고정형,2023-12-01,,,
2023,수원시,영통구청,2023-02-05 13:36,영통동 롯데마트 뒤,고정형,2023-12-01,37.27220279535416,127.10856729001851,
2023,수원시,영통구청,2023-02-05 14:13,영통동 롯데마트 뒤,고정형,2023-12-01,37.27220279535416,127.10856729001851,
2023,수원시,영통구청,2023-02-05 14:18,이의동 광교가재울마을사거리,고정형,2023-12-01,,,
2023,수원시,권선구청,2023-02-05 14:32,곡반정동 하나로마트한국빌딩앞,고정형,2023-12-01,,,
2023,수원시,팔달구청,2023-02-05 14:32,인계동 경인통계청,고정형,2023-12-01,,,
2023,수원시,팔달구청,2023-02-05 14:34,매산동 팔달로 10번길 8,고정형,2023-12-01,,,
2023,수원시,영통구청,2023-02-05 14:34,영통동 보보스스포츠센터앞,고정형,2023-12-01,,,
2023,수원시,팔달구청,2023-02-05 14:35,매산동 팅스몰 주차장 출구 옆,고정형,2023-12-01,,,
2023,수원시,팔달구청,2023-02-05 14:36,인계동 경인통계청,고정형,2023-12-01,,,
2023,수원시,팔달구청,2023-02-05 14:36,인계동 드림캐슬주상복합,고정형,2023-12-01,,,
2023,수원시,권선구청,2023-02-05 14:41,오목천동 한화꿈에그린아파트 214동앞,고정형,2023-12-01,,,
2023,수원시,권선구청,2023-02-05 14:42,곡반정동 하나로마트한국빌딩앞,고정형,2023-12-01,,,
2023,수원시,권선구청,2023-02-05 14:42,곡반정동 하나로마트한국빌딩앞,고정형,2023-12-01,,,
2023,수원시,팔달구청,2023-02-05 14:42,인계동 경인통계청,고정형,2023-12-01,,,
2023,수원시,영통구청,2023-02-05 14:52,이의동 드림스퀘어Ⅱ 앞,고정형,2023-12-01,,,
2023,수원시,영통구청,2023-02-05 14:52,이의동 드림스퀘어Ⅱ 앞,고정형,2023-12-01,,,
2023,수원시,팔달구청,2023-02-05 14:59,인계동 경인통계청,고정형,2023-12-01,,,
2023,수원시,팔달구청,2023-02-05 14:59,인계동 드림캐슬주상복합,고정형,2023-12-01,,,
2023,수원시,팔달구청,2023-02-05 15:08,인계동 드림캐슬주상복합,고정형,2023-12-01,,,
2023,수원시,팔달구청,2023-02-05 15:09,매산동 팅스몰 주차장 출구 옆,고정형,2023-12-01,,,
2023,수원시,권선구청,2023-02-05 15:11,서둔동 가온팰리스옆2,고정형,2023-12-01,,,
2023,수원시,영통구청,2023-02-05 15:13,원천동 광교매원초등학교,고정형,2023-12-01,,,
2023,수원시,팔달구청,2023-02-05 15:24,인계동 드림캐슬주상복합,고정형,2023-12-01,,,
2023,수원시,팔달구청,2023-02-05 15:26,인계동 경인통계청,고정형,2023-12-01,,,
2023,수원시,팔달구청,2023-02-05 15:27,행궁동 화홍사랑채,고정형,2023-12-01,,,
2023,수원시,팔달구청,2023-02-05 15:27,매산동 팅스몰 주차장 출구 옆,고정형,2023-12-01,,,
2023,수원시,권선구청,2023-02-05 15:27,곡반정동 궁촌육교앞,고정형,2023-12-01,,,
2023,수원시,팔달구청,2023-02-05 15:29,인계동 드림캐슬주상복합,고정형,2023-12-01,,,
2023,수원시,팔달구청,2023-02-05 15:37,인계동 한국씨티은행,고정형,2023-12-01,,,
2023,수원시,팔달구청,2023-02-05 15:38,인계동 경인통계청,고정형,2023-12-01,,,
2023,수원시,팔달구청,2023-02-05 15:40,화서1동 푸르지오자이 북문 CU 앞 횡단보도,고정형,2023-12-01,,,
2023,수원시,팔달구청,2023-02-05 15:43,화서1동 푸르지오자이 북문 CU 앞 횡단보도,고정형,2023-12-01,,,
2023,수원시,팔달구청,2023-02-05 15:43,화서1동 푸르지오자이 북문 CU 앞 횡단보도,고정형,2023-12-01,,,
2023,수원시,팔달구청,2023-02-05 15:45,신풍동 제일교회부설주차장 부근,고정형,2023-12-01,,,
2023,수원시,팔달구청,2023-02-05 15:59,매산동 팅스몰 주차장 출구 옆,고정형,2023-12-01,,,
2023,수원시,권선구청,2023-02-05 16:04,곡반정동 궁촌육교앞,고정형,2023-12-01,,,
2023,수원시,영통구청,2023-02-05 16:05,망포동 E-마트 에브리데이 앞,고정형,2023-12-01,37.2361017468141,127.060345496536,
2023,수원시,팔달구청,2023-02-05 16:07,인계동 드림캐슬주상복합,고정형,2023-12-01,,,
2023,수원시,팔달구청,2023-02-05 16:13,매산동 팅스몰 주차장 출구 옆,고정형,2023-12-01,,,
2023,수원시,팔달구청,2023-02-05 16:19,매산동 팅스몰 주차장 출구 옆,고정형,2023-12-01,,,
2023,수원시,권선구청,2023-02-05 16:27,곡반정동 하나로마트한국빌딩앞,고정형,2023-12-01,,,
2023,수원시,팔달구청,2023-02-05 16:27,매산동 팅스몰 주차장 출구 옆,고정형,2023-12-01,,,
2023,수원시,팔달구청,2023-02-05 16:32,행궁동 팔달문 버스정류장,고정형,2023-12-01,,,
2023,수원시,팔달구청,2023-02-05 16:46,행궁동 팔달문 버스정류장,고정형,2023-12-01,,,
2023,수원시,팔달구청,2023-02-05 16:46,경기도수원시팔달구장안동 수원시 팔달구 장안동 33,보행,2023-12-01,,,
2023,수원시,팔달구청,2023-02-05 16:47,경기도수원시팔달구장안동 수원시 팔달구 장안동 33,보행,2023-12-01,,,
2023,수원시,팔달구청,2023-02-05 16:47,경기도수원시팔달구장안동 수원시 팔달구 장안동 33,보행,2023-12-01,,,
2023,수원시,권선구청,2023-02-05 16:48,곡반정동 하나로마트한국빌딩앞,고정형,2023-12-01,,,
2023,수원시,팔달구청,2023-02-05 16:48,경기도수원시팔달구장안동 수원시 팔달구 장안동 53,보행,2023-12-01,,,
2023,수원시,팔달구청,2023-02-05 16:49,경기도수원시팔달구장안동 수원시 팔달구 장안동 53,보행,2023-12-01,,,
2023,수원시,팔달구청,2023-02-05 16:50,인계동 드림캐슬주상복합,고정형,2023-12-01,,,
2023,수원시,권선구청,2023-02-05 16:55,서둔동 가온팰리스옆2,고정형,2023-12-01,,,
2023,수원시,팔달구청,2023-02-05 17:13,매산동 팅스몰 주차장 출구 옆,고정형,2023-12-01,,,
2023,수원시,권선구청,2023-02-05 17:16,곡반정동 궁촌육교앞,고정형,2023-12-01,,,
2023,수원시,영통구청,2023-02-05 17:20,광교동 광교더사랑교회뒷길,고정형,2023-12-01,,,
2023,수원시,팔달구청,2023-02-05 17:21,매산동 팅스몰 주차장 출구 옆,고정형,2023-12-01,,,
2023,수원시,팔달구청,2023-02-05 17:21,신풍동 미술관로터리,고정형,2023-12-01,,,
2023,수원시,영통구청,2023-02-05 17:22,영통동 마사회뒷길,고정형,2023-12-01,,,
2023,수원시,팔달구청,2023-02-05 17:30,인계동 경인통계청,고정형,2023-12-01,,,
2023,수원시,팔달구청,2023-02-05 17:31,인계동 경인통계청,고정형,2023-12-01,,,
2023,수원시,팔달구청,2023-02-05 17:38,인계동 경인통계청,고정형,2023-12-01,,,
2023,수원시,팔달구청,2023-02-05 17:39,인계동 드림캐슬주상복합,고정형,2023-12-01,,,
2023,수원시,팔달구청,2023-02-05 18:00,매산동 팅스몰 주차장 출구 옆,고정형,2023-12-01,,,
2023,수원시,팔달구청,2023-02-05 18:03,인계동 드림캐슬주상복합,고정형,2023-12-01,,,
2023,수원시,팔달구청,2023-02-05 18:23,매산동 팅스몰 주차장 출구 옆,고정형,2023-12-01,,,
2023,수원시,팔달구청,2023-02-05 18:23,매산동 팅스몰 주차장 출구 옆,고정형,2023-12-01,,,
2023,수원시,팔달구청,2023-02-05 19:31,인계동 드림캐슬주상복합,고정형,2023-12-01,,,
2023,수원시,팔달구청,2023-02-05 19:45,매산동 팅스몰 주차장 출구 옆,고정형,2023-12-01,,,
2023,수원시,팔달구청,2023-02-05 19:52,매산동 팅스몰 주차장 출구 옆,고정형,2023-12-01,,,
2023,수원시,팔달구청,2023-02-05 20:25,매산동 팅스몰 주차장 출구 옆,고정형,2023-12-01,,,
2023,수원시,팔달구청,2023-02-05 20:37,매산동 팅스몰 주차장 출구 옆,고정형,2023-12-01,,,
2023,수원시,권선구청,2023-02-05 21:19,오목천동 527-5,국민신문고,2023-12-01,,,
2023,수원시,권선구청,2023-02-05 21:23,오목천동 오목천동527-5,국민신문고,2023-12-01,,,
2023,수원시,권선구청,2023-02-06 1:03,오목천동 527-66,국민신문고,2023-12-01,,,
2023,수원시,권선구청,2023-02-06 6:02,곡반정동 562-2,국민신문고,2023-12-01,,,
2023,수원시,팔달구청,2023-02-06 7:32,인계동 드림캐슬주상복합,고정형,2023-12-01,,,
2023,수원시,팔달구청,2023-02-06 7:35,행궁동 화홍사랑채,고정형,2023-12-01,,,
2023,수원시,권선구청,2023-02-06 8:02,구운동 구운초교 정문 우측 삼거리,고정형,2023-12-01,,,
2023,수원시,권선구청,2023-02-06 8:02,곡반정동 하나로마트한국빌딩앞,고정형,2023-12-01,,,
2023,수원시,권선구청,2023-02-06 8:03,서둔동 수원역한라비발디퍼스트 앞1,고정형,2023-12-01,,,
2023,수원시,권선구청,2023-02-06 8:04,입북동 당수초교 정문 우측 사거리,고정형,2023-12-01,,,
2023,수원시,권선구청,2023-02-06 8:04,오목천동 한화꿈에그린아파트 209동앞,고정형,2023-12-01,,,
2023,수원시,권선구청,2023-02-06 8:08,곡반정동 하나로마트한국빌딩앞,고정형,2023-12-01,,,
2023,수원시,권선구청,2023-02-06 8:22,오목천동 한화꿈에그린아파트 209동앞,고정형,2023-12-01,,,
2023,수원시,권선구청,2023-02-06 8:25,서둔동 가온팰리스옆2,고정형,2023-12-01,,,
2023,수원시,영통구청,2023-02-06 8:27,하동 광교호반마을한양수자인,고정형,2023-12-01,,,
2023,수원시,영통구청,2023-02-06 8:29,원천동 광교아이파크올웨이즈앞,고정형,2023-12-01,,,
2023,수원시,팔달구청,2023-02-06 8:33,인계동 드림캐슬주상복합,고정형,2023-12-01,,,
2023,수원시,팔달구청,2023-02-06 8:33,화서동 화서초등학교 둘레길 중간지점,고정형,2023-12-01,,,
2023,수원시,영통구청,2023-02-06 8:56,영통구 이의동 177-1,국민신문고,2023-12-01,,,
2023,수원시,권선구청,2023-02-06 9:01,곡반정동 하나로마트한국빌딩앞,고정형,2023-12-01,,,
2023,수원시,영통구청,2023-02-06 9:29,원천동 광교 한화겔러리아 앞,고정형,2023-12-01,,,
2023,수원시,권선구청,2023-02-06 9:36,경기도수원시권선구권선동 수원시 권선구 권선동 197,보행,2023-12-01,,,
2023,수원시,팔달구청,2023-02-06 9:40,인계동 드림캐슬주상복합,고정형,2023-12-01,,,
2023,수원시,영통구청,2023-02-06 10:07,경기도수원시영통구매탄동 수원시 영통구 매탄동 408,보행,2023-12-01,,,
2023,수원시,영통구청,2023-02-06 10:08,경기도수원시영통구매탄동 수원시 영통구 매탄동 408,보행,2023-12-01,,,
2023,수원시,영통구청,2023-02-06 10:08,경기도수원시영통구매탄동 수원시 영통구 매탄동 409,보행,2023-12-01,,,
2023,수원시,권선구청,2023-02-06 10:09,서둔동 가온팰리스옆2,고정형,2023-12-01,,,
2023,수원시,팔달구청,2023-02-06 10:17,인계동 드림캐슬주상복합,고정형,2023-12-01,,,
2023,수원시,팔달구청,2023-02-06 10:22,인계동 드림캐슬주상복합,고정형,2023-12-01,,,
2023,수원시,팔달구청,2023-02-06 10:28,인계동 드림캐슬주상복합,고정형,2023-12-01,,,
2023,수원시,팔달구청,2023-02-06 10:30,매산로3가 매산로3가 향교로 61,주행형,2023-12-01,,,
2023,수원시,팔달구청,2023-02-06 10:38,인계동 드림캐슬주상복합,고정형,2023-12-01,,,
2023,수원시,팔달구청,2023-02-06 10:45,경기도수원시팔달구화서동 수원시 팔달구 효원로292번길 33-22,보행,2023-12-01,,,
2023,수원시,팔달구청,2023-02-06 10:45,경기도수원시팔달구화서동 수원시 팔달구 효원로292번길 33-22,보행,2023-12-01,,,
2023,수원시,팔달구청,2023-02-06 10:46,경기도수원시팔달구화서동 수원시 팔달구 효원로292번길 33-22,보행,2023-12-01,,,
2023,수원시,팔달구청,2023-02-06 10:47,경기도수원시팔달구화서동 수원시 팔달구 효원로292번길 33-16,보행,2023-12-01,,,
2023,수원시,권선구청,2023-02-06 10:52,평동 오목초교 정문 우측 삼거리,고정형,2023-12-01,,,
2023,수원시,팔달구청,2023-02-06 11:27,경기도수원시팔달구매교동 수원시 팔달구 매교동 113,보행,2023-12-01,,,
2023,수원시,팔달구청,2023-02-06 11:29,경기도수원시팔달구매교동 수원시 팔달구 매교동 113,보행,2023-12-01,,,
2023,수원시,팔달구청,2023-02-06 11:30,경기도수원시팔달구매교동 수원시 팔달구 매교동 113,보행,2023-12-01,,,
2023,수원시,팔달구청,2023-02-06 11:53,행궁동 팔달문 버스정류장,고정형,2023-12-01,,,
2023,수원시,장안구청,2023-02-06 11:54,파장동 파장동 528-6,국민신문고,2023-12-01,,,
2023,수원시,팔달구청,2023-02-06 12:16,행궁동 팔달문 버스정류장,고정형,2023-12-01,,,
2023,수원시,팔달구청,2023-02-06 12:46,화서1동 푸르지오자이 북문 CU 앞 횡단보도,고정형,2023-12-01,,,
2023,수원시,영통구청,2023-02-06 13:17,영통동 마사회뒷길,고정형,2023-12-01,,,
2023,수원시,영통구청,2023-02-06 13:33,이의동 광교가재울마을사거리,고정형,2023-12-01,,,
2023,수원시,영통구청,2023-02-06 13:33,이의동 광교가재울마을사거리,고정형,2023-12-01,,,
2023,수원시,영통구청,2023-02-06 13:33,이의동 광교가재울마을사거리,고정형,2023-12-01,,,
2023,수원시,팔달구청,2023-02-06 13:39,고등동 수원초등학교 정문 좌측 사거리,고정형,2023-12-01,,,
2023,수원시,팔달구청,2023-02-06 14:11,경기도수원시팔달구고등동 수원시 팔달구 고등동 159,보행,2023-12-01,,,
2023,수원시,팔달구청,2023-02-06 14:11,경기도수원시팔달구고등동 수원시 팔달구 고등동 159,보행,2023-12-01,,,
2023,수원시,팔달구청,2023-02-06 14:22,고등동 수원초등학교 정문 좌측 사거리,고정형,2023-12-01,,,
2023,수원시,팔달구청,2023-02-06 14:23,장안동 장안동 화서문로17번길,주행형,2023-12-01,,,
2023,수원시,팔달구청,2023-02-06 14:23,장안동 장안동 화서문로17번길,주행형,2023-12-01,,,
2023,수원시,팔달구청,2023-02-06 14:23,장안동 장안동 화서문로17번길,주행형,2023-12-01,,,
2023,수원시,팔달구청,2023-02-06 14:23,장안동 장안동 화서문로17번길,주행형,2023-12-01,,,
2023,수원시,팔달구청,2023-02-06 14:23,장안동 장안동 화서문로17번길,주행형,2023-12-01,,,
2023,수원시,팔달구청,2023-02-06 14:24,장안동 장안동 화서문로17번길,주행형,2023-12-01,,,
2023,수원시,권선구청,2023-02-06 14:32,서둔동 가온팰리스옆2,고정형,2023-12-01,,,
2023,수원시,팔달구청,2023-02-06 14:32,경기도수원시팔달구신풍동 수원시 팔달구 화서문로 16번길 70신풍경로당,보행,2023-12-01,,,
2023,수원시,영통구청,2023-02-06 14:33,영통동 롯데마트 뒤,고정형,2023-12-01,37.27220279535416,127.10856729001851,
2023,수원시,영통구청,2023-02-06 14:33,영통동 롯데마트 뒤,고정형,2023-12-01,37.27220279535416,127.10856729001851,
2023,수원시,팔달구청,2023-02-06 14:34,인계동 드림캐슬주상복합,고정형,2023-12-01,,,
2023,수원시,권선구청,2023-02-06 14:34,곡반정동 하나로마트한국빌딩앞,고정형,2023-12-01,,,
2023,수원시,팔달구청,2023-02-06 14:35,인계동 경인통계청,고정형,2023-12-01,,,
2023,수원시,권선구청,2023-02-06 14:37,평동 고현초교 정문 좌측 삼거리,고정형,2023-12-01,,,
2023,수원시,팔달구청,2023-02-06 14:38,인계동 드림캐슬주상복합,고정형,2023-12-01,,,
2023,수원시,팔달구청,2023-02-06 14:54,인계동 팅스몰 주차장 출구 옆,고정형,2023-12-01,,,
2023,수원시,팔달구청,2023-02-06 14:59,매산동 팅스몰 주차장 출구 옆,고정형,2023-12-01,,,
2023,수원시,팔달구청,2023-02-06 14:59,경기도수원시팔달구남창동 수원시 팔달구 남창동 134,보행,2023-12-01,,,
2023,수원시,팔달구청,2023-02-06 14:59,경기도수원시팔달구남창동 수원시 팔달구 남창동 134,보행,2023-12-01,,,
2023,수원시,권선구청,2023-02-06 15:05,서둔동 수원역한라비발디퍼스트 앞2,고정형,2023-12-01,,,
2023,수원시,팔달구청,2023-02-06 15:12,남수동 남수동 정조로800번길,주행형,2023-12-01,,,
2023,수원시,팔달구청,2023-02-06 15:13,인계동 경인통계청,고정형,2023-12-01,,,
2023,수원시,영통구청,2023-02-06 15:13,이의동 광교가재울마을사거리,고정형,2023-12-01,,,
2023,수원시,팔달구청,2023-02-06 15:13,팔달로2가 팔달로2가 정조로796번길,주행형,2023-12-01,,,
2023,수원시,팔달구청,2023-02-06 15:13,남수동 남수동 정조로796번길,주행형,2023-12-01,,,
2023,수원시,팔달구청,2023-02-06 15:17,인계동 인계동 매산로 169,주행형,2023-12-01,,,
2023,수원시,팔달구청,2023-02-06 15:17,인계동 인계동 매산로 169,주행형,2023-12-01,,,
2023,수원시,팔달구청,2023-02-06 15:17,인계동 인계동 매산로 169,주행형,2023-12-01,,,
2023,수원시,권선구청,2023-02-06 15:18,서둔동 수원역한라비발디퍼스트 앞1,고정형,2023-12-01,,,
2023,수원시,권선구청,2023-02-06 15:18,서둔동 수원역한라비발디퍼스트 앞1,고정형,2023-12-01,,,
2023,수원시,팔달구청,2023-02-06 15:23,인계동 한국씨티은행,고정형,2023-12-01,,,
2023,수원시,팔달구청,2023-02-06 15:29,인계동 드림캐슬주상복합,고정형,2023-12-01,,,
2023,수원시,팔달구청,2023-02-06 15:41,인계동 경인통계청,고정형,2023-12-01,,,
2023,수원시,영통구청,2023-02-06 15:51,이의동 드림스퀘어Ⅱ 앞,고정형,2023-12-01,,,
2023,수원시,권선구청,2023-02-06 15:51,평동 고현초교 정문 좌측 삼거리,고정형,2023-12-01,,,
2023,수원시,권선구청,2023-02-06 16:15,입북동 당수초교 정문 우측 사거리,고정형,2023-12-01,,,
2023,수원시,영통구청,2023-02-06 16:19,망포동 E-마트 에브리데이 앞,고정형,2023-12-01,37.2361017468141,127.060345496536,
2023,수원시,팔달구청,2023-02-06 16:24,인계동 한국씨티은행,고정형,2023-12-01,,,
2023,수원시,영통구청,2023-02-06 16:27,이의동 드림스퀘어Ⅱ 앞,고정형,2023-12-01,,,
2023,수원시,팔달구청,2023-02-06 16:27,인계동 경인통계청,고정형,2023-12-01,,,
2023,수원시,영통구청,2023-02-06 16:38,광교동 광교더사랑교회뒷길,고정형,2023-12-01,,,
2023,수원시,권선구청,2023-02-06 16:40,입북동 당수초교 정문 우측 사거리,고정형,2023-12-01,,,
2023,수원시,팔달구청,2023-02-06 16:42,매산동 팅스몰 주차장 출구 옆,고정형,2023-12-01,,,
2023,수원시,팔달구청,2023-02-06 16:59,인계동 드림캐슬주상복합,고정형,2023-12-01,,,
2023,수원시,팔달구청,2023-02-06 17:03,인계동 드림캐슬주상복합,고정형,2023-12-01,,,
2023,수원시,팔달구청,2023-02-06 17:05,화서1동 푸르지오자이 북문 CU 앞 횡단보도,고정형,2023-12-01,,,
2023,수원시,팔달구청,2023-02-06 17:05,화서1동 푸르지오자이 북문 CU 앞 횡단보도,고정형,2023-12-01,,,
2023,수원시,권선구청,2023-02-06 17:07,서둔동 가온팰리스옆1,고정형,2023-12-01,,,
2023,수원시,권선구청,2023-02-06 17:11,서둔동 가온팰리스옆1,고정형,2023-12-01,,,
2023,수원시,영통구청,2023-02-06 17:18,이의동 광교가재울마을사거리,고정형,2023-12-01,,,
2023,수원시,팔달구청,2023-02-06 17:24,인계동 한국씨티은행,고정형,2023-12-01,,,
2023,수원시,영통구청,2023-02-06 17:30,이의동 드림스퀘어Ⅱ 앞,고정형,2023-12-01,,,
2023,수원시,팔달구청,2023-02-06 17:33,화서1동 푸르지오자이 북문 CU 앞 횡단보도,고정형,2023-12-01,,,
2023,수원시,권선구청,2023-02-06 17:42,평동 오목초교 정문 우측 삼거리,고정형,2023-12-01,,,
2023,수원시,권선구청,2023-02-06 17:42,평동 오목초교 정문 우측 삼거리,고정형,2023-12-01,,,
2023,수원시,팔달구청,2023-02-06 17:58,고등동 수원초등학교 정문 좌측 사거리,고정형,2023-12-01,,,
2023,수원시,팔달구청,2023-02-06 17:58,고등동 수원초등학교 정문 좌측 사거리,고정형,2023-12-01,,,
2023,수원시,팔달구청,2023-02-06 18:04,매산동 팔달로 10번길 8,고정형,2023-12-01,,,
2023,수원시,팔달구청,2023-02-06 18:06,매산동 팅스몰 주차장 출구 옆,고정형,2023-12-01,,,
2023,수원시,팔달구청,2023-02-06 18:08,화서1동 푸르지오자이 북문 CU 앞 횡단보도,고정형,2023-12-01,,,
2023,수원시,팔달구청,2023-02-06 18:17,인계동 드림캐슬주상복합,고정형,2023-12-01,,,
2023,수원시,팔달구청,2023-02-06 18:25,매산동 팅스몰 주차장 출구 옆,고정형,2023-12-01,,,
2023,수원시,팔달구청,2023-02-06 18:28,인계동 드림캐슬주상복합,고정형,2023-12-01,,,
2023,수원시,팔달구청,2023-02-06 18:32,고등동 수원초등학교 정문 좌측 사거리,고정형,2023-12-01,,,
2023,수원시,팔달구청,2023-02-06 18:32,고등동 수원초등학교 정문 좌측 사거리,고정형,2023-12-01,,,
2023,수원시,팔달구청,2023-02-06 18:35,매산동 팅스몰 주차장 출구 옆,고정형,2023-12-01,,,
2023,수원시,영통구청,2023-02-06 18:52,원천동 삼성전자중문,고정형,2023-12-01,,,
2023,수원시,팔달구청,2023-02-06 19:07,매산동 팅스몰 주차장 출구 옆,고정형,2023-12-01,,,
2023,수원시,영통구청,2023-02-06 19:12,망포동 E-마트 에브리데이 앞,고정형,2023-12-01,37.2361017468141,127.060345496536,
2023,수원시,팔달구청,2023-02-06 19:14,인계동 드림캐슬주상복합,고정형,2023-12-01,,,
2023,수원시,팔달구청,2023-02-06 19:32,매산동 팅스몰 주차장 출구 옆,고정형,2023-12-01,,,
2023,수원시,영통구청,2023-02-06 19:37,경기도수원시영통구망포동 수원시 영통구 망포동 413,보행,2023-12-01,,,
2023,수원시,영통구청,2023-02-06 19:37,경기도수원시영통구망포동 수원시 영통구 망포동 413,보행,2023-12-01,,,
2023,수원시,영통구청,2023-02-06 19:38,경기도수원시영통구망포동 수원시 영통구 망포동 413,보행,2023-12-01,,,
2023,수원시,팔달구청,2023-02-06 19:41,인계동 드림캐슬주상복합,고정형,2023-12-01,,,
2023,수원시,영통구청,2023-02-06 19:57,광교동 광교 덴티움지식산업센터 앞 사거리,고정형,2023-12-01,,,
2023,수원시,팔달구청,2023-02-06 19:58,인계동 드림캐슬주상복합,고정형,2023-12-01,,,
2023,수원시,팔달구청,2023-02-06 20:34,인계동 드림캐슬주상복합,고정형,2023-12-01,,,
2023,수원시,팔달구청,2023-02-06 20:36,매산동 팅스몰 주차장 출구 옆,고정형,2023-12-01,,,
2023,수원시,권선구청,2023-02-06 22:30,오목천동 527-59,국민신문고,2023-12-01,,,
2023,수원시,영통구청,2023-02-07 7:13,영통동 롯데마트 뒤,고정형,2023-12-01,37.27220279535416,127.10856729001851,
2023,수원시,팔달구청,2023-02-07 7:34,인계동 드림캐슬주상복합,고정형,2023-12-01,,,
2023,수원시,팔달구청,2023-02-07 7:35,매산동 팅스몰 주차장 출구 옆,고정형,2023-12-01,,,
2023,수원시,팔달구청,2023-02-07 7:38,인계동 드림캐슬주상복합,고정형,2023-12-01,,,
2023,수원시,권선구청,2023-02-07 8:03,곡반정동 하나로마트한국빌딩앞,고정형,2023-12-01,,,
2023,수원시,권선구청,2023-02-07 8:04,세류3동 신곡초교 후문 좌측 사거리,고정형,2023-12-01,,,
2023,수원시,팔달구청,2023-02-07 8:22,인계동 경인통계청,고정형,2023-12-01,,,
2023,수원시,팔달구청,2023-02-07 8:27,매산동 팔달로 10번길 8,고정형,2023-12-01,,,
2023,수원시,팔달구청,2023-02-07 9:05,행궁동 팔달문 버스정류장,고정형,2023-12-01,,,
2023,수원시,권선구청,2023-02-07 9:25,곡반정동 하나로마트한국빌딩앞,고정형,2023-12-01,,,
2023,수원시,팔달구청,2023-02-07 9:26,인계동 경인통계청,고정형,2023-12-01,,,
2023,수원시,팔달구청,2023-02-07 9:35,매교동 매교동 287-486,국민신문고,2023-12-01,,,
2023,수원시,팔달구청,2023-02-07 9:58,인계동 드림캐슬주상복합,고정형,2023-12-01,,,
2023,수원시,영통구청,2023-02-07 10:01,경기도수원시영통구매탄동 수원시 영통구 매탄동 404,보행,2023-12-01,,,
2023,수원시,영통구청,2023-02-07 10:02,경기도수원시영통구매탄동 수원시 영통구 매탄동 404,보행,2023-12-01,,,
2023,수원시,영통구청,2023-02-07 10:03,경기도수원시영통구매탄동 수원시 영통구 매탄동 404,보행,2023-12-01,,,
2023,수원시,권선구청,2023-02-07 10:06,곡반정동 하나로마트한국빌딩앞,고정형,2023-12-01,,,
2023,수원시,팔달구청,2023-02-07 10:17,신풍동 제일교회부설주차장 부근,고정형,2023-12-01,,,
2023,수원시,권선구청,2023-02-07 10:38,오목천동 527-5,국민신문고,2023-12-01,,,
2023,수원시,권선구청,2023-02-07 10:38,곡반정동 1355-4,국민신문고,2023-12-01,,,
2023,수원시,영통구청,2023-02-07 10:40,원천동 삼성전자중문,고정형,2023-12-01,,,
2023,수원시,장안구청,2023-02-07 10:40,정자3동 정자동 오일뱅크,고정형,2023-12-01,,,
2023,수원시,팔달구청,2023-02-07 10:44,인계동 드림캐슬주상복합,고정형,2023-12-01,,,
2023,수원시,영통구청,2023-02-07 10:44,원천동 광교 한화겔러리아 앞,고정형,2023-12-01,,,
2023,수원시,권선구청,2023-02-07 11:00,경기도수원시권선구세류동 수원시 권선구 세류동 208,보행,2023-12-01,,,
2023,수원시,영통구청,2023-02-07 11:02,이의동 광교호반베르디움 103동 앞,고정형,2023-12-01,,,
2023,수원시,영통구청,2023-02-07 11:11,원천동 광교 한화겔러리아 앞,고정형,2023-12-01,,,
2023,수원시,권선구청,2023-02-07 12:08,입북동 당수초교 정문 우측 사거리,고정형,2023-12-01,,,
2023,수원시,팔달구청,2023-02-07 12:11,매산동 역전농협,고정형,2023-12-01,,,
2023,수원시,권선구청,2023-02-07 12:21,평동 고현초교 정문 좌측 삼거리,고정형,2023-12-01,,,
2023,수원시,영통구청,2023-02-07 12:58,원천동 삼성전자중문,고정형,2023-12-01,,,
2023,수원시,영통구청,2023-02-07 13:14,하동 광교대광로제비앙앞,고정형,2023-12-01,,,
2023,수원시,영통구청,2023-02-07 13:23,광교동 광교더사랑교회뒷길,고정형,2023-12-01,,,
2023,수원시,권선구청,2023-02-07 13:30,입북동 당수초교 정문 우측 사거리,고정형,2023-12-01,,,
2023,수원시,팔달구청,2023-02-07 14:21,경기도수원시팔달구화서동 수원시 팔달구 우만동 481-6,보행,2023-12-01,,,
2023,수원시,팔달구청,2023-02-07 14:25,경기도수원시팔달구장안동 수원시 팔달구 화서문로 17번길 14,보행,2023-12-01,,,
2023,수원시,팔달구청,2023-02-07 14:27,경기도수원시팔달구장안동 수원시 팔달구 장안동 26,보행,2023-12-01,,,
2023,수원시,팔달구청,2023-02-07 14:27,경기도수원시팔달구장안동 수원시 팔달구 장안동 26,보행,2023-12-01,,,
2023,수원시,영통구청,2023-02-07 14:33,영통동 롯데마트 뒤,고정형,2023-12-01,37.27220279535416,127.10856729001851,
2023,수원시,영통구청,2023-02-07 14:33,영통동 롯데마트 뒤,고정형,2023-12-01,37.27220279535416,127.10856729001851,
2023,수원시,권선구청,2023-02-07 14:33,서둔동 가온팰리스옆2,고정형,2023-12-01,,,
2023,수원시,권선구청,2023-02-07 14:33,서둔동 가온팰리스옆2,고정형,2023-12-01,,,
2023,수원시,팔달구청,2023-02-07 14:34,인계동 드림캐슬주상복합,고정형,2023-12-01,,,
2023,수원시,팔달구청,2023-02-07 14:36,인계동 드림캐슬주상복합,고정형,2023-12-01,,,
2023,수원시,팔달구청,2023-02-07 14:39,매산동 팅스몰 주차장 출구 옆,고정형,2023-12-01,,,
2023,수원시,권선구청,2023-02-07 14:48,곡반정동 하나로마트한국빌딩앞,고정형,2023-12-01,,,
2023,수원시,권선구청,2023-02-07 14:48,곡반정동 하나로마트한국빌딩앞,고정형,2023-12-01,,,
2023,수원시,팔달구청,2023-02-07 14:48,경기도수원시팔달구매교동 수원시 팔달구 매교동 287,보행,2023-12-01,,,
2023,수원시,팔달구청,2023-02-07 14:50,행궁동 팔달문 버스정류장,고정형,2023-12-01,,,
2023,수원시,팔달구청,2023-02-07 14:50,팔달로2가 팔달로2가 정조로796번길,주행형,2023-12-01,,,
2023,수원시,팔달구청,2023-02-07 14:50,남수동 남수동 정조로796번길,주행형,2023-12-01,,,
2023,수원시,팔달구청,2023-02-07 14:51,매교동 매교동 매산로116번길,주행형,2023-12-01,,,
2023,수원시,팔달구청,2023-02-07 14:55,인계동 인계동 매산로169,주행형,2023-12-01,,,
2023,수원시,팔달구청,2023-02-07 14:55,인계동 인계동 매산로169,주행형,2023-12-01,,,
2023,수원시,팔달구청,2023-02-07 15:01,경기도수원시팔달구매향동 수원시 팔달구 매향동 24,보행,2023-12-01,,,
2023,수원시,팔달구청,2023-02-07 15:12,매산동 팅스몰 주차장 출구 옆,고정형,2023-12-01,,,
2023,수원시,권선구청,2023-02-07 15:13,금곡동 수원문산고속도로,주행형,2023-12-01,,,
2023,수원시,팔달구청,2023-02-07 15:21,인계동 드림캐슬주상복합,고정형,2023-12-01,,,
2023,수원시,영통구청,2023-02-07 15:25,이의동 드림스퀘어Ⅱ 앞,고정형,2023-12-01,,,
2023,수원시,영통구청,2023-02-07 15:57,망포동 E-마트 에브리데이 앞,고정형,2023-12-01,37.2361017468141,127.060345496536,
2023,수원시,권선구청,2023-02-07 16:06,평동 고현초교 정문 좌측 삼거리,고정형,2023-12-01,,,
2023,수원시,권선구청,2023-02-07 16:08,서둔동 수원역한라비발디퍼스트 앞1,고정형,2023-12-01,,,
2023,수원시,영통구청,2023-02-07 16:12,원천동 삼성전자중문,고정형,2023-12-01,,,
2023,수원시,팔달구청,2023-02-07 16:22,인계동 경인통계청,고정형,2023-12-01,,,
2023,수원시,팔달구청,2023-02-07 16:22,인계동 한국씨티은행,고정형,2023-12-01,,,
2023,수원시,팔달구청,2023-02-07 16:22,인계동 한국씨티은행,고정형,2023-12-01,,,
2023,수원시,영통구청,2023-02-07 16:36,영통동 롯데마트 뒤,고정형,2023-12-01,37.27220279535416,127.10856729001851,
2023,수원시,영통구청,2023-02-07 16:36,영통동 보보스스포츠센터앞,고정형,2023-12-01,,,
2023,수원시,팔달구청,2023-02-07 16:39,인계동 드림캐슬주상복합,고정형,2023-12-01,,,
2023,수원시,팔달구청,2023-02-07 16:39,인계동 드림캐슬주상복합,고정형,2023-12-01,,,
2023,수원시,팔달구청,2023-02-07 16:39,인계동 드림캐슬주상복합,고정형,2023-12-01,,,
2023,수원시,팔달구청,2023-02-07 16:39,신풍동 제일교회부설주차장 부근,고정형,2023-12-01,,,
2023,수원시,팔달구청,2023-02-07 16:47,매산동 역전농협,고정형,2023-12-01,,,
2023,수원시,팔달구청,2023-02-07 16:47,매산동 역전농협,고정형,2023-12-01,,,
2023,수원시,팔달구청,2023-02-07 16:50,인계동 드림캐슬주상복합,고정형,2023-12-01,,,
2023,수원시,팔달구청,2023-02-07 16:57,인계동 한국씨티은행,고정형,2023-12-01,,,
2023,수원시,장안구청,2023-02-07 17:00,율전동 율전파출소,고정형,2023-12-01,,,
2023,수원시,장안구청,2023-02-07 17:00,율전동 율전파출소,고정형,2023-12-01,,,
2023,수원시,팔달구청,2023-02-07 17:00,매교동 매교동 287-110,국민신문고,2023-12-01,,,
2023,수원시,팔달구청,2023-02-07 17:00,매교동 매교동 287-110,국민신문고,2023-12-01,,,
2023,수원시,영통구청,2023-02-07 17:03,영통동 보보스스포츠센터앞,고정형,2023-12-01,,,
2023,수원시,영통구청,2023-02-07 17:10,이의동 드림스퀘어Ⅱ 앞,고정형,2023-12-01,,,
2023,수원시,팔달구청,2023-02-07 17:13,매산동 팅스몰 주차장 출구 옆,고정형,2023-12-01,,,
2023,수원시,영통구청,2023-02-07 17:24,영통동 마사회뒷길,고정형,2023-12-01,,,
2023,수원시,팔달구청,2023-02-07 17:29,인계동 한국씨티은행,고정형,2023-12-01,,,
2023,수원시,팔달구청,2023-02-07 17:29,고등동 수원초등학교 정문 좌측 사거리,고정형,2023-12-01,,,
2023,수원시,팔달구청,2023-02-07 17:31,인계동 드림캐슬주상복합,고정형,2023-12-01,,,
2023,수원시,팔달구청,2023-02-07 17:43,매산동 팅스몰 주차장 출구 옆,고정형,2023-12-01,,,
2023,수원시,영통구청,2023-02-07 17:50,광교동 광교 덴티움지식산업센터 앞 사거리,고정형,2023-12-01,,,
2023,수원시,팔달구청,2023-02-07 18:25,매산동 팅스몰 주차장 출구 옆,고정형,2023-12-01,,,
2023,수원시,팔달구청,2023-02-07 18:27,매산동 팅스몰 주차장 출구 옆,고정형,2023-12-01,,,
2023,수원시,팔달구청,2023-02-07 18:40,매산동 팅스몰 주차장 출구 옆,고정형,2023-12-01,,,
2023,수원시,영통구청,2023-02-07 19:01,이의동 광교가재울마을사거리,고정형,2023-12-01,,,
2023,수원시,팔달구청,2023-02-07 19:07,매산동 팅스몰 주차장 출구 옆,고정형,2023-12-01,,,
2023,수원시,팔달구청,2023-02-07 19:09,매산동 팅스몰 주차장 출구 옆,고정형,2023-12-01,,,
2023,수원시,팔달구청,2023-02-07 19:22,인계동 드림캐슬주상복합,고정형,2023-12-01,,,
2023,수원시,팔달구청,2023-02-07 19:34,인계동 드림캐슬주상복합,고정형,2023-12-01,,,
2023,수원시,팔달구청,2023-02-07 19:41,매산동 역전농협,고정형,2023-12-01,,,
2023,수원시,팔달구청,2023-02-07 19:51,경기도수원시팔달구화서동 수원시 팔달구 인계동 239,보행,2023-12-01,,,
2023,수원시,팔달구청,2023-02-07 20:32,인계동 드림캐슬주상복합,고정형,2023-12-01,,,
2023,수원시,팔달구청,2023-02-07 20:46,매산동 팅스몰 주차장 출구 옆,고정형,2023-12-01,,,
2023,수원시,영통구청,2023-02-07 20:48,영통동 마사회뒷길,고정형,2023-12-01,,,
2023,수원시,팔달구청,2023-02-07 21:31,인계동 드림캐슬주상복합,고정형,2023-12-01,,,
2023,수원시,팔달구청,2023-02-07 21:31,인계동 드림캐슬주상복합,고정형,2023-12-01,,,
2023,수원시,팔달구청,2023-02-07 21:45,인계동 드림캐슬주상복합,고정형,2023-12-01,,,
2023,수원시,권선구청,2023-02-08 6:05,곡반정동 156-7,국민신문고,2023-12-01,,,
2023,수원시,영통구청,2023-02-08 7:17,영통동 롯데마트 뒤,고정형,2023-12-01,37.27220279535416,127.10856729001851,
2023,수원시,팔달구청,2023-02-08 7:33,인계동 드림캐슬주상복합,고정형,2023-12-01,,,
2023,수원시,팔달구청,2023-02-08 7:35,매산동 팅스몰 주차장 출구 옆,고정형,2023-12-01,,,
2023,수원시,팔달구청,2023-02-08 7:48,인계동 경인통계청,고정형,2023-12-01,,,
2023,수원시,팔달구청,2023-02-08 8:07,신풍동 제일교회부설주차장 부근,고정형,2023-12-01,,,
2023,수원시,팔달구청,2023-02-08 8:11,인계동 드림캐슬주상복합,고정형,2023-12-01,,,
2023,수원시,영통구청,2023-02-08 8:22,광교동 광교더사랑교회뒷길,고정형,2023-12-01,,,
2023,수원시,영통구청,2023-02-08 8:52,영통동 보보스스포츠센터앞,고정형,2023-12-01,,,
2023,수원시,권선구청,2023-02-08 10:07,서둔동 가온팰리스옆2,고정형,2023-12-01,,,
2023,수원시,팔달구청,2023-02-08 10:47,인계동 드림캐슬주상복합,고정형,2023-12-01,,,
2023,수원시,팔달구청,2023-02-08 10:47,인계동 드림캐슬주상복합,고정형,2023-12-01,,,
2023,수원시,권선구청,2023-02-08 11:06,입북동 당수초교 정문 우측 사거리,고정형,2023-12-01,,,
2023,수원시,영통구청,2023-02-08 11:14,광교동 광교 덴티움지식산업센터 앞 사거리,고정형,2023-12-01,,,
2023,수원시,팔달구청,2023-02-08 11:17,고등동 수원초등학교 정문 좌측 사거리,고정형,2023-12-01,,,
2023,수원시,영통구청,2023-02-08 11:50,광교동 광교더사랑교회뒷길,고정형,2023-12-01,,,
2023,수원시,권선구청,2023-02-08 12:19,입북동 당수초교 정문 우측 사거리,고정형,2023-12-01,,,
2023,수원시,팔달구청,2023-02-08 12:27,매산동 역전농협,고정형,2023-12-01,,,
2023,수원시,영통구청,2023-02-08 12:36,이의동 광교가재울마을사거리,고정형,2023-12-01,,,
2023,수원시,팔달구청,2023-02-08 12:51,행궁동 팔달문 버스정류장,고정형,2023-12-01,,,
2023,수원시,영통구청,2023-02-08 13:59,망포동 E-마트 에브리데이 앞,고정형,2023-12-01,37.2361017468141,127.060345496536,
2023,수원시,팔달구청,2023-02-08 14:18,남수동 남수동 정조로796번길,주행형,2023-12-01,,,
2023,수원시,팔달구청,2023-02-08 14:21,인계동 인계동 수원천로231번길3,주행형,2023-12-01,,,
2023,수원시,팔달구청,2023-02-08 14:22,인계동 인계동 매산로169,주행형,2023-12-01,,,
2023,수원시,팔달구청,2023-02-08 14:22,인계동 인계동 매산로169,주행형,2023-12-01,,,
2023,수원시,팔달구청,2023-02-08 14:22,인계동 인계동 매산로169,주행형,2023-12-01,,,
2023,수원시,팔달구청,2023-02-08 14:22,인계동 인계동 매산로169,주행형,2023-12-01,,,
2023,수원시,영통구청,2023-02-08 14:31,경기도수원시영통구영통동 수원시 영통구 영통동 991,보행,2023-12-01,,,
2023,수원시,팔달구청,2023-02-08 14:35,인계동 드림캐슬주상복합,고정형,2023-12-01,,,
2023,수원시,팔달구청,2023-02-08 14:35,인계동 팅스몰 주차장 출구 옆,고정형,2023-12-01,,,
2023,수원시,팔달구청,2023-02-08 14:37,신풍동 제일교회부설주차장 부근,고정형,2023-12-01,,,
2023,수원시,권선구청,2023-02-08 14:37,오목천동 474-1,주민신고제,2023-12-01,,,
2023,수원시,팔달구청,2023-02-08 14:38,인계동 한국씨티은행,고정형,2023-12-01,,,
2023,수원시,팔달구청,2023-02-08 14:40,매산동 팔달로 10번길 8,고정형,2023-12-01,,,
2023,수원시,권선구청,2023-02-08 14:43,곡반정동 하나로마트한국빌딩앞,고정형,2023-12-01,,,
2023,수원시,권선구청,2023-02-08 14:43,곡반정동 하나로마트한국빌딩앞,고정형,2023-12-01,,,
2023,수원시,권선구청,2023-02-08 14:52,서둔동 가온팰리스옆1,고정형,2023-12-01,,,
2023,수원시,장안구청,2023-02-08 15:00,정자3동 정자동 오일뱅크,고정형,2023-12-01,,,
2023,수원시,권선구청,2023-02-08 15:19,오목천동 532-12,주민신고제,2023-12-01,,,
2023,수원시,팔달구청,2023-02-08 15:21,매산동 팅스몰 주차장 출구 옆,고정형,2023-12-01,,,
2023,수원시,권선구청,2023-02-08 15:22,서둔동 가온팰리스옆2,고정형,2023-12-01,,,
2023,수원시,팔달구청,2023-02-08 15:46,인계동 드림캐슬주상복합,고정형,2023-12-01,,,
2023,수원시,권선구청,2023-02-08 15:58,서둔동 가온팰리스옆2,고정형,2023-12-01,,,
2023,수원시,팔달구청,2023-02-08 16:04,인계동 드림캐슬주상복합,고정형,2023-12-01,,,
2023,수원시,팔달구청,2023-02-08 16:09,인계동 드림캐슬주상복합,고정형,2023-12-01,,,
2023,수원시,팔달구청,2023-02-08 16:22,매산동 팔달로 10번길 8,고정형,2023-12-01,,,
2023,수원시,영통구청,2023-02-08 16:29,이의동 드림스퀘어Ⅱ 앞,고정형,2023-12-01,,,
2023,수원시,영통구청,2023-02-08 16:29,이의동 드림스퀘어Ⅱ 앞,고정형,2023-12-01,,,
2023,수원시,권선구청,2023-02-08 16:30,서둔동 수원역한라비발디퍼스트 앞1,고정형,2023-12-01,,,
2023,수원시,팔달구청,2023-02-08 16:34,매산동 팅스몰 주차장 출구 옆,고정형,2023-12-01,,,
2023,수원시,팔달구청,2023-02-08 16:48,매산동 팅스몰 주차장 출구 옆,고정형,2023-12-01,,,
2023,수원시,영통구청,2023-02-08 17:01,망포동 E-마트 에브리데이 앞,고정형,2023-12-01,37.2361017468141,127.060345496536,
2023,수원시,팔달구청,2023-02-08 17:07,인계동 드림캐슬주상복합,고정형,2023-12-01,,,
2023,수원시,영통구청,2023-02-08 17:12,망포동 E-마트 에브리데이 앞,고정형,2023-12-01,37.2361017468141,127.060345496536,
2023,수원시,팔달구청,2023-02-08 17:29,매산동 팅스몰 주차장 출구 옆,고정형,2023-12-01,,,
2023,수원시,권선구청,2023-02-08 17:37,세류3동 신곡초교 후문 좌측 사거리,고정형,2023-12-01,,,
2023,수원시,팔달구청,2023-02-08 17:53,인계동 드림캐슬주상복합,고정형,2023-12-01,,,
2023,수원시,영통구청,2023-02-08 17:54,영통동 롯데마트 뒤,고정형,2023-12-01,37.27220279535416,127.10856729001851,
2023,수원시,팔달구청,2023-02-08 18:05,인계동 드림캐슬주상복합,고정형,2023-12-01,,,
2023,수원시,팔달구청,2023-02-08 18:15,인계동 드림캐슬주상복합,고정형,2023-12-01,,,
2023,수원시,팔달구청,2023-02-08 18:34,매산동 팅스몰 주차장 출구 옆,고정형,2023-12-01,,,
2023,수원시,영통구청,2023-02-08 19:22,경기도수원시영통구원천동 수원시 영통구 원천동 547,보행,2023-12-01,,,
2023,수원시,영통구청,2023-02-08 19:23,경기도수원시영통구원천동 수원시 영통구 원천동 547,보행,2023-12-01,,,
2023,수원시,영통구청,2023-02-08 19:28,영통동 롯데마트 뒤,고정형,2023-12-01,37.27220279535416,127.10856729001851,
2023,수원시,영통구청,2023-02-08 19:47,망포동 힐스테이트 119동 ~방죽공원 삼거리,고정형,2023-12-01,,,
2023,수원시,팔달구청,2023-02-08 19:56,매산동 팅스몰 주차장 출구 옆,고정형,2023-12-01,,,
2023,수원시,팔달구청,2023-02-08 20:13,인계동 드림캐슬주상복합,고정형,2023-12-01,,,
2023,수원시,팔달구청,2023-02-08 20:17,인계동 드림캐슬주상복합,고정형,2023-12-01,,,
2023,수원시,영통구청,2023-02-08 20:38,망포동 E-마트 에브리데이 앞,고정형,2023-12-01,37.2361017468141,127.060345496536,
2023,수원시,팔달구청,2023-02-08 20:39,인계동 드림캐슬주상복합,고정형,2023-12-01,,,
2023,수원시,권선구청,2023-02-08 20:54,오목천동 527-5,국민신문고,2023-12-01,,,
2023,수원시,권선구청,2023-02-09 1:39,곡반정동 562-2,국민신문고,2023-12-01,,,
2023,수원시,권선구청,2023-02-09 5:58,곡반정동 562-2,국민신문고,2023-12-01,,,
2023,수원시,팔달구청,2023-02-09 7:34,매산동 역전농협,고정형,2023-12-01,,,
2023,수원시,팔달구청,2023-02-09 7:34,매산동 팅스몰 주차장 출구 옆,고정형,2023-12-01,,,
2023,수원시,팔달구청,2023-02-09 7:34,인계동 팅스몰 주차장 출구 옆,고정형,2023-12-01,,,
2023,수원시,팔달구청,2023-02-09 7:35,인계동 드림캐슬주상복합,고정형,2023-12-01,,,
2023,수원시,팔달구청,2023-02-09 7:40,매산동 팅스몰 주차장 출구 옆,고정형,2023-12-01,,,
2023,수원시,권선구청,2023-02-09 8:03,곡반정동 하나로마트한국빌딩앞,고정형,2023-12-01,,,
2023,수원시,권선구청,2023-02-09 8:03,곡반정동 하나로마트한국빌딩앞,고정형,2023-12-01,,,
2023,수원시,권선구청,2023-02-09 8:04,곡반정동 하나로마트한국빌딩앞,고정형,2023-12-01,,,
2023,수원시,권선구청,2023-02-09 8:14,권선2동 곡정초교 정문 좌측 사거리,고정형,2023-12-01,,,
2023,수원시,팔달구청,2023-02-09 8:25,인계동 드림캐슬주상복합,고정형,2023-12-01,,,
2023,수원시,권선구청,2023-02-09 8:36,서둔동 가온팰리스옆2,고정형,2023-12-01,,,
2023,수원시,장안구청,2023-02-09 8:37,경기도수원시장안구영화동 수원시 장안구 영화동 369,보행,2023-12-01,,,
2023,수원시,영통구청,2023-02-09 9:17,영통동 롯데마트 뒤,고정형,2023-12-01,37.27220279535416,127.10856729001851,
2023,수원시,장안구청,2023-02-09 9:32,율전동 율전파출소,고정형,2023-12-01,,,
2023,수원시,권선구청,2023-02-09 9:57,서둔동 가온팰리스옆2,고정형,2023-12-01,,,
2023,수원시,팔달구청,2023-02-09 10:07,인계동 드림캐슬주상복합,고정형,2023-12-01,,,
2023,수원시,권선구청,2023-02-09 10:08,평동 고현초교 정문 좌측 삼거리,고정형,2023-12-01,,,
2023,수원시,팔달구청,2023-02-09 10:16,인계동 드림캐슬주상복합,고정형,2023-12-01,,,
2023,수원시,팔달구청,2023-02-09 10:19,인계동 경인통계청,고정형,2023-12-01,,,
2023,수원시,영통구청,2023-02-09 10:24,이의동 창룡대로298번길,주행형,2023-12-01,,,
2023,수원시,영통구청,2023-02-09 10:24,이의동 창룡대로298번길,주행형,2023-12-01,,,
2023,수원시,영통구청,2023-02-09 10:24,이의동 창룡대로298번길,주행형,2023-12-01,,,
2023,수원시,영통구청,2023-02-09 10:24,이의동 창룡대로298번길,주행형,2023-12-01,,,
2023,수원시,팔달구청,2023-02-09 10:34,매산로3가 매산로3가 향교로 61,주행형,2023-12-01,,,
2023,수원시,팔달구청,2023-02-09 10:34,매산로3가 매산로3가 향교로 61,주행형,2023-12-01,,,
2023,수원시,팔달구청,2023-02-09 10:40,인계동 드림캐슬주상복합,고정형,2023-12-01,,,
2023,수원시,권선구청,2023-02-09 10:41,서둔동 가온팰리스옆2,고정형,2023-12-01,,,
2023,수원시,장안구청,2023-02-09 11:49,경기도수원시장안구파장동 수원시 장안구 파장동 208,보행,2023-12-01,,,
2023,수원시,팔달구청,2023-02-09 11:53,고등동 수원초등학교 정문 좌측 사거리,고정형,2023-12-01,,,
2023,수원시,영통구청,2023-02-09 12:13,광교동 광교 덴티움지식산업센터 앞 사거리,고정형,2023-12-01,,,
2023,수원시,영통구청,2023-02-09 12:18,이의동 광교가재울마을사거리,고정형,2023-12-01,,,
2023,수원시,영통구청,2023-02-09 13:12,망포동 E-마트 에브리데이 앞,고정형,2023-12-01,37.2361017468141,127.060345496536,
2023,수원시,영통구청,2023-02-09 13:12,망포동 E-마트 에브리데이 앞,고정형,2023-12-01,37.2361017468141,127.060345496536,
2023,수원시,영통구청,2023-02-09 14:22,광교동 광교더사랑교회뒷길,고정형,2023-12-01,,,
2023,수원시,권선구청,2023-02-09 14:33,구운동 구운동 명품닭갈비,고정형,2023-12-01,,,
2023,수원시,팔달구청,2023-02-09 14:33,인계동 팅스몰 주차장 출구 옆,고정형,2023-12-01,,,
2023,수원시,팔달구청,2023-02-09 14:34,매산동 팅스몰 주차장 출구 옆,고정형,2023-12-01,,,
2023,수원시,권선구청,2023-02-09 14:35,서둔동 수원역한라비발디퍼스트 앞1,고정형,2023-12-01,,,
2023,수원시,팔달구청,2023-02-09 14:37,신풍동 제일교회부설주차장 부근,고정형,2023-12-01,,,
2023,수원시,권선구청,2023-02-09 15:06,평동 고현초교 정문 좌측 삼거리,고정형,2023-12-01,,,
2023,수원시,팔달구청,2023-02-09 15:23,교동 수원향교 앞 팔달보건소 뒤,고정형,2023-12-01,,,
2023,수원시,팔달구청,2023-02-09 15:31,매산동 팅스몰 주차장 출구 옆,고정형,2023-12-01,,,
2023,수원시,팔달구청,2023-02-09 15:46,인계동 한국씨티은행,고정형,2023-12-01,,,
2023,수원시,권선구청,2023-02-09 15:52,서둔동 가온팰리스옆2,고정형,2023-12-01,,,
2023,수원시,팔달구청,2023-02-09 16:04,인계동 드림캐슬주상복합,고정형,2023-12-01,,,
2023,수원시,팔달구청,2023-02-09 16:28,고등동 수원초등학교 정문 좌측 사거리,고정형,2023-12-01,,,
2023,수원시,영통구청,2023-02-09 16:30,이의동 드림스퀘어Ⅱ 앞,고정형,2023-12-01,,,
2023,수원시,팔달구청,2023-02-09 16:50,매산동 팔달로 10번길 8,고정형,2023-12-01,,,
2023,수원시,권선구청,2023-02-09 17:02,세류3동 신곡초교 후문 좌측 사거리,고정형,2023-12-01,,,
2023,수원시,권선구청,2023-02-09 17:12,서둔동 가온팰리스옆2,고정형,2023-12-01,,,
2023,수원시,권선구청,2023-02-09 17:18,곡반정동 하나로마트한국빌딩앞,고정형,2023-12-01,,,
2023,수원시,권선구청,2023-02-09 17:33,곡반정동 하나로마트한국빌딩앞,고정형,2023-12-01,,,
2023,수원시,권선구청,2023-02-09 17:33,곡반정동 하나로마트한국빌딩앞,고정형,2023-12-01,,,
2023,수원시,팔달구청,2023-02-09 17:50,매산동 팅스몰 주차장 출구 옆,고정형,2023-12-01,,,
2023,수원시,권선구청,2023-02-09 18:20,권선동 1085-4,국민신문고,2023-12-01,,,
2023,수원시,팔달구청,2023-02-09 18:23,인계동 드림캐슬주상복합,고정형,2023-12-01,,,
2023,수원시,팔달구청,2023-02-09 18:42,인계동 드림캐슬주상복합,고정형,2023-12-01,,,
2023,수원시,팔달구청,2023-02-09 18:46,인계동 드림캐슬주상복합,고정형,2023-12-01,,,
2023,수원시,팔달구청,2023-02-09 18:50,인계동 드림캐슬주상복합,고정형,2023-12-01,,,
2023,수원시,팔달구청,2023-02-09 19:02,인계동 드림캐슬주상복합,고정형,2023-12-01,,,
2023,수원시,영통구청,2023-02-09 19:10,광교동 광교 덴티움지식산업센터 앞 사거리,고정형,2023-12-01,,,
2023,수원시,영통구청,2023-02-09 19:10,광교동 광교 덴티움지식산업센터 앞 사거리,고정형,2023-12-01,,,
2023,수원시,팔달구청,2023-02-09 19:14,경기도수원시팔달구지동 수원시 팔달구 지동29-26지동시장,보행,2023-12-01,,,
2023,수원시,팔달구청,2023-02-09 19:19,인계동 팅스몰 주차장 출구 옆,고정형,2023-12-01,,,
2023,수원시,팔달구청,2023-02-09 19:24,인계동 드림캐슬주상복합,고정형,2023-12-01,,,
2023,수원시,팔달구청,2023-02-09 19:24,인계동 드림캐슬주상복합,고정형,2023-12-01,,,
2023,수원시,팔달구청,2023-02-09 19:25,인계동 드림캐슬주상복합,고정형,2023-12-01,,,
2023,수원시,팔달구청,2023-02-09 19:33,우만동 1133-1 (인도),국민신문고,2023-12-01,,,
2023,수원시,영통구청,2023-02-09 19:34,영통동 롯데마트 뒤,고정형,2023-12-01,37.27220279535416,127.10856729001851,
2023,수원시,팔달구청,2023-02-09 19:40,매산동 팅스몰 주차장 출구 옆,고정형,2023-12-01,,,
2023,수원시,팔달구청,2023-02-09 20:00,경기도수원시팔달구고등동 수원시 팔달구 매산로2가 12-6,보행,2023-12-01,,,
2023,수원시,영통구청,2023-02-09 20:02,이의동 광교호반베르디움 103동 앞,고정형,2023-12-01,,,
2023,수원시,팔달구청,2023-02-09 20:24,매산동 팅스몰 주차장 출구 옆,고정형,2023-12-01,,,
2023,수원시,팔달구청,2023-02-09 20:32,매산동 팅스몰 주차장 출구 옆,고정형,2023-12-01,,,
2023,수원시,팔달구청,2023-02-09 20:36,인계동 드림캐슬주상복합,고정형,2023-12-01,,,
2023,수원시,팔달구청,2023-02-09 20:44,매산동 팅스몰 주차장 출구 옆,고정형,2023-12-01,,,
2023,수원시,팔달구청,2023-02-09 20:54,인계동 드림캐슬주상복합,고정형,2023-12-01,,,
2023,수원시,팔달구청,2023-02-09 21:22,인계동 드림캐슬주상복합,고정형,2023-12-01,,,
2023,수원시,팔달구청,2023-02-09 21:29,인계동 드림캐슬주상복합,고정형,2023-12-01,,,
2023,수원시,팔달구청,2023-02-09 21:29,인계동 드림캐슬주상복합,고정형,2023-12-01,,,
2023,수원시,팔달구청,2023-02-09 21:35,인계동 드림캐슬주상복합,고정형,2023-12-01,,,
2023,수원시,영통구청,2023-02-10 7:12,영통동 롯데마트 뒤,고정형,2023-12-01,37.27220279535416,127.10856729001851,
2023,수원시,팔달구청,2023-02-10 7:33,매산동 팔달로 10번길 8,고정형,2023-12-01,,,
2023,수원시,팔달구청,2023-02-10 7:33,매산동 팔달로 10번길 8,고정형,2023-12-01,,,
2023,수원시,팔달구청,2023-02-10 7:34,매산동 팅스몰 주차장 출구 옆,고정형,2023-12-01,,,
2023,수원시,팔달구청,2023-02-10 7:37,인계동 드림캐슬주상복합,고정형,2023-12-01,,,
2023,수원시,팔달구청,2023-02-10 7:42,매산동 팅스몰 주차장 출구 옆,고정형,2023-12-01,,,
2023,수원시,팔달구청,2023-02-10 7:42,매산동 팅스몰 주차장 출구 옆,고정형,2023-12-01,,,
2023,수원시,권선구청,2023-02-10 8:02,곡반정동 하나로마트한국빌딩앞,고정형,2023-12-01,,,
2023,수원시,권선구청,2023-02-10 8:05,서둔동 가온팰리스옆2,고정형,2023-12-01,,,
2023,수원시,권선구청,2023-02-10 8:05,서둔동 가온팰리스옆2,고정형,2023-12-01,,,
2023,수원시,영통구청,2023-02-10 8:15,원천동 신원로284번길,주행형,2023-12-01,,,
2023,수원시,영통구청,2023-02-10 8:21,광교동 광교더사랑교회뒷길,고정형,2023-12-01,,,
2023,수원시,영통구청,2023-02-10 8:54,영통동 마사회뒷길,고정형,2023-12-01,,,
2023,수원시,권선구청,2023-02-10 8:57,서둔동 가온팰리스옆2,고정형,2023-12-01,,,
2023,수원시,영통구청,2023-02-10 9:05,영통동 롯데마트 뒤,고정형,2023-12-01,37.27220279535416,127.10856729001851,
2023,수원시,팔달구청,2023-02-10 9:42,매산동 팅스몰 주차장 출구 옆,고정형,2023-12-01,,,
2023,수원시,영통구청,2023-02-10 9:49,망포동 E-마트 에브리데이 앞,고정형,2023-12-01,37.2361017468141,127.060345496536,
2023,수원시,권선구청,2023-02-10 9:51,서둔동 가온팰리스옆2,고정형,2023-12-01,,,
2023,수원시,팔달구청,2023-02-10 10:23,경기도수원시팔달구매향동 수원시 팔달구 매향동 122,보행,2023-12-01,,,
2023,수원시,팔달구청,2023-02-10 10:25,경기도수원시팔달구매향동 수원시 팔달구 매향동 122,보행,2023-12-01,,,
2023,수원시,권선구청,2023-02-10 10:28,구운동 구운초교 정문 우측 삼거리,고정형,2023-12-01,,,
2023,수원시,팔달구청,2023-02-10 10:29,매산동 팅스몰 주차장 출구 옆,고정형,2023-12-01,,,
2023,수원시,팔달구청,2023-02-10 10:33,매산동 팅스몰 주차장 출구 옆,고정형,2023-12-01,,,
2023,수원시,팔달구청,2023-02-10 10:36,매산동 팅스몰 주차장 출구 옆,고정형,2023-12-01,,,
2023,수원시,영통구청,2023-02-10 11:27,이의동 광교가재울마을사거리,고정형,2023-12-01,,,
2023,수원시,영통구청,2023-02-10 11:59,망포동 E-마트 에브리데이 앞,고정형,2023-12-01,37.2361017468141,127.060345496536,
2023,수원시,영통구청,2023-02-10 12:22,원천동 삼성전자중문,고정형,2023-12-01,,,
2023,수원시,영통구청,2023-02-10 13:39,광교동 광교더사랑교회뒷길,고정형,2023-12-01,,,
2023,수원시,영통구청,2023-02-10 13:49,광교동 광교더사랑교회뒷길,고정형,2023-12-01,,,
2023,수원시,팔달구청,2023-02-10 14:01,행궁동 팔달문 버스정류장,고정형,2023-12-01,,,
2023,수원시,영통구청,2023-02-10 14:06,경기도수원시영통구영통동 수원시 영통구 영통동 996,보행,2023-12-01,,,
2023,수원시,권선구청,2023-02-10 14:14,구운동 구운초교 정문 우측 삼거리,고정형,2023-12-01,,,
2023,수원시,팔달구청,2023-02-10 14:19,경기도수원시팔달구화서동 수원시 팔달구 화서동 184,보행,2023-12-01,,,
2023,수원시,영통구청,2023-02-10 14:26,영통동 마사회뒷길,고정형,2023-12-01,,,
2023,수원시,영통구청,2023-02-10 14:34,이의동 드림스퀘어Ⅱ 앞,고정형,2023-12-01,,,
2023,수원시,팔달구청,2023-02-10 14:35,인계동 드림캐슬주상복합,고정형,2023-12-01,,,
2023,수원시,팔달구청,2023-02-10 14:35,교동 교동 향교로137번길,주행형,2023-12-01,,,
2023,수원시,권선구청,2023-02-10 14:40,평동 수원역고가밑 (애경뒷길),고정형,2023-12-01,,,
2023,수원시,팔달구청,2023-02-10 14:46,신풍동 제일교회부설주차장 부근,고정형,2023-12-01,,,
2023,수원시,권선구청,2023-02-10 14:47,서둔동 수원역한라비발디퍼스트 앞2,고정형,2023-12-01,,,
2023,수원시,권선구청,2023-02-10 14:47,서둔동 수원역한라비발디퍼스트 앞2,고정형,2023-12-01,,,
2023,수원시,권선구청,2023-02-10 14:51,서둔동 가온팰리스옆2,고정형,2023-12-01,,,
2023,수원시,팔달구청,2023-02-10 15:02,경기도수원시팔달구남창동 수원시 팔달구 남창동 134,보행,2023-12-01,,,
2023,수원시,팔달구청,2023-02-10 15:03,경기도수원시팔달구남창동 수원시 팔달구 남창동 134,보행,2023-12-01,,,
2023,수원시,팔달구청,2023-02-10 15:08,인계동 드림캐슬주상복합,고정형,2023-12-01,,,
2023,수원시,영통구청,2023-02-10 15:10,원천동 광교 한화겔러리아 앞,고정형,2023-12-01,,,
2023,수원시,팔달구청,2023-02-10 15:27,화서1동 푸르지오자이 북문 CU 앞 횡단보도,고정형,2023-12-01,,,
2023,수원시,팔달구청,2023-02-10 15:33,매산동 팔달로 10번길 8,고정형,2023-12-01,,,
2023,수원시,팔달구청,2023-02-10 15:38,매산동 팅스몰 주차장 출구 옆,고정형,2023-12-01,,,
2023,수원시,권선구청,2023-02-10 15:43,호매실동 금호프라자 대각 맞은편,고정형,2023-12-01,,,
2023,수원시,영통구청,2023-02-10 15:46,이의동 광교호반베르디움 103동 앞,고정형,2023-12-01,,,
2023,수원시,팔달구청,2023-02-10 15:46,인계동 한국씨티은행,고정형,2023-12-01,,,
2023,수원시,권선구청,2023-02-10 15:50,서둔동 가온팰리스옆2,고정형,2023-12-01,,,
2023,수원시,팔달구청,2023-02-10 16:03,매산동 팅스몰 주차장 출구 옆,고정형,2023-12-01,,,
2023,수원시,권선구청,2023-02-10 16:28,세류3동 신곡초교 후문 좌측 사거리,고정형,2023-12-01,,,
2023,수원시,권선구청,2023-02-10 16:29,권선2동 곡정초교 정문 좌측 사거리,고정형,2023-12-01,,,
2023,수원시,팔달구청,2023-02-10 16:32,인계동 드림캐슬주상복합,고정형,2023-12-01,,,
2023,수원시,영통구청,2023-02-10 16:54,하동 광교호반마을한양수자인,고정형,2023-12-01,,,
2023,수원시,팔달구청,2023-02-10 17:04,매산동 팅스몰 주차장 출구 옆,고정형,2023-12-01,,,
2023,수원시,권선구청,2023-02-10 17:10,곡반정동 140-5,국민신문고,2023-12-01,,,
2023,수원시,영통구청,2023-02-10 17:20,영통동 롯데마트 뒤,고정형,2023-12-01,37.27220279535416,127.10856729001851,
2023,수원시,영통구청,2023-02-10 17:20,영통동 롯데마트 뒤,고정형,2023-12-01,37.27220279535416,127.10856729001851,
2023,수원시,팔달구청,2023-02-10 17:21,우만동 1050 (교차로모퉁이),국민신문고,2023-12-01,,,
2023,수원시,권선구청,2023-02-10 17:29,서둔동 수원역한라비발디퍼스트 앞1,고정형,2023-12-01,,,
2023,수원시,권선구청,2023-02-10 17:34,세류3동 신곡초교 후문 좌측 사거리,고정형,2023-12-01,,,
2023,수원시,권선구청,2023-02-10 17:45,호매실동 금호프라자 대각 맞은편,고정형,2023-12-01,,,
2023,수원시,팔달구청,2023-02-10 17:51,인계동 팅스몰 주차장 출구 옆,고정형,2023-12-01,,,
2023,수원시,팔달구청,2023-02-10 18:00,인계동 드림캐슬주상복합,고정형,2023-12-01,,,
2023,수원시,팔달구청,2023-02-10 18:13,화서1동 푸르지오자이 북문 CU 앞 횡단보도,고정형,2023-12-01,,,
2023,수원시,팔달구청,2023-02-10 18:17,매산동 팅스몰 주차장 출구 옆,고정형,2023-12-01,,,
2023,수원시,팔달구청,2023-02-10 18:20,매산동 팅스몰 주차장 출구 옆,고정형,2023-12-01,,,
2023,수원시,팔달구청,2023-02-10 18:44,매산동 팅스몰 주차장 출구 옆,고정형,2023-12-01,,,
2023,수원시,팔달구청,2023-02-10 18:44,매산동 팅스몰 주차장 출구 옆,고정형,2023-12-01,,,
2023,수원시,팔달구청,2023-02-10 18:55,매산동 팅스몰 주차장 출구 옆,고정형,2023-12-01,,,
2023,수원시,영통구청,2023-02-10 19:27,원천동 삼성전자중문,고정형,2023-12-01,,,
2023,수원시,팔달구청,2023-02-10 19:37,인계동 드림캐슬주상복합,고정형,2023-12-01,,,
2023,수원시,팔달구청,2023-02-10 19:42,인계동 드림캐슬주상복합,고정형,2023-12-01,,,
2023,수원시,팔달구청,2023-02-10 19:59,인계동 드림캐슬주상복합,고정형,2023-12-01,,,
2023,수원시,영통구청,2023-02-10 20:05,광교동 광교 덴티움지식산업센터 앞 사거리,고정형,2023-12-01,,,
2023,수원시,팔달구청,2023-02-10 20:07,인계동 드림캐슬주상복합,고정형,2023-12-01,,,
2023,수원시,권선구청,2023-02-10 20:13,곡반정동 562-2,국민신문고,2023-12-01,,,
2023,수원시,팔달구청,2023-02-10 20:21,인계동 드림캐슬주상복합,고정형,2023-12-01,,,
2023,수원시,팔달구청,2023-02-10 21:21,인계동 드림캐슬주상복합,고정형,2023-12-01,,,
2023,수원시,팔달구청,2023-02-10 21:38,인계동 드림캐슬주상복합,고정형,2023-12-01,,,
2023,수원시,권선구청,2023-02-10 21:56,곡반정동 149-1,국민신문고,2023-12-01,,,
2023,수원시,권선구청,2023-02-10 22:05,곡반정동 562-2,국민신문고,2023-12-01,,,
2023,수원시,권선구청,2023-02-11 0:00,오목천동 527-5,국민신문고,2023-12-01,,,
2023,수원시,권선구청,2023-02-11 0:36,곡반정동 562-2,국민신문고,2023-12-01,,,
2023,수원시,권선구청,2023-02-11 0:36,곡반정동 562-2,국민신문고,2023-12-01,,,
2023,수원시,권선구청,2023-02-11 0:38,곡반정동 562-2,국민신문고,2023-12-01,,,
2023,수원시,권선구청,2023-02-11 0:41,곡반정동 562-2,국민신문고,2023-12-01,,,
2023,수원시,권선구청,2023-02-11 0:41,곡반정동 562-2,국민신문고,2023-12-01,,,
2023,수원시,권선구청,2023-02-11 0:46,곡반정동 562-2,국민신문고,2023-12-01,,,
2023,수원시,권선구청,2023-02-11 0:48,곡반정동 562-2,국민신문고,2023-12-01,,,
2023,수원시,권선구청,2023-02-11 0:48,곡반정동 562-2,국민신문고,2023-12-01,,,
2023,수원시,팔달구청,2023-02-11 8:35,인계동 144 (교차로모퉁이),국민신문고,2023-12-01,,,
2023,수원시,권선구청,2023-02-11 8:53,오목천동 527-21,국민신문고,2023-12-01,,,
2023,수원시,팔달구청,2023-02-11 9:02,인계동 드림캐슬주상복합,고정형,2023-12-01,,,
2023,수원시,팔달구청,2023-02-11 9:03,인계동 한국씨티은행,고정형,2023-12-01,,,
2023,수원시,팔달구청,2023-02-11 9:05,매산동 팅스몰 주차장 출구 옆,고정형,2023-12-01,,,
2023,수원시,팔달구청,2023-02-11 9:15,인계동 경인통계청,고정형,2023-12-01,,,
2023,수원시,권선구청,2023-02-11 9:19,곡반정동 궁촌육교앞,고정형,2023-12-01,,,
2023,수원시,팔달구청,2023-02-11 9:28,인계동 드림캐슬주상복합,고정형,2023-12-01,,,
2023,수원시,권선구청,2023-02-11 9:42,서둔동 수원역한라비발디퍼스트 앞1,고정형,2023-12-01,,,
2023,수원시,권선구청,2023-02-11 9:56,권선동 권선동 한라비발디앞 놀이터,고정형,2023-12-01,,,
2023,수원시,팔달구청,2023-02-11 10:00,신풍동 제일교회부설주차장 부근,고정형,2023-12-01,,,
2023,수원시,권선구청,2023-02-11 10:04,곡반정동 하나로마트한국빌딩앞,고정형,2023-12-01,,,
2023,수원시,권선구청,2023-02-11 10:17,평동 수원역고가밑 (애경뒷길),고정형,2023-12-01,,,
2023,수원시,팔달구청,2023-02-11 10:23,인계동 드림캐슬주상복합,고정형,2023-12-01,,,
2023,수원시,팔달구청,2023-02-11 10:32,인계동 한국씨티은행,고정형,2023-12-01,,,
2023,수원시,영통구청,2023-02-11 11:13,영통동 마사회뒷길,고정형,2023-12-01,,,
2023,수원시,팔달구청,2023-02-11 11:16,경기도수원시팔달구인계동 수원시 팔달구 인계동 771,보행,2023-12-01,,,
2023,수원시,영통구청,2023-02-11 11:28,망포동 E-마트 에브리데이 앞,고정형,2023-12-01,37.2361017468141,127.060345496536,
2023,수원시,영통구청,2023-02-11 11:28,망포동 E-마트 에브리데이 앞,고정형,2023-12-01,37.2361017468141,127.060345496536,
2023,수원시,영통구청,2023-02-11 12:18,망포동 힐스테이트 119동 ~방죽공원 삼거리,고정형,2023-12-01,,,
2023,수원시,영통구청,2023-02-11 12:18,망포동 힐스테이트 119동 ~방죽공원 삼거리,고정형,2023-12-01,,,
2023,수원시,권선구청,2023-02-11 12:28,고색동 도이치 고객주차장 출입구,고정형,2023-12-01,,,
2023,수원시,영통구청,2023-02-11 12:29,망포동 E-마트 에브리데이 앞,고정형,2023-12-01,37.2361017468141,127.060345496536,
2023,수원시,영통구청,2023-02-11 13:04,경기도수원시영통구영통동 수원시 영통구 영통동 961,보행,2023-12-01,,,
2023,수원시,팔달구청,2023-02-11 13:16,행궁동 팔달문 버스정류장,고정형,2023-12-01,,,
2023,수원시,팔달구청,2023-02-11 14:33,행궁동 화홍사랑채,고정형,2023-12-01,,,
2023,수원시,권선구청,2023-02-11 14:34,곡반정동 하나로마트한국빌딩앞,고정형,2023-12-01,,,
2023,수원시,권선구청,2023-02-11 14:34,곡반정동 궁촌육교앞,고정형,2023-12-01,,,
2023,수원시,팔달구청,2023-02-11 14:38,매산동 팅스몰 주차장 출구 옆,고정형,2023-12-01,,,
2023,수원시,권선구청,2023-02-11 14:42,곡반정동 하나로마트한국빌딩앞,고정형,2023-12-01,,,
2023,수원시,팔달구청,2023-02-11 14:43,인계동 경인통계청,고정형,2023-12-01,,,
2023,수원시,팔달구청,2023-02-11 14:43,인계동 경인통계청,고정형,2023-12-01,,,
2023,수원시,팔달구청,2023-02-11 14:47,화서1동 푸르지오자이 북문 CU 앞 횡단보도,고정형,2023-12-01,,,
2023,수원시,영통구청,2023-02-11 14:49,영통동 롯데마트 뒤,고정형,2023-12-01,37.27220279535416,127.10856729001851,
2023,수원시,팔달구청,2023-02-11 14:52,인계동 경인통계청,고정형,2023-12-01,,,
2023,수원시,권선구청,2023-02-11 15:04,서둔동 가온팰리스옆2,고정형,2023-12-01,,,
2023,수원시,팔달구청,2023-02-11 15:05,매산동 팅스몰 주차장 출구 옆,고정형,2023-12-01,,,
2023,수원시,권선구청,2023-02-11 15:09,호매실동 금호프라자 대각 맞은편,고정형,2023-12-01,,,
2023,수원시,팔달구청,2023-02-11 15:11,매산동 팔달로 10번길 8,고정형,2023-12-01,,,
2023,수원시,권선구청,2023-02-11 15:15,곡반정동 궁촌육교앞,고정형,2023-12-01,,,
2023,수원시,영통구청,2023-02-11 15:16,이의동 드림스퀘어Ⅱ 앞,고정형,2023-12-01,,,
2023,수원시,영통구청,2023-02-11 15:16,이의동 드림스퀘어Ⅱ 앞,고정형,2023-12-01,,,
2023,수원시,팔달구청,2023-02-11 15:16,인계동 90-2 (횡단보도),국민신문고,2023-12-01,,,
2023,수원시,영통구청,2023-02-11 15:21,망포동 힐스테이트 119동 ~방죽공원 삼거리,고정형,2023-12-01,,,
2023,수원시,팔달구청,2023-02-11 15:39,화서1동 푸르지오자이 북문 CU 앞 횡단보도,고정형,2023-12-01,,,
2023,수원시,권선구청,2023-02-11 15:43,곡반정동 하나로마트한국빌딩앞,고정형,2023-12-01,,,
2023,수원시,팔달구청,2023-02-11 15:47,인계동 경인통계청,고정형,2023-12-01,,,
2023,수원시,권선구청,2023-02-11 16:03,매교동 청원한의원 앞,고정형,2023-12-01,,,
2023,수원시,팔달구청,2023-02-11 16:32,인계동 경인통계청,고정형,2023-12-01,,,
2023,수원시,팔달구청,2023-02-11 16:32,인계동 경인통계청,고정형,2023-12-01,,,
2023,수원시,팔달구청,2023-02-11 16:34,매산동 팔달로 10번길 8,고정형,2023-12-01,,,
2023,수원시,팔달구청,2023-02-11 16:34,인계동 한국씨티은행,고정형,2023-12-01,,,
2023,수원시,권선구청,2023-02-11 16:39,서둔동 롯데몰9번출구앞주변,고정형,2023-12-01,,,
2023,수원시,팔달구청,2023-02-11 16:40,매산동 팅스몰 주차장 출구 옆,고정형,2023-12-01,,,
2023,수원시,팔달구청,2023-02-11 16:43,행궁동 화홍사랑채,고정형,2023-12-01,,,
2023,수원시,팔달구청,2023-02-11 16:43,매산동 역전농협,고정형,2023-12-01,,,
2023,수원시,권선구청,2023-02-11 16:52,곡반정동 하나로마트한국빌딩앞,고정형,2023-12-01,,,
2023,수원시,팔달구청,2023-02-11 16:57,인계동 경인통계청,고정형,2023-12-01,,,
2023,수원시,팔달구청,2023-02-11 16:59,인계동 팅스몰 주차장 출구 옆,고정형,2023-12-01,,,
2023,수원시,팔달구청,2023-02-11 17:00,인계동 경인통계청,고정형,2023-12-01,,,
2023,수원시,팔달구청,2023-02-11 17:01,인계동 경인통계청,고정형,2023-12-01,,,
2023,수원시,영통구청,2023-02-11 17:02,이의동 드림스퀘어Ⅱ 앞,고정형,2023-12-01,,,
2023,수원시,팔달구청,2023-02-11 17:04,행궁동 화홍사랑채,고정형,2023-12-01,,,
2023,수원시,영통구청,2023-02-11 17:09,영통동 롯데마트 뒤,고정형,2023-12-01,37.27220279535416,127.10856729001851,
2023,수원시,팔달구청,2023-02-11 17:11,매산동 팔달로 10번길 8,고정형,2023-12-01,,,
2023,수원시,권선구청,2023-02-11 17:23,서둔동 가온팰리스옆1,고정형,2023-12-01,,,
2023,수원시,팔달구청,2023-02-11 17:31,행궁동 화홍사랑채,고정형,2023-12-01,,,
2023,수원시,팔달구청,2023-02-11 17:32,행궁동 화홍사랑채,고정형,2023-12-01,,,
2023,수원시,팔달구청,2023-02-11 17:39,매산동 팅스몰 주차장 출구 옆,고정형,2023-12-01,,,
2023,수원시,팔달구청,2023-02-11 17:40,인계동 드림캐슬주상복합,고정형,2023-12-01,,,
2023,수원시,팔달구청,2023-02-11 17:54,교동 수원향교 앞 팔달보건소 뒤,고정형,2023-12-01,,,
2023,수원시,팔달구청,2023-02-11 18:06,인계동 드림캐슬주상복합,고정형,2023-12-01,,,
2023,수원시,팔달구청,2023-02-11 18:06,인계동 드림캐슬주상복합,고정형,2023-12-01,,,
2023,수원시,팔달구청,2023-02-11 18:10,매산동 팅스몰 주차장 출구 옆,고정형,2023-12-01,,,
2023,수원시,권선구청,2023-02-11 18:16,곡반정동 562-2,국민신문고,2023-12-01,,,
2023,수원시,팔달구청,2023-02-11 18:23,인계동 드림캐슬주상복합,고정형,2023-12-01,,,
2023,수원시,팔달구청,2023-02-11 18:41,화서1동 푸르지오자이 북문 CU 앞 횡단보도,고정형,2023-12-01,,,
2023,수원시,팔달구청,2023-02-11 18:41,화서1동 푸르지오자이 북문 CU 앞 횡단보도,고정형,2023-12-01,,,
2023,수원시,팔달구청,2023-02-11 18:52,매산동 팔달로 10번길 8,고정형,2023-12-01,,,
2023,수원시,팔달구청,2023-02-11 19:00,인계동 팅스몰 주차장 출구 옆,고정형,2023-12-01,,,
2023,수원시,팔달구청,2023-02-11 19:25,매산동 덕영대로 895번길 9-8,고정형,2023-12-01,,,
2023,수원시,팔달구청,2023-02-11 19:25,매산동 덕영대로 895번길 9-8,고정형,2023-12-01,,,
2023,수원시,팔달구청,2023-02-11 19:45,매산동 팔달로 10번길 8,고정형,2023-12-01,,,
2023,수원시,권선구청,2023-02-11 20:15,금곡동 267다4919,국민신문고,2023-12-01,,,
2023,수원시,팔달구청,2023-02-11 20:17,인계동 드림캐슬주상복합,고정형,2023-12-01,,,
2023,수원시,팔달구청,2023-02-11 20:25,매산동 팅스몰 주차장 출구 옆,고정형,2023-12-01,,,
2023,수원시,팔달구청,2023-02-11 20:27,인계동 드림캐슬주상복합,고정형,2023-12-01,,,
2023,수원시,권선구청,2023-02-11 20:38,오목천동 527-5,국민신문고,2023-12-01,,,
2023,수원시,권선구청,2023-02-11 20:43,곡반정동 562-2,국민신문고,2023-12-01,,,
2023,수원시,팔달구청,2023-02-11 20:46,인계동 드림캐슬주상복합,고정형,2023-12-01,,,
2023,수원시,팔달구청,2023-02-11 20:58,우만동 1104 (횡단보도),국민신문고,2023-12-01,,,
2023,수원시,영통구청,2023-02-11 23:20,영통구 매탄동 1321,국민신문고,2023-12-01,37.2599843935682,127.045148279161,
2023,수원시,팔달구청,2023-02-12 9:02,인계동 한국씨티은행,고정형,2023-12-01,,,
2023,수원시,권선구청,2023-02-12 9:03,곡반정동 하나로마트한국빌딩앞,고정형,2023-12-01,,,
2023,수원시,권선구청,2023-02-12 9:03,서둔동 가온팰리스옆2,고정형,2023-12-01,,,
